{"type":"FeatureCollection","name":"Frontiera — controllo territoriale, Fase 0","metadata":{"dataCartografica":"2022-03-24","crs":"EPSG:4326","criterio":"controllo territoriale consolidato, non semplice presenza o massima avanzata rivendicata","procedura":"Ridigitalizzazione/dissoluzione GIS; semplificazione topologica; verifica visuale ISW e quantitativa VIINA.","creatoIl":"2026-07-20","revisionatoIl":"2026-07-20","fonti":[{"id":"frontiera-ridigitalizzazione-deepstate-isw","titolo":"Ridigitalizzazione Frontiera da DeepStateMap, verificata su mappe ISW","url":"https://deepstatemap.live/en","ruolo":"base visuale dei perimetri, ridigitalizzata e semplificata; dati API sorgente non ridistribuiti"},{"id":"viina-2","titolo":"VIINA 2.0 — Territorial Control Data","autori":"Yuri M. Zhukov e Natalie Ayers","url":"https://github.com/zhukovyuri/VIINA","licenza":"ODbL 1.0","ruolo":"controllo indipendente di data e attribuzione presso i centri abitati"},{"id":"isw-2022-03-25","titolo":"Assessed Control of Terrain in Ukraine — 25 marzo 2022","autore":"Institute for the Study of War e AEI Critical Threats Project","url":"https://understandingwar.org/research/russia-ukraine/russian-offensive-campaign-assessment_24-28/","ruolo":"verifica visuale a un giorno dalla data; correzioni temporali ricavate dalle date di liberazione"}],"note":"Snapshot retrospettivo: l'incertezza maggiore riguarda i margini delle sacche settentrionali durante il ripiegamento. Le aree liberate entro il 24 marzo sono escluse."},"features":[{"type":"Feature","id":"fase-0-controllo-russo-pre-2022","properties":{"id":"fase-0-controllo-russo-pre-2022","stato":"controllo-russo","data":"2022-03-24","origineControllo":"pre-2022","sourceId":"frontiera-ridigitalizzazione-deepstate-isw","note":"Crimea e porzioni del Donbas già controllate prima dell'invasione su vasta scala."},"geometry":{"type":"MultiPolygon","coordinates":[[[[32.478939,45.389163],[32.507445,45.381957],[32.513458,45.372038],[32.510377,45.360884],[32.489453,45.346136],[32.551846,45.332385],[32.569816,45.332888],[32.578538,45.327642],[32.65299,45.313322],[32.675688,45.320614],[32.685502,45.332102],[32.712159,45.341307],[32.735393,45.354972],[32.76522,45.363836],[32.84671,45.365264],[32.907019,45.359436],[32.966765,45.336694],[32.991848,45.322499],[33.035244,45.29016],[33.062776,45.27566],[33.107907,45.23151],[33.138912,45.216317],[33.148825,45.202143],[33.185236,45.183717],[33.201984,45.183225],[33.225292,45.174695],[33.257295,45.147804],[33.284289,45.148276],[33.300138,45.162027],[33.29792,45.165633],[33.305239,45.17277],[33.350015,45.173699],[33.380282,45.185909],[33.376436,45.191845],[33.391196,45.197375],[33.432652,45.184093],[33.509265,45.13445],[33.56149,45.081073],[33.58086,45.050881],[33.602595,44.997973],[33.604377,44.980471],[33.597652,44.97655],[33.610962,44.925721],[33.6052,44.866386],[33.594636,44.847578],[33.569694,44.838843],[33.55297,44.841655],[33.548513,44.834598],[33.549545,44.810828],[33.533513,44.792608],[33.540722,44.761758],[33.539777,44.744321],[33.547583,44.724445],[33.546363,44.677979],[33.535667,44.64599],[33.508271,44.631916],[33.494615,44.617766],[33.450155,44.615946],[33.373305,44.584056],[33.403694,44.553239],[33.46013,44.522891],[33.486243,44.494968],[33.506071,44.500846],[33.554048,44.486877],[33.601948,44.491739],[33.627013,44.479579],[33.63834,44.458687],[33.64553,44.421924],[33.673869,44.412807],[33.702892,44.416926],[33.733092,44.383332],[33.759005,44.386932],[33.778737,44.381452],[33.846027,44.401142],[33.882423,44.400268],[33.939412,44.389646],[33.963406,44.38885],[34.034986,44.403674],[34.057232,44.416521],[34.128936,44.427878],[34.171984,44.491011],[34.260362,44.507556],[34.308946,44.552088],[34.334843,44.545507],[34.349035,44.546767],[34.349805,44.57185],[34.354354,44.585681],[34.375816,44.591703],[34.377892,44.612309],[34.389678,44.628884],[34.403924,44.639751],[34.412176,44.658807],[34.432149,44.682765],[34.474964,44.715071],[34.625628,44.773956],[34.677858,44.787856],[34.728811,44.807825],[34.747987,44.807058],[34.763731,44.815057],[34.912095,44.81577],[34.920318,44.82153],[34.920988,44.828751],[34.967823,44.838027],[34.988701,44.828075],[35.0007,44.83203],[35.029503,44.828249],[35.047274,44.814837],[35.043666,44.799459],[35.081062,44.790612],[35.09398,44.801375],[35.111022,44.80702],[35.118455,44.81723],[35.133101,44.822812],[35.130569,44.829311],[35.139391,44.861252],[35.169311,44.900247],[35.190556,44.907887],[35.216612,44.909005],[35.243653,44.916792],[35.25652,44.938423],[35.249825,44.952823],[35.271282,44.967596],[35.283641,44.96616],[35.294987,44.959711],[35.301518,44.965776],[35.322807,44.966441],[35.322466,44.95921],[35.344315,44.964188],[35.351803,44.954952],[35.382973,44.943891],[35.394038,44.954933],[35.356103,44.97733],[35.358416,44.985552],[35.366739,44.992559],[35.428693,45.012912],[35.412652,45.025778],[35.385966,45.035246],[35.389399,45.049444],[35.414638,45.07541],[35.451063,45.097366],[35.541346,45.125861],[35.58496,45.129359],[35.62977,45.122303],[35.692135,45.104626],[35.748793,45.081465],[35.777878,45.066304],[35.804886,45.045558],[35.814483,45.033306],[35.810165,45.021418],[35.82978,45.014076],[35.834113,45.0091],[35.828278,45.004552],[35.842096,44.998366],[35.870587,45.004186],[35.907658,45.018079],[35.925851,45.019111],[35.954083,45.011219],[35.984215,45.022859],[35.994952,45.03511],[36.012561,45.044932],[36.035405,45.049216],[36.07129,45.048252],[36.201045,45.033023],[36.225684,45.026816],[36.24793,45.04068],[36.249153,45.047687],[36.282137,45.05499],[36.372884,45.057475],[36.440096,45.083327],[36.456018,45.095623],[36.454606,45.105555],[36.43318,45.117691],[36.425628,45.128893],[36.417779,45.164294],[36.407778,45.172889],[36.403912,45.214162],[36.423049,45.23723],[36.423707,45.245262],[36.435783,45.258066],[36.43962,45.271622],[36.436333,45.276239],[36.426012,45.27864],[36.421663,45.286584],[36.435179,45.295073],[36.484438,45.305478],[36.499502,45.318675],[36.47329,45.330744],[36.472041,45.341233],[36.477812,45.349132],[36.518286,45.351539],[36.535225,45.349918],[36.534981,45.345637],[36.54435,45.344735],[36.596554,45.345031],[36.60599,45.347733],[36.612025,45.355938],[36.630569,45.360521],[36.633217,45.362811],[36.630106,45.373786],[36.648733,45.38292],[36.611273,45.407542],[36.607593,45.412573],[36.61553,45.422271],[36.598276,45.438662],[36.57528,45.442252],[36.565672,45.436625],[36.56594,45.428443],[36.554467,45.424368],[36.532672,45.42719],[36.495456,45.450514],[36.470548,45.458514],[36.461093,45.456435],[36.447174,45.460135],[36.432474,45.447875],[36.415458,45.446825],[36.376602,45.463689],[36.372894,45.47138],[36.357563,45.471617],[36.344848,45.484307],[36.33933,45.482513],[36.336302,45.474221],[36.322868,45.471297],[36.293683,45.483861],[36.265345,45.478566],[36.17039,45.472361],[36.12387,45.463618],[36.068785,45.445463],[36.068942,45.404374],[36.04285,45.384009],[35.99701,45.371491],[35.941221,45.380044],[35.886842,45.407774],[35.846507,45.446506],[35.87606,45.463856],[35.867831,45.473251],[35.841775,45.474473],[35.823649,45.46632],[35.817747,45.458869],[35.818368,45.451418],[35.826475,45.440129],[35.748929,45.396331],[35.745726,45.39066],[35.748889,45.384633],[35.760985,45.381258],[35.753728,45.366548],[35.724851,45.351594],[35.71557,45.338458],[35.632903,45.324584],[35.525825,45.291193],[35.498759,45.306176],[35.467835,45.307544],[35.382064,45.352514],[35.311256,45.411424],[35.201458,45.523343],[35.109867,45.599025],[35.050056,45.667202],[34.977053,45.765285],[34.958219,45.760037],[34.800881,45.804735],[34.796134,45.892053],[34.782879,45.904975],[34.752716,45.910231],[34.700883,45.959179],[34.651415,45.973908],[34.556042,45.988691],[34.478552,45.946947],[34.436726,45.968164],[34.382464,46.034692],[34.227754,46.060816],[34.160772,46.08043],[34.122582,46.108122],[34.038334,46.116935],[33.82395,46.187069],[33.740532,46.185128],[33.6897,46.204334],[33.60668,46.146878],[33.612528,46.138238],[33.616561,46.11536],[33.633038,46.097381],[33.637282,46.081351],[33.623699,46.071722],[33.611338,46.054819],[33.629384,45.977458],[33.627758,45.958848],[33.616479,45.949068],[33.617606,45.944243],[33.634992,45.941326],[33.647501,45.945166],[33.640135,45.949356],[33.659761,45.954586],[33.692314,45.95526],[33.744939,45.95033],[33.747278,45.946685],[33.751076,45.9488],[33.757987,45.934494],[33.749506,45.928276],[33.730928,45.930188],[33.701995,45.911004],[33.691971,45.913471],[33.680094,45.90854],[33.675115,45.898868],[33.684191,45.850098],[33.661598,45.86426],[33.662233,45.871524],[33.642234,45.876325],[33.616272,45.892143],[33.593725,45.885292],[33.581653,45.871206],[33.568716,45.874008],[33.548213,45.843531],[33.542129,45.840258],[33.527171,45.849723],[33.507622,45.841072],[33.50089,45.848355],[33.520062,45.857708],[33.544102,45.880335],[33.540593,45.884913],[33.517951,45.867777],[33.432207,45.838576],[33.373494,45.797187],[33.32241,45.775037],[33.23866,45.752804],[33.21192,45.757728],[33.182114,45.773902],[33.172486,45.786603],[33.185831,45.807952],[33.182338,45.80993],[33.175838,45.805742],[33.165737,45.78827],[33.159184,45.749182],[33.152919,45.733355],[33.1378,45.719814],[33.127908,45.719842],[33.114638,45.712775],[33.095704,45.715503],[33.0691,45.706833],[33.017154,45.687009],[33.006337,45.679383],[32.999393,45.681147],[32.908691,45.640338],[32.820181,45.586841],[32.821299,45.58301],[32.841008,45.582406],[32.843141,45.570597],[32.833962,45.560234],[32.825974,45.55733],[32.793178,45.56389],[32.772105,45.557869],[32.736877,45.543007],[32.72322,45.533026],[32.59058,45.48558],[32.538208,45.454884],[32.524271,45.438872],[32.500388,45.424663],[32.48807,45.407956],[32.479703,45.404263],[32.478939,45.389163]]],[[[36.50714,45.295558],[36.533319,45.279798],[36.549112,45.261314],[36.578294,45.249048],[36.547052,45.279677],[36.519242,45.293988],[36.50714,45.295558]]],[[[37.521854,47.94582],[37.542839,47.932477],[37.5350299,47.918015],[37.644034,47.886626],[37.634262,47.838423],[37.634549,47.802538],[37.623169,47.77311],[37.637589,47.751994],[37.67268,47.724717],[37.764495,47.684702],[37.803977,47.660196],[37.8312754,47.6567292],[37.8523854,47.641694],[37.8458595,47.6237619],[37.8159936,47.5852213],[37.819427,47.546303],[37.892555,47.469773],[37.878478,47.441684],[37.863715,47.426588],[37.855819,47.403124],[37.856849,47.392898],[37.850326,47.384298],[37.83831,47.378022],[37.841643,47.369022],[37.851599,47.365534],[37.837623,47.352442],[37.848609,47.350116],[37.859152,47.354371],[37.861212,47.347858],[37.856849,47.343603],[37.829283,47.342507],[37.824577,47.321498],[37.834876,47.30823],[37.827666,47.302643],[37.833846,47.285412],[37.833503,47.249301],[37.8005435,47.1732715],[37.818054,47.119099],[37.829283,47.112742],[37.83831,47.099704],[37.895473,47.110921],[37.983964,47.083576],[37.99023,47.091466],[37.975882,47.095683],[37.993063,47.099003],[38.032545,47.08907],[38.040012,47.091875],[38.054332,47.108302],[38.062671,47.110804],[38.08885,47.105956],[38.122869,47.080622],[38.132826,47.06402],[38.131796,47.053729],[38.106046,47.047179],[38.080408,47.026545],[38.084988,47.020418],[38.163265,47.065455],[38.186556,47.093712],[38.230118,47.119406],[38.229247,47.127085],[38.236312,47.139527],[38.234781,47.202589],[38.24279,47.217117],[38.233869,47.225801],[38.234334,47.230986],[38.253541,47.233616],[38.260502,47.238316],[38.288189,47.23856],[38.288043,47.2565],[38.324491,47.256821],[38.333735,47.268938],[38.323394,47.281132],[38.333354,47.292132],[38.333288,47.296975],[38.327091,47.299009],[38.334511,47.301408],[38.336304,47.306408],[38.220978,47.30538],[38.221472,47.327345],[38.227214,47.32971],[38.222079,47.332853],[38.230493,47.338902],[38.230693,47.343169],[38.246788,47.351445],[38.250461,47.357713],[38.245559,47.363193],[38.258732,47.373353],[38.286492,47.37356],[38.286416,47.391477],[38.302085,47.39287],[38.302022,47.475121],[38.289402,47.476754],[38.295072,47.508064],[38.284908,47.508376],[38.284804,47.544465],[38.305114,47.544851],[38.31115,47.553619],[38.31097,47.576028],[38.350737,47.576206],[38.35012,47.616689],[38.456688,47.617004],[38.456275,47.644253],[38.620087,47.64487],[38.629589,47.653336],[38.629274,47.669278],[38.665887,47.669418],[38.665616,47.697176],[38.6592,47.700057],[38.729124,47.698807],[38.730305,47.680361],[38.773164,47.685764],[38.770869,47.720629],[38.788943,47.737015],[38.798157,47.77844],[38.788677,47.815974],[38.835102,47.816059],[38.8393994,47.8642544],[39.082778,47.869927],[39.082891,47.851604],[39.109389,47.851752],[39.109535,47.842747],[39.149682,47.842582],[39.236213,47.853953],[39.241734,47.867014],[39.39045,47.866185],[39.412529,47.830898],[39.437354,47.839834],[39.44625,47.850644],[39.478474,47.859474],[39.520308,47.825141],[39.534491,47.83253],[39.542168,47.824981],[39.565587,47.836556],[39.73791,47.827729],[39.763184,47.846537],[39.762505,47.870145],[39.794941,47.866833],[39.793904,47.915897],[39.806594,47.933666],[39.805888,47.950562],[39.827391,47.950834],[39.815408,47.970866],[39.823031,47.98354],[39.816717,47.984542],[39.817916,47.994778],[39.813736,47.998502],[39.81672,48.001463],[39.795218,48.010703],[39.785081,48.023125],[39.779662,48.039336],[39.877208,48.041378],[39.885886,48.047866],[39.832202,48.0665],[39.868584,48.079444],[39.879951,48.115164],[39.910275,48.138416],[39.909184,48.16933],[39.913886,48.178015],[39.940934,48.18081],[39.942194,48.230744],[40.00754,48.223312],[40.003076,48.239476],[40.01951,48.252508],[40.018989,48.25706],[40.016777,48.269458],[40.008963,48.272654],[39.999745,48.28929],[39.990815,48.317082],[39.972492,48.312971],[39.971265,48.307302],[39.963063,48.302596],[39.971011,48.302796],[39.970224,48.298747],[39.958283,48.29805],[39.95666,48.303185],[39.951971,48.303551],[39.948411,48.294295],[39.937703,48.292225],[39.936215,48.285058],[39.930156,48.282764],[39.934695,48.279066],[39.924907,48.271485],[39.914829,48.269678],[39.90822,48.277008],[39.912695,48.288202],[39.910188,48.292982],[39.886916,48.304089],[39.887199,48.308777],[39.841068,48.310051],[39.840394,48.329117],[39.845593,48.332774],[39.877934,48.334073],[39.918581,48.341692],[39.918603,48.347207],[39.943644,48.34812],[39.947507,48.35523],[39.94253,48.354963],[39.944422,48.357166],[39.934751,48.372274],[39.943278,48.383791],[39.941535,48.387072],[39.926845,48.375075],[39.92122,48.375928],[39.914558,48.386827],[39.905962,48.390316],[39.918644,48.397611],[39.906312,48.403562],[39.912763,48.41558],[39.910297,48.421956],[39.895926,48.429242],[39.888817,48.441993],[39.896766,48.44422],[39.897326,48.448112],[39.857752,48.463363],[39.846338,48.473712],[39.846469,48.499306],[39.84871,48.50284],[39.861877,48.501924],[39.866756,48.508883],[39.854533,48.552999],[39.85763,48.561413],[39.846829,48.572934],[39.821685,48.578332],[39.825051,48.586152],[39.80861,48.583972],[39.789985,48.593369],[39.773425,48.592326],[39.770368,48.587994],[39.751295,48.58209],[39.751054,48.588836],[39.746721,48.590673],[39.721237,48.584834],[39.6713252,48.5892403],[39.6334311,48.5812628],[39.6236025,48.5870259],[39.6110289,48.5740514],[39.6010726,48.5749594],[39.5968664,48.5795022],[39.6058783,48.5855209],[39.600613,48.5928753],[39.5913857,48.5922505],[39.5743396,48.5817384],[39.5640858,48.5845992],[39.5694136,48.5911155],[39.5635639,48.5990889],[39.549059,48.595854],[39.549314,48.585973],[39.5306906,48.5856913],[39.5292488,48.5912185],[39.5350124,48.5928382],[39.5341908,48.5967686],[39.5245243,48.6026385],[39.5298325,48.6093625],[39.5129236,48.6221295],[39.5175713,48.6266987],[39.5165791,48.6337256],[39.4672186,48.6285546],[39.4654267,48.6335035],[39.4686795,48.6376897],[39.454215,48.639786],[39.449575,48.644557],[39.452373,48.65471],[39.410694,48.657656],[39.408033,48.65981],[39.413526,48.66684],[39.411724,48.670524],[39.390524,48.678799],[39.389599,48.684749],[39.377986,48.686237],[39.355953,48.697214],[39.346855,48.712224],[39.374183,48.718652],[39.353722,48.726891],[39.358871,48.736175],[39.349266,48.742496],[39.343138,48.757361],[39.353893,48.76549],[39.351063,48.768547],[39.33167,48.766602],[39.326603,48.768309],[39.326256,48.775559],[39.311844,48.774069],[39.292617,48.760605],[39.286434,48.748901],[39.272383,48.753887],[39.268663,48.741949],[39.256311,48.74227],[39.259229,48.733835],[39.24978,48.712564],[39.239588,48.709125],[39.232364,48.711412],[39.207173,48.6983],[39.200371,48.699999],[39.196508,48.706513],[39.174249,48.680329],[39.148672,48.675285],[39.141898,48.66665],[39.141984,48.660868],[39.123187,48.660018],[39.103618,48.649869],[39.075894,48.651626],[39.042678,48.646466],[39.012372,48.658336],[39.009633,48.662626],[39.025426,48.661974],[39.026284,48.667274],[39.014354,48.683427],[39.015548,48.694891],[39.001815,48.698007],[38.998986,48.711196],[38.984305,48.711828],[38.999333,48.719624],[38.978812,48.744892],[38.961131,48.746137],[38.961045,48.736515],[38.943707,48.733854],[38.932464,48.736798],[38.936959,48.747117],[38.918028,48.742911],[38.90474,48.750608],[38.863879,48.75138],[38.847148,48.742911],[38.830067,48.717038],[38.808438,48.713414],[38.767067,48.71432],[38.691716,48.729363],[38.674549,48.729363],[38.678412,48.723701],[38.583218,48.71987],[38.577732,48.696742],[38.572231,48.689056],[38.559446,48.686695],[38.548978,48.675294],[38.527284,48.674642],[38.516148,48.670562],[38.515247,48.666367],[38.431476,48.650492],[38.4263261,48.6386961],[38.4362747,48.6292431],[38.4412529,48.6172714],[38.438793,48.6110275],[38.40607,48.60193],[38.402637,48.59194],[38.402637,48.547867],[38.414303,48.520605],[38.405377,48.473366],[38.389247,48.432278],[38.390964,48.415874],[38.321754,48.371053],[38.273689,48.359192],[38.2385206,48.3867172],[38.1890602,48.4165331],[38.163094,48.402117],[38.148548,48.414482],[38.117477,48.420805],[38.113706,48.408013],[38.042123,48.409086],[38.004802,48.393954],[37.978623,48.391275],[37.974959,48.381115],[37.9500832,48.3734333],[37.942023,48.3574628],[37.9292962,48.3594898],[37.9185517,48.3465274],[37.9054956,48.3404377],[37.9006815,48.3232554],[37.9011467,48.2908822],[37.8943398,48.286666],[37.895347,48.268546],[37.89157,48.255061],[37.896571,48.215429],[37.88333,48.199712],[37.856208,48.192846],[37.828593,48.17515],[37.8168038,48.1322916],[37.789283,48.100177],[37.756436,48.08667],[37.7430873,48.0868254],[37.7266508,48.0795824],[37.7257935,48.0733245],[37.693049,48.069307],[37.687749,48.061894],[37.694294,48.056545],[37.691199,48.053406],[37.68785,48.054754],[37.64781,48.028944],[37.616482,48.018095],[37.575455,48.013961],[37.573394,48.006899],[37.556143,48.009855],[37.549621,47.997364],[37.558546,47.986451],[37.5412006,47.9745867],[37.525158,47.957202],[37.521854,47.94582]]]]}},{"type":"Feature","id":"fase-0-controllo-russo-post-2022","properties":{"id":"fase-0-controllo-russo-post-2022","stato":"controllo-russo","data":"2022-03-24","origineControllo":"post-2022","sourceId":"frontiera-ridigitalizzazione-deepstate-isw","note":"Ricostruzione retrospettiva al 24 marzo: aree ancora occupate il 3 aprile più aree liberate dopo il 24 marzo; verificata sulla carta ISW del 25 marzo."},"geometry":{"type":"MultiPolygon","coordinates":[[[[28.333528,51.50985],[28.340375,51.505356],[28.347221,51.500863],[28.347223,51.491899],[28.347225,51.482936],[28.347228,51.473972],[28.34723,51.465008],[28.354076,51.460515],[28.367768,51.460491],[28.374614,51.455997],[28.374616,51.447034],[28.374618,51.43807],[28.374621,51.429107],[28.374623,51.420143],[28.381469,51.41565],[28.395161,51.415626],[28.408852,51.415602],[28.422543,51.415579],[28.436234,51.415555],[28.449926,51.415531],[28.463617,51.415508],[28.477308,51.415484],[28.490999,51.41546],[28.50469,51.415437],[28.518382,51.415413],[28.532073,51.415389],[28.545764,51.415365],[28.559455,51.415342],[28.573147,51.415318],[28.586838,51.415294],[28.600529,51.415271],[28.61422,51.415247],[28.627912,51.415223],[28.641603,51.4152],[28.655294,51.415176],[28.668985,51.415152],[28.682676,51.415129],[28.696368,51.415105],[28.703212,51.419575],[28.70321,51.428539],[28.703208,51.437502],[28.70320689873138,51.44243788596383],[28.7029782,51.4423141],[28.6989482,51.4423141],[28.6877882,51.4447141],[28.6838382,51.4568141],[28.682486562259655,51.45994730144387],[28.668975,51.45997],[28.655283,51.459994],[28.648437,51.464488],[28.648435,51.473451],[28.641588,51.477945],[28.627897,51.477969],[28.614206,51.477992],[28.607359,51.482486],[28.607357,51.491449],[28.607355,51.500413],[28.607353,51.509377],[28.60735,51.51834],[28.607348,51.527304],[28.607346,51.536267],[28.607344,51.545231],[28.607342,51.554194],[28.60734,51.563158],[28.600493,51.567652],[28.586802,51.567675],[28.579955,51.572169],[28.579954720114326,51.573423447597555],[28.5722582,51.5732041],[28.5647082,51.572944],[28.5589582,51.5731141],[28.5597282,51.5831641],[28.5308882,51.5831641],[28.5271182,51.5845341],[28.526549575607316,51.585706612313594],[28.518342,51.585721],[28.50465,51.585744],[28.490959,51.585768],[28.477268,51.585792],[28.470423,51.581322],[28.470426,51.572358],[28.463581,51.567888],[28.44989,51.567912],[28.436198,51.567936],[28.428036969636842,51.56794971000645],[28.4258382,51.5665941],[28.4247182,51.5659941],[28.41566340025262,51.561695267886925],[28.415665,51.554526],[28.415667,51.545562],[28.408822,51.541092],[28.395131,51.541116],[28.38144,51.54114],[28.367749,51.541163],[28.367468507203572,51.541163491661344],[28.3673882,51.5410941],[28.3594882,51.5393841],[28.3556282,51.5411841],[28.354057,51.541187],[28.347213,51.536717],[28.347215,51.527753],[28.347217,51.51879],[28.340372,51.51432],[28.333528,51.50985]]],[[[29.3378236,51.3249844],[29.4387825,51.151168],[29.4797742,51.0159434],[29.4272101,50.9734048],[29.5310935,50.8729718],[29.7630052,50.9094953],[29.7172204,50.7224799],[29.7497192,50.6168984],[29.7444382,50.5662128],[29.7675787,50.5350431],[29.8154374,50.4974999],[29.7857021,50.4504858],[29.8552639,50.4483963],[29.914295,50.3686281],[29.9502327,50.3722871],[29.9913613,50.3965421],[30.0511278,50.4193304],[30.1073449,50.4097297],[30.2064692,50.4138607],[30.2727508,50.5276007],[30.2959194,50.552647],[30.3039937,50.5647224],[30.3306249,50.6057465],[30.2868637,50.6226811],[30.283456,50.6252003],[30.2952488,50.7046519],[30.3374079,50.7191435],[30.3575516,50.724753],[30.3774412,50.7271528],[30.3806055,50.7320823],[30.3779821,50.7366114],[30.375788,50.741792],[30.3734645,50.7438631],[30.3690809,50.7435443],[30.3667505,50.7503474],[30.3684002,50.7526314],[30.3824111,50.7587158],[30.381592,50.7608489],[30.3771678,50.763525],[30.3739835,50.7685512],[30.3728588,50.7724374],[30.3739272,50.7753033],[30.3760258,50.777735],[30.3713722,50.7808399],[30.3687018,50.7835863],[30.367667,50.7851494],[30.3676621,50.7873636],[30.3759497,50.7923264],[30.3752446,50.7940754],[30.3734329,50.7943531],[30.3739861,50.7963908],[30.3765136,50.7988082],[30.3805951,50.8066077],[30.3815875,50.8142987],[30.3885573,50.818192],[30.3891247,50.822904],[30.3922674,50.8281582],[30.4010434,50.8336507],[30.4060443,50.838167],[30.408579,50.8426202],[30.4074434,50.8461476],[30.4108568,50.8502171],[30.4159744,50.8532524],[30.4231531,50.8565582],[30.4257415,50.863738],[30.4242036,50.8675992],[30.4260093,50.873484],[30.4205608,50.8774013],[30.4183735,50.8801814],[30.4196059,50.8825434],[30.4457311,50.8870698],[30.4420262,50.9072246],[30.4501309,50.9121063],[30.4554908,50.9195852],[30.4479069,50.9456502],[30.4324209,50.9658688],[30.4440246,50.9842484],[30.4253345,50.9903117],[30.4092159,51.0244934],[30.3908798,51.0284246],[30.3780371,51.0235002],[30.3708931,51.0194806],[30.3614082,51.0265564],[30.3489602,51.0286116],[30.3326421,51.0337969],[30.3151061,51.0378997],[30.29857,51.0389738],[30.3015983,51.0415143],[30.2915797,51.0472927],[30.2990091,51.0534533],[30.3197076,51.053903],[30.3405032,51.0418485],[30.3786746,51.055934],[30.3779373,51.0652803],[30.4074401,51.0666119],[30.4081246,51.0743948],[30.4060648,51.0813075],[30.4299378,51.1149634],[30.4273163,51.1224539],[30.4337322,51.1217818],[30.4353951,51.1171351],[30.4408604,51.1153501],[30.438443,51.1127328],[30.4348304,51.1116397],[30.4362852,51.107429],[30.4363251,51.1012271],[30.4490467,51.104485],[30.4481997,51.1085922],[30.4567032,51.1122627],[30.4657625,51.1157141],[30.4742412,51.11453],[30.4766779,51.1219655],[30.4842657,51.1261684],[30.4800294,51.1532323],[30.4779369,51.1544542],[30.4617679,51.154168],[30.4540919,51.1640008],[30.4471629,51.1691326],[30.450736,51.1738511],[30.4508763,51.1779239],[30.4404397,51.1823539],[30.4310317,51.1842005],[30.4183914,51.1937027],[30.4111211,51.1933418],[30.400419,51.1867403],[30.3962849,51.1902259],[30.3935236,51.1937114],[30.392463,51.2071368],[30.3716551,51.2080847],[30.3619367,51.2153316],[30.3495232,51.2162661],[30.3429462,51.2164468],[30.3384933,51.2201692],[30.3306065,51.2206657],[30.3223849,51.2246686],[30.316239,51.2305237],[30.3303832,51.2452452],[30.3561334,51.2521074],[30.3616272,51.2460776],[30.3729543,51.2481129],[30.3786185,51.2469552],[30.3769007,51.2384902],[30.3891722,51.2383953],[30.3947495,51.2413091],[30.4113123,51.2387407],[30.4163307,51.2321892],[30.423064,51.2272497],[30.4312774,51.2329529],[30.4496342,51.2297835],[30.455938,51.2322145],[30.4656773,51.2428136],[30.4727796,51.2397826],[30.4737012,51.2337422],[30.4811441,51.2200678],[30.4989695,51.2150904],[30.5143891,51.2131213],[30.5038618,51.2246673],[30.5071556,51.2308399],[30.5156006,51.2359372],[30.5328452,51.2650453],[30.5051977,51.2789149],[30.4748029,51.2754291],[30.4634687,51.2726097],[30.452051,51.273079],[30.4512759,51.2769844],[30.4537828,51.2791298],[30.4500585,51.2814376],[30.4534316,51.2878527],[30.4569213,51.2862295],[30.4632154,51.2906783],[30.4620716,51.294191],[30.4576371,51.2966452],[30.4617855,51.3059688],[30.455086273311377,51.30705839315473],[30.4495316,51.3074888],[30.443617379530963,51.30847783332269],[30.433653742019004,51.30657592817126],[30.4316982,51.3060941],[30.43082919753138,51.30603676607258],[30.4211408,51.3041874],[30.4102701,51.3083368],[30.398539,51.3122704],[30.39834661713937,51.3125118827658],[30.3975593,51.3127093],[30.3933533,51.3184702],[30.3925547699115,51.319781923782294],[30.391067105823705,51.32164926912334],[30.3869881,51.3232771],[30.3868999,51.3233145],[30.3864555,51.323492],[30.38428314914584,51.32510684705424],[30.3659892,51.3341261],[30.3482824,51.3487405],[30.3346178,51.3515437],[30.324645692167707,51.360287696546976],[30.3241759,51.3605058],[30.32431895363135,51.360574195718634],[30.3233531,51.3614211],[30.3557051,51.378437],[30.3561351,51.3828066],[30.3441285,51.4232642],[30.3345044,51.4247564],[30.331745169258646,51.42762847748661],[30.3315477,51.4276661],[30.33128803157426,51.42810431114268],[30.3307267,51.4286886],[30.3255752,51.4309082],[30.321453,51.433984],[30.318985349578913,51.439625395089294],[30.3163843,51.4409773],[30.3118004,51.4427415],[30.311675004427762,51.44282696888017],[30.311535,51.4428779],[30.31146932688528,51.442967157476296],[30.3110702,51.4432392],[30.310628973231925,51.44410929679193],[30.3088292,51.4465554],[30.306916525287424,51.448313006190816],[30.3054447,51.4492303],[30.304986866140357,51.45008621981712],[30.2982648,51.4562633],[30.296797851772133,51.45688934540165],[30.2944318,51.4577431],[30.29428209255705,51.45796298894158],[30.29178,51.4590308],[30.2880411,51.4632954],[30.28443224746437,51.46391883131137],[30.2838117,51.4639007],[30.283275659121337,51.46411863260008],[30.2795323,51.4647653],[30.275428441008494,51.46730899496752],[30.2737807,51.4679789],[30.2606394,51.4763457],[30.2529821,51.4811118],[30.251537880235322,51.482117081535684],[30.245395792839503,51.48592413163929],[30.24416468058473,51.48631381027174],[30.2139455,51.4924315],[30.21293600259018,51.49303283313958],[30.2123986,51.4931414],[30.21247637206071,51.4933066239058],[30.181606048695425,51.511695327322336],[30.18039121648893,51.512395383367775],[30.169908754226633,51.50947534774285],[30.1685068,51.509015],[30.16395,51.4889951],[30.163219800145168,51.489076370912024],[30.1629981,51.4880114],[30.150602930905638,51.492344168082525],[30.147921,51.493214],[30.14758596360366,51.49339875794189],[30.1443643,51.4945249],[30.142250330572455,51.496341126557006],[30.1383799,51.4984755],[30.1363252,51.4995186],[30.1348917,51.5002031],[30.1339038,51.5009092],[30.1335745,51.5032324],[30.13333496560592,51.50400080337475],[30.131882566606453,51.50524863865554],[30.131269295109057,51.505495835777374],[30.121023054541375,51.504471080533946],[30.12253047518972,51.5006415768525],[30.1290643,51.4876375],[30.123850066553192,51.48936734348193],[30.12206880906425,51.48858771394593],[30.121244,51.4861034],[30.110844,51.4870225],[30.1042691,51.4909003],[30.0776333,51.4968994],[30.0746035,51.4956717],[30.0623035,51.4989321],[30.0559001,51.4971165],[30.0337029,51.503207],[30.0274094,51.502618],[30.0190557,51.504593],[30.0169682,51.50460697816219],[30.0169682,51.5028241],[30.0206582,51.4993841],[30.0210882,51.4965541],[30.01743292203903,51.49562546181532],[30.0182689,51.4953735],[30.017295965045154,51.4953000025862],[30.0162782,51.4918341],[30.0149082,51.4902041],[30.012266691316988,51.48986904137649],[30.0122058,51.4894482],[30.010161170801275,51.489601969452664],[30.0081282,51.4893441],[30.0040082,51.4861641],[29.9994633439766,51.48503201768145],[29.9902753,51.4812953],[29.9819049,51.4857213],[29.9753163,51.4834442],[29.972716069254155,51.48149775504817],[29.972605,51.4812281],[29.9719744,51.4771113],[29.9717853,51.4747631],[29.9702623,51.4729499],[29.9662002,51.4714972],[29.963077701872038,51.471412213794046],[29.9619869,51.4712535],[29.961457937481757,51.47136812805743],[29.9587601,51.4712947],[29.953492603476295,51.47309424424203],[29.9515496,51.4735153],[29.951403465260128,51.473807960260785],[29.9496339,51.4744125],[29.9494035,51.47488749999999],[29.9482449,51.4772768],[29.9479032,51.4792155],[29.94813367435176,51.480356285873036],[29.9465012,51.4836256],[29.924301298721637,51.48959181189763],[29.923989801238346,51.489250976701236],[29.9251999,51.4870363],[29.921721577918497,51.487906448673705],[29.920294604467,51.48763658063754],[29.9186299,51.486926],[29.91828303568934,51.48725615441793],[29.9152582,51.4866841],[29.91463191009037,51.4870317716187],[29.9145842,51.487005],[29.910162,51.4854503],[29.90772806065334,51.48619396065334],[29.9068482,51.4853141],[29.904389901273316,51.48537806094237],[29.9039273,51.485059],[29.89280323636756,51.48389863608328],[29.8926782,51.4836841],[29.8938782,51.4802441],[29.8903844,51.4789409],[29.8895082,51.4786141],[29.888625808386774,51.47857533861131],[29.8866534,51.4772111],[29.885927479076592,51.47725763654093],[29.8863282,51.4756141],[29.8915682,51.4738941],[29.8895082,51.4691741],[29.8890782,51.4649641],[29.8890782,51.4627341],[29.8835782,51.4606741],[29.8787782,51.45784409999999],[29.8797182,51.4535541],[29.8828982,51.4498641],[29.8813482,51.4462541],[29.877765325084177,51.446127206513395],[29.8777185,51.4451933],[29.8738169,51.4442435],[29.865023,51.4462356],[29.8556282,51.4487063],[29.8479246,51.4489232],[29.843143778349702,51.45718593015906],[29.8368882,51.4550141],[29.827738,51.4522894],[29.8180961,51.4499992],[29.8171482,51.4497741],[29.81711401345433,51.449887565774276],[29.8128301,51.4486812],[29.8104728,51.459011],[29.794465833998288,51.4576725151756],[29.7952682,51.45166409999999],[29.7977482,51.4465141],[29.7973282,51.4417141],[29.79361883041763,51.44336603251114],[29.7939795,51.4414294],[29.7793333,51.4467181],[29.7641972,51.4492008],[29.7390326,51.4589453],[29.7420183,51.4615221],[29.7334563,51.469393],[29.7308885,51.4797458],[29.725484,51.4917656],[29.73181237603202,51.492336064221014],[29.7317482,51.4924341],[29.7420482,51.4932941],[29.7423082,51.4935541],[29.74359280816015,51.49735888178303],[29.7421064,51.5022986],[29.7353378,51.5108808],[29.7394782,51.51200042553059],[29.7394782,51.5120041],[29.739526783391025,51.512013563199645],[29.7423866,51.5127869],[29.737672,51.5307764],[29.73353985480372,51.53037387934143],[29.7296882,51.5292541],[29.726785380173595,51.52971591224511],[29.7130300430453,51.52837597690967],[29.7110682,51.5275441],[29.7097622,51.52331370000001],[29.7096882,51.5230741],[29.707486727641985,51.52192488148745],[29.7074775,51.5204913],[29.7046247,51.5203425],[29.704091068499558,51.520152270382624],[29.7022209,51.519176],[29.7019682,51.5190441],[29.697975262466077,51.51797210028258],[29.6951566,51.5169673],[29.690372542655105,51.51692755012992],[29.6869482,51.5150941],[29.68415676008184,51.51428356926031],[29.6833483,51.5136318],[29.67763928329561,51.51241923704289],[29.6770835,51.5122697],[29.6767282,51.5121741],[29.6741582,51.5098541],[29.6746682,51.505654],[29.6727782,51.5029941],[29.6678082,51.5023041],[29.666620711787694,51.502690440343045],[29.6657677,51.5027117],[29.654248811614583,51.50586658843447],[29.6537282,51.5051341],[29.6518221,51.503154],[29.6516682,51.5029941],[29.6464282,51.4992141],[29.6432582,51.4989541],[29.64264209136205,51.499313181721504],[29.6398135,51.4985388],[29.6340655,51.5060497],[29.632656715178676,51.505213210023676],[29.6311582,51.503504],[29.6296496,51.501287],[29.6293482,51.5008441],[29.6279782,51.4980141],[29.6245482,51.4944041],[29.621701552110117,51.493863932821824],[29.6208547,51.4926485],[29.61690577523603,51.49295390764083],[29.6159582,51.4927741],[29.61415106528043,51.493166955373816],[29.608834675407348,51.49357812200421],[29.6086804,51.4871885],[29.6086682,51.4866841],[29.6067782,51.4831641],[29.6097882,51.4793841],[29.6090982,51.4746741],[29.6059182,51.4715841],[29.6052382,51.4713241],[29.5958835,51.4670889],[29.5951882,51.4667741],[29.587481736439624,51.464536231236046],[29.5873959,51.4644987],[29.5834977,51.462504],[29.5775044,51.4612148],[29.5755442,51.4613576],[29.541249443751223,51.48266434578368],[29.539434114258416,51.48252345453946],[29.53569553308012,51.471782509527294],[29.5362282,51.4702941],[29.5355382,51.4627341],[29.5314182,51.4598141],[29.5276482,51.4571641],[29.526917065264673,51.45658091833084],[29.520913015058444,51.44903890349643],[29.5205182,51.4473741],[29.5195714,51.444824],[29.5191482,51.4436841],[29.5235282,51.4388741],[29.5235282,51.4353541],[29.523157912555714,51.43414969136542],[29.5233128,51.4339365],[29.5221482,51.42882029260532],[29.5221482,51.4266841],[29.5232682,51.4237741],[29.5207782,51.4223941],[29.52069699521506,51.42244500095849],[29.5205784,51.421924],[29.51428499778567,51.42118034742765],[29.5141682,51.4207641],[29.5119382,51.4167341],[29.5100482,51.4138141],[29.5063471,51.4104917],[29.5054186,51.4072026],[29.50393,51.4045718],[29.503105543351847,51.403296514512945],[29.5006871,51.3968482],[29.496559977766324,51.39745426420734],[29.4956883,51.3967677],[29.4925382,51.3973341],[29.483403025808897,51.39938635083031],[29.4591608,51.4029463],[29.426546,51.4137398],[29.408383727524775,51.41155427593727],[29.4014682,51.4090941],[29.39783233974323,51.40854165480197],[29.393799246051586,51.40685088580601],[29.3903182,51.4044541],[29.3838782,51.4024841],[29.383075552974528,51.40228149007124],[29.382716761547073,51.40212670885717],[29.3778682,51.3985341],[29.3730582,51.3926141],[29.3691982,51.3894341],[29.365828731519784,51.38933734161459],[29.3378236,51.3249844]]],[[[30.5736517,51.5906849],[30.6148504,51.5360478],[30.6328749,51.5154351],[30.7176621,51.5564325],[30.7804932,51.5256331],[30.6766485,51.4022735],[30.7714056,51.3983109],[30.9325956,51.4329982],[31.0084551,51.4562309],[31.0424654,51.4869477],[31.1291316,51.5015357],[31.1523943,51.5295291],[31.2459672,51.5585226],[31.174151690839963,51.65283845746189],[31.174424,51.652838],[31.175993491476564,51.652835248718475],[31.2288011,51.5845559],[31.2534308,51.599216],[31.2854474,51.6032368],[31.2819528,51.5918072],[31.3943987,51.5176227],[31.6663103,51.5133497],[31.6910295,51.5560618],[31.7198687,51.6021459],[31.775986329055993,51.68765241731296],[31.77683,51.687651],[31.790521,51.687627],[31.804212,51.687603],[31.817904,51.68758],[31.831595,51.687556],[31.845286,51.687532],[31.845905653179283,51.68712538371045],[31.8430036,51.6790865],[31.7866986,51.6305232],[31.7523664,51.5861744],[31.8237775,51.5639839],[31.900149038254856,51.669510835153154],[31.913746,51.669487],[31.927438,51.669463],[31.941129,51.66944],[31.947975,51.664946],[31.947978,51.655982],[31.954824,51.651489],[31.968515,51.651465],[31.982207,51.651441],[31.995898,51.651418],[32.009589,51.651394],[32.02328,51.65137],[32.036972,51.651347],[32.043818,51.646853],[32.04382,51.63789],[32.043823,51.628926],[32.050669,51.624432],[32.06436,51.624409],[32.078052,51.624385],[32.091743,51.624361],[32.105434,51.624338],[32.119125,51.624314],[32.132817,51.62429],[32.146508,51.624267],[32.153354,51.619773],[32.153357,51.610809],[32.160203,51.606316],[32.173895,51.606292],[32.187586,51.606269],[32.201277,51.606245],[32.214968,51.606221],[32.228659,51.606197],[32.242351,51.606174],[32.256042,51.60615],[32.269733,51.606126],[32.283424,51.606103],[32.297116,51.606079],[32.310807,51.606055],[32.324498,51.606032],[32.338189,51.606008],[32.351881,51.605984],[32.365572,51.605961],[32.379263,51.605937],[32.392954,51.605913],[32.406645,51.60589],[32.420337,51.605866],[32.434028,51.605842],[32.447719,51.605819],[32.455380862122,51.60580556893646],[32.456767,51.6043491],[32.4573538,51.5699243],[32.4999258,51.4840585],[32.5071194,51.4537698],[32.52960124061329,51.426405539455544],[32.516217,51.426429],[32.502526,51.426453],[32.488835,51.426476],[32.48199,51.422006],[32.481992,51.413043],[32.488839,51.408549],[32.50253,51.408525],[32.509377,51.404032],[32.509379,51.395068],[32.509381,51.386105],[32.509383,51.377141],[32.509385,51.368178],[32.516232,51.363684],[32.529923,51.36366],[32.543615,51.363637],[32.550461,51.359143],[32.55046194203557,51.354920796593355],[32.5419803,51.3334339],[32.5646521,51.304553],[32.2641144,51.254617],[32.2014581,51.2607958],[32.1429586,51.2265439],[32.1272523,51.1908883],[31.9803117,51.1616162],[31.8848687,51.1499883],[31.8781717,51.1740927],[31.8948247,51.1913088],[31.8855553,51.2102493],[31.8560437,51.2508716],[31.8663295,51.2691429],[31.8265044,51.3039277],[31.7949274,51.3193868],[31.7537206,51.3305353],[31.7159505,51.332258],[31.6891765,51.3399788],[31.6496945,51.352625],[31.6374986,51.3299952],[31.6324364,51.3161043],[31.6215428,51.3050007],[31.5597847,51.3015545],[31.5464191,51.2982187],[31.5351114,51.3094778],[31.5104413,51.3135285],[31.4809618,51.3145685],[31.4695968,51.3169336],[31.4554848,51.3158639],[31.4372141,51.3225205],[31.4253845,51.3343277],[31.4230059,51.3420668],[31.4414679,51.3474402],[31.4496346,51.3566719],[31.4460512,51.3687037],[31.4504407,51.3860287],[31.4497191,51.3984931],[31.4569977,51.4009768],[31.4589555,51.4041028],[31.459831,51.4078257],[31.4572731,51.4124052],[31.450472,51.4184153],[31.4374551,51.4171277],[31.4297625,51.4145545],[31.4333105,51.4101428],[31.4399472,51.4053024],[31.4395453,51.3924301],[31.4287878,51.3886711],[31.4235233,51.3936953],[31.4152989,51.3922939],[31.4060447,51.3926057],[31.3899392,51.3940845],[31.3769583,51.3863283],[31.3770416,51.3808649],[31.3688746,51.3517219],[31.3731525,51.3387692],[31.3628448,51.3406137],[31.3518506,51.3377387],[31.3250816,51.356446],[31.3012292,51.3697815],[31.3026143,51.3782307],[31.3041687,51.3826069],[31.300311,51.3842594],[31.2950797,51.3850546],[31.2834244,51.3815358],[31.2710848,51.3780158],[31.2684387,51.375468],[31.2730022,51.3734559],[31.2786809,51.373319],[31.2855613,51.3717887],[31.2784071,51.3620252],[31.2678787,51.3467847],[31.262475,51.3438768],[31.2601617,51.3396553],[31.2568611,51.3401789],[31.2533889,51.3396837],[31.2497918,51.3391983],[31.2453792,51.3399728],[31.2400653,51.3425433],[31.2364678,51.3435587],[31.233178,51.3430428],[31.2286866,51.3432238],[31.190707,51.3326037],[31.1889729,51.3294904],[31.1841493,51.3273424],[31.1870329,51.3215985],[31.1894583,51.321006],[31.1949626,51.3229625],[31.1979696,51.3247118],[31.1959986,51.3296793],[31.2024395,51.3304902],[31.210769,51.3325342],[31.2129707,51.335964],[31.2159174,51.3373303],[31.2235706,51.339059],[31.2310525,51.341645],[31.2367325,51.3405421],[31.2432199,51.3375508],[31.249449,51.3347469],[31.2619686,51.3319965],[31.2709744,51.3302988],[31.2782236,51.3304684],[31.2823833,51.3325685],[31.2844321,51.3370549],[31.2830479,51.3411123],[31.2877513,51.3495464],[31.2912196,51.3651258],[31.3032729,51.3614109],[31.3177297,51.3522255],[31.3287513,51.345182],[31.3430626,51.3305556],[31.3658396,51.3243556],[31.3763186,51.3255661],[31.3854253,51.3287065],[31.4108512,51.341955],[31.4128353,51.3331323],[31.4244693,51.326254],[31.4268315,51.3183028],[31.4371336,51.3099602],[31.4505221,51.3044062],[31.5270807,51.2936309],[31.4639589,51.2566827],[31.4138179,51.2493883],[31.3513501,51.2300322],[31.3025988,51.2317521],[31.2596916,51.2433719],[31.229991,51.2500327],[31.1982296,51.2424997],[31.2030361,51.2136905],[31.2394303,51.2051056],[31.2634603,51.2145759],[31.3389906,51.2076684],[31.4348653,51.2370479],[31.463485,51.2345757],[31.476105,51.2403738],[31.5048138,51.2545341],[31.5332945,51.2712944],[31.563505,51.282037],[31.6493515,51.2897593],[31.6610179,51.326891],[31.7084025,51.3099372],[31.7640434,51.3047937],[31.8141449,51.2695725],[31.810025,51.2205719],[31.8426469,51.1975499],[31.8313108,51.1641997],[31.8282148,51.1482693],[31.764707,51.1469732],[31.713954562918502,51.14637471692817],[31.7085,51.149954],[31.694809,51.149978],[31.681117,51.150002],[31.667426,51.150025],[31.653735,51.150049],[31.640044,51.150073],[31.626353,51.150096],[31.619508,51.145626],[31.61950808144934,51.14526098478832],[31.5820609,51.1448194],[31.4364934,51.1241379],[31.2717,51.1034473],[31.2085292,51.0913735],[31.2057826,51.1310328],[31.1810637,51.1224141],[31.1151463,51.0827474],[31.1288791,51.0275023],[31.1700616,51.0361688],[31.1879161,51.0530077],[31.2504121,51.0648725],[31.3245712,51.0758454],[31.5024108,51.1030162],[31.619514032845387,51.11858878697346],[31.619516,51.109772],[31.612672,51.105302],[31.598981,51.105326],[31.585289,51.10535],[31.571598,51.105373],[31.557907,51.105397],[31.551062,51.100927],[31.551064,51.091963],[31.551067,51.083],[31.551069,51.074036],[31.544224,51.069566],[31.530533,51.06959],[31.523688,51.06512],[31.52369,51.056156],[31.523693,51.047193],[31.523695,51.038229],[31.523697,51.029266],[31.516852,51.024796],[31.503161,51.024819],[31.48947,51.024843],[31.482625,51.020373],[31.482627,51.01141],[31.482629,51.002446],[31.475785,50.997976],[31.462094,50.998],[31.455249,50.99353],[31.455251,50.984566],[31.448407,50.980096],[31.434715,50.98012],[31.421024,50.980143],[31.414179,50.975674],[31.414182,50.96671],[31.421028,50.962216],[31.43472,50.962193],[31.448411,50.962169],[31.455257,50.957675],[31.45526,50.948712],[31.455262,50.939748],[31.455264,50.930785],[31.455266,50.921821],[31.455268,50.912857],[31.45527,50.903894],[31.455272,50.89493],[31.455274,50.885967],[31.455276,50.877003],[31.455278,50.86804],[31.455281,50.859076],[31.455283,50.850112],[31.455285,50.841149],[31.455287,50.832185],[31.455289,50.823222],[31.455291,50.814258],[31.462138,50.809765],[31.475829,50.809741],[31.482676,50.805247],[31.482678,50.796284],[31.48268,50.78732],[31.489527,50.782826],[31.503218,50.782803],[31.516909,50.782779],[31.523756,50.778285],[31.523758,50.769322],[31.530604,50.764828],[31.544296,50.764805],[31.551142,50.760311],[31.551144,50.751347],[31.551147,50.742384],[31.557993,50.73789],[31.571684,50.737867],[31.585376,50.737843],[31.592222,50.733349],[31.592224,50.724386],[31.592227,50.715422],[31.592229,50.706459],[31.592231,50.697495],[31.592233,50.688531],[31.592235,50.679568],[31.592237,50.670604],[31.592239,50.661641],[31.592241,50.652677],[31.592243,50.643713],[31.592246,50.63475],[31.592248,50.625786],[31.59225,50.616823],[31.592252,50.607859],[31.592254,50.598896],[31.585409,50.594426],[31.571718,50.594449],[31.558027,50.594473],[31.544336,50.594497],[31.530644,50.59452],[31.516953,50.594544],[31.503262,50.594568],[31.489571,50.594591],[31.47588,50.594615],[31.462188,50.594639],[31.456267520913496,50.59464894602432],[31.4548571,50.5955264],[31.4349428,50.5979596],[31.4072921,50.599738],[31.3981485,50.5995574],[31.3907212,50.6074391],[31.3897703,50.6109999],[31.3917509,50.6248982],[31.3432843,50.6373545],[31.3373795,50.6424009],[31.3289969,50.649444],[31.3184043,50.6552551],[31.3061377,50.6594734],[31.2960201,50.6596352],[31.289388,50.6456007],[31.2937514,50.6300175],[31.3299147,50.6300655],[31.3545172,50.625511],[31.3756808,50.6183383],[31.3682161,50.6035725],[31.3676808,50.5975929],[31.367969777659738,50.59480127887765],[31.36635,50.594804],[31.352658,50.594828],[31.338967,50.594852],[31.325276,50.594875],[31.311585,50.594899],[31.297893,50.594923],[31.284202,50.594946],[31.270511,50.59497],[31.25682,50.594994],[31.249975,50.590524],[31.249977,50.58156],[31.249979,50.572597],[31.243135,50.568127],[31.229444,50.56815],[31.215752,50.568174],[31.202061,50.568198],[31.195217,50.563728],[31.195219,50.554764],[31.195221,50.545801],[31.195223,50.536837],[31.195225,50.527873],[31.18838,50.523403],[31.174689,50.523427],[31.160998,50.523451],[31.154153,50.518981],[31.154156,50.510017],[31.161002,50.505524],[31.174693,50.5055],[31.188385,50.505476],[31.202076,50.505453],[31.215767,50.505429],[31.229458,50.505405],[31.23541589297163,50.505394991853755],[31.2293683,50.4996958],[31.2146476,50.4998213],[31.2074944,50.4891624],[31.2136682,50.4843007],[31.2362935,50.4835908],[31.2621808,50.4844042],[31.2760524,50.4895258],[31.301253,50.4931115],[31.3308395,50.4967956],[31.3534416,50.4990186],[31.3628686,50.4952893],[31.370407,50.4918866],[31.3707202,50.4892308],[31.3668834,50.4874143],[31.3612699,50.484874],[31.356223,50.4832887],[31.3523095,50.4803368],[31.3462002,50.476618],[31.3415361,50.4726763],[31.3380456,50.4693819],[31.3386179,50.4660714],[31.3420185,50.462243],[31.3473232,50.4616944],[31.3521986,50.46273],[31.3578439,50.4646629],[31.3607426,50.4658307],[31.3651009,50.4660696],[31.3669367,50.4639489],[31.3694852,50.4611947],[31.3730635,50.4610084],[31.3741689,50.4626802],[31.3751509,50.4654012],[31.3755325,50.4676851],[31.3749058,50.4698451],[31.373906,50.4715261],[31.3720328,50.4736777],[31.3705814,50.4752998],[31.3689976,50.4780227],[31.370566,50.4812138],[31.377187,50.4857583],[31.3798111,50.4886854],[31.3830114,50.488019],[31.386911987464355,50.48726218475564],[31.386913,50.482724],[31.386915,50.473761],[31.386917,50.464797],[31.386919,50.455833],[31.386921,50.44687],[31.393768,50.442376],[31.407459,50.442353],[31.42115,50.442329],[31.427995,50.446799],[31.427993,50.455762],[31.434837,50.460232],[31.448529,50.460209],[31.455373,50.464679],[31.455371,50.473642],[31.462216,50.478112],[31.475907,50.478088],[31.482751,50.482558],[31.482749,50.491522],[31.483304740280825,50.49188491585907],[31.4952426,50.4867672],[31.5036534,50.4838346],[31.5124069,50.4837412],[31.5204722,50.4847557],[31.5297361,50.4856914],[31.537278,50.4873432],[31.5388451,50.4910993],[31.5398007,50.4946154],[31.5386975,50.498568],[31.5368199,50.5011755],[31.5336472,50.5029158],[31.52854,50.5014924],[31.5250843,50.4999055],[31.5215986,50.4972544],[31.5184836,50.4950538],[31.517442,50.4941706],[31.5150331,50.496731],[31.5153717,50.4992673],[31.5167411,50.501737],[31.518111,50.5040644],[31.517305680475875,50.505124597768756],[31.523819,50.509378],[31.523817,50.518342],[31.523815,50.527305],[31.523813,50.536269],[31.52381,50.545232],[31.530655,50.549702],[31.544346,50.549679],[31.558037,50.549655],[31.571729,50.549631],[31.58542,50.549608],[31.592264,50.554078],[31.592262,50.563041],[31.599107,50.567511],[31.612798,50.567488],[31.626489,50.567464],[31.640181,50.56744],[31.653872,50.567417],[31.667563,50.567393],[31.681254,50.567369],[31.694946,50.567346],[31.708637,50.567322],[31.722328,50.567298],[31.736019,50.567275],[31.74971,50.567251],[31.763402,50.567227],[31.777093,50.567204],[31.78394,50.56271],[31.783942,50.553746],[31.790788,50.549253],[31.80448,50.549229],[31.818171,50.549205],[31.831862,50.549182],[31.845553,50.549158],[31.859245,50.549134],[31.872936,50.549111],[31.87978,50.553581],[31.879778,50.562544],[31.879776,50.571508],[31.879774,50.580471],[31.879772,50.589435],[31.886616,50.593905],[31.900308,50.593881],[31.913999,50.593858],[31.92769,50.593834],[31.941381,50.59381],[31.955073,50.593787],[31.968764,50.593763],[31.982455,50.593739],[31.996146,50.593716],[32.009838,50.593692],[32.023529,50.593668],[32.03722,50.593645],[32.050911,50.593621],[32.064603,50.593597],[32.078294,50.593574],[32.091985,50.59355],[32.105676,50.593526],[32.112523,50.589033],[32.11937,50.584539],[32.133061,50.584515],[32.139905,50.588985],[32.14675,50.593455],[32.160441,50.593432],[32.174132,50.593408],[32.187824,50.593384],[32.201515,50.593361],[32.208359,50.597831],[32.208357,50.606794],[32.215202,50.611264],[32.228893,50.61124],[32.242584,50.611217],[32.256276,50.611193],[32.269967,50.611169],[32.276811,50.615639],[32.276809,50.624603],[32.283654,50.629073],[32.297345,50.629049],[32.311036,50.629026],[32.324728,50.629002],[32.338419,50.628978],[32.35211,50.628955],[32.365801,50.628931],[32.379492,50.628907],[32.393184,50.628884],[32.406875,50.62886],[32.420566,50.628836],[32.434257,50.628813],[32.441104,50.624319],[32.441106,50.615355],[32.447953,50.610862],[32.461644,50.610838],[32.475335,50.610814],[32.489027,50.610791],[32.502718,50.610767],[32.509562,50.615237],[32.516407,50.619707],[32.523251,50.624177],[32.530096,50.628647],[32.543787,50.628623],[32.550632,50.633093],[32.55063,50.642057],[32.550628,50.65102],[32.557472,50.65549],[32.571163,50.655467],[32.584855,50.655443],[32.598546,50.655419],[32.60539,50.659889],[32.605388,50.668853],[32.612233,50.673323],[32.625924,50.673299],[32.639615,50.673275],[32.653307,50.673252],[32.666998,50.673228],[32.680689,50.673204],[32.69438,50.673181],[32.708072,50.673157],[32.721763,50.673133],[32.735454,50.67311],[32.749145,50.673086],[32.762836,50.673062],[32.776528,50.673039],[32.790219,50.673015],[32.80391,50.672991],[32.817601,50.672968],[32.831293,50.672944],[32.844984,50.67292],[32.851828,50.67739],[32.851826,50.686354],[32.858671,50.690824],[32.865515,50.695294],[32.87236,50.699764],[32.879205,50.704234],[32.879202,50.713197],[32.886047,50.717667],[32.899738,50.717644],[32.913429,50.71762],[32.927121,50.717596],[32.940812,50.717573],[32.947657,50.722043],[32.947654,50.731006],[32.954499,50.735476],[32.96819,50.735452],[32.981881,50.735429],[32.995573,50.735405],[33.009264,50.735381],[33.022955,50.735358],[33.036646,50.735334],[33.050338,50.73531],[33.064029,50.735287],[33.07772,50.735263],[33.091411,50.735239],[33.105103,50.735216],[33.118794,50.735192],[33.132485,50.735168],[33.146176,50.735145],[33.159867,50.735121],[33.173559,50.735097],[33.180403,50.739567],[33.180401,50.748531],[33.180399,50.757495],[33.187244,50.761964],[33.200935,50.761941],[33.207779,50.766411],[33.207777,50.775374],[33.214622,50.779844],[33.228313,50.779821],[33.242004,50.779797],[33.255696,50.779773],[33.269387,50.77975],[33.283078,50.779726],[33.296769,50.779702],[33.303614,50.784172],[33.303612,50.793136],[33.30361,50.802099],[33.310454,50.806569],[33.324145,50.806546],[33.337837,50.806522],[33.351528,50.806498],[33.365219,50.806475],[33.37891,50.806451],[33.392602,50.806427],[33.406293,50.806404],[33.419984,50.80638],[33.433675,50.806356],[33.447366,50.806333],[33.461058,50.806309],[33.474749,50.806285],[33.48844,50.806262],[33.502131,50.806238],[33.508976,50.810708],[33.508974,50.819672],[33.508972,50.828635],[33.50897,50.837599],[33.508968,50.846562],[33.508965,50.855526],[33.508963,50.864489],[33.508959,50.882417],[33.502112,50.88691],[33.488421,50.886934],[33.47473,50.886958],[33.461039,50.886981],[33.447348,50.887005],[33.440501,50.891498],[33.440499,50.900462],[33.440497,50.909426],[33.440495,50.918389],[33.440492,50.927353],[33.44049,50.936316],[33.440488,50.94528],[33.440486,50.954244],[33.440484,50.963207],[33.440482,50.972171],[33.44048,50.981134],[33.440478,50.990098],[33.440476,50.999061],[33.440474,51.008025],[33.440471,51.016989],[33.447316,51.021459],[33.461007,51.021435],[33.467852,51.025905],[33.46785,51.034868],[33.474694,51.039338],[33.488385,51.039315],[33.502077,51.039291],[33.508921,51.043761],[33.50892065372862,51.04531298831068],[33.8351239,50.9527171],[34.3899335,50.907709],[34.6618451,50.9059771],[34.6838178,50.9267562],[34.5849408,50.9717458],[33.6565961,51.0788531],[33.5773634959865,51.104164988484634],[33.577363,51.106388],[33.577361,51.115351],[33.577358,51.124315],[33.577356,51.133278],[33.577354,51.142242],[33.577352,51.151206],[33.57735117385576,51.15490836541392],[33.63260125753636,51.17351914146659],[33.638957,51.173508],[33.652649,51.173484],[33.66634,51.173461],[33.693722,51.173413],[33.707414,51.17339],[33.721105,51.173366],[33.734796,51.173342],[33.748487,51.173319],[33.762179,51.173295],[33.77587,51.173271],[33.789561,51.173248],[33.803252,51.173224],[33.816943,51.1732],[33.830635,51.173177],[33.844326,51.173153],[33.858017,51.173129],[33.871708,51.173106],[33.8854,51.173082],[33.899091,51.173058],[33.912782,51.173035],[33.926473,51.173011],[33.933318,51.177481],[33.93331790014137,51.177928516463616],[34.1949262,51.1771044],[34.198987808933005,51.19046719431704],[34.200294,51.190465],[34.227676,51.190417],[34.241367,51.190394],[34.255059,51.19037],[34.26875,51.190346],[34.282441,51.190323],[34.296132,51.190299],[34.29775516069863,51.190296154845406],[34.2959734,51.1537087],[34.2479082,51.1795427],[34.2080828,51.1605992],[34.2781206,51.1114821],[34.3141544,51.1336299],[34.4114609,51.0665102],[34.6884766,50.9522743],[34.7152202,50.9720779],[34.7585406,50.9662929],[34.7846331,50.9792641],[34.9274554,50.952453],[34.949805143998056,50.95611624209656],[34.953366,50.95611],[34.960213,50.951616],[34.960215,50.942653],[34.960217,50.933689],[34.967064,50.929196],[34.980755,50.929172],[34.987602,50.924678],[34.987604,50.915715],[34.987606,50.906751],[34.987608,50.897788],[34.98761,50.888824],[34.994457,50.88433],[35.008148,50.884307],[35.021839,50.884283],[35.028686,50.879789],[35.028688,50.870826],[35.02869,50.861862],[35.028692,50.852899],[35.028694,50.843935],[35.02869540645437,50.83973298317922],[35.0206072,50.8384736],[34.994858,50.8399912],[34.9697955,50.8326193],[34.951256,50.8382567],[34.93203,50.8365222],[34.9316951,50.8255963],[34.9313517,50.8114975],[34.9272319,50.7913181],[34.9286052,50.7785115],[34.943368,50.7628784],[34.966714,50.7485435],[34.9752971,50.7276849],[34.9912621,50.6937004],[34.9878289,50.6834776],[34.9881722,50.664331],[34.964595,50.6404826],[34.9549819,50.6328614],[34.9451948,50.6208281],[34.9302627,50.6146745],[34.9359275,50.6031271],[34.9604751,50.5990957],[34.9611617,50.5681406],[34.951892,50.548947],[34.9484588,50.5380381],[34.9553253,50.5245075],[34.9618484,50.510318],[34.9657647,50.498264],[34.9465509,50.4889912],[34.9421552,50.4905661],[34.9261542,50.4897624],[34.9183964,50.4736659],[34.9377178,50.4712647],[34.9405573,50.4542222],[34.9272474,50.4088604],[34.9235184,50.3994141],[34.9167019,50.3929221],[34.917234,50.3888645],[34.9211972,50.3652135],[34.9227177,50.3564372],[34.9164462,50.3445287],[34.940749239128756,50.34338588755543],[34.934202,50.330282],[34.9369486,50.3175688],[34.9431284,50.3077028],[34.988447,50.3074835],[35.0375421,50.3085798],[35.0687845,50.3206378],[35.0989969,50.3256794],[35.1364191,50.3291862],[35.1776178,50.3320353],[35.2290408,50.3295554],[35.2578799,50.3356917],[35.2791659,50.331747],[35.3231112,50.339636],[35.3567569,50.3497145],[35.38478233525686,50.34882037877526],[35.384784,50.341359],[35.384786,50.332396],[35.377942,50.327926],[35.364251,50.32795],[35.350559,50.327973],[35.336868,50.327997],[35.323177,50.328021],[35.309486,50.328044],[35.295794,50.328068],[35.282103,50.328092],[35.268412,50.328115],[35.254721,50.328139],[35.24103,50.328163],[35.227338,50.328186],[35.213647,50.32821],[35.199956,50.328234],[35.186265,50.328257],[35.172573,50.328281],[35.158882,50.328305],[35.145191,50.328328],[35.1315,50.328352],[35.124655,50.323882],[35.124657,50.314918],[35.124659,50.305955],[35.131506,50.301461],[35.145197,50.301437],[35.158888,50.301414],[35.17258,50.30139],[35.186271,50.301366],[35.193118,50.296873],[35.19312,50.287909],[35.199966,50.283416],[35.213658,50.283392],[35.227349,50.283368],[35.24104,50.283345],[35.254731,50.283321],[35.268423,50.283297],[35.282114,50.283274],[35.28896,50.27878],[35.288963,50.269816],[35.288965,50.260853],[35.295811,50.256359],[35.309503,50.256336],[35.323194,50.256312],[35.336885,50.256288],[35.350576,50.256265],[35.364267,50.256241],[35.377959,50.256217],[35.384805,50.251724],[35.384807,50.24276],[35.391654,50.238266],[35.405345,50.238243],[35.419037,50.238219],[35.432728,50.238195],[35.446419,50.238172],[35.453266,50.233678],[35.453268,50.224715],[35.460115,50.220221],[35.473806,50.220197],[35.487497,50.220174],[35.501188,50.22015],[35.514879,50.220126],[35.528571,50.220103],[35.542262,50.220079],[35.555953,50.220055],[35.569644,50.220032],[35.583336,50.220008],[35.590182,50.215514],[35.590184,50.206551],[35.590187,50.197587],[35.597033,50.193094],[35.610724,50.19307],[35.624416,50.193046],[35.638107,50.193023],[35.651798,50.192999],[35.658645,50.188505],[35.658647,50.179542],[35.665494,50.175048],[35.679185,50.175024],[35.692876,50.175001],[35.706567,50.174977],[35.720258,50.174953],[35.73395,50.17493],[35.747641,50.174906],[35.754488,50.170412],[35.75449,50.161449],[35.754492,50.152485],[35.761338,50.147992],[35.77503,50.147968],[35.788721,50.147944],[35.802412,50.147921],[35.816103,50.147897],[35.829795,50.147873],[35.843486,50.14785],[35.850333,50.143356],[35.850335,50.134392],[35.857181,50.129899],[35.870873,50.129875],[35.884564,50.129851],[35.898255,50.129828],[35.911946,50.129804],[35.925638,50.12978],[35.939329,50.129757],[35.95302,50.129733],[35.959867,50.125239],[35.959869,50.116276],[35.966715,50.111782],[35.980407,50.111759],[35.987251,50.116229],[35.987249,50.125192],[35.987247,50.134156],[35.987245,50.143119],[35.980398,50.147613],[35.966707,50.147637],[35.95986,50.15213],[35.959858,50.161094],[35.959856,50.170057],[35.953009,50.174551],[35.939318,50.174575],[35.925627,50.174598],[35.911936,50.174622],[35.898245,50.174646],[35.891398,50.179139],[35.891396,50.188103],[35.884549,50.192596],[35.870858,50.19262],[35.857167,50.192644],[35.85032,50.197137],[35.850318,50.206101],[35.850316,50.215065],[35.843469,50.219558],[35.829778,50.219582],[35.822931,50.224076],[35.822929,50.233039],[35.816082,50.237533],[35.802391,50.237556],[35.7887,50.23758],[35.781853,50.242074],[35.781851,50.251037],[35.775004,50.255531],[35.761313,50.255555],[35.754467,50.260048],[35.754464,50.269012],[35.754462,50.277975],[35.75446,50.286939],[35.754458,50.295902],[35.747611,50.300396],[35.73392,50.30042],[35.720229,50.300443],[35.706538,50.300467],[35.692847,50.300491],[35.679155,50.300514],[35.665464,50.300538],[35.651773,50.300562],[35.638082,50.300585],[35.62439,50.300609],[35.610699,50.300633],[35.597008,50.300656],[35.590161,50.30515],[35.590159,50.314114],[35.590157,50.323077],[35.58331,50.327571],[35.569619,50.327595],[35.555928,50.327618],[35.542237,50.327642],[35.528545,50.327666],[35.514854,50.327689],[35.501163,50.327713],[35.487472,50.327737],[35.473781,50.32776],[35.460089,50.327784],[35.446398,50.327808],[35.432707,50.327831],[35.42586,50.332325],[35.425858,50.341288],[35.419011,50.345782],[35.40532,50.345806],[35.39965555236157,50.34952300938213],[35.4748599,50.3991995],[35.5030124,50.4114533],[35.5117643,50.4210858],[35.5482449,50.4219629],[35.5663118,50.4209754],[35.5833499,50.425235],[35.5833498,50.4299635],[35.58358125986404,50.43002987451983],[35.5835815,50.4301029],[35.5849571,50.4305482],[35.5871031,50.4312121],[35.5870922,50.431558],[35.5870504,50.4328855],[35.58704729209286,50.43298427512934],[35.5866973,50.4370447],[35.5591411,50.4268545],[35.5462659,50.4291276],[35.5078182,50.4271032],[35.5014679,50.4337143],[35.492026,50.4377007],[35.4693667,50.4473211],[35.4325425,50.4448095],[35.41701,50.436826],[35.4095916,50.4382744],[35.3985679,50.4458443],[35.3785719,50.4666629],[35.3528086,50.4884046],[35.35337436853617,50.48931299986525],[35.364213,50.489294],[35.377904,50.48927],[35.384749,50.49374],[35.384746,50.502704],[35.384744,50.511667],[35.384742,50.520631],[35.38474,50.529595],[35.384738,50.538558],[35.38424614453999,50.538880827287464],[35.3965823,50.5586878],[35.3693991,50.6069855],[35.357337086873414,50.6188886333537],[35.357337,50.619278],[35.357335,50.628241],[35.357332,50.637205],[35.35733,50.646168],[35.357328,50.655132],[35.357326,50.664096],[35.357324,50.673059],[35.357322,50.682023],[35.35732,50.690986],[35.364164,50.695456],[35.377856,50.695433],[35.37838410989632,50.69543207423581],[35.3864885,50.6858054],[35.402453,50.6788443],[35.4084612,50.6831951],[35.4101778,50.6935267],[35.40989044040448,50.69537718419916],[35.418929,50.695362],[35.42231129120094,50.69757024826546],[35.425284,50.6947229],[35.4304338,50.6896119],[35.4426218,50.6870018],[35.45941172432696,50.688703669867294],[35.4593737,50.6889034],[35.4592983,50.6890885],[35.4594998,50.6895195],[35.45991776773016,50.690016765284504],[35.4601313,50.6921131],[35.4606463,50.7018991],[35.4565264,50.7041822],[35.4560114,50.7101613],[35.446055,50.7063565],[35.4433085,50.6966802],[35.4355837,50.6964627],[35.4323221,50.7030951],[35.42577209171613,50.708383928342116],[35.425772,50.708795],[35.418925,50.713289],[35.405234,50.713312],[35.391543,50.713336],[35.384696,50.71783],[35.384694,50.726793],[35.384692,50.735757],[35.38469,50.74472],[35.384688,50.753684],[35.384685,50.762648],[35.384683,50.771611],[35.377837,50.776105],[35.364145,50.776128],[35.357299,50.780622],[35.357297,50.789586],[35.35729611619842,50.79354675677644],[35.3644124,50.7938841],[35.3872434,50.7942097],[35.4016629,50.7955117],[35.4074994,50.7987668],[35.3939382,50.8026726],[35.3893033,50.8110254],[35.4117909,50.8118932],[35.4140225,50.8186177],[35.387415,50.8178585],[35.35728844966985,50.82342457972189],[35.357288,50.82544],[35.357286,50.834403],[35.350439,50.838897],[35.336748,50.838921],[35.329902,50.843414],[35.329899,50.852378],[35.329897,50.861342],[35.329895,50.870305],[35.329893485517516,50.87709291049853],[35.3456068,50.8837969],[35.3543615,50.8873707],[35.362773,50.8901862],[35.3660345,50.8935429],[35.3626013,50.9000391],[35.35213,50.9062097],[35.3383795,50.9176134],[35.3232733,50.9137173],[35.32594592451187,50.90874570852105],[35.32304,50.910653],[35.309349,50.910677],[35.295658,50.9107],[35.288811,50.915194],[35.288809,50.924158],[35.288807,50.933121],[35.288805,50.942085],[35.288803,50.951048],[35.2888,50.960012],[35.288798,50.968975],[35.288796,50.977939],[35.288794,50.986903],[35.28879306144343,50.9911091412999],[35.2968707,50.998282],[35.28879040240852,51.00302640499249],[35.28879,51.00483],[35.288788,51.013793],[35.281941,51.018287],[35.26825,51.018311],[35.26274312591627,51.0183202511945],[35.2350726,51.0345672],[35.192945018340794,51.03180380574307],[35.192945,51.031886],[35.186098,51.03638],[35.172407,51.036403],[35.158716,51.036427],[35.145025,51.036451],[35.131333,51.036475],[35.124487,51.040968],[35.124485,51.049932],[35.124483,51.058895],[35.117636,51.063389],[35.103945,51.063413],[35.097098,51.067906],[35.097096,51.07687],[35.097094,51.085833],[35.097092,51.094797],[35.09709,51.103761],[35.097087,51.112724],[35.097085,51.121688],[35.097083,51.130651],[35.097081,51.139615],[35.09707991015521,51.144499139439674],[35.13161244344067,51.15719285365018],[35.1295731,51.157877],[35.1278817,51.1591223],[35.12549590000001,51.16091380000001],[35.124867,51.1617519],[35.1246364,51.1621496],[35.12379270000001,51.1642726],[35.1234099,51.1652493],[35.1267621,51.1670824],[35.1274735,51.1673171],[35.1315868,51.1695756],[35.1337705,51.1707761],[35.1340399,51.1709242],[35.1341311,51.1709743],[35.1333655,51.1716481],[35.1308297,51.17382],[35.1305142,51.1770614],[35.13044566833509,51.18184114538081],[35.1293292,51.1828678],[35.094876500299854,51.167948655053706],[35.090228,51.170999],[35.076537,51.171023],[35.062846,51.171047],[35.055999,51.17554],[35.055997,51.184504],[35.04915,51.188997],[35.035459,51.189021],[35.021768,51.189045],[35.008077,51.189068],[34.994385,51.189092],[34.987541,51.184622],[34.987543,51.175658],[34.980698,51.171189],[34.967007,51.171212],[34.953316,51.171236],[34.939625,51.17126],[34.925933,51.171283],[34.912242,51.171307],[34.898551,51.171331],[34.891706,51.166861],[34.891708,51.157897],[34.891711,51.148933],[34.884866,51.144463],[34.871175,51.144487],[34.857483,51.144511],[34.843792,51.144534],[34.830101,51.144558],[34.81641,51.144582],[34.802719,51.144605],[34.789027,51.144629],[34.775336,51.144653],[34.761645,51.144676],[34.747954,51.1447],[34.734262,51.144724],[34.720571,51.144747],[34.70688,51.144771],[34.700033,51.149265],[34.700031,51.158228],[34.700029,51.167192],[34.693182,51.171686],[34.679491,51.171709],[34.6658,51.171733],[34.652109,51.171757],[34.638417,51.17178],[34.631571,51.176274],[34.631569,51.185237],[34.631567,51.194201],[34.631564,51.203165],[34.624718,51.207658],[34.611027,51.207682],[34.597335,51.207706],[34.583644,51.207729],[34.569953,51.207753],[34.563106,51.212246],[34.563104,51.22121],[34.563102,51.230174],[34.556255,51.234667],[34.542564,51.234691],[34.53572,51.230221],[34.535722,51.221257],[34.535724,51.212294],[34.528879,51.207824],[34.515188,51.207848],[34.501497,51.207871],[34.487805,51.207895],[34.474114,51.207919],[34.460423,51.207942],[34.446732,51.207966],[34.433041,51.20799],[34.419349,51.208013],[34.405658,51.208037],[34.391967,51.208061],[34.378276,51.208084],[34.364584,51.208108],[34.350893,51.208132],[34.337202,51.208155],[34.325903986728015,51.20817480515072],[34.3143199,51.2379602],[34.31106739302087,51.23847507020261],[34.3067965,51.2381776],[34.30384807955869,51.239617883856454],[34.3001853,51.2401977],[34.29981968681282,51.23269003862468],[34.296122,51.235117],[34.282431,51.235141],[34.268739,51.235164],[34.255048,51.235188],[34.241357,51.235212],[34.23451,51.239705],[34.234508,51.248669],[34.227662,51.253162],[34.21397,51.253186],[34.200279,51.25321],[34.193432,51.257703],[34.193428,51.275631],[34.193426,51.284594],[34.193424,51.293558],[34.193422,51.302521],[34.19342,51.311485],[34.193418,51.320448],[34.193416,51.329412],[34.193413,51.338376],[34.193411,51.347339],[34.193409,51.356303],[34.200254,51.360773],[34.213945,51.360749],[34.227636,51.360725],[34.234481,51.365195],[34.234479,51.374159],[34.234477,51.383122],[34.22763,51.387616],[34.213939,51.38764],[34.200247,51.387663],[34.193401,51.392157],[34.193399,51.401121],[34.186552,51.405614],[34.172861,51.405638],[34.166014,51.410132],[34.166012,51.419095],[34.16601,51.428059],[34.166008,51.437022],[34.166006,51.445986],[34.159159,51.450479],[34.145468,51.450503],[34.131777,51.450527],[34.12493,51.45502],[34.118083,51.459514],[34.111237,51.464008],[34.10439,51.468501],[34.090699,51.468525],[34.077007,51.468549],[34.070161,51.473042],[34.070159,51.482006],[34.070157,51.490969],[34.06331,51.495463],[34.049619,51.495487],[34.042772,51.49998],[34.04277,51.508944],[34.042768,51.517907],[34.042764,51.535835],[34.042761,51.544798],[34.042759,51.553762],[34.042757,51.562725],[34.042753,51.580653],[34.042751,51.589616],[34.042749,51.59858],[34.049593,51.60305],[34.063285,51.603026],[34.070129,51.607496],[34.070127,51.61646],[34.076972,51.620929],[34.090663,51.620906],[34.104354,51.620882],[34.118045,51.620858],[34.131737,51.620835],[34.138581,51.625305],[34.138579,51.634268],[34.138577,51.643232],[34.138515049205246,51.64327266114672],[34.136574,51.6429665],[34.1302282,51.6430065],[34.1299534,51.6457963],[34.1301061,51.6471962],[34.130198571918655,51.64772857270074],[34.118039,51.647749],[34.104348,51.647773],[34.097501,51.652266],[34.097499,51.66123],[34.095651313516086,51.66244272134639],[34.09275810000001,51.66153220000001],[34.0871896,51.662332100000015],[34.0807655,51.6656998],[34.08080616409782,51.665740540371466],[34.076961,51.665747],[34.070114,51.670241],[34.070112,51.679205],[34.07011,51.688168],[34.070108,51.697132],[34.070106,51.706095],[34.070104,51.715059],[34.070102,51.724022],[34.0701,51.732986],[34.070098,51.74195],[34.070095,51.750913],[34.070093,51.759877],[34.070091,51.76884],[34.076406045961406,51.77296392336706],[34.077323357705914,51.773309349263954],[34.090627,51.773287],[34.104318,51.773263],[34.11801,51.773239],[34.131701,51.773216],[34.145392,51.773192],[34.159083,51.773168],[34.165928,51.777638],[34.165926,51.786602],[34.17277,51.791072],[34.186462,51.791048],[34.200153,51.791024],[34.213844,51.791001],[34.227535,51.790977],[34.241226,51.790953],[34.254918,51.79093],[34.261762,51.7954],[34.26176,51.804363],[34.261758,51.813327],[34.268603,51.817797],[34.282294,51.817773],[34.295985,51.817749],[34.309676,51.817726],[34.323368,51.817702],[34.337059,51.817678],[34.35075,51.817655],[34.364441,51.817631],[34.371286,51.822101],[34.371284,51.831065],[34.371282,51.840028],[34.371280030677205,51.84591233650966],[34.3704168,51.8460478],[34.3690049,51.8454109],[34.3683862,51.8456205],[34.3675099,51.8476213],[34.3672359,51.849202],[34.3670676,51.8496594],[34.3677546,51.8511169],[34.3689622,51.8514907],[34.3668637,51.8538395],[34.365047,51.8544724],[34.3636265,51.855833],[34.3645318,51.8575716],[34.3631812,51.8587168],[34.3618757,51.8594308],[34.359298,51.8602943],[34.35808,51.860513],[34.3554055,51.8614584],[34.35240256256547,51.86247008402705],[34.350739,51.862473],[34.337048,51.862496],[34.330202,51.86699],[34.33020083338509,51.870475845341204],[34.3268761,51.8724146],[34.3236835,51.875],[34.3241032,51.8757209],[34.3241007,51.8762943],[34.321902,51.8771362],[34.3193598,51.8785089],[34.3189527,51.8789925],[34.31837192777775,51.88045573170209],[34.309662,51.880471],[34.302815,51.884964],[34.302814507701825,51.8871704804297],[34.2746769,51.8874924],[34.2642682,51.8799228],[34.26293010000001,51.8784043],[34.2497486,51.8804418],[34.245607,51.8816443],[34.2488774,51.8840576],[34.2538681,51.8871129],[34.2580889,51.8885729],[34.253792,51.8933756],[34.254214910136135,51.89849413746745],[34.241201,51.898516],[34.22751,51.89854],[34.213819,51.898564],[34.200127,51.898587],[34.193281,51.903081],[34.193279,51.912045],[34.193277,51.921008],[34.193274,51.929972],[34.193272,51.938935],[34.186426,51.943429],[34.172734,51.943453],[34.165888,51.947946],[34.165886,51.95691],[34.165884,51.965873],[34.165883142009335,51.96971851416871],[34.1590386,51.9692683],[34.152972,51.96885],[34.1429277,51.9679845],[34.1420293,51.9722769],[34.1416027,51.9725377],[34.1371206,51.9725914],[34.13684,51.9734274],[34.136532,51.9742082],[34.1360872,51.9750873],[34.1356207,51.976013],[34.1299857,51.9828957],[34.12925890000001,51.9846493],[34.1341966950978,51.988336721715925],[34.13165,51.988341],[34.117959,51.988365],[34.104268,51.988389],[34.097421,51.992882],[34.097419,52.001846],[34.090572,52.00634],[34.076881,52.006363],[34.070034,52.010857],[34.070032,52.01982],[34.07003,52.028784],[34.070028,52.037748],[34.070026,52.046711],[34.063179,52.051205],[34.049488,52.051229],[34.035797,52.051252],[34.02895,52.055746],[34.028948,52.064709],[34.028946,52.073673],[34.028944,52.082637],[34.028942,52.0916],[34.02894,52.100564],[34.028938,52.109527],[34.028935,52.118491],[34.028933,52.127454],[34.028929,52.145382],[34.028927,52.154345],[34.028925,52.163309],[34.028923,52.172272],[34.028921,52.181236],[34.028919,52.190199],[34.028917,52.199163],[34.02529527107395,52.201540106731954],[34.0237508,52.2014367],[34.0163436,52.2018983],[34.01243296571557,52.20367318959817],[34.008379,52.20368],[34.001532,52.208174],[34.001531900318476,52.2086207725668],[34.0009863,52.2088684],[33.9988438,52.2109932],[34.00152924994077,52.22049939043294],[34.00152809234248,52.22568716715877],[34.0008176,52.2270258],[33.9819089,52.2341118],[33.9749237,52.2306043],[33.9742921,52.230518300000014],[33.9736346,52.2306232],[33.9724812,52.231632],[33.9708425,52.2327177],[33.9691511,52.233699],[33.9675247,52.2342678],[33.965597,52.2345781],[33.9639528,52.2342827],[33.9634846,52.2356347],[33.9607663,52.2395512],[33.9593346,52.2407288],[33.9584776,52.2416139],[33.9579598,52.2424245],[33.9580943,52.2441892],[33.9584114,52.245042],[33.9590789,52.2450799],[33.95925,52.24555380000001],[33.9596685,52.2457262],[33.9603461,52.2455164],[33.9609583,52.2455499],[33.9613423,52.2458131],[33.9618059,52.2459354],[33.9620905,52.2461473],[33.9615618,52.2463872],[33.961009,52.2467351],[33.9609833,52.2470411],[33.9611064,52.2473496],[33.9601732,52.2476551],[33.9595966,52.2472876],[33.958769,52.2469337],[33.9546226,52.2471702],[33.9530713,52.2482307],[33.9522968,52.2484268],[33.95126939999999,52.2484039],[33.947603,52.2482007],[33.9463055,52.2486843],[33.9450046,52.248735900000014],[33.9436942,52.2484466],[33.9428431,52.2485542],[33.9402666,52.2491833],[33.9373544,52.2495502],[33.9368436,52.2497897],[33.9412997,52.2585331],[33.9404088,52.26605280000001],[33.940682770297464,52.26654264184595],[33.939908,52.266544],[33.933061,52.271037],[33.933059,52.280001],[33.933057,52.288964],[33.92621,52.293458],[33.912519,52.293482],[33.905672,52.297975],[33.905671114349886,52.30194448382445],[33.9053938,52.301788],[33.8965348,52.307319],[33.8813612,52.3072587],[33.8789134,52.3068426],[33.8756233,52.3060863],[33.8393297,52.3200474],[33.8552985,52.332873],[33.8545046,52.3340911],[33.8516663,52.3367331],[33.8436539,52.34187939999999],[33.8435019,52.3446018],[33.8397237,52.346001],[33.8377333,52.3497748],[33.8387632,52.3543678],[33.83874199050281,52.356354301309466],[33.830357,52.356369],[33.816666,52.356393],[33.802974,52.356416],[33.796128,52.36091],[33.79612683872987,52.36611423209197],[33.7881147,52.3662955],[33.78691280000001,52.3658202],[33.7862622,52.3657509],[33.7855472,52.3660326],[33.7798268,52.3653213],[33.7773526,52.3651731],[33.7758581,52.3648999],[33.7749017,52.364478],[33.7737942,52.3638001],[33.772462,52.3632374],[33.7510917,52.3609478],[33.7482011,52.3568763],[33.7397561,52.3562512],[33.736364,52.3548503],[33.73567530000001,52.3544768],[33.7344451,52.3540375],[33.7327905,52.3538326],[33.72706,52.3534132],[33.7244494,52.3534794],[33.7171003,52.3624728],[33.7156019,52.3628949],[33.70901890000001,52.3628941],[33.707527,52.3626964],[33.70505030000001,52.3614525],[33.703019,52.3602533],[33.6997274,52.3587128],[33.6971239,52.358368],[33.6946847,52.35791],[33.6918978,52.357172],[33.6899068,52.3571162],[33.6840419,52.3575316],[33.6823255,52.3571804],[33.6787455,52.3552412],[33.6778188,52.35460709999999],[33.6779514,52.3530541],[33.6784509,52.3519509],[33.6791063,52.3514407],[33.6806505,52.3509976],[33.6815563,52.35051],[33.6814334,52.3494216],[33.680963,52.3485383],[33.6802906,52.34788359999999],[33.6793992,52.347329],[33.6782255,52.3469916],[33.6771631,52.3470176],[33.6720725,52.3463698],[33.6711331,52.3461721],[33.6704483,52.345887],[33.6688618,52.3451244],[33.6676108,52.3443021],[33.665772900000015,52.3444622],[33.6637255,52.3444515],[33.6626655,52.3439637],[33.66071070000001,52.3427058],[33.6590891,52.3413756],[33.6589531,52.3409503],[33.6590011,52.34025],[33.6582572,52.339802],[33.6575788,52.3396416],[33.656434,52.3392584],[33.6553777,52.3389948],[33.6541792,52.339046],[33.6534801,52.3392497],[33.6519468,52.339477],[33.6512209,52.3395161],[33.6480095,52.3400982],[33.6468337,52.34006739999999],[33.645937,52.3399471],[33.6441813,52.3398213],[33.6388799,52.3396766],[33.6382863,52.3395228],[33.6350061,52.3376629],[33.6339008,52.3372253],[33.6326712,52.3372195],[33.6320931,52.3373187],[33.6285464,52.3383774],[33.626295,52.3381089],[33.622035,52.3372059],[33.6189252,52.3358242],[33.6172868,52.3353068],[33.6142261,52.3350854],[33.6128404,52.3347792],[33.611827,52.3343838],[33.6098349,52.3341223],[33.6080932,52.3338509],[33.6072321,52.3335859],[33.6053475,52.3334833],[33.6050755,52.3330829],[33.6038974,52.3326492],[33.6023172,52.3319602],[33.6016773,52.3316002],[33.6007521,52.3310797],[33.5994398,52.3300684],[33.5982673,52.3290243],[33.5966604,52.3278829],[33.595328,52.32728],[33.5942671,52.3270372],[33.59343290000001,52.3268916],[33.5928107,52.3262472],[33.5920833,52.3256574],[33.5889434,52.3237246],[33.5879574,52.3230147],[33.5867303,52.3221313],[33.5859993,52.3217503],[33.5835903,52.3215444],[33.5831187,52.3213424],[33.5823748,52.3206322],[33.5813483,52.3200402],[33.5804044,52.3199167],[33.5793136,52.3195452],[33.5768818,52.3180041],[33.5779269,52.3174932],[33.5817475,52.3108833],[33.5771837,52.310588],[33.5691941,52.3155563],[33.5628405,52.3179663],[33.5622441,52.3186039],[33.5510591,52.3227878],[33.5485008,52.3227175],[33.5439033,52.3236201],[33.5445196,52.3204748],[33.5474768,52.3201259],[33.551448,52.319034],[33.5551751,52.3164984],[33.5565126,52.3159268],[33.5624606,52.3140753],[33.5638309,52.3133074],[33.5654317,52.3095684],[33.5605062,52.3019273],[33.5366624,52.3042135],[33.5356426,52.3043112],[33.531004,52.3047553],[33.5253668,52.3072743],[33.5181746,52.3068526],[33.5049078,52.3060748],[33.4980858,52.3121489],[33.4949698,52.311415],[33.4935485,52.3112763],[33.49230590000001,52.3108992],[33.490787,52.31088769999999],[33.489999,52.3108818],[33.4878667,52.3105477],[33.4833299,52.3131528],[33.482473,52.3136448],[33.4807676,52.3160588],[33.4817292,52.3167593],[33.4823816,52.318349],[33.4829917,52.3189743],[33.4837931,52.3191271],[33.4847387,52.3192019],[33.485458,52.3194753],[33.487095,52.3206677],[33.487828,52.3213242],[33.48851230000001,52.3217752],[33.4885604,52.3229533],[33.4893647,52.3284701],[33.4898699,52.3294826],[33.4918675,52.3300113],[33.49375890000001,52.3301654],[33.49573860000001,52.3302236],[33.4975883,52.3308378],[33.4981838,52.3310524],[33.5007596,52.331646],[33.5014516,52.3314135],[33.50253830000001,52.3320091],[33.5035342,52.3320496],[33.5043559,52.3326826],[33.5087232,52.3327927],[33.5095445,52.3329369],[33.5118945,52.3337163],[33.512188,52.3338136],[33.5126181,52.3340944],[33.5134297,52.3345395],[33.5133169,52.3352377],[33.5137286,52.3364242],[33.516927,52.3399579],[33.519584,52.3423995],[33.519958,52.3429987],[33.5204668,52.3434601],[33.5205077,52.3437322],[33.5195934,52.3441243],[33.5185143,52.344354],[33.5181527,52.3446155],[33.5184026,52.3451213],[33.5183758,52.3453551],[33.5179905,52.3455409],[33.5170579,52.3458671],[33.5163581,52.3462787],[33.5160965,52.3467839],[33.5169986,52.3487921],[33.517529,52.3494005],[33.5183894,52.3503853],[33.5193835,52.3518761],[33.5193788,52.3529688],[33.5186357,52.3546754],[33.5167313,52.355435],[33.51301203546133,52.35691728771813],[33.50520825692363,52.3569309675578],[33.5049081,52.356731],[33.502771,52.3560148],[33.4997601,52.3549994],[33.4980468,52.3550486],[33.49551980000001,52.3558079],[33.4950164,52.3558972],[33.4927486,52.3567363],[33.49197423072296,52.35695416649351],[33.488076,52.356961],[33.474385,52.356984],[33.460694,52.357008],[33.447002,52.357032],[33.44674886121712,52.35719813388131],[33.4444255,52.357204399999986],[33.4416706,52.3555654],[33.4389573,52.352765],[33.4431513,52.35084459999999],[33.4454624,52.3493415],[33.4464717,52.3484197],[33.4470635,52.3473769],[33.4465218,52.3464028],[33.4466335,52.34188489999999],[33.4286403,52.3454797],[33.4127995,52.3498027],[33.4120465,52.3491365],[33.4110261,52.348696],[33.4106011,52.3504006],[33.4107819,52.3512281],[33.4116098,52.3519027],[33.4127889,52.3521495],[33.4151274,52.3519069],[33.4161545,52.351918],[33.4166857,52.3520987],[33.4171901,52.352449],[33.4176651,52.3531275],[33.4178599,52.3537414],[33.4176787,52.3557798],[33.4178063,52.35763739999999],[33.4166362,52.3573572],[33.4166931,52.3599538],[33.4114751,52.3602653],[33.4109008,52.3600156],[33.4102168,52.3594133],[33.4097689,52.3592034],[33.4092145,52.3592061],[33.4086892,52.3596389],[33.4084661,52.3604685],[33.4078178,52.3609785],[33.4064184,52.3611064],[33.4048689,52.3607514],[33.4026993,52.3599883],[33.4012621,52.3634615],[33.4028687,52.36555520000001],[33.4069963,52.3668716],[33.3955403,52.3700909],[33.3805628,52.3716412],[33.3732917,52.3702031],[33.3733733,52.3686098],[33.3699599,52.3615305],[33.3638317,52.3605374],[33.3607487,52.363616],[33.355603,52.3587237],[33.356847499999986,52.3579938],[33.3538981,52.35744839999999],[33.3512096,52.3530933],[33.3368794,52.3515714],[33.3362078,52.352434],[33.332105,52.3523068],[33.3302024,52.3525255],[33.3273075,52.3533631],[33.3228646,52.3541948],[33.3218539,52.3546156],[33.3212201,52.3549966],[33.3136371,52.3549188],[33.311093,52.3544487],[33.310004,52.3537914],[33.3095013,52.3523487],[33.3078842,52.3513099],[33.3075925,52.3506789],[33.3072491,52.3501974],[33.306382,52.3501427],[33.3031218,52.3515685],[33.2888627,52.35768129999999],[33.23478526359598,52.3696625628314],[33.234787,52.36188],[33.234789,52.352917],[33.234791,52.343953],[33.227947,52.339483],[33.214256,52.339507],[33.200564,52.33953],[33.186873,52.339554],[33.173182,52.339578],[33.16190472472264,52.33959694509761],[33.1578012,52.3389278],[33.156199,52.3384123],[33.1537202,52.3390588],[33.152572519654804,52.33961312704706],[33.145799,52.339625],[33.132108,52.339649],[33.12901058150398,52.33965420346399],[33.1290924,52.339046],[33.1296508,52.3384313],[33.1274344,52.3374461],[33.1220688,52.3330794],[33.1172726,52.3287846],[33.1110886,52.32541530000001],[33.1075279,52.3267118],[33.096783,52.3199057],[33.0835745,52.3098764],[33.0806966,52.3076909],[33.0726763,52.3072132],[33.0734213,52.3043735],[33.0718096,52.3042255],[33.0700921,52.3039823],[33.0690866,52.3037124],[33.068294,52.3034087],[33.0676941,52.3031284],[33.0669872,52.3025944],[33.0660301,52.3029616],[33.0643105,52.3044276],[33.0616497,52.3061155],[33.0616235,52.3085152],[33.0606014,52.3100551],[33.06193507762777,52.31287902024227],[33.049967,52.3129],[33.04475177985187,52.309493799815584],[33.0448173,52.307061],[33.04312343516652,52.3064795836559],[33.043125,52.299466],[33.03628,52.294997],[33.022589,52.29502],[33.02050327230561,52.29502365623144],[33.018423,52.2932433],[33.0063928,52.2887613],[32.9970264,52.2880662],[32.9966727,52.2872721],[32.9991673,52.2833974],[32.99995590000001,52.2811598],[32.9996973,52.2767092],[32.996133,52.2766417],[32.9957408,52.2718603],[32.9877818,52.2720337],[32.9874077,52.27219270000001],[32.9842946,52.27293990000001],[32.9823749,52.2735221],[32.9615578,52.2732057],[32.9449635,52.2642434],[32.9244523,52.2561828],[32.9102997,52.2500178],[32.9068495,52.2459916],[32.9035912,52.2458868],[32.9030412,52.2457678],[32.8953971,52.24595530000001],[32.8932918,52.245995],[32.8917364,52.2458778],[32.8902778,52.245541],[32.8889292,52.2454547],[32.8875586,52.2450985],[32.8791328,52.2588325],[32.8840263,52.26523130000001],[32.8852989,52.2683745],[32.8846516,52.2727056],[32.8844039,52.2733708],[32.8565974,52.2740889],[32.8330224,52.2782946],[32.8170525,52.258938],[32.7992416,52.26539420000001],[32.7788046,52.2614815],[32.7786085,52.2591963],[32.7722904,52.2593566],[32.7628463,52.2554923],[32.7618445,52.2620892],[32.7613861,52.26291590000002],[32.7565895,52.2667978],[32.726608,52.2565505],[32.7259808,52.2563361],[32.7168314,52.2586249],[32.7109163,52.2544419],[32.7005895,52.2479013],[32.70055330000001,52.2484632],[32.7003444,52.251706],[32.7003242,52.2520181],[32.7002863,52.2526074],[32.70013880000001,52.2548959],[32.6899933,52.2556798],[32.6896335,52.2557076],[32.6894566,52.2568098],[32.687972,52.2606374],[32.6875467,52.26219960000001],[32.6869201,52.2633246],[32.6857413,52.2643957],[32.6858326,52.26495890000001],[32.6857232,52.2654698],[32.685125,52.2663072],[32.6840026,52.2668627],[32.6829805,52.26721220000001],[32.6811277,52.2684677],[32.6797504,52.2690096],[32.67806,52.2703494],[32.6777283,52.2706079],[32.6769102,52.2711416],[32.6767295,52.2711961],[32.6765076,52.2712629],[32.67315830000001,52.27225390000001],[32.6712103,52.2737678],[32.670429,52.2745219],[32.6701837,52.2747562],[32.6693686,52.27513380000001],[32.66819810000001,52.2760074],[32.6661671,52.276877],[32.662102900000015,52.2786689],[32.6573172,52.2806381],[32.6514818,52.283041],[32.6390721,52.2865396],[32.6387336,52.2865617],[32.6377687,52.2866247],[32.6362391,52.2876565],[32.6249224,52.2952686],[32.62201880000001,52.2972221],[32.6189926,52.298023],[32.6168254,52.2987885],[32.6158843,52.2991697],[32.6149203,52.2996047],[32.6133718,52.3000966],[32.6122663,52.3005064],[32.6117937,52.3007801],[32.6113319,52.301165],[32.6107109,52.3017701],[32.610247,52.302295],[32.6100401,52.3025239],[32.609434,52.3032999],[32.6091525,52.3036646],[32.6085613,52.30428149999999],[32.607896,52.30468349999999],[32.6069528,52.3050387],[32.6040376,52.3041181],[32.6025473,52.3039887],[32.6002121,52.3038215],[32.5964563,52.3033711],[32.5940517,52.3036263],[32.5923855,52.3025185],[32.5905305,52.3024588],[32.5897639,52.3020614],[32.5890973,52.3017158],[32.586788,52.3013974],[32.5836064,52.300577],[32.5802155,52.300453],[32.5773371,52.3001996],[32.5772151,52.3001889],[32.5770515,52.3004656],[32.5763668,52.3016237],[32.5713825,52.3100539],[32.5627985,52.3167313],[32.5500342,52.3268659],[32.5436471,52.326298],[32.5369048,52.3261684],[32.5205486,52.3279852],[32.5071141,52.3273469],[32.5037902,52.327315],[32.5017113,52.327295],[32.499542,52.3212455],[32.4896792,52.3143807],[32.4848461,52.3171153],[32.481779891564855,52.31885000632489],[32.48178,52.318364],[32.481782,52.3094],[32.481784,52.300437],[32.481786,52.291473],[32.481788,52.28251],[32.48179,52.273546],[32.474946,52.269076],[32.461255,52.2691],[32.447563,52.269124],[32.440719,52.264654],[32.440721,52.25569],[32.440723,52.246726],[32.440725,52.237763],[32.440727,52.228799],[32.440729,52.219836],[32.440731,52.210872],[32.440734,52.201909],[32.440738,52.183981],[32.44074,52.175018],[32.440742,52.166054],[32.440744,52.157091],[32.440746,52.148127],[32.440748,52.139163],[32.44075,52.1302],[32.440752,52.121236],[32.440755,52.112273],[32.440757,52.103309],[32.440759,52.094346],[32.440761,52.085382],[32.433916,52.080912],[32.420225,52.080936],[32.406534,52.080959],[32.392843,52.080983],[32.379151,52.081007],[32.36546,52.08103],[32.351769,52.081054],[32.338078,52.081078],[32.324386,52.081101],[32.310695,52.081125],[32.297004,52.081149],[32.283313,52.081172],[32.269622,52.081196],[32.25593,52.08122],[32.242239,52.081243],[32.228548,52.081267],[32.22214157795851,52.081278230306694],[32.22205610000001,52.0811896],[32.2223812,52.0809382],[32.2222995,52.0805933],[32.2217893,52.0804929],[32.2210853,52.08075],[32.22133020000001,52.0810385],[32.22148983336158,52.0812793727996],[32.22020562731142,52.081281623982505],[32.2197996,52.0811137],[32.2191261,52.0812078],[32.2190611526739,52.081283630219545],[32.21681657085975,52.08128756491851],[32.216769,52.081258],[32.2159833,52.0811576],[32.2149323,52.0810824],[32.2138405,52.0806685],[32.2124222,52.0802233],[32.2105957,52.0795147],[32.20895280000001,52.0785615],[32.2076883,52.0776476],[32.2078279,52.0772678],[32.208904,52.0772066],[32.2090436,52.0765574],[32.2085055,52.0759695],[32.2077282,52.0758347],[32.2074293,52.0752958],[32.20657230000001,52.0748671],[32.2060342,52.0747446],[32.2051374,52.0749405],[32.2036626,52.0750263],[32.2020882,52.0745363],[32.2014903,52.0736054],[32.2013308,52.0730786],[32.2006532,52.0726989],[32.20091230000001,52.0721476],[32.2015603,52.0718472],[32.2015853,52.0711581],[32.2017845,52.0708059],[32.201361,52.0702853],[32.2011867,52.0697646],[32.2017845,52.0693052],[32.2026066,52.06913680000001],[32.20270630000001,52.06873860000001],[32.2022081,52.068417],[32.2019091,52.0680801],[32.200813,52.0672531],[32.19999090000001,52.0664568],[32.1995176,52.06611990000001],[32.1990442,52.0661811],[32.1989944,52.0667784],[32.1994677,52.0672991],[32.199692,52.0679882],[32.199393,52.06850890000001],[32.1986457,52.068463],[32.1984464,52.06801890000001],[32.1983218,52.0673603],[32.1974001,52.0671919],[32.19637870000001,52.0669928],[32.1954071,52.0670847],[32.1946598,52.0673144],[32.193738,52.0670847],[32.19299070000001,52.0668703],[32.1927665,52.0672838],[32.1930654,52.0679576],[32.19281010000001,52.0688968],[32.1924208,52.0696146],[32.1917396,52.070452],[32.1915451,52.0708055],[32.191149,52.0710036],[32.190645,52.0712179],[32.1904573,52.0712012],[32.19018530000001,52.0710684],[32.1900098,52.0709959],[32.1898595,52.070989],[32.1896875,52.0710486],[32.1893202,52.071312],[32.1891312,52.0713964],[32.1889512,52.071404],[32.1887893,52.0713469],[32.1884548,52.0711286],[32.188268,52.071062],[32.1880675,52.0710444],[32.1879014,52.0711138],[32.1875314,52.0713607],[32.1869558,52.0716422],[32.1865187,52.0717706],[32.1860873,52.0718286],[32.1856478,52.071859],[32.1853608,52.0717433],[32.1850425,52.0715276],[32.1847368,52.071304],[32.1842973,52.071191],[32.183832,52.0711659],[32.1834163,52.0712755],[32.1826825,52.0715459],[32.1822997,52.0715348],[32.1819568,52.0714172],[32.1817243,52.0714219],[32.1815034,52.0715172],[32.1812091,52.0716417],[32.1805493,52.071704],[32.1801201,52.071658],[32.1796288,52.0715814],[32.1793986,52.0714997],[32.1792759,52.0713677],[32.1790592,52.071203],[32.17871330000001,52.0710973],[32.178544,52.0710255],[32.17833490000001,52.0709873],[32.1779871,52.0709496],[32.1772507,52.0709527],[32.1768833,52.0710039],[32.1765706,52.0710313],[32.1763404,52.0709747],[32.1760161,52.0707993],[32.17579830000001,52.0706164],[32.1756675,52.070314],[32.175604,52.0702108],[32.1754506,52.070126],[32.1752712,52.0701226],[32.1749699,52.0702108],[32.174572,52.0702486],[32.1742283,52.0702517],[32.1740267,52.0702954],[32.1739164,52.0703712],[32.1738192,52.0705441],[32.1736965,52.0707578],[32.1735622,52.0708634],[32.1731034,52.0709572],[32.1727555,52.0710879],[32.17231560000001,52.0713733],[32.1722489,52.0715005],[32.1722009,52.071692],[32.1720731,52.071859],[32.1718973,52.0719966],[32.1709538,52.0722391],[32.1705708,52.0722176],[32.17031510000001,52.072193],[32.1700434,52.0722913],[32.1697432,52.0723106],[32.1694681,52.0722765],[32.1692044,52.0721194],[32.169113300000014,52.0720259],[32.1690763,52.0718148],[32.16899320000001,52.0717126],[32.1687945,52.0716541],[32.1686096,52.0716222],[32.1684946,52.0716655],[32.1682772,52.0717558],[32.1679959,52.0717755],[32.166685,52.0716894],[32.1660502,52.0718793],[32.16552510000001,52.071931],[32.1637454,52.071911],[32.1630521,52.0719387],[32.1624792,52.0719013],[32.1621833,52.071525],[32.1613976,52.0713055],[32.1604079,52.0713118],[32.16015280000001,52.0709919],[32.1590916,52.0705089],[32.1585702,52.0704027],[32.1579385,52.0704462],[32.1574693,52.0704787],[32.15701,52.0707096],[32.1567519,52.0712315],[32.1565149,52.0714851],[32.1562627,52.0715984],[32.1558969,52.0716309],[32.1555149,52.0715356],[32.155111,52.0712593],[32.1540398,52.0701721],[32.1531679,52.0692839],[32.1521216,52.0689164],[32.1507391,52.0688511],[32.1494311,52.0691155],[32.1472887,52.069238],[32.1468403,52.0685795],[32.1482974,52.0679537],[32.14839880000001,52.0678244],[32.1484368,52.0676453],[32.1484305,52.0674273],[32.1482278,52.0672544],[32.1475492,52.0670382],[32.1468345,52.0668667],[32.1465685,52.06673820000001],[32.1465227,52.06659],[32.1468598,52.0663099],[32.1472652,52.0660024],[32.1472968,52.0658336],[32.1471448,52.0656753],[32.1465164,52.065486],[32.1464735,52.0653444],[32.1465836,52.06523390000001],[32.1472842,52.065247],[32.1475684,52.0652114],[32.147645,52.0651254],[32.1476215,52.065015],[32.1475477,52.0649101],[32.1472638,52.0646896],[32.147084,52.0645094],[32.1471276,52.0642818],[32.1473756,52.0639996],[32.1482979,52.0633636],[32.1485452,52.0629236],[32.1484845,52.0624536],[32.1481007,52.0621447],[32.1473634,52.0618869],[32.1466173,52.0614141],[32.146225,52.061196],[32.1458287,52.061126],[32.1451404,52.0611717],[32.1446163,52.0611844],[32.144325,52.0611279],[32.1440321,52.0609916],[32.1438607,52.060736],[32.1438263,52.060534],[32.1439965,52.060375],[32.1447289,52.0599923],[32.1454364,52.0595775],[32.1455897,52.0593464],[32.1455148,52.0591768],[32.145025,52.0589258],[32.1446298,52.0587076],[32.1442975,52.0585137],[32.1442243,52.0583501],[32.1443059,52.0581914],[32.144623,52.0580373],[32.1449083,52.05797],[32.145116,52.0579575],[32.145321,52.0580349],[32.145525,52.0582859],[32.1457544,52.0584248],[32.1460807,52.0584896],[32.1463877,52.0584778],[32.1468107,52.0583549],[32.1470667,52.0582714],[32.1472291,52.0581291],[32.1472896,52.0579817],[32.1472795,52.0578384],[32.1471412,52.0576598],[32.1469603,52.0574786],[32.1465711,52.0571302],[32.1461132,52.0568234],[32.1457078,52.0564727],[32.1455432,52.0562295],[32.1452801,52.0560711],[32.1446961,52.0558888],[32.1444032,52.0556989],[32.1440656,52.0552856],[32.1438412,52.0550077],[32.143423,52.0547222],[32.1427088,52.0544335],[32.142337,52.0543505],[32.141767,52.0543262],[32.1415355,52.0542064],[32.1412366,52.0539319],[32.1410625,52.0538199],[32.1408171,52.0537469],[32.1400289,52.0536079],[32.1386657,52.0527848],[32.1381571,52.0524569],[32.137668,52.0523001],[32.1364179,52.0522707],[32.1361696,52.0523597],[32.1358211,52.0525626],[32.1353463,52.0526168],[32.1349283,52.0525895],[32.134464,52.0524633],[32.1342823,52.0524844],[32.1341556,52.0525817],[32.1341449,52.0527115],[32.13428,52.0528372],[32.134599,52.0529478],[32.13511670000001,52.0530886],[32.135952,52.0534636],[32.1360429,52.0536878],[32.13590280000001,52.0538437],[32.1352701,52.0540884],[32.1340354,52.0542453],[32.130046,52.04895530000001],[32.1319297,52.0465415],[32.1339616,52.043395],[32.1296002,52.0445518],[32.12571470000001,52.0457551],[32.1016921,52.0452425],[32.0964731,52.043507],[32.0963239,52.0336273],[32.0834655,52.0346318],[32.078561,52.0346318],[32.0722089,52.0349229],[32.0708402,52.0347588],[32.0706315,52.0350871],[32.0674114,52.0353504],[32.065939,52.0346992],[32.047664,52.039233],[32.0447153,52.0392647],[32.0406726,52.0410743],[32.0336004,52.0454986],[32.0266567,52.0488443],[32.0197396,52.049451],[32.0197096,52.0493053],[32.0197753,52.0492196],[32.0197424,52.0491237],[32.019439,52.0491187],[32.0191027,52.0489724],[32.0183482,52.0489724],[32.0174624,52.0486345],[32.0170524,52.0489169],[32.0168965,52.0489119],[32.0167161,52.0488211],[32.0166177,52.0485336],[32.0164619,52.0485387],[32.0162252,52.048284],[31.9720661,52.0519506],[31.9605466,52.0521113],[31.9604216,52.0518526],[31.9599828,52.0516888],[31.9594114,52.051557],[31.9588488,52.0513838],[31.9587905,52.0512434],[31.9591074,52.0509574],[31.9596179,52.0506583],[31.9597584,52.0504164],[31.9597266,52.0502591],[31.9595271,52.0501685],[31.9592077,52.0502968],[31.9589504,52.0503189],[31.9586846,52.0501845],[31.9583725,52.0498628],[31.9582176,52.0497435],[31.957813,52.0494964],[31.9576808,52.0493673],[31.9576293,52.0492376],[31.9576032,52.0489466],[31.9575474,52.0488261],[31.9573617,52.048692],[31.9571789,52.0486088],[31.9570283,52.0485736],[31.9567589,52.0485622],[31.9559819,52.048586],[31.9558325,52.04855590000001],[31.9556881,52.0484992],[31.9552719,52.0482766],[31.9552116,52.0482271],[31.9551916,52.0481719],[31.9551933,52.0480254],[31.9552154,52.0479914],[31.9552785,52.0479329],[31.9554778,52.047819],[31.9555101,52.0477615],[31.9554922,52.0476886],[31.9554115,52.0476429],[31.9552945,52.0476599],[31.9550273,52.0477507],[31.9546899,52.0479101],[31.9544501,52.0479869],[31.9542359,52.0480052],[31.9536704,52.0479869],[31.9535892,52.047943],[31.9535662,52.0478742],[31.9535883,52.0478159],[31.9537064,52.0477461],[31.9539558,52.0476061],[31.9541052,52.0474964],[31.9541208,52.0473152],[31.9538177,52.0469704],[31.9536024,52.046812],[31.9534,52.0467114],[31.9531766,52.0466507],[31.9527074,52.0465744],[31.9518125,52.0464765],[31.9515479,52.0464224],[31.9513713,52.0463625],[31.9512278,52.0462742],[31.9509838,52.0461437],[31.9498314,52.0458256],[31.9495236,52.0457622],[31.9493277,52.0457347],[31.9492452,52.0457424],[31.9492025,52.0457677],[31.9491687,52.0458247],[31.9491448,52.0459302],[31.9491296,52.0462404],[31.9492314,52.0466754],[31.9492556,52.0467662],[31.9492303,52.0468214],[31.9491843,52.0468624],[31.9490899,52.0468643],[31.9489514,52.0468342],[31.9487351,52.0467885],[31.9475908,52.0467559],[31.9471428,52.0467011],[31.9468485,52.0467082],[31.9466875,52.0467832],[31.9466307,52.0468634],[31.9466233,52.0470749],[31.946677,52.0472926],[31.9465908,52.0474649],[31.9464583,52.0475319],[31.9462962,52.047529],[31.9460806,52.0474539],[31.9458402,52.0473212],[31.9455562,52.0471663],[31.9453559,52.0470349],[31.9452191,52.0469652],[31.9450337,52.0469484],[31.944728,52.0469508],[31.9445805,52.0469886],[31.9445102,52.0470592],[31.9445086,52.0471565],[31.9446575,52.0473199],[31.9448609,52.0475905],[31.9449522,52.0477707],[31.9449162,52.0478724],[31.9447941,52.0479365],[31.9446441,52.0479425],[31.9445102,52.0478989],[31.9443149,52.0478419],[31.9440833,52.0477771],[31.9438626,52.0476084],[31.9434933,52.0472396],[31.9430954,52.0471894],[31.942024,52.0474969],[31.9410954,52.0479237],[31.9407995,52.0483378],[31.9412485,52.0485575],[31.941473,52.0489905],[31.9407587,52.049116],[31.9402893,52.0487457],[31.9400151,52.0484647],[31.9398914,52.0483378],[31.9392179,52.0478923],[31.9388199,52.0478672],[31.9386363,52.0479676],[31.9384481,52.0480248],[31.9380563,52.0479702],[31.9379622,52.0475814],[31.9378003,52.0473565],[31.9372622,52.0474047],[31.9366718,52.0476457],[31.9359718,52.047832],[31.9354859,52.047681],[31.9356531,52.0474915],[31.9362434,52.0472762],[31.9366091,52.0469838],[31.9366979,52.0466368],[31.9361651,52.0462673],[31.935621,52.0459578],[31.9345369,52.0456832],[31.9335165,52.0453223],[31.932122,52.044904],[31.9299487,52.0446887],[31.92765,52.0445731],[31.9268453,52.044173],[31.9262586,52.0435767],[31.9255061,52.043208],[31.9247153,52.0432159],[31.9239882,52.0435689],[31.9226617,52.0441887],[31.9220878,52.0442436],[31.9213352,52.0445103],[31.9209398,52.0448162],[31.9197919,52.0447456],[31.9191142,52.0445639],[31.9190358,52.0443551],[31.919365,52.0434232],[31.9193493,52.0427484],[31.9189104,52.0423757],[31.9182887,52.0423821],[31.9175155,52.0425331],[31.9170035,52.0422825],[31.9165699,52.0422053],[31.9161102,52.0424239],[31.9156922,52.042787],[31.9153683,52.0430473],[31.9153474,52.0433493],[31.9157653,52.0434007],[31.9160318,52.0435742],[31.915896,52.0440819],[31.9157497,52.0445961],[31.9156253,52.044765],[31.9156543,52.0449995],[31.9157506,52.0452811],[31.9158763,52.045507],[31.9160722,52.0456917],[31.9164314,52.0458805],[31.9167448,52.0461657],[31.9168101,52.0465432],[31.9169212,52.0468444],[31.9171301,52.0471336],[31.9171236,52.0474911],[31.917511,52.0477024],[31.9183273,52.04764749999999],[31.9192863,52.047731],[31.9194628,52.0473544],[31.9197354,52.0471975],[31.9201877,52.0469799],[31.9204475,52.0470341],[31.9280462,52.0462382],[31.9286617,52.0502354],[31.9222291,52.0522534],[31.9220268,52.0526249],[31.917482,52.0529296],[31.9172201,52.0531702],[31.9171205,52.0533679],[31.9171358,52.0534305],[31.9174308,52.0535493],[31.9177766,52.0536244],[31.9180996,52.0536037],[31.9182362,52.0536391],[31.9182866,52.0537806],[31.9182434,52.0538868],[31.9189196,52.0542141],[31.9190059,52.0543114],[31.9188045,52.0543468],[31.918301,52.0546078],[31.9182218,52.0547228],[31.9183657,52.0548953],[31.9185959,52.0550235],[31.9190203,52.0550235],[31.9195598,52.0548289],[31.9197756,52.0549439],[31.9200489,52.0554128],[31.9200201,52.0555101],[31.9200201,52.0556339],[31.9201496,52.0557312],[31.920387,52.0557533],[31.921207,52.0558329],[31.9213077,52.0558772],[31.9213149,52.0559568],[31.920984,52.0562354],[31.9209713,52.0566227],[31.9211948,52.0568754],[31.9221449,52.0568588],[31.9223451,52.0568713],[31.9230992,52.0571897],[31.923664,52.0577039],[31.9236382,52.0579487],[31.9231076,52.0580679],[31.9272209,52.0580127],[31.9304027,52.0601085],[31.9327684,52.0598401],[31.9330275,52.0581382],[31.9428868,52.0569427],[31.9442536,52.0610473],[31.9577626,52.0685439],[31.9609904,52.0747176],[31.9541615,52.0815901],[31.95399189090859,52.08174128161699],[31.95187115278979,52.08174499922088],[31.9517306,52.08168339999999],[31.9512841,52.0816085],[31.9511797,52.0816905],[31.951163762418783,52.081746239259516],[31.949393857282487,52.08174934186146],[31.949297,52.0816065],[31.9489466,52.0811972],[31.9487005,52.0811216],[31.9484223,52.0812185],[31.9480425,52.0815687],[31.948058954733323,52.081751681914135],[31.946751178469558,52.08175397441507],[31.946623,52.081657],[31.9460562,52.0811941],[31.9445868,52.0812129],[31.9435868,52.0810311],[31.9428011,52.0803287],[31.9421889,52.080034],[31.940742,52.0799638],[31.9410698,52.0814368],[31.94092876400912,52.081764180970254],[31.927341,52.081788],[31.91365,52.081811],[31.899958,52.081835],[31.886267,52.081859],[31.87942,52.086352],[31.879418,52.095316],[31.879416,52.10428],[31.879415286086335,52.107479404093475],[31.8789382,52.107582],[31.8769335,52.1076688],[31.8741605,52.1082903],[31.8733157,52.10841090000001],[31.8726575,52.108667],[31.8705987,52.1094968],[31.8694859,52.1098136],[31.8677917,52.1101782],[31.8659121,52.1104392],[31.8649177,52.1103349],[31.8642215,52.1101711],[31.8637795,52.1099844],[31.8634019,52.1099181],[31.8629385,52.1098793],[31.8626117,52.1099155],[31.8623524,52.109996],[31.8620316,52.1101065],[31.8615146,52.1102305],[31.8605416,52.1105059],[31.8598106,52.1107151],[31.8593483,52.1108062],[31.8560064,52.1108873],[31.8551635,52.1108158],[31.8540844,52.1107093],[31.8534078,52.1105698],[31.8522381,52.1102592],[31.8513152,52.1101019],[31.8506056,52.1100996],[31.8496801,52.1100589],[31.8492555,52.1100606],[31.8488394,52.1101409],[31.8485184,52.1101847],[31.8477516,52.1100752],[31.846955,52.1100204],[31.8466377,52.1099982],[31.8461077,52.1097335],[31.8448507,52.108969],[31.8444473,52.1086444],[31.8440066,52.1082754],[31.8431925,52.1078488],[31.8416836,52.1071962],[31.840912,52.1069525],[31.8398218,52.1066807],[31.8391082,52.1064436],[31.8383324,52.1061277],[31.8374714,52.105907],[31.8373293,52.1058315],[31.8371485,52.1054874],[31.8357714,52.10488439999999],[31.8340691,52.1046718],[31.8332325,52.1044799],[31.8325044,52.1042593],[31.8320218,52.1039386],[31.8315953,52.1034531],[31.8310418,52.1030478],[31.8304041,52.102747],[31.829606,52.1024516],[31.8294355,52.1021334],[31.8294144,52.1015744],[31.8286432,52.1013291],[31.8279156,52.101026],[31.8274414,52.1007627],[31.8269621,52.1004343],[31.8266618,52.1002154],[31.8252446,52.0996643],[31.8244906,52.0995096],[31.8235677,52.0989715],[31.8227216,52.0986836],[31.820731,52.0985413],[31.8197064,52.0983297],[31.8163914,52.098368],[31.8152759,52.0985265],[31.8142772,52.0987491],[31.8124297,52.0987848],[31.8114529,52.0983841],[31.8111814,52.0983693],[31.8098715,52.09863890000001],[31.8087946,52.0993049],[31.8077258,52.1001727],[31.8060802,52.1005052],[31.8026454,52.1017005],[31.8017159,52.1020978],[31.8008413,52.1022543],[31.8001032,52.1022341],[31.7993322,52.1019772],[31.7980856,52.1019772],[31.7968718,52.1033173],[31.7963305,52.1038059],[31.7958876,52.1043046],[31.7956826,52.1050401],[31.7939517,52.1062515],[31.79287,52.1077315],[31.7911216,52.109279],[31.7877232,52.1118363],[31.787198,52.1121432],[31.7864337,52.1120895],[31.7817035,52.1119753],[31.7769988,52.1128247],[31.7752822,52.11219220000001],[31.77143,52.11185],[31.76474,52.10901],[31.75581,52.10412],[31.74851,52.10352],[31.74405,52.10274],[31.74225,52.10223],[31.72903,52.09803],[31.72139,52.09674],[31.71856,52.10335],[31.71187,52.10789],[31.69787,52.10773],[31.6832,52.11262],[31.66981,52.1145],[31.66843,52.11494],[31.6644,52.11639],[31.65925,52.11768],[31.65256,52.11502],[31.62586,52.11562],[31.61496,52.11468],[31.60698,52.11262],[31.60003,52.11613],[31.59471,52.1151],[31.59333,52.11485],[31.58218,52.11785],[31.5632272,52.1204816],[31.5537109,52.1207341],[31.5466388,52.1204096],[31.5355087,52.1244469],[31.5273548,52.1244996],[31.52089,52.12549],[31.5172,52.1254],[31.512592,52.12281330000001],[31.5022064,52.1196514],[31.49042,52.11751],[31.488731,52.1162257],[31.4813496,52.1171743],[31.4763714,52.1197041],[31.4725949,52.1203365],[31.4658142,52.1206527],[31.4640976,52.1214959],[31.4619518,52.1240254],[31.4598919,52.1286097],[31.4556862,52.1308753],[31.4540554,52.1377242],[31.4540931,52.1386445],[31.4534849,52.1388162],[31.4532172,52.1390178],[31.4531685,52.1392119],[31.4531929,52.1395106],[31.4529739,52.1398615],[31.452693,52.1399815],[31.4523468,52.140134],[31.4521345,52.1403319],[31.4516478,52.1404215],[31.4511734,52.1403543],[31.4508449,52.140205],[31.4507572,52.1403105],[31.4506989,52.140541],[31.4504678,52.1406157],[31.4502853,52.1405709],[31.4500906,52.1403767],[31.4496336,52.1402565],[31.449239,52.1401005],[31.4488984,52.1399362],[31.4487159,52.139757],[31.4483996,52.13971220000001],[31.4481928,52.1398018],[31.447753,52.1399531],[31.4472438,52.1400333],[31.4467572,52.14011230000001],[31.4459271,52.1399425],[31.43961,52.14094],[31.43892,52.1418],[31.43755,52.14231],[31.43549,52.14197],[31.43412,52.14111],[31.43309,52.14163],[31.43223,52.14266],[31.42983,52.14334],[31.42897,52.14283],[31.42656,52.14077],[31.42124,52.14077],[31.42056,52.13991],[31.42021,52.1394],[31.41678,52.14008],[31.41317,52.1418],[31.40648,52.1418],[31.40236,52.14249],[31.40167,52.14231],[31.40219,52.14128],[31.40099,52.14043],[31.39893,52.14025],[31.39652,52.13974],[31.39532,52.13871],[31.39395,52.13871],[31.39378,52.13785],[31.39223,52.13682],[31.39,52.13528],[31.38863,52.13425],[31.38725,52.13425],[31.386524568210195,52.13395728190938],[31.386525,52.132022],[31.386526116484742,52.12868631575328],[31.3899082,52.1255241],[31.3897382,52.1225241],[31.3856182,52.1198541],[31.381825943019898,52.11998840910138],[31.379683,52.118589],[31.378382749703395,52.11859118433692],[31.3760082,52.1171941],[31.3747182,52.1165041],[31.3717182,52.1150541],[31.3614982,52.1123041],[31.359147501298846,52.111896178577716],[31.359149,52.105179],[31.359151,52.096215],[31.359154,52.087252],[31.352309,52.082782],[31.338618,52.082806],[31.324927,52.082829],[31.321278210305298,52.0828353957751],[31.2975208,52.051623],[31.2875182,52.0495641],[31.2632985,52.0445683],[31.2529956,52.0422288],[31.2377499,52.0469072],[31.2328969,52.0491018],[31.2185533,52.0510782],[31.2186415,52.0550596],[31.2175509,52.057178],[31.2163263,52.0578843],[31.2136922,52.0593963],[31.2121236,52.06196],[31.2118212,52.06339],[31.2123733,52.0648683],[31.214297,52.0665984],[31.2145572,52.067439],[31.214297,52.0679561],[31.2157497,52.0710624],[31.2129255,52.0719744],[31.2075998,52.0731021],[31.2039662,52.073759],[31.1993351,52.0745472],[31.1954699,52.0747771],[31.1938503,52.0750691],[31.1922197,52.0754282],[31.190662,52.0751676],[31.1883642,52.0753975],[31.1863653,52.0753954],[31.1845917,52.0754287],[31.1838998,52.0753111],[31.1831196,52.075492],[31.1826338,52.0750668],[31.1823836,52.0752206],[31.1819714,52.075483],[31.1815592,52.0757544],[31.1811542,52.0756136],[31.1815298,52.0752568],[31.1813973,52.074913],[31.1807643,52.0749673],[31.1801902,52.0750668],[31.1794542,52.0748768],[31.1790273,52.0748587],[31.1788507,52.0750396],[31.1792628,52.0753292],[31.1791304,52.0757544],[31.1787182,52.0759987],[31.178041,52.075872],[31.1774375,52.0756639],[31.1760979,52.075483],[31.1748761,52.0758087],[31.1742284,52.0757273],[31.173669,52.0759896],[31.1733157,52.0764058],[31.1731391,52.0764149],[31.1724178,52.0758449],[31.1684682,52.0771141],[31.1618476,52.0782708],[31.1575069,52.0805861],[31.1569426,52.0824045],[31.1548384,52.0838445],[31.1565461,52.0857691],[31.1546886,52.0860948],[31.153184,52.0853654],[31.151511637571474,52.08612242292834],[31.14694,52.083137],[31.133249,52.083161],[31.119558,52.083184],[31.105867,52.083208],[31.092176,52.083232],[31.085331,52.078762],[31.085333,52.069798],[31.085335,52.060834],[31.085337,52.051871],[31.085339,52.042907],[31.079074863234865,52.03881572423435],[31.0735296,52.0676513],[30.998313169795342,52.08055195938338],[30.9981782,52.0805441],[30.9920882,52.0790041],[30.991648,52.0776009],[30.9781606,52.0784903],[30.9635694,52.0816243],[30.9628427,52.08271890000001],[30.963109,52.084124],[30.963912364172753,52.08645217393282],[30.9554266,52.0879076],[30.952509599960504,52.08045483711398],[30.9525425,52.0792265],[30.9529796,52.0766366],[30.9527491,52.0759],[30.9521058,52.0752022],[30.9512637,52.0744935],[30.949954077967114,52.07392562929469],[30.944679257202598,52.06044877365811],[30.9450653,52.0602103],[30.9469926,52.057841],[30.9485468,52.0553069],[30.9483495,52.0529303],[30.9473263,52.0506732],[30.9460925,52.049047],[30.944805,52.0474305],[30.943001,52.0456065],[30.93832529499038,52.044214775333394],[30.934922408979826,52.035520602477234],[30.9351554,52.0351452],[30.9362709,52.0332125],[30.9377056,52.0314856],[30.9388649,52.0305796],[30.9420122,52.0290155],[30.9444468,52.0277838],[30.9454184,52.0262694],[30.9450783,52.0249841],[30.9425846,52.0224034],[30.9398967,52.0210483],[30.9388626,52.019664],[30.9390706,52.0176585],[30.940178,52.0156941],[30.9402757,52.0141106],[30.9392986,52.012968],[30.9375724,52.0124668],[30.9349018,52.0127274],[30.9299187,52.0144714],[30.927476,52.0154336],[30.927074213336724,52.01546892595369],[30.919721,51.9966819],[30.9149815730474,51.99390170548681],[30.914211,51.993903],[30.900519,51.993927],[30.90028736087799,51.993775710275365],[30.9021972,51.9938009],[30.9083921,51.99261890000001],[30.9103393,51.9914604],[30.9111681,51.988605],[30.9102186,51.9865019],[30.9068616,51.9848765],[30.9015192,51.9841701],[30.89367583121367,51.985731915948776],[30.89367679691754,51.98140411404943],[30.8874868412563,51.977773025114345],[30.8903751,51.9749862],[30.8912077,51.972938],[30.8910392,51.9707417],[30.8900136,51.9693774],[30.8878571,51.9683615],[30.8829711,51.9673581],[30.8771572,51.9667764],[30.8722219,51.9670335],[30.8704066,51.9675643],[30.870246211284826,51.96765950182768],[30.8620428,51.9628473],[30.86776943126144,51.94916603396983],[30.859456,51.94918],[30.852612,51.94471],[30.852614,51.935747],[30.845769,51.931277],[30.832078,51.9313],[30.825233,51.92683],[30.825235,51.917867],[30.825238,51.908903],[30.818393,51.904433],[30.804702,51.904457],[30.803950066559388,51.90396596384521],[30.8039479,51.9014504],[30.8025788,51.8990555],[30.7996567,51.8975882],[30.797857563141708,51.89746299886069],[30.797857737029734,51.89668363273231],[30.7878851,51.8951014],[30.7254004,51.851436],[30.6917547,51.8136714],[30.6560492,51.7644027],[30.65092645504968,51.75664952096053],[30.6505552,51.7527034],[30.6444294,51.7463143],[30.643806451976864,51.745873528963955],[30.6313299,51.7269905],[30.62732729204767,51.718419677452665],[30.6278183,51.7166704],[30.627848,51.7155612],[30.6275362,51.7145993],[30.6267245,51.7136251],[30.6255909,51.7126417],[30.624330274059496,51.71200213427739],[30.6011175,51.6622964],[30.5736517,51.5906849]],[[34.7152202,50.9720779],[34.3454119,51.1580154],[34.33288087992658,51.19023558183345],[34.337206,51.190228],[34.350897,51.190204],[34.364589,51.190181],[34.371435,51.185687],[34.371437,51.176724],[34.378284,51.17223],[34.391975,51.172206],[34.405666,51.172183],[34.419358,51.172159],[34.433049,51.172135],[34.44674,51.172112],[34.460431,51.172088],[34.467278,51.167594],[34.46728,51.158631],[34.467282,51.149667],[34.474129,51.145173],[34.48782,51.14515],[34.494667,51.140656],[34.494669,51.131693],[34.501516,51.127199],[34.515207,51.127175],[34.528898,51.127152],[34.542589,51.127128],[34.556281,51.127104],[34.563127,51.122611],[34.563129,51.113647],[34.563131,51.104684],[34.569978,51.10019],[34.583669,51.100166],[34.597361,51.100143],[34.611052,51.100119],[34.624743,51.100095],[34.638434,51.100072],[34.652126,51.100048],[34.658972,51.095554],[34.658974,51.086591],[34.665821,51.082097],[34.679512,51.082073],[34.693203,51.08205],[34.70005,51.077556],[34.700052,51.068593],[34.706899,51.064099],[34.72059,51.064075],[34.727437,51.059582],[34.727439,51.050618],[34.727441,51.041654],[34.734288,51.037161],[34.747979,51.037137],[34.75559146950767,51.03712421154053],[34.7152202,50.9720779]],[[31.28248437115635,50.5053139207847],[31.284223,50.505311],[31.297915,50.505287],[31.311606,50.505263],[31.316063466869586,50.50525551174216],[31.311313,50.5019269],[31.2850392,50.5000368],[31.28248437115635,50.5053139207847]],[[31.308385667018456,51.6705331648522],[31.311332,51.670528],[31.318177,51.674998],[31.318175,51.683962],[31.325019,51.688432],[31.33871,51.688408],[31.352402,51.688384],[31.366093,51.688361],[31.379784,51.688337],[31.386629,51.692807],[31.386627,51.701771],[31.386624,51.710734],[31.386622,51.719698],[31.38662,51.728661],[31.393465,51.733131],[31.407156,51.733108],[31.420847,51.733084],[31.434538,51.73306],[31.44823,51.733037],[31.461921,51.733013],[31.475612,51.732989],[31.489303,51.732966],[31.502995,51.732942],[31.51421536758547,51.732922330960335],[31.4781694,51.5731354],[31.3335296,51.6476029],[31.308385667018456,51.6705331648522]],[[31.3341908,50.5042485],[31.335163090390694,50.505222704976305],[31.338988,50.505216],[31.352679,50.505192],[31.358020808616264,50.505183026760285],[31.3532233,50.5050163],[31.3341908,50.5042485]],[[31.366570809223788,50.50516864973915],[31.380062,50.505145],[31.386909,50.500651],[31.386909841950793,50.49687779751585],[31.3853809,50.4964552],[31.3792703,50.4996745],[31.366570809223788,50.50516864973915]],[[31.488121434139146,50.49503036823988],[31.489594,50.495992],[31.49068120743681,50.496702084342864],[31.4898716,50.4950366],[31.488121434139146,50.49503036823988]],[[31.496075370206945,50.5002251567541],[31.496438,50.500462],[31.503283,50.504932],[31.511733333146854,50.504917186765354],[31.5104635,50.5035708],[31.5087903,50.5021958],[31.5059802,50.5019444],[31.5021716,50.5024185],[31.4989789,50.5017812],[31.4965242,50.500479],[31.496075370206945,50.5002251567541]],[[31.86810169553457,51.13175123426391],[31.928127,51.1379266],[32.135128,51.170077],[32.1668171,51.1568161],[32.17810758282165,51.14914280301017],[32.174002,51.14915],[32.160311,51.149173],[32.146619,51.149197],[32.132928,51.149221],[32.119237,51.149244],[32.105546,51.149268],[32.091854,51.149292],[32.078163,51.149315],[32.064472,51.149339],[32.050781,51.149363],[32.03709,51.149386],[32.023398,51.14941],[32.016554,51.14494],[32.016556,51.135977],[32.009711,51.131507],[31.99602,51.13153],[31.982329,51.131554],[31.968638,51.131578],[31.954946,51.131601],[31.941255,51.131625],[31.927564,51.131649],[31.913873,51.131672],[31.900181,51.131696],[31.88649,51.13172],[31.872799,51.131743],[31.86810169553457,51.13175123426391]],[[32.2656705,51.1827201],[32.57787268580072,51.23501408406518],[32.577873,51.233606],[32.577875,51.224642],[32.577877,51.215678],[32.57788,51.206715],[32.577882,51.197751],[32.571037,51.193281],[32.557346,51.193305],[32.543655,51.193329],[32.529963,51.193352],[32.516272,51.193376],[32.509428,51.188906],[32.50943,51.179942],[32.502585,51.175472],[32.488894,51.175496],[32.475203,51.17552],[32.461511,51.175543],[32.44782,51.175567],[32.434129,51.175591],[32.420438,51.175614],[32.406747,51.175638],[32.393055,51.175662],[32.379364,51.175685],[32.365673,51.175709],[32.351982,51.175733],[32.33829,51.175756],[32.324599,51.17578],[32.310908,51.175804],[32.297217,51.175827],[32.283525,51.175851],[32.270312107668296,51.17587416188854],[32.2656705,51.1827201]],[[32.5164345,51.5265531],[32.5249591,51.5342332],[32.5504887,51.5545102],[32.5219845,51.568792],[32.5344518751883,51.57877797333982],[32.543564,51.578762],[32.550409,51.583232],[32.55040714242795,51.59155763793468],[32.556475,51.5964178],[32.5690282,51.6368342],[32.57493039291504,51.6504169874056],[32.584621,51.6504],[32.598312,51.650376],[32.612003,51.650353],[32.625695,51.650329],[32.639386,51.650305],[32.653077,51.650282],[32.666768,51.650258],[32.68046,51.650234],[32.694151,51.650211],[32.707842,51.650187],[32.721533,51.650163],[32.735225,51.65014],[32.742071,51.645646],[32.742073,51.636682],[32.742075,51.627719],[32.742078,51.618755],[32.74208,51.609792],[32.742082,51.600828],[32.742084,51.591865],[32.742088,51.573937],[32.74209,51.564974],[32.742092,51.55601],[32.742094,51.547047],[32.742096,51.538083],[32.742099,51.52912],[32.742101,51.520156],[32.742103,51.511192],[32.742105,51.502229],[32.742107,51.493265],[32.742109,51.484302],[32.742113,51.466374],[32.742115,51.457411],[32.742117,51.448447],[32.74212,51.439484],[32.742122,51.43052],[32.735277,51.42605],[32.707895,51.426098],[32.694203,51.426121],[32.680512,51.426145],[32.666821,51.426169],[32.65313,51.426192],[32.639439,51.426216],[32.625747,51.42624],[32.612056,51.426263],[32.598365,51.426287],[32.584674,51.426311],[32.570982,51.426334],[32.557291,51.426358],[32.55533003697893,51.42636143752191],[32.5406513,51.4549416],[32.5164345,51.5265531]],[[34.9262858,50.391396],[34.9309799,50.3942975],[34.9348167,50.4016854],[34.9387405,50.4072129],[34.9371714,50.4138344],[34.9374157,50.4206294],[34.9422953,50.4309244],[34.9493128,50.4439678],[34.9645728,50.4521996],[34.9702457,50.4608624],[34.9871018,50.4580917],[34.9926542,50.4634867],[34.9845042,50.4742763],[34.9929186,50.4801327],[35.0125131,50.4787361],[35.0255594,50.4717442],[35.0454721,50.4726183],[35.0543985,50.4826685],[35.080491,50.4778621],[35.1113901,50.4734923],[35.1319894,50.4678109],[35.1512155,50.4599432],[35.1718149,50.4507625],[35.1931009,50.442892],[35.1971359,50.436168],[35.2066621,50.4294435],[35.1898393,50.4167021],[35.1759761,50.4065829],[35.1617727,50.399143],[35.1492398,50.3981853],[35.1378243,50.3960232],[35.1412151,50.3890598],[35.1352716,50.3869462],[35.1349933,50.3835192],[35.1452074,50.3805375],[35.1424192,50.3734743],[35.1435673,50.3700936],[35.1416255,50.366056],[35.1437501,50.362908],[35.146003,50.3603897],[35.151174,50.359514],[35.157567,50.3544226],[35.1580222,50.3507847],[35.1594759,50.342432],[35.1432855,50.3414581],[35.1165064,50.3703721],[35.041662,50.3664303],[35.0145395,50.3775978],[34.9771173,50.3729998],[34.9478402,50.357578],[34.9383898,50.3615209],[34.9352567,50.3715888],[34.9323967,50.386904],[34.9262858,50.391396]],[[34.9414779,50.7914994],[34.950061,50.8127635],[34.9505778,50.8249457],[34.962929,50.8235112],[34.9818118,50.8245956],[35.0010378,50.8241618],[35.0202639,50.8230774],[35.02869961888734,50.82323414697393],[35.028701,50.817044],[35.028703,50.808081],[35.028705,50.799117],[35.028707,50.790154],[35.028711,50.772226],[35.028713,50.763263],[35.028715,50.754299],[35.028718,50.745336],[35.02872,50.736372],[35.028722,50.727409],[35.028724,50.718445],[35.028726,50.709481],[35.028728,50.700518],[35.02873,50.691554],[35.028732,50.682591],[35.028734,50.673627],[35.028737,50.664664],[35.028739,50.6557],[35.028741,50.646736],[35.028743,50.637773],[35.028745,50.628809],[35.028747,50.619846],[35.028749,50.610882],[35.028751,50.601919],[35.028753,50.592955],[35.028755,50.583991],[35.028758,50.575028],[35.02876,50.566064],[35.028762,50.557101],[35.028764,50.548137],[35.021919,50.543667],[35.008228,50.543691],[34.994537,50.543714],[34.987692,50.539244],[34.987694,50.530281],[34.987696,50.521317],[34.987699,50.512354],[34.987701,50.50339],[34.987701961574324,50.49908070469188],[34.9809991,50.4949988],[34.9758543,50.4987774],[34.9779143,50.5159721],[34.9713912,50.5292869],[34.9662413,50.5399797],[34.9789443,50.5604856],[34.9772276,50.5801105],[34.9737944,50.5992914],[34.993101,50.5988866],[35.0102569,50.6004032],[35.0106002,50.6112977],[34.9984123,50.6164173],[34.9928333,50.6236055],[34.991975,50.6286148],[34.9906017,50.6372709],[34.9884561,50.6411357],[35.0094558,50.6613179],[35.0087691,50.6806833],[35.013919,50.6935166],[34.9847366,50.7554586],[34.9589873,50.7710942],[34.9445678,50.7812979],[34.9414779,50.7914994]],[[35.1521957,50.3710216],[35.1578606,50.3800538],[35.1760138,50.3923399],[35.2055396,50.4098469],[35.2345503,50.4313934],[35.2443351,50.4424363],[35.2827872,50.4514],[35.3217543,50.4747849],[35.3342855,50.4849441],[35.3451003,50.4758774],[35.3576316,50.4656072],[35.3723944,50.453586],[35.3847541,50.4409058],[35.3741111,50.4317215],[35.3679312,50.4240665],[35.3778876,50.4194729],[35.387844,50.4175041],[35.387844,50.410722],[35.38730720553557,50.405761116999415],[35.38477,50.404104],[35.384772,50.395141],[35.384774,50.386177],[35.384776,50.377214],[35.384778,50.36825],[35.38477875473455,50.36486765711024],[35.3555716,50.3654103],[35.3253592,50.3638773],[35.3143729,50.3564304],[35.2886237,50.3476678],[35.2673377,50.3489823],[35.2350653,50.3452579],[35.2055396,50.3419713],[35.1761318,50.343452],[35.1667655,50.3428836],[35.1663579,50.3463807],[35.1654783,50.3495025],[35.164727,50.3547328],[35.1639924,50.3582684],[35.1609832,50.3597776],[35.1570725,50.3627651],[35.1570241,50.3636172],[35.1597489,50.3649449],[35.1594379,50.3672784],[35.1583544,50.3686265],[35.1569165,50.3699813],[35.1521957,50.3710216]],[[35.1594759,50.342432],[35.1631292,50.3426716],[35.163309161296255,50.34268209192718],[35.1594759,50.342432]],[[35.32988805911278,50.90141258607768],[35.3301398,50.9009443],[35.3370063,50.891633],[35.3298908591232,50.88886340982022],[35.329889,50.897196],[35.32988805911278,50.90141258607768]]],[[[30.8508742,50.6162326],[30.8687111,50.6102121],[30.8718904,50.5876887],[30.8922316,50.5682493],[30.9321357,50.5838966],[30.9507252,50.5991297],[30.9288014,50.6213359],[30.9445927,50.6209363],[30.9583301,50.6198588],[30.9806523,50.6265023],[31.0005744,50.6149287],[31.0077911,50.614136],[31.0208878,50.6163245],[31.0249154,50.617276],[31.029029,50.6176282],[31.0286361,50.6143861],[31.0275566,50.6111439],[31.0323098,50.6023259],[31.0372752,50.5933783],[31.0446418,50.5836135],[31.0290305,50.581654],[31.0206307,50.5808929],[31.0179817,50.5796411],[31.0102809,50.57899],[31.0046643,50.5784505],[30.9997828,50.5782428],[30.9946552,50.5773909],[30.9909239,50.5761225],[30.9924275,50.5725115],[30.9993378,50.5686823],[31.0046607,50.5662432],[31.0091249,50.5657665],[31.018094,50.5713146],[31.0264418,50.5761593],[31.0410562,50.5778958],[31.051218,50.5783729],[31.053054,50.5740532],[31.050717,50.5674302],[31.0462147,50.5589811],[31.0529511,50.5553672],[31.0757589,50.544349],[31.0752173,50.5383482],[31.0906072,50.5291818],[31.1018124,50.5250325],[31.1097795,50.5312229],[31.1131128,50.5421046],[31.1526047,50.5573022],[31.1577321,50.5505789],[31.1650278,50.5522493],[31.1651149,50.5586092],[31.1594543,50.5687662],[31.1479545,50.5780502],[31.1224774,50.5937768],[31.1081469,50.605032],[31.0797276,50.6202035],[31.0495791,50.6251293],[31.0416209,50.6330156],[31.0446803,50.6393541],[31.0626756,50.6404655],[31.0713096,50.6481256],[31.0924658,50.6528092],[31.1020192,50.6605912],[31.1009621,50.6701402],[31.1097042,50.6790489],[31.1225703,50.6883916],[31.1453982,50.6862153],[31.1654139,50.6688884],[31.1718108,50.6554339],[31.1836942,50.6341425],[31.1999893,50.6325646],[31.1978566,50.6418889],[31.1890025,50.6733799],[31.1543395,50.7041594],[31.1444812,50.7162835],[31.1317146,50.7188267],[31.1162025,50.7094117],[31.0916973,50.7218813],[31.0468653,50.7445842],[31.0422291,50.7400216],[31.1237275,50.6980697],[31.1161331,50.694264],[31.0857582,50.6752035],[31.0856065,50.6604923],[31.072263,50.6642546],[31.0529616,50.6699805],[31.0453366,50.6613965],[31.0471541,50.6542811],[31.0290295,50.6482317],[31.0181944,50.6452722],[31.0047754,50.641526],[31.0019759,50.637953],[30.9785467,50.6321038],[30.9543732,50.6264903],[30.9451698,50.6274519],[30.9356968,50.6271902],[30.9059439,50.6346056],[30.8792298,50.6407127],[30.8674516,50.6329379],[30.8508742,50.6162326]],[[31.033769,50.6256652],[31.0383024,50.6246093],[31.0446225,50.6208636],[31.0658681,50.6136654],[31.0799961,50.610239],[31.0952974,50.5994821],[31.1129947,50.5895946],[31.1253613,50.5791463],[31.1354345,50.5610117],[31.1286312,50.5570776],[31.1130947,50.5500608],[31.1049437,50.5478418],[31.0967928,50.5495489],[31.08782,50.5531282],[31.0779023,50.5551251],[31.0700003,50.5542586],[31.0581526,50.5597689],[31.0571189,50.5646245],[31.0576661,50.5697051],[31.0679986,50.5704243],[31.0737825,50.5698348],[31.0781932,50.5713166],[31.0785612,50.5737092],[31.076041,50.5765136],[31.0667984,50.5784062],[31.0571985,50.5772813],[31.0577198,50.5798255],[31.0638204,50.5825332],[31.0727204,50.5837084],[31.0829078,50.5813402],[31.0878088,50.587683],[31.0863871,50.5884784],[31.0391697,50.6136831],[31.0342999,50.6192611],[31.033769,50.6256652]],[[31.0338738,50.6093189],[31.035271,50.613284],[31.0411313,50.6100595],[31.0458974,50.606181],[31.0439685,50.6037188],[31.0374623,50.6057019],[31.0338738,50.6093189]]],[[[30.9650396,51.4346035],[30.9722371,51.4278173],[30.9840817,51.4156142],[30.9931798,51.4086012],[30.9982554,51.4060549],[31.0019576,51.4067208],[31.0068716,51.3968616],[31.0106908,51.3944917],[31.0116334,51.3910373],[31.0096595,51.3873684],[31.0142083,51.3847171],[31.0200872,51.388306],[31.0237994,51.3917606],[31.0275119,51.3910376],[31.0324041,51.3895914],[31.034078,51.3908232],[31.0330911,51.393019],[31.0305806,51.3950273],[31.0308167,51.3969284],[31.0278553,51.4003021],[31.0232641,51.404291],[31.0201306,51.412777],[31.0370392,51.4205386],[31.0554465,51.4308143],[31.0740323,51.4389472],[31.0833471,51.4296095],[31.0927434,51.4190934],[31.101843,51.4131523],[31.1173768,51.4068344],[31.1272473,51.4054959],[31.1251437,51.3982732],[31.1226112,51.3936739],[31.1169466,51.3838325],[31.1148018,51.3836457],[31.1125697,51.3852925],[31.1093082,51.3821721],[31.1103382,51.3804311],[31.1114757,51.3779936],[31.1090083,51.3763062],[31.0975284,51.3664204],[31.101069,51.3647862],[31.1145872,51.3744583],[31.1192436,51.3724624],[31.1242432,51.3733597],[31.12523,51.375275],[31.1258736,51.3772975],[31.1233417,51.3816771],[31.1293073,51.3935546],[31.1357446,51.3931261],[31.1748833,51.3836993],[31.1808921,51.3769493],[31.1882729,51.3751277],[31.1964266,51.3776461],[31.2011045,51.3793872],[31.2055249,51.3808065],[31.207499,51.3831636],[31.2089153,51.3874754],[31.2065549,51.3917872],[31.1961694,51.4008911],[31.1913635,51.4064061],[31.1879302,51.410368],[31.1838097,51.4088154],[31.180119,51.403729],[31.1764928,51.3946536],[31.1542418,51.4015355],[31.1378914,51.4053368],[31.1312814,51.4094043],[31.1240716,51.4121881],[31.1075921,51.4203245],[31.0962624,51.4374491],[31.1062188,51.4477207],[31.1017989,51.4522137],[31.0970349,51.4556368],[31.0949223,51.4588257],[31.0927231,51.4611588],[31.0898694,51.4611189],[31.0881956,51.4628569],[31.0813347,51.4728259],[31.0715168,51.4777645],[31.0396142,51.4547276],[31.037812,51.4491113],[31.045794,51.445795],[31.0368671,51.4435223],[31.0279408,51.4440308],[31.0199158,51.4438432],[31.0114617,51.444083],[30.9974758,51.4419935],[30.9813519,51.4399394],[30.9712367,51.439543],[30.9684729,51.4387767],[30.9650396,51.4346035]]],[[[31.7426898,46.3186399],[31.7796209,46.2622631],[31.8014172,46.2656771],[32.247461,46.124245],[32.534363,46.0650206],[32.7098616,46.1024475],[32.9123093,46.1019529],[33.1772138,46.1201098],[33.2988557,46.0698046],[33.4285253,46.0269836],[33.5144787,46.0268673],[33.4963625,46.0699214],[33.5634111,46.0743766],[33.5244618,46.1153326],[33.5570005,46.1218879],[33.5734077,46.1253447],[33.6743548737841,46.19474763657327],[33.674355,46.194182],[33.67435510437446,46.1937141936514],[33.6897,46.204334],[33.714554,46.196894],[33.740532,46.185128],[33.82395,46.187069],[33.83865259679522,46.182259163801234],[33.83865243802478,46.18297077293015],[33.98133178718933,46.1443509058584],[33.968728,46.144373],[33.955037,46.144397],[33.95438544342296,46.14439809457317],[34.038334,46.116935],[34.09880248337271,46.110609523502475],[34.0988022472771,46.11166770402345],[34.10474301170233,46.10998809775742],[34.122582,46.108122],[34.13020928043752,46.102591372875736],[34.2198542,46.0752287],[34.33156852187175,46.0472892317408],[34.33156941516214,46.043285950839014],[34.382464,46.034692],[34.436726,45.968164],[34.478552,45.946947],[34.52710029817077,45.97310005405654],[34.516417,45.973118],[34.502726,45.973142],[34.489035,45.973166],[34.475344,45.973189],[34.468497,45.977683],[34.468495,45.986647],[34.461648,45.99114],[34.447957,45.991164],[34.434266,45.991188],[34.427419,45.995681],[34.427417,46.004645],[34.427415,46.013608],[34.427413,46.022572],[34.427412812396625,46.023412744544885],[34.581571,45.9867943],[34.612090420667606,45.98000338607647],[34.651415,45.973908],[34.700883,45.959179],[34.70125001909936,45.958832409008245],[34.8396735,45.8734958],[34.815525,45.8354769],[34.8247422,45.8109669],[34.8670648,45.8289354],[34.8703794,45.8465179],[34.8747888,45.8553043],[34.8852353,45.863042],[34.9000715,45.8578221],[34.9349618,45.8051894],[34.9400235,45.787008],[34.9453002,45.7800712],[34.9551472,45.7671437],[34.9493387,45.7628178],[34.955409552446966,45.760835133233705],[34.958219,45.760037],[34.97698452414302,45.765265919544575],[34.8918409,45.8984474],[34.8521271,46.0088544],[34.8342939,46.1151664],[34.828973,46.2038097],[34.8992236,46.2379262],[35.0366537,46.2665039],[35.3181707,46.3348031],[35.4344756,46.4150752],[35.6143006,46.4994549],[35.7699819,46.6015489],[35.9360684,46.6582322],[36.0830917,46.6581318],[36.1895283,46.6666684],[36.2286868,46.6501439],[36.2691733,46.6053201],[36.3867767,46.7166726],[36.4954556,46.7472464],[36.6152407,46.7730012],[36.6468319,46.7803113],[36.7052081,46.7772605],[36.7460651,46.7652589],[36.780722,46.7485413],[36.8101741,46.7276278],[36.8217547,46.701533],[36.8009817,46.7067814],[36.7903356,46.6744379],[36.7779831,46.6632878],[36.7606545,46.6654469],[36.7419989,46.6369988],[36.7589206,46.6182938],[36.8023949,46.6604397],[36.8376925,46.7053996],[36.8454807,46.7237983],[36.8553278,46.7417216],[36.8681585,46.7653292],[36.8855916,46.789022],[36.9039953,46.8053733],[36.9291714,46.8281987],[36.9585394,46.8472643],[36.9927169,46.8620972],[37.0189882,46.866505],[37.2352809,46.9507065],[37.2968463,46.9269649],[37.3185542,46.8959368],[37.2921844,46.8742922],[37.2882744,46.8702775],[37.3073663,46.8655588],[37.4810991,47.0319678],[37.4890465,47.078197],[37.5258631,47.1036115],[37.542621,47.181407],[37.569049,47.1862314],[37.6404317,47.1708166],[37.6877891,47.1344047],[37.603045,47.0988387],[37.6066137,47.0877711],[37.6296409,47.0951513],[37.6979797,47.0796056],[37.7677602,47.089906],[37.8176309,47.089255],[37.8203774,47.1009414],[37.8191038,47.1095196],[37.82059871479176,47.11765837733269],[37.818054,47.119099],[37.8005435,47.1732715],[37.8111872,47.2012707],[37.833503,47.249301],[37.833846,47.285412],[37.827666,47.302643],[37.834876,47.30823],[37.831786,47.314981],[37.824577,47.321498],[37.827323,47.328479],[37.829283,47.342507],[37.844489,47.341974],[37.856849,47.343603],[37.861212,47.347858],[37.859530817327766,47.35317331201179],[37.8513762,47.3498826],[37.849181873164476,47.35034720319784],[37.848609,47.350116],[37.837623,47.352442],[37.841743,47.358489],[37.851599,47.365534],[37.841643,47.369022],[37.83831,47.378022],[37.850326,47.384298],[37.856849,47.392898],[37.855819,47.403124],[37.863715,47.426588],[37.878478,47.441684],[37.88114628199692,47.4470082433055],[37.880902,47.4607197],[37.8688857,47.4839263],[37.8550222,47.4978203],[37.8341106,47.5155388],[37.823224,47.5291502],[37.8002213,47.5460698],[37.7801413,47.5570775],[37.7569628,47.5666908],[37.7391101,47.5764193],[37.7380801,47.5879983],[37.7301838,47.614389],[37.7037478,47.6440048],[37.6896718,47.6537189],[37.6683858,47.6581127],[37.6460699,47.6597314],[37.634397,47.6583441],[37.6086476,47.6460867],[37.5924078,47.6407747],[37.5774055,47.6435421],[37.5722557,47.6525625],[37.5763756,47.6629686],[37.5859884,47.676609],[37.5976615,47.6856238],[37.611634,47.6994977],[37.6144843,47.7094241],[37.6143126,47.722589],[37.6154518,47.7321421],[37.6216314,47.7376836],[37.6280275,47.7422231],[37.6383479,47.7430024],[37.644599423142125,47.74654464512132],[37.637589,47.751994],[37.623169,47.77311],[37.634549,47.802538],[37.634262,47.838423],[37.63988308103967,47.8661504835607],[37.2699341,47.7696074],[36.9675657,47.7094065],[36.9528107,47.7243069],[36.9284378,47.7216494],[36.927766,47.7020098],[36.868758,47.6899706],[36.828826,47.7666172],[36.791262,47.7594386],[36.8202041,47.6796947],[36.6837635,47.6626204],[36.55511759143587,47.67265684068476],[36.5551515,47.6727899],[36.5460223,47.674954],[36.5121678,47.6877476],[36.4941161,47.6930595],[36.4943452,47.7001039],[36.4981495,47.7103794],[36.5091636,47.7119921],[36.5057589,47.7215742],[36.4908498,47.7268681],[36.484524,47.7207865],[36.4754509,47.723279],[36.4727286,47.7269837],[36.4661463,47.7250577],[36.4612812,47.7220921],[36.4714366,47.714854],[36.4843356,47.7088853],[36.4825898,47.6962557],[36.4732921,47.6974895],[36.4052703,47.6904701],[36.4027763,47.6956102],[36.4005331,47.6982632],[36.3936447,47.6975586],[36.3898268,47.6952239],[36.3873441,47.6921713],[36.3823817,47.6897616],[36.3752066,47.6881746],[36.3402703,47.6835955],[36.3277293,47.6878332],[36.3199137,47.6886797],[36.3107357,47.687543],[36.308291,47.6848526],[36.3115108,47.6811221],[36.3143446,47.6781688],[36.3186379,47.6743428],[36.3808378,47.6801962],[36.3848387,47.661069],[36.379451,47.6605004],[36.3748549,47.6591333],[36.3735575,47.6563998],[36.3764534,47.6532446],[36.381899,47.6504016],[36.3893557,47.650495],[36.4002608,47.6533323],[36.4022818,47.6559053],[36.4020917,47.6596195],[36.3995947,47.6621703],[36.394914,47.6633305],[36.3937757,47.6662236],[36.3940661,47.6696354],[36.4065723,47.6699539],[36.41231,47.6717293],[36.4148359,47.6748122],[36.4160996,47.6773933],[36.4167322,47.6803015],[36.4175643,47.6832576],[36.4214144,47.6849663],[36.4324375,47.6860511],[36.4412097,47.6876321],[36.4510881,47.6885371],[36.4563696,47.682864],[36.4598672,47.6773694],[36.4614435,47.6740442],[36.459828,47.6709946],[36.4586768,47.6675048],[36.4608474,47.6642571],[36.4698288,47.6640204],[36.4764064,47.6648236],[36.4847347,47.6658497],[36.4901447,47.6676836],[36.4898722,47.6733825],[36.4892212,47.6791216],[36.4880376,47.6845337],[36.488991,47.6886262],[36.494961,47.6878991],[36.5005874,47.6862472],[36.5110591,47.6833837],[36.5301126,47.6756636],[36.55177162705185,47.66246198684851],[36.539154,47.621191],[36.4341806,47.6049894],[36.3679683,47.631198],[36.120171,47.5480049],[35.8124223,47.55104],[35.7654746,47.5403035],[35.7220434,47.5652067],[35.6805864,47.5600425],[35.5992997,47.551619],[35.368292,47.5424444],[35.318833,47.5198636],[35.2783406,47.5060805],[35.2488776,47.4672309],[35.2022915,47.4446113],[35.1483113,47.445294],[35.0771591,47.4529096],[35.0586487,47.4469957],[35.0442631,47.4373645],[35.0161971,47.4111308],[34.9683437,47.3888413],[34.9280574,47.3923437],[34.8805332,47.408514],[34.8615646,47.4204922],[34.8719899,47.4362367],[34.8714315,47.4491942],[34.8595748,47.4508616],[34.8248539,47.4644103],[34.7897248,47.4654981],[34.7468745,47.4927306],[34.7353254,47.4905702],[34.7086344,47.4901894],[34.6860624,47.4925871],[34.6798516,47.5103383],[34.6591351,47.5263506],[34.6437415,47.5416799],[34.6280309,47.5454374],[34.5552786,47.4988788],[34.4097775,47.4996834],[34.3906093,47.5059926],[34.3634542,47.4934979],[34.34867,47.4735765],[34.338344,47.4448677],[34.295758,47.4282951],[34.262812,47.4260343],[34.1264991,47.4151305],[34.0837571,47.4221828],[34.0588661,47.4180747],[34.0395751,47.4021943],[33.9874547,47.226306],[33.9166814,47.1633177],[33.8638587,47.1423051],[33.8404469,47.0981315],[33.8019775,47.0586238],[33.7224099,47.0169906],[33.7083154,46.9996555],[33.7011069,46.9626424],[33.6949441,46.9209355],[33.678107,46.9005327],[33.6573358,46.9032299],[33.6406865,46.8946642],[33.6382903,46.8812899],[33.6482522,46.8735474],[33.6203002,46.8235956],[33.5559307,46.812666],[33.513875,46.818856],[33.475937,46.8156341],[33.3893282,46.7671665],[33.3563041,46.7920139],[33.3474545,46.789736],[33.371453,46.7685154],[33.2863131,46.7485933],[33.2567927,46.7552972],[33.2234983,46.7671449],[33.1984364,46.7686374],[33.1435809,46.7599592],[33.0011696,46.7179043],[32.9210717,46.7117331],[32.844876,46.6850914],[32.7723323,46.6683442],[32.7029231,46.6610177],[32.659008,46.6499968],[32.57896810681833,46.57206629368306],[32.578968,46.572545],[32.572121,46.577039],[32.55843,46.577063],[32.544739,46.577086],[32.531048,46.57711],[32.517356,46.577134],[32.503665,46.577157],[32.489974,46.577181],[32.483127,46.581675],[32.483125,46.590638],[32.476278,46.595132],[32.462587,46.595155],[32.448896,46.595179],[32.442051,46.590709],[32.442053,46.581746],[32.435209,46.577276],[32.421518,46.577299],[32.414673,46.572829],[32.414675,46.563866],[32.414677,46.554902],[32.414679,46.545939],[32.414682,46.536975],[32.414684,46.528011],[32.414686,46.519048],[32.407841,46.514578],[32.39415,46.514602],[32.380459,46.514625],[32.366767,46.514649],[32.353076,46.514673],[32.339385,46.514696],[32.325694,46.51472],[32.318849,46.51025],[32.318851,46.501286],[32.318853,46.492323],[32.312009,46.487853],[32.298318,46.487876],[32.284626,46.4879],[32.270935,46.487924],[32.257244,46.487947],[32.243553,46.487971],[32.229861,46.487995],[32.21617,46.488019],[32.202479,46.488042],[32.188788,46.488066],[32.175097,46.48809],[32.161405,46.488113],[32.154561,46.483643],[32.154563,46.47468],[32.154565,46.465716],[32.154567,46.456752],[32.154569,46.447789],[32.161416,46.443295],[32.175107,46.443272],[32.181954,46.438778],[32.181956,46.429814],[32.188802,46.425321],[32.202494,46.425297],[32.216185,46.425273],[32.229876,46.42525],[32.243567,46.425226],[32.257259,46.425202],[32.27095,46.425179],[32.284641,46.425155],[32.298332,46.425131],[32.312024,46.425108],[32.325715,46.425084],[32.339406,46.42506],[32.353097,46.425037],[32.366789,46.425013],[32.38048,46.424989],[32.394171,46.424966],[32.407862,46.424942],[32.411624287106925,46.42493540479946],[32.3954481,46.3725527],[32.0595249,46.3756975],[31.9435968,46.342538],[31.8383148,46.335374],[31.7426898,46.3186399]],[[33.726404907357114,46.20753675335793],[33.7407637,46.2084487],[33.7421104,46.2083299],[33.741659222190194,46.20751042973193],[33.735962,46.20752],[33.726404907357114,46.20753675335793]],[[34.077778624656666,46.117611620624146],[34.07890958807024,46.11729186829934],[34.078264,46.117293],[34.077778624656666,46.117611620624146]]],[[[31.9723136,46.6911183],[31.979049,46.6863048],[32.198362,46.7281425],[32.1700004,46.7544567],[31.9740899,46.7049492],[31.9723136,46.6911183]]],[[[31.990194,46.788689],[31.990196,46.779725],[31.997043,46.775232],[32.010734,46.775208],[32.024426,46.775184],[32.038117,46.775161],[32.051808,46.775137],[32.065499,46.775113],[32.079191,46.77509],[32.086035,46.77956],[32.086033,46.788523],[32.092878,46.792993],[32.106569,46.792969],[32.113413,46.797439],[32.113411,46.806403],[32.120256,46.810873],[32.133947,46.810849],[32.147638,46.810826],[32.161329,46.810802],[32.175021,46.810778],[32.188712,46.810755],[32.202403,46.810731],[32.209248,46.815201],[32.209246,46.824164],[32.209244,46.833128],[32.216088,46.837598],[32.229779,46.837574],[32.243471,46.837551],[32.257162,46.837527],[32.270853,46.837503],[32.284544,46.83748],[32.298236,46.837456],[32.311927,46.837432],[32.31733192730243,46.837422920069535],[32.3071007,46.8007768],[32.3387607,46.7784479],[32.3630817,46.7743256],[32.4467772,46.8417333],[32.4948424,46.8886804],[32.5319213,46.9430876],[32.5738067,46.9716762],[32.5779265,46.9904145],[32.5442809,47.0049321],[32.4873482,46.998303],[32.4766195,46.9849547],[32.422727,46.9589532],[32.3879391,46.9635098],[32.3451745,46.939601],[32.3362273,46.9051022],[32.334841291098726,46.90013780549366],[32.325603,46.900154],[32.311912,46.900177],[32.298221,46.900201],[32.28453,46.900225],[32.277683,46.904718],[32.277681,46.913682],[32.270834,46.918176],[32.257143,46.918199],[32.243452,46.918223],[32.22976,46.918247],[32.216069,46.91827],[32.202378,46.918294],[32.188687,46.918318],[32.174995,46.918341],[32.161304,46.918365],[32.147613,46.918389],[32.133922,46.918412],[32.120231,46.918436],[32.106539,46.91846],[32.092848,46.918483],[32.086004,46.914013],[32.086006,46.90505],[32.086008,46.896086],[32.08601,46.887123],[32.079165,46.882653],[32.065474,46.882676],[32.051783,46.8827],[32.044938,46.87823],[32.04494,46.869266],[32.044942,46.860303],[32.038098,46.855833],[32.024407,46.855857],[32.017562,46.851387],[32.017564,46.842423],[32.017566,46.833459],[32.017568,46.824496],[32.017571,46.815532],[32.017573,46.806569],[32.017575,46.797605],[32.01073,46.793135],[31.997039,46.793159],[31.990194,46.788689]]],[[[32.0108799,47.0509256],[32.01854,47.0331691],[32.0458355,47.0375104],[32.1090069,47.0262782],[32.1450135,46.9394648],[32.1667259,46.9442446],[32.1474591,47.0026358],[32.1886936,47.0354583],[32.197495,47.0458116],[32.1943212,47.0603062],[32.1654778,47.0488761],[32.1679233,47.0416568],[32.1402026,47.0238216],[32.1148387,47.0424534],[32.0379398,47.0496953],[32.1496915,47.2099305],[32.1164409,47.3518149],[32.1214762,47.3600138],[32.2212871,47.3737682],[32.2279306,47.3860019],[32.2071085,47.3954465],[32.1160203,47.378979],[32.0941552,47.3600156],[32.1361222,47.2129322],[32.0108799,47.0509256]]],[[[32.0581609,46.928694],[32.0670873,46.9201356],[32.0821548,46.9111089],[32.0967848,46.9227149],[32.1078588,46.9309267],[32.1172125,46.9331485],[32.1161825,46.9353756],[32.1124059,46.9394779],[32.1041662,46.9470957],[32.0954115,46.9492051],[32.0859701,46.9490879],[32.077902,46.9462754],[32.0686323,46.9402984],[32.0617658,46.9338518],[32.0581609,46.928694]]],[[[32.0982297,46.6171209],[32.1130543,46.6058757],[32.1189167,46.6081135],[32.1272614,46.6128323],[32.1174078,46.618938],[32.1033507,46.6229391],[32.0982297,46.6171209]]],[[[32.579212,45.53277],[32.579214,45.523807],[32.586061,45.519313],[32.599752,45.519289],[32.613443,45.519266],[32.627135,45.519242],[32.640826,45.519218],[32.654517,45.519195],[32.668208,45.519171],[32.675053,45.523641],[32.675051,45.532605],[32.681895,45.537075],[32.695586,45.537051],[32.709278,45.537027],[32.722969,45.537004],[32.72864947132063,45.53699404226779],[32.736877,45.543007],[32.772105,45.557869],[32.793178,45.56389],[32.820317,45.559825],[32.825974,45.55733],[32.833962,45.560234],[32.840648,45.56511],[32.843141,45.570597],[32.843556,45.576834],[32.841008,45.582406],[32.837291,45.583354],[32.829252,45.583603],[32.821299,45.58301],[32.820129,45.584393],[32.820181,45.586841],[32.82504,45.590611],[32.88517482805964,45.62635862519183],[32.873551,45.626379],[32.85986,45.626403],[32.846169,45.626426],[32.832478,45.62645],[32.818787,45.626474],[32.805095,45.626497],[32.791404,45.626521],[32.78456,45.622051],[32.784562,45.613087],[32.784564,45.604124],[32.784566,45.59516],[32.784568,45.586197],[32.777723,45.581727],[32.764032,45.58175],[32.750341,45.581774],[32.73665,45.581798],[32.722958,45.581821],[32.709267,45.581845],[32.695576,45.581869],[32.681885,45.581892],[32.668194,45.581916],[32.654502,45.58194],[32.647658,45.57747],[32.64766,45.568506],[32.640815,45.564036],[32.627124,45.56406],[32.613433,45.564084],[32.606588,45.559614],[32.60659,45.55065],[32.606592,45.541687],[32.599748,45.537217],[32.586057,45.53724],[32.579212,45.53277]]],[[[32.6040893,46.6561232],[32.6043468,46.6557108],[32.6050119,46.6559759],[32.6055216,46.6561121],[32.6055108,46.6563257],[32.6053285,46.6565135],[32.6044594,46.6562705],[32.6040893,46.6561232]]],[[[32.7596459,47.0671862],[32.7877984,47.0606379],[32.8276238,47.0685892],[32.8338036,47.0994478],[32.7603785,47.1128207],[32.7596459,47.0671862]]],[[[32.976212,45.729283],[32.976214,45.720319],[32.976216,45.711355],[32.976218,45.702392],[32.97622,45.693428],[32.976222,45.684465],[32.976224,45.675501],[32.97622506611799,45.67072319221417],[32.999393,45.681147],[33.006337,45.679383],[33.017154,45.687009],[33.050144,45.696959],[33.0691,45.706833],[33.077681,45.707393],[33.095704,45.715503],[33.114638,45.712775],[33.127908,45.719842],[33.1378,45.719814],[33.152919,45.733355],[33.159184,45.749182],[33.164058463447724,45.77825769468098],[33.161032,45.778263],[33.14734,45.778286],[33.133649,45.77831],[33.119958,45.778334],[33.113113,45.773864],[33.113115,45.7649],[33.113118,45.755937],[33.106273,45.751467],[33.092582,45.75149],[33.07889,45.751514],[33.065199,45.751538],[33.051508,45.751561],[33.044663,45.747091],[33.044666,45.738128],[33.037821,45.733658],[33.02413,45.733682],[33.010439,45.733705],[32.996747,45.733729],[32.983056,45.733753],[32.976212,45.729283]]],[[[33.06547898838768,52.31406516261402],[33.066748,52.3129939],[33.0741502,52.31476739999999],[33.0713384,52.3165643],[33.0733463,52.3216063],[33.0724078,52.3229953],[33.0718487,52.3238532],[33.0737798,52.3241136],[33.0719676,52.3263696],[33.07050105084936,52.32608209317816],[33.070503,52.317346],[33.06547898838768,52.31406516261402]]],[[[33.0875311,47.5527966],[33.112937,47.556388],[33.1434927,47.547467],[33.144351,47.5344882],[33.1618604,47.5284612],[33.1822881,47.5198832],[33.1985212,47.5185585],[33.2041861,47.503949],[33.2034994,47.4886396],[33.2071049,47.4797062],[33.2086493,47.4690323],[33.2137991,47.4646225],[33.215859,47.4592839],[33.2191206,47.4525518],[33.2222105,47.4447741],[33.2361151,47.4461672],[33.2373167,47.4533644],[33.2307936,47.4669435],[33.2268454,47.4705408],[33.2236697,47.4718753],[33.2170607,47.4718172],[33.2138554,47.4809885],[33.2182608,47.484414],[33.21786,47.4889996],[33.2182033,47.5028015],[33.2151134,47.5074399],[33.2099636,47.5290034],[33.1981189,47.5303942],[33.1830127,47.5272647],[33.1680782,47.5346826],[33.1658466,47.5405929],[33.1557186,47.5436058],[33.152457,47.5541495],[33.1358059,47.559131],[33.1110866,47.5634169],[33.0951221,47.5616794],[33.0875311,47.5527966]]],[[[33.17746751617726,45.780031517140905],[33.182114,45.773902],[33.21192,45.757728],[33.23866,45.752804],[33.280613,45.76267],[33.32241,45.775037],[33.373494,45.797187],[33.40712195764199,45.822655572929236],[33.393772,45.822678],[33.380081,45.822702],[33.36639,45.822726],[33.352698,45.822749],[33.339007,45.822773],[33.325316,45.822797],[33.311625,45.82282],[33.297933,45.822844],[33.284242,45.822868],[33.270551,45.822891],[33.25686,45.822915],[33.243168,45.822939],[33.229477,45.822962],[33.215786,45.822986],[33.208941,45.818516],[33.208944,45.809552],[33.208946,45.800589],[33.202101,45.796119],[33.18841,45.796143],[33.181565,45.791673],[33.181567,45.782709],[33.17746751617726,45.780031517140905]]],[[[33.441678,45.880859],[33.44168,45.871895],[33.441682,45.862932],[33.441684,45.853968],[33.441686,45.845004],[33.44168677516787,45.841530085196204],[33.482974,45.854396],[33.517951,45.867777],[33.540593,45.884913],[33.544102,45.880335],[33.520062,45.857708],[33.50089,45.848355],[33.507622,45.841072],[33.517655,45.846594],[33.527171,45.849723],[33.537116,45.845796],[33.542129,45.840258],[33.548213,45.843531],[33.551715,45.851628],[33.55864,45.86172],[33.568716,45.874008],[33.581653,45.871206],[33.593725,45.885292],[33.616272,45.892143],[33.634096,45.882614],[33.642234,45.876325],[33.654663,45.875233],[33.662233,45.871524],[33.661598,45.86426],[33.674126,45.857432],[33.684191,45.850098],[33.684716,45.858888],[33.679077,45.867314],[33.679953,45.875048],[33.678367,45.885139],[33.675115,45.898868],[33.67597809635025,45.902862274829275],[33.667578,45.902877],[33.653886,45.902901],[33.640195,45.902924],[33.626504,45.902948],[33.612813,45.902972],[33.599122,45.902996],[33.58543,45.903019],[33.571739,45.903043],[33.558048,45.903067],[33.544357,45.90309],[33.530665,45.903114],[33.516974,45.903138],[33.503283,45.903161],[33.489592,45.903185],[33.4759,45.903209],[33.469056,45.898739],[33.469058,45.889775],[33.462213,45.885305],[33.448522,45.885329],[33.441678,45.880859]]],[[[33.4922125,47.5468486],[33.4930298,47.5451457],[33.4947911,47.5441959],[33.4972051,47.5439027],[33.5005633,47.5456372],[33.5085672,47.5481209],[33.5225157,47.551233],[33.5251106,47.5401141],[33.5277052,47.5289953],[33.5127052,47.5270906],[33.5136703,47.5228673],[33.5171857,47.5055131],[33.5258078,47.5074007],[33.5409335,47.5089237],[33.5388939,47.5146205],[33.5341756,47.5305612],[33.5417731,47.5319511],[33.5459371,47.5285885],[33.5637058,47.5289319],[33.5673116,47.529002],[33.5679994,47.5313902],[33.5680912,47.5338119],[33.5667238,47.5360018],[33.5582379,47.5364987],[33.5327681,47.5338392],[33.526543,47.5507696],[33.5414311,47.5502659],[33.5542827,47.5511717],[33.5615671,47.5519716],[33.5657244,47.5520817],[33.5666202,47.5543931],[33.5619014,47.5596797],[33.5579551,47.5607391],[33.5526457,47.5603767],[33.5494873,47.5594955],[33.5474484,47.5583243],[33.5395626,47.5570435],[33.5374283,47.5554138],[33.5255037,47.5535319],[33.5158513,47.5534588],[33.5017983,47.5518861],[33.4965006,47.5503126],[33.497103,47.5486965],[33.4922125,47.5468486]]],[[[33.537779,44.760246],[33.537782,44.751282],[33.537784,44.742319],[33.541528656263594,44.73986085140979],[33.539777,44.744321],[33.540722,44.761758],[33.54063890230475,44.76211360603393],[33.537779,44.760246]]],[[[33.74790416632127,45.92844085660425],[33.749506,45.928276],[33.75260179819099,45.92962094652278],[33.749719,45.929626],[33.74790416632127,45.92844085660425]]],[[[33.8760196,47.4813189],[33.9079547,47.4772686],[33.925143,47.4789378],[33.9366444,47.4821863],[33.9359577,47.4867106],[33.9376743,47.4889145],[33.936816,47.4903065],[33.9357861,47.4930903],[33.9333828,47.4959899],[33.9309795,47.4986574],[33.9304646,47.5019046],[33.9299496,47.5043399],[33.9280613,47.507007],[33.9284046,47.509558],[33.9301212,47.5122248],[33.9289196,47.5168624],[33.926688,47.5197607],[33.9235981,47.519297],[33.9148434,47.5182536],[33.905917,47.517558],[33.8945873,47.515819],[33.8854893,47.5114132],[33.8808544,47.5017887],[33.8760196,47.4813189]]],[[[35.37051901909459,45.362119056280896],[35.382064,45.352514],[35.45603736442649,45.31372953674016],[35.461266,45.317144],[35.474957,45.31712],[35.488648,45.317097],[35.50234,45.317073],[35.516031,45.317049],[35.529722,45.317026],[35.543413,45.317002],[35.557105,45.316978],[35.570796,45.316955],[35.584487,45.316931],[35.598178,45.316907],[35.608230306024566,45.31689011400537],[35.632903,45.324584],[35.71557,45.338458],[35.724851,45.351594],[35.743928837411964,45.36147348819678],[35.73508,45.361489],[35.721389,45.361512],[35.707698,45.361536],[35.694006,45.36156],[35.680315,45.361583],[35.666624,45.361607],[35.652933,45.361631],[35.639242,45.361654],[35.62555,45.361678],[35.611859,45.361702],[35.598168,45.361725],[35.584477,45.361749],[35.570785,45.361773],[35.557094,45.361796],[35.543403,45.36182],[35.529712,45.361844],[35.51602,45.361867],[35.502329,45.361891],[35.488638,45.361915],[35.474947,45.361938],[35.461256,45.361962],[35.447564,45.361986],[35.433873,45.362009],[35.420182,45.362033],[35.406491,45.362057],[35.392799,45.36208],[35.379108,45.362104],[35.37051901909459,45.362119056280896]]],[[[35.988344,45.464132],[35.988346,45.455168],[35.988348,45.446205],[35.98835,45.437241],[35.988352,45.428278],[35.988356,45.41035],[35.988358,45.401387],[35.988361,45.392423],[35.988363,45.38346],[35.988365,45.374496],[35.98836537480627,45.37281630569255],[35.99701,45.371491],[36.04285,45.384009],[36.068942,45.404374],[36.068785,45.445463],[36.12387,45.463618],[36.1489758948043,45.46833641870752],[36.145792,45.468342],[36.132101,45.468365],[36.118409,45.468389],[36.104718,45.468413],[36.091027,45.468436],[36.077336,45.46846],[36.063644,45.468484],[36.049953,45.468507],[36.036262,45.468531],[36.022571,45.468555],[36.00888,45.468578],[35.995188,45.468602],[35.988344,45.464132]]],[[[36.0908339,50.1179385],[36.091219,50.1085555],[36.0949964,50.0973255],[36.0953406,50.093582],[36.0980875,50.0868634],[36.1155963,50.0841095],[36.1186857,50.0870835],[36.1337922,50.0831192],[36.1488982,50.0857617],[36.1550777,50.0925891],[36.1434051,50.0999672],[36.1509578,50.1027755],[36.1516447,50.1069049],[36.1585112,50.1183535],[36.1578256,50.1310096],[36.1516455,50.1379433],[36.1367095,50.1485335],[36.144029,50.1689719],[36.157359,50.1963955],[36.1665769,50.2013976],[36.1702863,50.2027738],[36.1786307,50.2021719],[36.17890812096855,50.202183545973774],[36.17891,50.196569],[36.178912,50.187606],[36.178914,50.178642],[36.178916,50.169679],[36.178918,50.160715],[36.17892,50.151752],[36.178922,50.142788],[36.178924,50.133824],[36.185771,50.129331],[36.199462,50.129307],[36.213153,50.129283],[36.226845,50.12926],[36.240536,50.129236],[36.254227,50.129212],[36.267918,50.129189],[36.28161,50.129165],[36.295301,50.129141],[36.308992,50.129118],[36.322683,50.129094],[36.336374,50.12907],[36.350066,50.129047],[36.356912,50.124553],[36.356914,50.11559],[36.35847924179169,50.114562660053764],[36.3590392,50.1073813],[36.3475378,50.0997841],[36.3433079,50.0860841],[36.3297981,50.075727],[36.3437026,50.0654803],[36.3540023,50.0585377],[36.3624137,50.0497204],[36.3673921,50.0447048],[36.3706535,50.0460827],[36.3836997,50.0535781],[36.3984626,50.0623948],[36.397261,50.0676841],[36.4042977,50.0752992],[36.4032677,50.0815784],[36.403964951284046,50.08413553569273],[36.404841,50.084134],[36.411688,50.079641],[36.41169,50.070677],[36.418537,50.066183],[36.432228,50.06616],[36.445919,50.066136],[36.452766,50.061642],[36.452768,50.052679],[36.45277,50.043715],[36.459617,50.039222],[36.473308,50.039198],[36.486999,50.039174],[36.50069,50.039151],[36.514382,50.039127],[36.528073,50.039103],[36.541764,50.03908],[36.555455,50.039056],[36.569146,50.039032],[36.582838,50.039009],[36.596529,50.038985],[36.61022,50.038961],[36.617067,50.034468],[36.617069,50.025504],[36.623916,50.02101],[36.637607,50.020987],[36.644454,50.016493],[36.644456,50.00753],[36.651302,50.003036],[36.664994,50.003012],[36.678685,50.002989],[36.685531,49.998495],[36.685534,49.989531],[36.685536,49.980568],[36.692382,49.976074],[36.706074,49.976051],[36.719765,49.976027],[36.733456,49.976003],[36.747147,49.97598],[36.753994,49.971486],[36.753996,49.962522],[36.753998,49.953559],[36.754,49.944595],[36.754002,49.935632],[36.760849,49.931138],[36.77454,49.931114],[36.781387,49.926621],[36.781389,49.917657],[36.781391,49.908694],[36.781395,49.890766],[36.78139672801118,49.883021917903434],[36.7552837,49.8927282],[36.7390617,49.8909588],[36.724213,49.8888022],[36.7099652,49.8818341],[36.7068752,49.8779072],[36.7009602,49.8647004],[36.711106,49.8670918],[36.7138697,49.8630409],[36.7233341,49.8658738],[36.7312535,49.8687615],[36.7494472,49.8765797],[36.7806896,49.8708269],[36.7814004887408,49.87064870809156],[36.781402,49.863876],[36.781404,49.854912],[36.78825,49.850418],[36.801942,49.850395],[36.808788,49.845901],[36.80879,49.836938],[36.808793,49.827974],[36.815639,49.82348],[36.82933,49.823457],[36.843022,49.823433],[36.849868,49.818939],[36.84987,49.809976],[36.856717,49.805482],[36.870408,49.805459],[36.8841,49.805435],[36.897791,49.805411],[36.911482,49.805388],[36.918329,49.800894],[36.918331,49.79193],[36.918333,49.782967],[36.918335,49.774003],[36.918337,49.76504],[36.918339,49.756076],[36.918341,49.747112],[36.918343,49.738149],[36.918346,49.729185],[36.918348,49.720222],[36.91835,49.711258],[36.918352,49.702295],[36.911507,49.697825],[36.897816,49.697848],[36.884125,49.697872],[36.87728,49.693402],[36.877282,49.684438],[36.877284,49.675475],[36.877287,49.666511],[36.877289,49.657548],[36.884135,49.653054],[36.897827,49.65303],[36.904673,49.648537],[36.904675,49.639573],[36.904677,49.63061],[36.90468,49.621646],[36.904682,49.612682],[36.904684,49.603719],[36.904686,49.594755],[36.904688,49.585792],[36.90469,49.576828],[36.904692,49.567865],[36.904696,49.549937],[36.904699,49.540974],[36.904701,49.53201],[36.904703,49.523047],[36.904705,49.514083],[36.904707,49.50512],[36.904709,49.496156],[36.904711,49.487192],[36.897867,49.482722],[36.884175,49.482746],[36.870484,49.48277],[36.856793,49.482793],[36.849948,49.478323],[36.84995,49.46936],[36.849953,49.460396],[36.856799,49.455903],[36.87049,49.455879],[36.884182,49.455855],[36.897873,49.455832],[36.911564,49.455808],[36.918411,49.451314],[36.918413,49.442351],[36.918415,49.433387],[36.918417,49.424424],[36.918419,49.41546],[36.918421,49.406497],[36.918423,49.397533],[36.92527,49.393039],[36.938961,49.393016],[36.952653,49.392992],[36.966344,49.392968],[36.980035,49.392945],[36.993726,49.392921],[37.007418,49.392897],[37.021109,49.392874],[37.0348,49.39285],[37.041647,49.388356],[37.041649,49.379393],[37.048495,49.374899],[37.062187,49.374875],[37.075878,49.374852],[37.082725,49.370358],[37.082727,49.361395],[37.082729,49.352431],[37.089575,49.347937],[37.103267,49.347914],[37.110113,49.34342],[37.110115,49.334457],[37.116962,49.329963],[37.130653,49.329939],[37.144345,49.329916],[37.151191,49.325422],[37.151193,49.316458],[37.151195,49.307495],[37.151198,49.298531],[37.1512,49.289568],[37.158046,49.285074],[37.171738,49.28505],[37.178584,49.280557],[37.178586,49.271593],[37.185433,49.2671],[37.199124,49.267076],[37.212815,49.267052],[37.226507,49.267029],[37.240198,49.267005],[37.253889,49.266981],[37.26758,49.266958],[37.281272,49.266934],[37.294963,49.26691],[37.308654,49.266887],[37.322345,49.266863],[37.336037,49.266839],[37.349728,49.266816],[37.363419,49.266792],[37.37711,49.266768],[37.383955,49.271238],[37.383953,49.280202],[37.390797,49.284672],[37.404489,49.284648],[37.411333,49.289118],[37.411331,49.298082],[37.418176,49.302552],[37.431867,49.302528],[37.438711,49.306998],[37.438709,49.315961],[37.438705,49.333889],[37.438703,49.342852],[37.445547,49.347322],[37.459239,49.347298],[37.47293,49.347275],[37.479775,49.351745],[37.479772,49.360708],[37.47977,49.369672],[37.479768,49.378635],[37.479766,49.387599],[37.486611,49.392069],[37.500302,49.392045],[37.507146,49.396515],[37.507144,49.405479],[37.507142,49.414442],[37.507138,49.43237],[37.513983,49.436839],[37.527674,49.436816],[37.541365,49.436792],[37.555056,49.436768],[37.568748,49.436745],[37.582439,49.436721],[37.59613,49.436697],[37.602975,49.441167],[37.602972,49.450131],[37.60297,49.459095],[37.609815,49.463565],[37.616659,49.468035],[37.609813,49.472528],[37.602966,49.477022],[37.602964,49.485985],[37.602962,49.494949],[37.60296,49.503912],[37.602956,49.52184],[37.602953,49.530803],[37.602951,49.539767],[37.602949,49.54873],[37.602945,49.566658],[37.602943,49.575621],[37.602941,49.584585],[37.602939,49.593548],[37.602937,49.602512],[37.59609,49.607005],[37.582399,49.607029],[37.568708,49.607053],[37.555016,49.607076],[37.541325,49.6071],[37.534478,49.611594],[37.534476,49.620557],[37.534474,49.629521],[37.534472,49.638484],[37.53447,49.647448],[37.534468,49.656412],[37.534466,49.665375],[37.534464,49.674339],[37.534462,49.683302],[37.534459,49.692266],[37.534457,49.70123],[37.534455,49.710193],[37.534453,49.719157],[37.534451,49.72812],[37.534449,49.737084],[37.541293,49.741554],[37.554985,49.74153],[37.568676,49.741506],[37.575521,49.745976],[37.575518,49.75494],[37.575516,49.763904],[37.575514,49.772867],[37.575512,49.781831],[37.57551,49.790794],[37.575508,49.799758],[37.582352,49.804228],[37.596044,49.804204],[37.602888,49.808674],[37.602886,49.817638],[37.609731,49.822108],[37.623422,49.822084],[37.637113,49.82206],[37.643958,49.82653],[37.643956,49.835494],[37.643954,49.844457],[37.650798,49.848927],[37.664489,49.848904],[37.671334,49.853374],[37.671332,49.862337],[37.67133,49.871301],[37.671328,49.880264],[37.671325,49.889228],[37.67817,49.893698],[37.691861,49.893674],[37.705552,49.893651],[37.712397,49.898121],[37.712395,49.907084],[37.71924,49.911554],[37.732931,49.91153],[37.739775,49.916],[37.739773,49.924964],[37.732927,49.929458],[37.719235,49.929481],[37.712389,49.933975],[37.712387,49.942938],[37.712384,49.951902],[37.705538,49.956396],[37.691847,49.956419],[37.678155,49.956443],[37.671309,49.960937],[37.671307,49.9699],[37.66446,49.974394],[37.650769,49.974417],[37.643922,49.978911],[37.64392,49.987875],[37.643918,49.996838],[37.637071,50.001332],[37.62338,50.001356],[37.609689,50.001379],[37.602842,50.005873],[37.60284,50.014836],[37.595993,50.01933],[37.582302,50.019354],[37.568611,50.019377],[37.554919,50.019401],[37.541228,50.019425],[37.534382,50.023918],[37.534379,50.032882],[37.527533,50.037376],[37.513842,50.037399],[37.506995,50.041893],[37.506993,50.050856],[37.506991,50.05982],[37.500144,50.064314],[37.486453,50.064337],[37.479606,50.068831],[37.479604,50.077794],[37.472757,50.082288],[37.459066,50.082312],[37.445375,50.082335],[37.438528,50.086829],[37.438526,50.095793],[37.438524,50.104756],[37.431677,50.10925],[37.417986,50.109273],[37.404295,50.109297],[37.390604,50.109321],[37.376912,50.109344],[37.363221,50.109368],[37.34953,50.109392],[37.342683,50.113885],[37.342681,50.122849],[37.335834,50.127343],[37.322143,50.127366],[37.308452,50.12739],[37.294761,50.127414],[37.28107,50.127437],[37.267378,50.127461],[37.253687,50.127485],[37.239996,50.127508],[37.226305,50.127532],[37.212613,50.127556],[37.205767,50.132049],[37.205765,50.141013],[37.198918,50.145506],[37.185227,50.14553],[37.171535,50.145554],[37.157844,50.145577],[37.144153,50.145601],[37.130462,50.145625],[37.116771,50.145648],[37.109924,50.150142],[37.109922,50.159106],[37.10992,50.168069],[37.103073,50.172563],[37.089382,50.172587],[37.075691,50.17261],[37.061999,50.172634],[37.048308,50.172658],[37.034617,50.172681],[37.020926,50.172705],[37.014079,50.177199],[37.014077,50.186162],[37.00723,50.190656],[36.993539,50.190679],[36.979848,50.190703],[36.966156,50.190727],[36.952465,50.19075],[36.945619,50.195244],[36.945616,50.204208],[36.945614,50.213171],[36.938768,50.217665],[36.925076,50.217688],[36.91823,50.222182],[36.918228,50.231146],[36.911381,50.235639],[36.89769,50.235663],[36.883999,50.235687],[36.870307,50.23571],[36.856616,50.235734],[36.842925,50.235758],[36.829234,50.235781],[36.815542,50.235805],[36.808698,50.231335],[36.8087,50.222371],[36.808702,50.213408],[36.808704,50.204444],[36.808706,50.195481],[36.808708,50.186517],[36.80871,50.177554],[36.801866,50.173084],[36.788175,50.173107],[36.774483,50.173131],[36.760792,50.173155],[36.747101,50.173178],[36.73341,50.173202],[36.719718,50.173226],[36.706027,50.173249],[36.692336,50.173273],[36.678645,50.173297],[36.664954,50.17332],[36.651262,50.173344],[36.637571,50.173368],[36.62388,50.173391],[36.610189,50.173415],[36.596497,50.173439],[36.582806,50.173462],[36.575959,50.177956],[36.575957,50.186919],[36.569111,50.191413],[36.555419,50.191437],[36.541728,50.19146],[36.528037,50.191484],[36.52119,50.195978],[36.521188,50.204941],[36.521186,50.213905],[36.521184,50.222868],[36.521182,50.231832],[36.514335,50.236326],[36.500644,50.236349],[36.486953,50.236373],[36.473262,50.236397],[36.45957,50.23642],[36.445879,50.236444],[36.432188,50.236468],[36.418497,50.236491],[36.404805,50.236515],[36.391114,50.236539],[36.377423,50.236562],[36.363732,50.236586],[36.35004,50.23661],[36.336349,50.236633],[36.322658,50.236657],[36.308967,50.236681],[36.295276,50.236704],[36.288429,50.241198],[36.288427,50.250162],[36.28158,50.254655],[36.267889,50.254679],[36.254198,50.254702],[36.247351,50.259196],[36.247349,50.26816],[36.247347,50.277123],[36.2405,50.281617],[36.226809,50.281641],[36.219962,50.286134],[36.21996,50.295098],[36.219958,50.304061],[36.219956,50.313025],[36.219954,50.321988],[36.213107,50.326482],[36.199416,50.326506],[36.185725,50.326529],[36.17888,50.322059],[36.178882,50.313096],[36.178884,50.304132],[36.178886,50.295169],[36.178888,50.286205],[36.178891,50.277242],[36.178893,50.268278],[36.178895,50.259314],[36.178897,50.250351],[36.178899,50.241387],[36.178901,50.232424],[36.178903,50.22346],[36.178905,50.214497],[36.17890575410817,50.21111708717971],[36.1736606,50.2141653],[36.1669967,50.2172292],[36.1696873,50.2249132],[36.1775292,50.2310594],[36.1619096,50.2332736],[36.1515241,50.2348658],[36.1522629,50.2304331],[36.1475222,50.223522],[36.1429625,50.219958],[36.1401217,50.2137589],[36.1380711,50.2077078],[36.1442597,50.2031947],[36.1408445,50.1908724],[36.1216697,50.1552365],[36.1210891,50.1433367],[36.1140502,50.1418227],[36.1075272,50.1403094],[36.1001464,50.1355213],[36.0913054,50.1279815],[36.0908339,50.1179385]]],[[[36.35717607881838,45.47191480953095],[36.357563,45.471617],[36.372894,45.47138],[36.376602,45.463689],[36.38539099564485,45.45898351980533],[36.38539,45.463446],[36.392234,45.467916],[36.405925,45.467892],[36.41277,45.472362],[36.412768,45.481325],[36.412766,45.490289],[36.412764,45.499253],[36.412761,45.508216],[36.419606,45.512686],[36.433297,45.512662],[36.446988,45.512639],[36.453833,45.517109],[36.453831,45.526072],[36.446984,45.530566],[36.433293,45.53059],[36.419602,45.530613],[36.405911,45.530637],[36.392219,45.530661],[36.378528,45.530684],[36.364837,45.530708],[36.357992,45.526238],[36.357994,45.517274],[36.357997,45.508311],[36.357999,45.499347],[36.358001,45.490384],[36.358003,45.48142],[36.358005,45.472456],[36.35717607881838,45.47191480953095]]],[[[36.4781833,49.931897],[36.4844361,49.9288626],[36.4839776,49.9089439],[36.4844005,49.9011872],[36.5057638,49.897078],[36.5851256,49.8773939],[36.5828146,49.8698789],[36.5822212,49.8599853],[36.610551,49.8547093],[36.6126321,49.8546005],[36.6152285,49.862128],[36.6185979,49.8725311],[36.6254868,49.8698783],[36.6356789,49.8618999],[36.6470585,49.8547408],[36.6520356,49.8599431],[36.6410656,49.8657607],[36.634501,49.8699418],[36.6296537,49.8729932],[36.6240333,49.8752698],[36.6165744,49.8778258],[36.6126341,49.881377],[36.6123057,49.887705],[36.6071853,49.8886371],[36.6084184,49.8940826],[36.612227,49.8984219],[36.6174092,49.9034801],[36.6177855,49.9085382],[36.6028894,49.9079296],[36.5990354,49.907376],[36.5909762,49.9019022],[36.5855022,49.8953765],[36.5795574,49.8890156],[36.5730663,49.8888208],[36.567605,49.8905059],[36.5607205,49.8922059],[36.5548661,49.8901455],[36.5448731,49.893323],[36.5196472,49.90089],[36.5018018,49.9120383],[36.5019456,49.9297466],[36.5021492,49.9340741],[36.5060655,49.9394699],[36.5118059,49.9475618],[36.5211696,49.9935075],[36.5143986,49.9990541],[36.5029837,49.9990688],[36.5013963,49.9857473],[36.4938846,49.9793893],[36.4922855,49.9737973],[36.4985828,49.9623543],[36.4985291,49.9573147],[36.4962439,49.9510598],[36.4827487,49.942804],[36.4781833,49.931897]]],[[[36.7834682,49.359892],[36.8050793,49.3488407],[36.8020763,49.3166269],[36.8022911,49.2759377],[36.8108945,49.269411],[36.8293114,49.2550915],[36.8445597,49.2459082],[36.8512223,49.2432235],[36.861665,49.2415651],[36.8722787,49.2394013],[36.8798983,49.2375999],[36.8815953,49.2359104],[36.885332,49.2315225],[36.8858069,49.2303572],[36.8862818,49.2262774],[36.893328,49.2166276],[36.8988341,49.2091007],[36.9050344,49.1985333],[36.9043866,49.1913081],[36.8916801,49.181303],[36.8820652,49.1836391],[36.8624916,49.1887567],[36.8642985,49.1815468],[36.8731424,49.1770298],[36.8726279,49.1711672],[36.881125,49.1646447],[36.8872605,49.158016],[36.8979885,49.1555623],[36.9085214,49.1619891],[36.9151711,49.1703562],[36.9215133,49.1917617],[36.9222609,49.1951124],[36.9245537,49.1975657],[36.9231312,49.2026968],[36.9169008,49.2064836],[36.9091492,49.2069192],[36.9020105,49.2157716],[36.8955214,49.2240103],[36.8890148,49.2367608],[36.886627,49.2399839],[36.8572864,49.2459456],[36.836741,49.2572399],[36.807866,49.2789323],[36.810817,49.2892255],[36.8127386,49.2989589],[36.8129438,49.3083564],[36.8107457,49.3174182],[36.8127171,49.3373359],[36.8142203,49.3499213],[36.8312476,49.3479793],[36.8355723,49.3506781],[36.8380415,49.3529439],[36.8394802,49.3547962],[36.830791,49.3593878],[36.8258987,49.3642523],[36.8238839,49.3638748],[36.8139302,49.3653012],[36.8054894,49.3628992],[36.7960234,49.3648618],[36.7834682,49.359892]]],[[[37.2340724,49.2180322],[37.235274,49.2019955],[37.2385356,49.1923486],[37.246947,49.1778746],[37.2696063,49.1749569],[37.2694572,49.1716214],[37.263203,49.1706831],[37.2600176,49.1673456],[37.2609093,49.1654114],[37.2658212,49.1655427],[37.2668258,49.1651904],[37.2673425,49.1641024],[37.2665407,49.1629348],[37.2651206,49.161874],[37.263958,49.1606447],[37.2655788,49.15589],[37.2975922,49.1463637],[37.3062666,49.1563857],[37.3048966,49.1584778],[37.3018096,49.1621976],[37.2999335,49.1639989],[37.2997861,49.1656373],[37.30138,49.1661641],[37.3026797,49.1664322],[37.3030478,49.1678104],[37.3039558,49.1694446],[37.3049138,49.1701878],[37.3055425,49.170608],[37.3056578,49.1707131],[37.3057047,49.170927],[37.3056925,49.1711304],[37.3056522,49.1713319],[37.3055891,49.1714853],[37.3055361,49.1717058],[37.305456,49.1718932],[37.3053998,49.1720325],[37.30529,49.172256],[37.3052041,49.1723804],[37.30507,49.1725829],[37.3048527,49.1727929],[37.3047119,49.1728839],[37.3045985,49.172982],[37.3044668,49.1732134],[37.3044492,49.1733642],[37.3044457,49.1736079],[37.3045513,49.1737929],[37.305086,49.1744899],[37.3057994,49.1749336],[37.3066068,49.1753378],[37.3073539,49.176073],[37.3077704,49.1769596],[37.307807,49.1777116],[37.307718,49.1786627],[37.3075448,49.1793627],[37.3080161,49.1799932],[37.3085522,49.1804348],[37.3099789,49.1809641],[37.3109498,49.181327],[37.3121863,49.1824341],[37.3125256,49.183142],[37.3124163,49.1841551],[37.3121139,49.1848456],[37.3116753,49.1856103],[37.3109838,49.1860767],[37.3100586,49.1865063],[37.3089951,49.1867631],[37.307562,49.1873263],[37.306781,49.1878883],[37.3066479,49.1887723],[37.3070319,49.1900698],[37.307374,49.1907467],[37.3077596,49.1923332],[37.3074372,49.192832],[37.3060529,49.1931375],[37.3050603,49.1930658],[37.3043924,49.1931842],[37.3036292,49.1930751],[37.3021533,49.1927962],[37.3011149,49.1923622],[37.3005743,49.1918787],[37.2996817,49.1919454],[37.2986346,49.1915862],[37.2971883,49.1920095],[37.2967543,49.192394],[37.2964276,49.1928206],[37.296448,49.1930856],[37.2964254,49.1933085],[37.2962277,49.1936558],[37.2961534,49.19401],[37.2959074,49.1944098],[37.2946927,49.1952477],[37.2936554,49.1957946],[37.2924894,49.1962994],[37.2914502,49.1966254],[37.2909351,49.1966989],[37.2903342,49.1968461],[37.2888428,49.197498],[37.2883438,49.1977697],[37.2879374,49.1983003],[37.2877396,49.1985727],[37.2876061,49.198845],[37.287755,49.1994037],[37.2880403,49.1998799],[37.288508,49.2007697],[37.2908802,49.2018593],[37.2933967,49.2025443],[37.294934,49.2034476],[37.2960353,49.204467],[37.2966216,49.2050098],[37.2963904,49.2057286],[37.2954486,49.2061932],[37.2947739,49.2065726],[37.2936426,49.2066327],[37.2924761,49.2067889],[37.2896788,49.2065806],[37.2909578,49.2094037],[37.2926704,49.2131842],[37.2985888,49.2132078],[37.3035811,49.213322],[37.3107121,49.2100146],[37.3133332,49.2109118],[37.3189354,49.2092577],[37.328057,49.208949],[37.3333568,49.2104906],[37.3292263,49.2140649],[37.3268175,49.2170295],[37.3286146,49.2197136],[37.3308248,49.2222924],[37.331147,49.2255439],[37.3202465,49.2323822],[37.3085736,49.240004],[37.2950123,49.2384349],[37.2823093,49.2354086],[37.2807645,49.2343999],[37.2787044,49.2337554],[37.2774599,49.2333071],[37.2758291,49.2333351],[37.267203,49.2323823],[37.258105,49.2298041],[37.2505519,49.226441],[37.2340724,49.2180322]]],[[[37.5788746,49.259181],[37.6296714,49.2562587],[37.669577,49.3626087],[37.828811,49.3758205],[37.8346314,49.3264184],[37.796543,49.2644827],[37.8352923,49.2598059],[37.8752869,49.3201598],[37.8823777,49.3751378],[38.0746672,49.385024],[38.0885571,49.3657244],[38.0907887,49.3409006],[38.0954236,49.3090138],[38.0998868,49.285729],[38.1064975,49.2597977],[38.1077833,49.2544788],[38.1120288,49.2337963],[38.1079493,49.2111468],[38.1117545,49.2004972],[38.0992519,49.2087457],[38.0822293,49.2132403],[38.0535028,49.2195333],[38.0032503,49.226496],[37.9974988,49.2289833],[37.9959492,49.2317153],[37.9935333,49.234152],[37.9926481,49.2355502],[37.9893308,49.2365519],[37.9801204,49.2357481],[37.9730309,49.2332395],[37.9714475,49.2254343],[37.9762149,49.2157232],[37.9836883,49.2131191],[37.9833566,49.2080236],[37.9833791,49.1998527],[37.9810206,49.1863173],[37.9798781,49.1858571],[37.9802379,49.1841071],[37.978495,49.1826656],[37.9782113,49.1820095],[37.9794794,49.1792173],[37.9781744,49.1782754],[37.9735651,49.1756221],[37.9723718,49.1751127],[37.9724742,49.1746552],[37.9747055,49.1737688],[37.9757994,49.1728402],[37.9756193,49.1717679],[37.9740016,49.1702747],[37.973886,49.1689359],[37.9734601,49.1683627],[37.9723047,49.1676491],[37.9725473,49.1665588],[37.9735032,49.1655692],[37.9719181,49.1627908],[37.9713662,49.15962],[37.9696624,49.158274],[37.9674571,49.1574904],[37.9694396,49.1454864],[37.9644849,49.1184637],[37.9650779,49.1175447],[37.9647268,49.1152775],[37.9619295,49.1125326],[37.9602735,49.1111321],[37.9608616,49.1108532],[37.9627436,49.1116127],[37.9631664,49.1109114],[37.9561348,49.0968659],[37.9552842,49.0956894],[37.9541114,49.0953085],[37.9491934,49.0868484],[37.9546401,49.0844575],[37.9652788,49.0818693],[37.9761725,49.1044606],[37.9767314,49.1244149],[37.98416,49.1439198],[37.985204,49.1596934],[37.9923539,49.1816498],[38.0000271,49.2014739],[37.9993791,49.2204057],[38.0566085,49.2105824],[38.0841827,49.2011183],[38.1150944,49.1940593],[38.1181687,49.1790159],[38.1344823,49.1577449],[38.1416492,49.1492671],[38.1428062,49.1392733],[38.1337077,49.1374764],[38.1340474,49.1297292],[38.1485546,49.1224844],[38.1658047,49.1183829],[38.1749047,49.099054],[38.180396,49.086802],[38.1907807,49.0860158],[38.1980756,49.0874774],[38.212325,49.0933221],[38.2052884,49.1028192],[38.1922406,49.1108548],[38.1813415,49.1236622],[38.1724579,49.1316375],[38.1760835,49.1364114],[38.1749028,49.1405113],[38.1638322,49.1409602],[38.1493253,49.1560066],[38.1301136,49.1811631],[38.1278784,49.1948556],[38.1485665,49.1958681],[38.1738872,49.2080862],[38.1880497,49.208428],[38.1989075,49.207139],[38.2196139,49.1977446],[38.2309959,49.2015702],[38.2253857,49.2161603],[38.2233251,49.2278194],[38.2319081,49.2327522],[38.2322522,49.236788],[38.23234,49.2391386],[38.2312221,49.2434005],[38.2258247,49.2464674],[38.2191753,49.2460967],[38.2149898,49.2622694],[38.2062,49.2768552],[38.2018024,49.29669],[38.2025213,49.3156731],[38.1979199,49.3342045],[38.1947441,49.3553375],[38.1913533,49.3730859],[38.1942291,49.3779792],[38.4396657,49.3255784],[38.6630497,49.2904066],[38.8130336,49.2800417],[38.6773704,49.2575783],[38.6172439,49.2165138],[38.6009455,49.1923871],[38.5970169,49.1664645],[38.588224,49.1422033],[38.5712035,49.1197375],[38.3845953,49.0864766],[38.356058,49.0540151],[38.3546074,49.0436747],[38.3357246,49.0320836],[38.3444098,49.0282993],[38.3524564,49.023628],[38.3596232,49.0193503],[38.3679488,49.0178305],[38.3775833,49.0167892],[38.3779052,49.0173943],[38.3836988,49.0164796],[38.383924,49.0173028],[38.3846643,49.0172922],[38.3851149,49.0173697],[38.3871508,49.0174383],[38.3874109,49.0177461],[38.3880332,49.018024],[38.3887896,49.0180592],[38.3910644,49.0252649],[38.3967935,49.0255322],[38.396343,49.0299923],[38.4068499,49.0361959],[38.5459987,49.0899173],[38.5153256,48.9985917],[38.5574738,49.0014501],[38.6198127,49.1216308],[38.6937955,49.2229872],[38.847619968939604,49.27740005632143],[38.930317366182464,49.044998836333576],[38.92427,49.048968],[38.910579,49.048992],[38.896888,49.049015],[38.883196,49.049039],[38.869505,49.049063],[38.855814,49.049086],[38.842123,49.04911],[38.828431,49.049134],[38.81474,49.049157],[38.801049,49.049181],[38.787358,49.049205],[38.773667,49.049228],[38.759975,49.049252],[38.746284,49.049276],[38.732593,49.049299],[38.718902,49.049323],[38.70521,49.049347],[38.691519,49.04937],[38.677828,49.049394],[38.670983,49.044924],[38.670985,49.03596],[38.670988,49.026997],[38.664143,49.022527],[38.650452,49.02255],[38.636761,49.022574],[38.629916,49.018104],[38.629918,49.009141],[38.623073,49.004671],[38.609382,49.004694],[38.602538,49.000224],[38.60254,48.991261],[38.602542,48.982297],[38.609389,48.977804],[38.62308,48.97778],[38.629926,48.973286],[38.629929,48.964323],[38.629931,48.955359],[38.629933,48.946396],[38.62993364043272,48.94352558058119],[38.5901335,48.9405778],[38.5642082,48.9150297],[38.5868753,48.9051684],[38.6131979,48.9292041],[38.629936534038045,48.93055644146967],[38.629937,48.928468],[38.629939,48.919505],[38.636786,48.915011],[38.650477,48.914988],[38.664168,48.914964],[38.671015,48.91047],[38.671017,48.901507],[38.671019,48.892543],[38.671021,48.88358],[38.671023,48.874616],[38.671025,48.865652],[38.671028,48.856689],[38.67103,48.847725],[38.671032,48.838762],[38.677878,48.834268],[38.69157,48.834244],[38.698416,48.829751],[38.698418,48.820787],[38.698421,48.811824],[38.705267,48.80733],[38.71616902806475,48.807310889002004],[38.7173214,48.8002634],[38.7113671,48.7783257],[38.8541023,48.7504938],[38.86272933548051,48.75177304408995],[38.86272947967812,48.751126822473566],[38.863879,48.75138],[38.871692,48.751305],[38.877618,48.752589],[38.879077,48.752476],[38.880236,48.750608],[38.88133,48.750184],[38.892037,48.750438],[38.898818,48.750184],[38.901092,48.750905],[38.90474,48.750608],[38.908775,48.74925],[38.911135,48.748005],[38.912572,48.746873],[38.914321,48.744383],[38.918028,48.742911],[38.919967,48.743421],[38.921306,48.744609],[38.922722,48.745005],[38.93065,48.745274],[38.933665,48.746024],[38.935055,48.746854],[38.936959,48.747117],[38.938279,48.746682],[38.938858,48.745812],[38.937957,48.744071],[38.934352,48.742911],[38.932464,48.736798],[38.934009,48.735779],[38.943707,48.733854],[38.946067,48.734449],[38.956946,48.734067],[38.961045,48.736515],[38.961217,48.739911],[38.95993,48.742911],[38.961131,48.746137],[38.964092,48.746194],[38.966946,48.745204],[38.969832,48.743746],[38.972563,48.743584],[38.974997,48.744763],[38.978812,48.744892],[38.981216,48.743845],[38.982332,48.742189],[38.982203,48.740286],[38.984456,48.73758],[38.989541,48.734987],[38.991437,48.730608],[38.998389,48.724267],[38.999333,48.719624],[38.998046,48.717472],[38.993918,48.716189],[38.988862,48.715207],[38.984742,48.713621],[38.984305,48.711828],[38.986923,48.710158],[38.991923,48.710002],[38.996922,48.711602],[38.998986,48.711196],[38.998218,48.707674],[38.999505,48.703993],[38.999848,48.700198],[39.001815,48.698007],[39.004826,48.696345],[39.015548,48.694891],[39.015727,48.68864],[39.014354,48.683427],[39.016367,48.680943],[39.019582,48.679139],[39.020276,48.675606],[39.020534,48.672262],[39.023881,48.669882],[39.026284,48.667274],[39.027486,48.663249],[39.025426,48.661974],[39.021649,48.662399],[39.018559,48.6641],[39.01298,48.664043],[39.009633,48.662626],[39.010316,48.660084],[39.012372,48.658336],[39.019153,48.656975],[39.028508,48.653006],[39.032206,48.652874],[39.033447,48.651976],[39.035546,48.648243],[39.038082,48.647185],[39.042678,48.646466],[39.054866,48.647033],[39.07435,48.650436],[39.075894,48.651626],[39.084907,48.650662],[39.098554,48.650889],[39.103618,48.649869],[39.111936,48.653347],[39.116828,48.656748],[39.123187,48.660018],[39.127307,48.660471],[39.139488,48.65964],[39.141984,48.660868],[39.142671,48.663533],[39.141641,48.665063],[39.141898,48.66665],[39.144512,48.670911],[39.148672,48.675285],[39.151941,48.676286],[39.157434,48.675379],[39.163349,48.675739],[39.174249,48.680329],[39.181638,48.68575],[39.185415,48.693399],[39.1909,48.69982],[39.191330707585905,48.700237599984625],[39.19133,48.703409],[39.19132979418813,48.7043313458958],[39.1930562,48.7069936],[39.19451024243994,48.70735867621637],[39.196487,48.7065417],[39.19649559687128,48.70648986577631],[39.196508,48.706513],[39.197517,48.706485],[39.198354,48.705777],[39.199148,48.702265],[39.200371,48.699999],[39.20157499099423,48.6994045],[39.2053276,48.6994045],[39.2106491,48.703483],[39.2139107,48.7055222],[39.219833,48.706655],[39.2244678,48.71011],[39.2283302,48.7120356],[39.2334801,48.7121489],[39.235226184396176,48.71115625048418],[39.23599,48.711088],[39.237390807963465,48.710323745961006],[39.2397382,48.7104122],[39.2462613,48.7135838],[39.2479855,48.7175855],[39.2490154,48.7208699],[39.2493587,48.7242673],[39.2545086,48.7323068],[39.2505604,48.7398923],[39.2523553,48.7425716],[39.2658307,48.7430244],[39.2670324,48.7454015],[39.2656666,48.751438],[39.2690065,48.7544563],[39.2749363,48.7540411],[39.27502452883616,48.75350298891013],[39.276658,48.752333],[39.278380904972224,48.75001878847607],[39.2812878,48.750193],[39.285486,48.7516834],[39.2851426,48.7545129],[39.2859226,48.7585679],[39.2880976,48.7610334],[39.2931324,48.7625286],[39.2982822,48.7653574],[39.3012788,48.7686011],[39.3024021,48.7714671],[39.3042904,48.7737297],[39.3090894,48.7754457],[39.3142467,48.7758792],[39.3193033,48.7769163],[39.32392883144719,48.77597182293609],[39.324546,48.776049],[39.326256,48.775559],[39.327972,48.773692],[39.327483,48.772108],[39.326084,48.770015],[39.32653646111835,48.76852771932967],[39.3308979,48.7676203],[39.3377644,48.7672809],[39.3435075,48.7693931],[39.3487507,48.7696569],[39.35044885323458,48.76852079426106],[39.351063,48.768547],[39.352781,48.767941],[39.354502,48.766828],[39.353893,48.76549],[39.351326,48.763094],[39.349172,48.762152],[39.34565076308006,48.76167754134805],[39.34548403719633,48.76161120933275],[39.3442075478882,48.76016550412096],[39.343201750639,48.757884605248265],[39.343138,48.757361],[39.346176,48.751042],[39.347027,48.750212],[39.34720430498166,48.745820977744664],[39.34773364011165,48.744938105589064],[39.349266,48.742496],[39.349712935727936,48.742221058919775],[39.3545872,48.7404583],[39.35593827298751,48.7383914233728],[39.358192,48.737005],[39.358871,48.736175],[39.358875,48.733901],[39.354072,48.729646],[39.353722,48.726891],[39.35520640890127,48.72526823074841],[39.35535449408979,48.72518807655447],[39.36152700125812,48.72230633374998],[39.3667676,48.7212287],[39.37129282344461,48.71994468727214],[39.372604,48.71987],[39.374183,48.718652],[39.373787,48.717492],[39.37208,48.715934],[39.370458,48.715962],[39.36966493458486,48.716096112371815],[39.3684842,48.7156225],[39.3629911,48.7159057],[39.3574979,48.7146032],[39.3541312,48.713131],[39.3486381,48.7133575],[39.348205658878335,48.71316862794239],[39.346855,48.712224],[39.348657,48.708713],[39.350503,48.707637],[39.35502047456306,48.698997433509945],[39.3585944,48.6963646],[39.35862916926477,48.69634445991765],[39.360311,48.695798],[39.36589,48.692229],[39.367316,48.691974],[39.37261356631552,48.68912562718349],[39.3792927,48.6863068],[39.379449576915505,48.686276128090675],[39.379557,48.686279],[39.37970517334686,48.68622615496021],[39.38496368255226,48.68519803353774],[39.389599,48.684749],[39.390929,48.683758],[39.38917,48.680386],[39.390524,48.678799],[39.395286002106175,48.676124319829476],[39.4010141,48.6751152],[39.404667006722796,48.67403836580973],[39.405821,48.673812],[39.411724,48.670524],[39.41387,48.668427],[39.413526,48.66684],[39.408205,48.661454],[39.408033,48.65981],[39.410694,48.657656],[39.4174939,48.6594132],[39.4372315,48.656471],[39.4460721,48.6575482],[39.4506911,48.6555581],[39.45071033327692,48.65543803158289],[39.452373,48.65471],[39.453385,48.652812],[39.451308,48.651708],[39.45130697267513,48.65170711078569],[39.449770658330486,48.64968447660699],[39.449575,48.644557],[39.45164,48.641033],[39.454215,48.639786],[39.45421652309342,48.63978548350432],[39.4597939,48.6397288],[39.4639249,48.6394589],[39.464936359321925,48.63866351254764],[39.465813,48.638665],[39.4686795,48.6376897],[39.4654267,48.6335035],[39.467163120297464,48.628707824789274],[39.4673041,48.6286963],[39.47225306329047,48.629083941456294],[39.4758449,48.6294616],[39.47913782014075,48.62924868619794],[39.4856719,48.6304265],[39.489234,48.6316177],[39.4939976,48.6333762],[39.4997482,48.6341987],[39.5026236,48.6349644],[39.5069262,48.6355453],[39.5101878,48.6354886],[39.51021267727084,48.63547978900633],[39.5116376,48.6357039],[39.5165791,48.6337256],[39.5183434,48.6302723],[39.5175713,48.6266987],[39.5129236,48.6221295],[39.5280545,48.6128737],[39.5298325,48.6093625],[39.5245243,48.6026385],[39.5269318,48.5985413],[39.5341908,48.5967686],[39.5350124,48.5928382],[39.5292488,48.5912185],[39.5306906,48.5856913],[39.538485850588145,48.5842699],[39.54109709093235,48.5842699],[39.54167897142203,48.58439050504185],[39.5459666,48.5873358],[39.545795,48.5923318],[39.5476832,48.5969867],[39.5545497,48.5995978],[39.56028300654496,48.59878533373229],[39.5635639,48.5990889],[39.5694136,48.5911155],[39.5640858,48.5845992],[39.57053530826175,48.58279979361064],[39.5749042,48.5842434],[39.5822857,48.5889558],[39.5931736,48.5936943],[39.596896619670055,48.59262365602721],[39.600613,48.5928753],[39.6064064,48.5886179],[39.6058783,48.5855209],[39.5968664,48.5795022],[39.6010726,48.5749594],[39.60384168246036,48.57470686372909],[39.6094814,48.5750709],[39.6148029,48.5799545],[39.6173778,48.5863139],[39.6221845,48.5868816],[39.622221072249445,48.58685539041313],[39.6236025,48.5870259],[39.63304627028641,48.58148844883324],[39.6408956,48.5830207],[39.6505086,48.5854054],[39.6693907,48.5892104],[39.67029100407575,48.58902258014425],[39.6713252,48.5892403],[39.6769896,48.5890127],[39.687271,48.587084],[39.68737256076919,48.58706756968308],[39.6871715,48.5871712],[39.6868866,48.5876325],[39.686900729870096,48.587731141001626],[39.6867813,48.587899],[39.68668217165695,48.58955021863908],[39.686528,48.5897173],[39.6851367,48.5900255],[39.6840462,48.590678],[39.6831686,48.5914646],[39.6831728,48.5918393],[39.683255385479484,48.592037768657725],[39.6832039,48.5922585],[39.68308703990369,48.59244389458888],[39.6829996,48.59255070000001],[39.68298893605905,48.59255301321931],[39.68038343908676,48.5924726867992],[39.6797336,48.5920887],[39.67949502777586,48.59183177606631],[39.6795663,48.5907721],[39.679453323664454,48.59067891433586],[39.6793925,48.590404],[39.6790867,48.5901895],[39.678553,48.5900294],[39.6777623,48.5901408],[39.6772473,48.5904516],[39.6764335,48.5909593],[39.6760741,48.5913555],[39.6758528,48.5917354],[39.6757136,48.5922505],[39.6754562,48.5930898],[39.6753971,48.5934083],[39.6754772,48.5938613],[39.6755433,48.5940947],[39.6759033,48.5945396],[39.6760739,48.5946759],[39.6763107,48.5948764],[39.67693580000001,48.595227],[39.676995830775546,48.59525150723209],[39.6776172,48.5955983],[39.6778934,48.5959346],[39.6781588,48.5960084],[39.6785758,48.5959282],[39.6788594,48.5957461],[39.6792265,48.5956551],[39.6795281,48.5956664],[39.6799471,48.5958778],[39.6802961,48.5961751],[39.6804492,48.5964443],[39.6802789,48.5968557],[39.6800651,48.5971643],[39.679883,48.5973363],[39.6794809,48.5975891],[39.6789418,48.5978786],[39.6785596,48.5980163],[39.6781432,48.5980497],[39.6778663,48.5980689],[39.67669,48.5979496],[39.6760054,48.597592],[39.67562591447267,48.59715655236643],[39.6756015,48.5971087],[39.67556105311666,48.597082126012985],[39.6753734,48.5968668],[39.6750252,48.5966745],[39.6744649,48.5962874],[39.6736698,48.5958739],[39.67358836666763,48.59584927414554],[39.6735361,48.5958187],[39.673403092101964,48.59579324617326],[39.6728216,48.5956174],[39.6718074,48.5954395],[39.6708927,48.5954641],[39.6701671,48.5956254],[39.6693878,48.5959641],[39.6688087,48.5964385],[39.668283,48.5971583],[39.6679343,48.5980007],[39.667996,48.5990889],[39.668134,48.5998885],[39.6680529,48.6008843],[39.6679253,48.6010269],[39.6679908,48.6013255],[39.6684366,48.6017799],[39.6688395,48.6022627],[39.6698218,48.6026533],[39.6706992,48.6032318],[39.6710521,48.6037481],[39.6707863,48.6040759],[39.6704174,48.6044668],[39.6695892,48.6047758],[39.6685099,48.6049728],[39.6676591,48.6050358],[39.6664075,48.6050248],[39.6658274,48.6049412],[39.6653142,48.6048023],[39.6649271,48.6047451],[39.6643258,48.6047355],[39.6638694,48.6047721],[39.6635902,48.6048148],[39.6632896,48.6049213],[39.6627422,48.6052228],[39.6625114,48.6053594],[39.662227,48.6054677],[39.6615102,48.605689],[39.6612372,48.6058355],[39.6610393,48.6060352],[39.6609018,48.6068238],[39.6608448,48.6069384],[39.6607233,48.6070602],[39.6604859,48.607357],[39.6604186,48.6075887],[39.6604022,48.6079245],[39.6605544,48.6082334],[39.6606368,48.6085139],[39.6606098,48.6086508],[39.6605346,48.6088178],[39.6605449,48.609056],[39.6605502,48.6091683],[39.6606038,48.6092381],[39.6607806,48.6094982],[39.6609214,48.6097445],[39.6610889,48.6100864],[39.6611921,48.6106395],[39.661374,48.6108749],[39.6616525,48.6110322],[39.6621986,48.6115314],[39.6625839,48.6119454],[39.662935,48.6121491],[39.66322764702587,48.61240560079195],[39.66338776739205,48.61258182438168],[39.6635744,48.6128191],[39.6637124,48.6131151],[39.6639739,48.613968],[39.6641689,48.6147775],[39.6647815,48.6153099],[39.6648142,48.6153916],[39.664801,48.6156045],[39.6647837,48.6157997],[39.6648502,48.6160479],[39.6650577,48.6162785],[39.6651374,48.6164611],[39.6653002,48.61672],[39.6656243,48.6172956],[39.666045,48.6178038],[39.6661261,48.6179664],[39.6660999,48.6183275],[39.6663742,48.6188943],[39.6664898,48.6194331],[39.66681807662188,48.61987957558263],[39.6669535,48.62010890000001],[39.66696306160809,48.62012030227035],[39.6671694,48.6205357],[39.6678501,48.6214328],[39.6681564,48.6215784],[39.6689563,48.6224473],[39.6715158,48.6244793],[39.674569,48.6265112],[39.6775967,48.6281851],[39.6799904,48.6295751],[39.6843417,48.6316882],[39.6856388,48.6322271],[39.6869359,48.63261],[39.6876644,48.6328794],[39.6884358,48.6333474],[39.6901616,48.6352487],[39.6905557,48.6354831],[39.6910786,48.6356182],[39.6927871,48.636122],[39.6934638,48.6365563],[39.6939191740188,48.63696064616399],[39.69400137869894,48.63710158830983],[39.6941143,48.6374381],[39.6942955,48.6377768],[39.69432691085561,48.638064343946766],[39.6942514,48.638611],[39.6942298,48.6391483],[39.69425772257248,48.63929607361425],[39.6942681,48.6397507],[39.6940279,48.6406189],[39.6938756,48.6412941],[39.693853,48.6419082],[39.6937345,48.6429313],[39.6935357,48.643294],[39.6930179,48.6436313],[39.6926839,48.6437716],[39.6921199,48.6442103],[39.6915804,48.6449756],[39.6913091,48.6454785],[39.6911652,48.6458313],[39.6911041,48.6463816],[39.6912983,48.6466383],[39.6915783,48.6468311],[39.6918744,48.6470488],[39.6920064,48.6473011],[39.6920724,48.6475124],[39.6920793,48.6477874],[39.6922441,48.6478757],[39.6924472,48.6480262],[39.6926855,48.648284],[39.6929147,48.6485493],[39.6931848,48.6489407],[39.6933843,48.6491063],[39.6935596,48.6493551],[39.6938673,48.6495491],[39.6942063,48.6496248],[39.6944294,48.649691],[39.6946188,48.6498056],[39.6948315,48.6500064],[39.6949673,48.6500661],[39.6952633,48.6502767],[39.6957599,48.6505007],[39.6965125,48.6507792],[39.6967382,48.650871],[39.6969961,48.650938],[39.6972544,48.6510507],[39.6982344,48.6517523],[39.6986122,48.6520021],[39.698962,48.6522404],[39.6994481,48.6525297],[39.7000881,48.6527027],[39.7006656,48.6528069],[39.7011475,48.6529476],[39.701662,48.6531632],[39.7018442,48.6532471],[39.7020747,48.6533059],[39.7022027,48.6533473],[39.7022825,48.6533939],[39.7028811,48.6540065],[39.7034439,48.6545884],[39.7039344,48.6548865],[39.7042212,48.6551137],[39.7045641,48.6555114],[39.7046202,48.6557244],[39.7047153,48.6559585],[39.7050526,48.6563165],[39.7051407,48.6564565],[39.7052492,48.656608],[39.7054537,48.6567051],[39.7057275,48.656711],[39.7059986,48.6567743],[39.7061771,48.6569299],[39.7063155,48.6569671],[39.7065077,48.6569758],[39.7066837,48.6569138],[39.7068576,48.6568083],[39.7070089,48.6566705],[39.7071436,48.656467],[39.707172760319196,48.65642561631413],[39.70816062920793,48.65550450886568],[39.7081732,48.6554956],[39.70822653562211,48.65544305649109],[39.70893603190379,48.65478150887364],[39.7090583,48.6547099],[39.7093378,48.6546274],[39.7094963,48.6546109],[39.7096748,48.6546505],[39.7099598,48.6546721],[39.7101506,48.6547325],[39.7103077,48.6548061],[39.710523,48.6549847],[39.710674,48.6551667],[39.7107643,48.6552878],[39.7108658,48.6556779],[39.7109326,48.6561812],[39.710817,48.6570708],[39.7105175,48.6576088],[39.7099015,48.6586004],[39.7095831,48.6593687],[39.7095178,48.6600807],[39.7095089,48.6608032],[39.7096748,48.6620796],[39.7096036,48.662505],[39.7101117,48.6630013],[39.710577,48.6640432],[39.7107024,48.6644154],[39.7107221,48.6649983],[39.7109573,48.6656653],[39.7110423,48.6665307],[39.7109857,48.6667014],[39.7104531,48.6671552],[39.7103517,48.6672544],[39.7101752,48.6673111],[39.7097255,48.6674954],[39.7091364,48.6675451],[39.7087452,48.6674636],[39.7079918,48.6670544],[39.7073039,48.666779],[39.7068101,48.6667863],[39.7063163,48.6668255],[39.7060895,48.6667884],[39.7053263,48.6668257],[39.7050056,48.6667354],[39.7046253,48.6666053],[39.7044674,48.666565],[39.7040907,48.6665555],[39.7039238,48.6665631],[39.7037035,48.6666148],[39.7034565,48.6666948],[39.70334704472288,48.66695105122378],[39.7030239,48.6671325],[39.7024966,48.6685596],[39.7018448,48.6695154],[39.70261510000001,48.6705704],[39.70308850791774,48.67089309063652],[39.7031336,48.6710534],[39.70367579604242,48.671293405822794],[39.7037465,48.6713416],[39.70388894748214,48.67138775838657],[39.7128525589882,48.67535554639394],[39.7129829,48.6754735],[39.7130193,48.6755172],[39.713097766977995,48.675611203099585],[39.71360819629208,48.677087274594086],[39.7136064,48.6772026],[39.7139704,48.679717],[39.7140824,48.6799759],[39.7141734,48.6801422],[39.7143764,48.6802948],[39.714773840960774,48.68045811326007],[39.7150141,48.6811529],[39.7221411,48.6841479],[39.719208455885585,48.68726040317598],[39.7186735,48.6873085],[39.7182699,48.6879578],[39.71772435619832,48.68883552269607],[39.71751657085386,48.68905605151556],[39.7170921,48.6892513],[39.71689912070932,48.68971136987704],[39.7162223,48.6904297],[39.7154943,48.6958368],[39.7199163,48.6980713],[39.7148328458882,48.70065205626198],[39.7143256,48.700466],[39.71241590000001,48.70073220000001],[39.71201,48.7008443],[39.7119352,48.700865],[39.711645,48.7012297],[39.7114491,48.7016845],[39.7108951,48.70201880000001],[39.7092085,48.70261820000001],[39.7068535,48.7037883],[39.70563337665142,48.705322421591845],[39.7027562,48.7067831],[39.706858827821954,48.71013582632111],[39.7070885,48.7114007],[39.7075831,48.7120502],[39.7088512,48.71211990000001],[39.70917058137959,48.71202502449773],[39.710997,48.7135176],[39.70868815660627,48.7165422207206],[39.7073948,48.717203],[39.7073245,48.7180007],[39.7072716,48.7183421],[39.70714990580647,48.71855735316969],[39.70708244618174,48.71864572632628],[39.7066229,48.71893090000001],[39.7046294,48.7197926],[39.7043076,48.7205075],[39.704575,48.7209425],[39.705118119786846,48.721219024425295],[39.7048186,48.7216114],[39.7226976,48.734258],[39.72523879386391,48.73649971533101],[39.72523990000001,48.73650210000001],[39.72531140000001,48.736733],[39.7256812,48.7375935],[39.7256564,48.7377854],[39.7254433,48.7378936],[39.7252973,48.738018300000014],[39.72527090000001,48.7381801],[39.725333,48.738403],[39.7252497,48.738955300000015],[39.72525370000001,48.7394125],[39.72510970000001,48.739886],[39.72509510000001,48.740331],[39.72519610000001,48.7404579],[39.7262228,48.7407739],[39.727535,48.7410039],[39.72825310000001,48.7409972],[39.72915610000001,48.7411497],[39.7306641,48.7417117],[39.7312439,48.7418444],[39.7318555,48.742403],[39.7318946,48.7431975],[39.7319204,48.7437225],[39.7320738,48.7441501],[39.73274220000001,48.7446362],[39.733696,48.74517380000001],[39.7346863,48.7449206],[39.7347243543458,48.74486740685484],[39.73822605278722,48.747956431738835],[39.7370786,48.7487854],[39.7370453,48.7490756],[39.7368798,48.7493427],[39.7366883,48.7494842],[39.7366287,48.7502681],[39.7368358,48.7506992],[39.7347975,48.7513494],[39.7346047,48.7514151],[39.7342783,48.7515746],[39.7338557,48.7526062],[39.7335887,48.7527316],[39.7330392,48.75273230000001],[39.7326544,48.7526657],[39.7323275,48.7525557],[39.7320993,48.75233830000001],[39.7319179,48.7519523],[39.7317831,48.7515361],[39.7316098,48.7513814],[39.731421,48.7512811],[39.7308502,48.7511116],[39.73055820000001,48.7510517],[39.7302633,48.75088739999999],[39.7301824,48.7505971],[39.7302799,48.7502776],[39.730671,48.7498939],[39.7309881,48.749485],[39.7312675,48.749005],[39.7313581,48.74879220000001],[39.731239,48.74851370000001],[39.7309271,48.7483466],[39.73045,48.74838],[39.7300239,48.7484989],[39.7296774,48.7486748],[39.7291964,48.7489672],[39.728502800000015,48.7491774],[39.727682,48.7493166],[39.72670270000001,48.7498791],[39.7262636,48.7511251],[39.72555120000001,48.7523718],[39.7259686,48.7529211],[39.72708,48.75355],[39.7274261,48.7539422],[39.7277699,48.7542813],[39.7286755,48.7542092],[39.72948,48.75423],[39.7305755,48.7546378],[39.7313046,48.7547814],[39.732092,48.7550601],[39.73223690000001,48.7556486],[39.7319767,48.7558435],[39.730847,48.7562198],[39.7301845,48.756728],[39.7300375,48.7574625],[39.7302515,48.758121],[39.730767,48.7592074],[39.7329364,48.759881],[39.7336,48.75973],[39.73446,48.75973],[39.7357841,48.7597818],[39.7360231,48.7602941],[39.7362956,48.760554],[39.7362557,48.760746],[39.7360022,48.7608266],[39.7357584,48.7609292],[39.7357535,48.7610931],[39.7358901,48.7613213],[39.7360412,48.7613438],[39.7362118,48.7614531],[39.7365225,48.7614646],[39.7367002,48.7615785],[39.7367314,48.7617541],[39.7366606,48.7620231],[39.7366861,48.7621445],[39.73675590000001,48.76230270000001],[39.7369918,48.7626006],[39.7368506,48.7628576],[39.736636,48.7629991],[39.736519,48.76315980000001],[39.736497,48.763332100000014],[39.7367409,48.7638473],[39.7368278,48.7640307],[39.7366995,48.7642192],[39.7364657,48.7644328],[39.7366325,48.7646905],[39.7369855,48.7647881],[39.7374908,48.7651661],[39.7378765,48.7656976],[39.738671,48.7662548],[39.739267,48.7665625],[39.7401076,48.7664822],[39.7407733,48.7662778],[39.74079217335296,48.76626673648928],[39.7413928,48.7719121],[39.745626352238915,48.77071],[39.74596,48.77071],[39.74647,48.77088],[39.7471805,48.7713148],[39.7478414,48.7723765],[39.749175,48.7728131],[39.7509539,48.7727346],[39.7525825,48.7718992],[39.7531651,48.7712444],[39.7533298,48.77055],[39.7527805,48.7702255],[39.75214,48.77003],[39.75055736460097,48.76930985902478],[39.75474173697577,48.76812172344788],[39.755077,48.76812560000001],[39.755673,48.767929],[39.755726138432884,48.76784220664383],[39.7651843,48.7651566],[39.76803487519083,48.76998188182462],[39.7670487,48.770549],[39.76543510000001,48.7710118],[39.7637954,48.7710471],[39.7630887,48.7715492],[39.76258820000001,48.7724146],[39.76299130000001,48.7734087],[39.7636892,48.7743906],[39.7639812,48.7745896],[39.7648029,48.7750496],[39.7653276,48.77537580000001],[39.7656444,48.7758096],[39.76559,48.7760902],[39.7653771,48.7775809],[39.765392,48.7778484],[39.765779,48.7785666],[39.7666502,48.7793744],[39.7681345,48.7798806],[39.7692787,48.7805045],[39.7705689,48.781777],[39.7707786,48.7825073],[39.7721176,48.783795],[39.7729298,48.7841778],[39.7737693,48.7844747],[39.77665521582259,48.7845738747341],[39.7842896,48.7974969],[39.78529499801727,48.80088747892279],[39.7807889,48.805724],[39.7802673,48.8067571],[39.7800297,48.8072136],[39.7800642,48.8076447],[39.7799178,48.8080843],[39.7800857,48.8088983],[39.7799694,48.8092386],[39.7797347,48.8099531],[39.7801138,48.8121202],[39.7816748,48.8135238],[39.7825562,48.8140447],[39.7840046,48.815869],[39.7843847,48.8161525],[39.7846204,48.8163851],[39.7847621,48.8164835],[39.78510590000001,48.8163876],[39.7853232,48.8161182],[39.7856147,48.8160484],[39.7861111,48.8162107],[39.7865527,48.8165435],[39.7864148,48.8171741],[39.7870049,48.8175668],[39.7872388,48.8178341],[39.7874453,48.8183853],[39.7872168,48.8190546],[39.7869678,48.8196356],[39.7863944,48.8207924],[39.7861148,48.8211715],[39.7855377,48.8217188],[39.785077,48.8223767],[39.785077,48.8232455],[39.78561230000001,48.8242621],[39.7862684,48.8247516],[39.787117,48.8249953],[39.7881888,48.824895],[39.7887666,48.8246305],[39.7892106,48.824392],[39.7895906,48.8244977],[39.7900567,48.8236158],[39.7902241,48.8231422],[39.7910931,48.8226908],[39.79177629345988,48.822744836250564],[39.79338551305205,48.82817172782747],[39.793113900000016,48.82801030000001],[39.79210590000002,48.8280908],[39.7916349,48.8284443],[39.791489,48.8291665],[39.7918721,48.8300002],[39.792012600000014,48.8317104],[39.7919112,48.8327511],[39.792125800000015,48.8335166],[39.7922175,48.8346469],[39.7918527,48.8347349],[39.791555,48.8351893],[39.7916478,48.8359079],[39.7922497,48.8363912],[39.793373,48.8368075],[39.7947077,48.8368044],[39.7954346,48.8370374],[39.796057,48.8375009],[39.79619187525856,48.83763583297155],[39.79628145641629,48.83793793420912],[39.7962462,48.8387131],[39.79631060000001,48.8396774],[39.7969012,48.8403097],[39.797005129719,48.84037843180809],[39.7971076,48.840724],[39.79816116360418,48.84114295133064],[39.7985813,48.8414208],[39.7998736,48.8422279],[39.8001048,48.8426021],[39.8011107,48.8428655],[39.8026347,48.842982],[39.802742305555114,48.84296465009525],[39.80356210020765,48.84329064281098],[39.8035633,48.8432937],[39.8039018,48.8435465],[39.80451164963605,48.843668232730515],[39.8046534,48.8437246],[39.80475035248865,48.84366281766785],[39.8050267,48.843604],[39.8057246,48.8430957],[39.805766193190976,48.84301547989895],[39.8121452,48.8389505],[39.83387188785255,48.83287938737927],[39.88243,48.82204],[39.88672,48.82084],[39.8917,48.81895],[39.9087454300927,48.81195738995666],[39.9727261,48.7940792],[40.0757229,48.8691114],[40.04959855339065,48.91018340501481],[40.0487751,48.9101255],[40.0482173,48.910317],[40.0478325,48.9107361],[40.0472389,48.9108878],[40.0468101,48.9108155],[40.0461266,48.9111551],[40.0458965,48.9116757],[40.0450679,48.9122662],[40.0449042,48.9124713],[40.0450687,48.9128039],[40.0458052,48.9134106],[40.0458932,48.9137678],[40.04602,48.91405],[40.04534,48.91439],[40.04413,48.91439],[40.0425766,48.91444339999999],[40.0412464,48.914783],[40.0405233,48.9148562],[40.0398755,48.9148779],[40.0391466,48.9146529],[40.0384582,48.9141618],[40.0379863,48.9132121],[40.0370662,48.9130778],[40.036728,48.9130638],[40.0362502,48.9132982],[40.03599230000001,48.9136382],[40.0360963,48.9142311],[40.03658,48.91491],[40.036591,48.91521],[40.036311733315436,48.91552145774327],[40.02869821791188,48.91236129080353],[40.02954,48.91199],[40.02834,48.91165],[40.02729651905364,48.911779483037144],[40.02438826985467,48.91057234645385],[40.02371,48.90976],[40.02302,48.90959],[40.02233,48.90959],[40.021963120472925,48.90956573170443],[40.01980292552709,48.90866909246627],[40.021333,48.9070098],[40.0215199,48.9059332],[40.0210692,48.9053768],[40.0207174,48.9052684],[40.0201677,48.9052973],[40.0195509,48.9050748],[40.0179332,48.9030188],[40.0173639,48.9026243],[40.0174727,48.9021756],[40.01279529643125,48.90186439013346],[39.998645722078955,48.88548969390095],[39.99779,48.88298],[39.9932321,48.8682063],[39.98468170476293,48.86932973487728],[39.9837124,48.868208],[39.97971047939846,48.86998290327505],[39.9742253,48.8707036],[39.962058,48.8721057],[39.9535752,48.8746491],[39.9527783,48.8750545],[39.9520637,48.8751846],[39.9512942,48.8755245],[39.9510523,48.8760884],[39.9505356,48.8762692],[39.9503158,48.8761029],[39.94921,48.87628],[39.94749,48.87714],[39.94697,48.87783],[39.94629,48.87852],[39.94474,48.87955],[39.942,48.88504],[39.93736,48.8883],[39.93685,48.88899],[39.93684856277787,48.88899271475291],[39.933641958015684,48.89041488522076],[39.9324973,48.8906808],[39.9322198596765,48.891045604130746],[39.931992185182985,48.89114658069785],[39.9311758,48.8913861],[39.93113341445748,48.89152745656346],[39.9246609,48.8943981],[39.90656063313471,48.8943981],[39.8761781,48.8920256],[39.875427,48.8931444],[39.8713226,48.8924776],[39.87179,48.89173],[39.85239,48.89053],[39.84639133105748,48.901043739498185],[39.84392259185331,48.90170766400957],[39.8437692,48.9015025],[39.84312,48.90118],[39.8422851,48.9009533],[39.8417904,48.90104],[39.8410758,48.9014591],[39.84059050929505,48.90230983020336],[39.834412156401335,48.89790958053361],[39.834474,48.8976944],[39.8347149,48.8973673],[39.8348282,48.897282],[39.8355499,48.8969288],[39.8356452,48.89634],[39.835881,48.8958393],[39.8361586,48.8950115],[39.8360171,48.8936806],[39.8358472,48.8929639],[39.8342694,48.8913323],[39.8336064,48.8901435],[39.83265,48.88813],[39.8320593,48.887623],[39.8315948,48.8872832],[39.8308289,48.8869516],[39.8284752,48.8866323],[39.826994,48.8864598],[39.8267868,48.8870067],[39.82698,48.88779],[39.82715,48.88933],[39.8263,48.89019],[39.82578,48.89053],[39.82529015838723,48.89141285406953],[39.8244107,48.8907865],[39.82383793539004,48.89257498700243],[39.82304,48.89294],[39.82183,48.89431],[39.81857,48.89585],[39.81823,48.89654],[39.81823,48.89723],[39.81892,48.89843],[39.81943,48.8986],[39.821626408786365,48.899480592756355],[39.81980372607022,48.90517201343892],[39.8188003,48.905483],[39.81823,48.9077],[39.81668,48.9077],[39.81565,48.90787],[39.81514,48.90873],[39.81291,48.91062],[39.81016,48.9113],[39.80982,48.91147],[39.8084359,48.9127168],[39.808303,48.9130831],[39.8073618,48.9135874],[39.8066477,48.9139992],[39.8056913,48.9144406],[39.8045867,48.9146693],[39.8028493,48.9146977],[39.8011848,48.9145074],[39.79913480000001,48.914339],[39.79807010000001,48.9140457],[39.7976046,48.9135297],[39.7975872,48.9126594],[39.79802280000001,48.912167],[39.7978834,48.9115257],[39.7971688,48.9107675],[39.7954811,48.9105759],[39.79433680000001,48.9108285],[39.7932486,48.9112967],[39.7931218,48.911961],[39.793335700000014,48.9124647],[39.7937006,48.913073],[39.794001,48.9136247],[39.7939979,48.9141366],[39.79352830000001,48.9147048],[39.7928832,48.9150707],[39.792176300000015,48.9152245],[39.7911425,48.9150939],[39.79031190000001,48.91486159999999],[39.7891853,48.9147077],[39.7851639,48.9148809],[39.7831811,48.9151287],[39.7822091,48.9154452],[39.7818292,48.9159881],[39.7817718,48.9166882],[39.7802503,48.9179725],[39.77807230000001,48.9198732],[39.7765041,48.9206861],[39.7759296,48.9215436],[39.7748004,48.9232286],[39.7745822,48.9241424],[39.7739964,48.924514],[39.77445,48.92504],[39.77514,48.92538],[39.77566,48.92555],[39.77806,48.92589],[39.77892,48.92641],[39.77926,48.92778],[39.77923530000001,48.9279299],[39.77916110406805,48.92837938192082],[39.769479,48.9304998],[39.77810714814459,48.93819140446892],[39.77789,48.93825],[39.77651,48.93843],[39.776,48.93928],[39.77566,48.93997],[39.77516230000001,48.9404168],[39.77377,48.94117],[39.77308,48.94117],[39.7719727,48.9432951],[39.7726179,48.9442968],[39.7724295,48.9460761],[39.7729116,48.9463818],[39.77377,48.94958],[39.7748,48.94976],[39.7784276,48.9518566],[39.77771820000001,48.9521591],[39.777306,48.9525981],[39.7767936,48.9526639],[39.7755347,48.952503],[39.7743316,48.9529346],[39.7740753,48.9532272],[39.77377,48.95319],[39.7728945,48.9530005],[39.7714462,48.9525249],[39.7706887,48.9526566],[39.7700314,48.9530517],[39.7697974,48.9535052],[39.7698197,48.954266],[39.7693741,48.9548513],[39.7677365,48.9560217],[39.76652220000001,48.9566947],[39.7646395,48.9579473],[39.7645087,48.9581272],[39.7647649,48.9585668],[39.76604,48.95868],[39.7660203,48.9593289],[39.766711,48.9599287],[39.7665996,48.960748],[39.7660314,48.9610186],[39.7653296,48.9611356],[39.7632575,48.9610771],[39.7628787,48.9612307],[39.762745,48.9616696],[39.76313490000001,48.9624156],[39.76299010000001,48.9628984],[39.762344,48.9632568],[39.7610294,48.9634616],[39.7606075,48.9637941],[39.7606061,48.9643978],[39.7609737,48.9648],[39.762176900000014,48.9651218],[39.7638862,48.9662498],[39.76413130000001,48.9669686],[39.76407109643971,48.96730735027767],[39.76289932196148,48.9682429217461],[39.7626115,48.9683311],[39.7613368,48.968299],[39.7603235,48.9679556],[39.75931030000001,48.9670866],[39.7587056,48.9669042],[39.757676,48.967033],[39.7570224,48.96768739999999],[39.7569733,48.9688997],[39.7567936,48.9700477],[39.7571794,48.9702516],[39.758093,48.9702662],[39.7592776,48.9705197],[39.7597564225267,48.97075228433588],[39.75330573179173,48.97590266294152],[39.75214,48.97619],[39.7507363,48.9772744],[39.7493256,48.9779188],[39.74875930000001,48.978791],[39.74853980000001,48.9795419],[39.74855205771591,48.97969810474213],[39.74189469996986,48.98501349100293],[39.7413862,48.9847825],[39.7398164,48.9838946],[39.7390744,48.9835462],[39.7384236,48.9832653],[39.7364086,48.9826658],[39.7354585,48.982318],[39.7342998,48.9813509],[39.7340282,48.9810062],[39.7334288,48.9806016],[39.733189,48.9801857],[39.7331491,48.9798335],[39.7329265,48.9794327],[39.7321444,48.9789456],[39.7312348,48.9786356],[39.7302721,48.9782787],[39.7300095,48.977994],[39.7299809,48.977713],[39.7301579,48.9772971],[39.7302914,48.9769101],[39.7300912,48.9765479],[39.72869020000001,48.9758783],[39.7274233,48.9756649],[39.7272664,48.9756365],[39.7271301191674,48.97565006555318],[39.7255337,48.9737874],[39.71812763732799,48.981563337067335],[39.71678,48.98237],[39.7169287539188,48.982822095243414],[39.69992188908516,49.00067831878833],[39.6991417,49.000886],[39.698248,49.00082],[39.6970028,49.0001902],[39.6964492,48.9994684],[39.69590390000001,48.999128],[39.6951649,48.9989675],[39.69330080000001,48.9992783],[39.6931072,48.9993494],[39.6927074,48.9985397],[39.6928155,48.99835],[39.6930613,48.998192300000014],[39.693218,48.9979105],[39.6931687,48.9976758],[39.69214280000001,48.996902],[39.6907893,48.9963022],[39.6903767,48.9960841],[39.6901856,48.9957457],[39.6899144,48.995648],[39.6895018,48.99571320000001],[39.6890166,48.995668],[39.6887492,48.9954349],[39.6882907,48.9952319],[39.6872165,48.9944256],[39.68628,48.9940548],[39.6849883,48.9929848],[39.6831155,48.991936],[39.681291,48.9911626],[39.6804837,48.9906435],[39.67833630000001,48.9890861],[39.6761858,48.9898088],[39.6712629,48.9942943],[39.66806301993315,48.99708269257422],[39.660989,49.001724],[39.6664822,49.0422493],[39.6898281,49.0521505],[39.76766956264551,49.0405140975133],[39.76875904283414,49.040896556746084],[39.7983181,49.0611498],[39.80781247794805,49.06011293407609],[39.8112419,49.0603862],[39.812498619605506,49.059601167994536],[39.8147976,49.0593501],[39.8752224,49.0656489],[39.91841789180627,49.057286139323146],[39.9216316,49.0572304],[39.9356472,49.05652135664864],[39.9356472,49.0836411],[39.96345370593329,49.11235719460583],[39.96775,49.1185],[39.97152,49.12382],[39.9776199,49.1299756],[39.9968867,49.148189],[40.00208,49.15129],[40.0047441,49.1540773],[40.0104794,49.160684],[40.0206026,49.16911060000001],[40.031113,49.1797592],[40.0676641,49.1854365],[40.07234965987069,49.18618504257998],[40.08116058844161,49.19074015014671],[40.0935212,49.202979],[40.0954044,49.2042492],[40.107967,49.2110502],[40.10875330000001,49.2116939],[40.1230483,49.2308421],[40.1372536,49.2398385],[40.1631896,49.23849520000001],[40.17209860220138,49.23775363246543],[40.2141132,49.2594745],[40.21140825267233,49.26838337801349],[40.1859301,49.2812231],[40.18554,49.2848657],[40.1855335,49.2849264],[40.1843747,49.2957464],[40.1835497,49.2990257],[40.1840333,49.3009179],[40.1846537,49.3022599],[40.1857948,49.3036547],[40.1847961,49.3041635],[40.1846654,49.3042323],[40.1840826,49.3045311],[40.184796,49.3052276],[40.1862684,49.3067729],[40.1876037,49.3089338],[40.1879579,49.3105662],[40.1884444,49.3129756],[40.1892637,49.3186619],[40.1911078,49.3246588],[40.1922455,49.3291582],[40.19253151009635,49.33055486474858],[40.1876996,49.346469],[40.17139720144138,49.35617531423067],[40.1710439,49.3561617],[40.1706628,49.3561704],[40.1700288,49.35629],[40.1695669,49.3565262],[40.1693396,49.3565797],[40.1689431,49.3566522],[40.1688561,49.3571372],[40.1689141,49.3573703],[40.1688464,49.3574963],[40.1687061,49.3576072],[40.1680963,49.3579442],[40.167762,49.3581169],[40.1675117,49.3582703],[40.1673134,49.3583436],[40.1671055,49.3584727],[40.1668328,49.3586543],[40.1665905,49.3588464],[40.1660284,49.3591948],[40.1657828281944,49.35951806595812],[40.12626673575466,49.38304562290069],[40.1211604,49.3840458],[40.1191913,49.3845812],[40.1163798,49.385012],[40.1143938,49.3857125],[40.1101637,49.388945],[40.1050569,49.3928471],[40.102857,49.3938641],[40.1014762,49.3945575],[40.0977709,49.3968083],[40.0914254,49.4010885],[40.0814736,49.4082222],[40.0800962,49.4084303],[40.0782576,49.4098928],[40.07624740523695,49.41282672154497],[40.0425587,49.4328847],[40.04170532337305,49.44782746600726],[40.0293438,49.453605],[40.0319938,49.4637167],[40.033187,49.4682688],[40.03932020860896,49.48959122036219],[40.037812346445776,49.51599413645351],[40.03761,49.51658],[40.037592,49.5177066],[40.03768697342646,49.518189438776204],[40.0375811,49.5200433],[40.1568107,49.571991],[40.12272384330735,49.61384091248016],[40.1175206,49.6125014],[40.0649602,49.5989679],[40.05805416127981,49.60645899867819],[39.950488,49.5900209],[39.9461737570265,49.589227631866166],[39.94577,49.58868],[39.94457,49.58696],[39.94131,49.5825],[39.94045,49.58113],[39.93753,49.57735],[39.93667,49.57598],[39.93513,49.57392],[39.93461,49.5734],[39.93393,49.57323],[39.92878,49.57134],[39.92569,49.57014],[39.92277,49.56911],[39.92208,49.56877],[39.91934,49.56774],[39.91865,49.56774],[39.91814,49.56756],[39.91745,49.56722],[39.91436,49.56636],[39.91058,49.56499],[39.90766,49.56396],[39.90457,49.56293],[39.89118,49.5583],[39.86853,49.55967],[39.8426511,49.5634351],[39.83969,49.56379],[39.8356616,49.5631781],[39.834452,49.5629944],[39.83179,49.56259],[39.82818,49.5619],[39.8272812,49.5617409],[39.8267391,49.561645],[39.8264277,49.5615899],[39.81462,49.5595],[39.80604,49.55795],[39.78939,49.56859],[39.77891565427416,49.57581482429594],[39.70757068314302,49.60568262383867],[39.7064527,49.6056429],[39.70255820000001,49.605192],[39.6982639,49.6048033],[39.6970324,49.6047981],[39.695577,49.6053837],[39.69343,49.60688],[39.6869073,49.6118303],[39.68605,49.61203],[39.6603,49.61494],[39.6579,49.61666],[39.6559462,49.6184785],[39.64794,49.62593],[39.64485,49.62885],[39.63884,49.63451],[39.63541,49.64241],[39.6346263,49.6451883],[39.62597,49.66335],[39.62047,49.67708],[39.61378,49.69065],[39.6052,49.70129],[39.60297,49.70421],[39.59129,49.71828],[39.59129,49.71914],[39.59198,49.71983],[39.59318,49.72069],[39.60297,49.72824],[39.60537,49.72996],[39.60581039593336,49.73030205509387],[39.570098275317065,49.73642334608462],[39.5652,49.73682],[39.54494,49.73905],[39.5397232,49.7399713],[39.53413,49.74094],[39.52026244547295,49.74496553319019],[39.4457824,49.7577319],[39.429117895702525,49.7580661704384],[39.4278838,49.7577319],[39.42736,49.75759],[39.4264947,49.757057],[39.42598,49.75674],[39.42461,49.75656],[39.41431,49.75382],[39.4033266,49.7495666],[39.4032312,49.7495296],[39.40212,49.74867],[39.39285,49.74472],[39.38976,49.74335],[39.37878,49.73854],[39.37792,49.73888],[39.36521,49.73991],[39.35783,49.74111],[39.30857,49.75279],[39.28522,49.75536],[39.28053245908234,49.76104662027062],[39.2799452,49.7610584],[39.27563896503378,49.766446971679336],[39.27355,49.76824],[39.26514,49.76789],[39.25913,49.77081],[39.25089,49.77648],[39.24883,49.78145],[39.24368,49.78695],[39.2410406,49.7922688],[39.23784,49.79879],[39.22771,49.80738],[39.22977,49.80944],[39.23046,49.81098],[39.23012,49.81253],[39.22823,49.81596],[39.22753620516977,49.82663996428989],[39.178497866112885,49.888003686222476],[39.17679241017434,49.88706112006098],[39.120140008682775,49.84826658132231],[39.1189235,49.8466319],[39.11819,49.84548],[39.11665,49.84394],[39.1105476,49.8379094],[39.10858,49.8369],[39.10755,49.83639],[39.10257,49.83415],[39.09983,49.83295],[39.09322499243117,49.829835665542326],[39.0872519,49.8257454],[39.08168145981038,49.82452962609487],[39.0805682,49.82403],[39.0748164,49.8212661],[39.0707088,49.8193293],[39.0699105,49.8186571],[39.068693,49.8172063],[39.0684175,49.8167046],[39.0668401,49.8156292],[39.0553944,49.8171411],[39.05121453701907,49.81788008163545],[38.9469066,49.7951144],[38.93840485494507,49.80072273755171],[38.9380996,49.8006691],[38.9365604,49.8000962],[38.9340663,49.799632],[38.9336569,49.79952890000001],[38.9335286,49.7992678],[38.9334736,49.7989076],[38.9334256,49.798739],[38.9334813,49.79847560000001],[38.9337511,49.7980371],[38.9337585,49.7978722],[38.9336886,49.79771560000001],[38.9333198,49.7974191],[38.9316261,49.7968484],[38.9306914,49.7968326],[38.9301579,49.7969737],[38.9297117,49.7972772],[38.9295898,49.7974015],[38.929568,49.7975863],[38.9296248,49.7978714],[38.9294958,49.7982426],[38.9289475,49.79839010000001],[38.9281807,49.79876930000001],[38.9274139,49.7996235],[38.9270973,49.8002457],[38.9267202,49.8008467],[38.9268212,49.8012299],[38.9270328,49.8014958],[38.927269,49.8016369],[38.9273848,49.8020843],[38.9277718,49.8023707],[38.927914,49.8026036],[38.9280086,49.8029314],[38.9281742,49.8029956],[38.9283425,49.8031141],[38.9283591,49.8032892],[38.92814890000001,49.8034668],[38.928161,49.8037809],[38.9275919,49.804287399999986],[38.9270065,49.804442],[38.9261848,49.8045246],[38.9252949,49.8044908],[38.9240421,49.8039938],[38.9235164,49.8039938],[38.9228609,49.8040756],[38.9224042,49.8041531],[38.9222023,49.80418739999999],[38.9216396,49.8043271],[38.9212889,49.804481],[38.9212031,49.8045187],[38.9206002,49.8049376],[38.920355,49.8055217],[38.9203335,49.8065462],[38.9199737,49.80724939999999],[38.9198787,49.8074352],[38.9193889,49.80831280000001],[38.9193099,49.8091268],[38.9191965,49.8094133],[38.9189954,49.8097322],[38.918287,49.8102571],[38.9171723,49.8110587],[38.9163805,49.81189649999999],[38.9159344,49.8124863],[38.9158958,49.8127896],[38.9160263,49.8129434],[38.9163674,49.8131832],[38.9169183,49.8133356],[38.9174518,49.8135867],[38.9179372,49.8138181],[38.918261726320345,49.8140105348151],[38.91203588554229,49.818117528897005],[38.91048,49.81871],[38.9094687,49.8196488],[38.90939801694056,49.81985764900646],[38.8198359,49.878939],[38.79483319407355,49.882514497795654],[38.7909714,49.8783727],[38.78810533784081,49.8795138129934],[38.7866092,49.8786582],[38.7773181,49.883422],[38.7669226,49.8960265],[38.741317,49.8973003],[38.731586541223265,49.90258418114881],[38.731271,49.904247],[38.61466256540593,49.97453566123964],[38.612711845219295,49.975192743914626],[38.60690511464384,49.97590075400526],[38.58261,49.97749],[38.58209,49.97732],[38.57986,49.97646],[38.5766,49.97509],[38.56665,49.97097],[38.557722133847484,49.96820938907533],[38.5288041,49.9567218],[38.51033230573808,49.96309949489844],[38.51013085602634,49.963155844468154],[38.50971449442262,49.96324],[38.48871,49.96324],[38.48648,49.96599],[38.48528,49.96736],[38.484457612178716,49.96834495285573],[38.4166372,49.9820529],[38.41655102017858,49.982082862693986],[38.4162954,49.9817738],[38.41405530845729,49.98295056287434],[38.3493459,50.0054485],[38.333861721458874,50.058420719462895],[38.333022,50.0594948],[38.33285656633806,50.061859409963176],[38.32577263078455,50.08609393992578],[38.31499528998884,50.08804127048103],[38.29845575629779,50.0848864128295],[38.2920976,50.0800215],[38.291555,50.0797109],[38.2838043,50.0764534],[38.2766408,50.0736612],[38.2757897,50.0734765],[38.2676583,50.0732159],[38.2600843,50.0728307],[38.2525249,50.0727586],[38.2404138,50.0738261],[38.2282966,50.0750332],[38.22330837626998,50.07550328448141],[38.198284,50.076448],[38.2559622,49.9095872],[38.1776846,49.8423265],[38.1886709,49.7394847],[38.1337393,49.5972754],[38.1694448,49.5545316],[38.10902,49.4439366],[38.0876643,49.4414351],[37.8815856,49.6470791],[37.7509186,49.6907543],[37.7045605,49.7285874],[37.6378521,49.7131515],[37.6373512,49.7075835],[37.6759882,49.7108929],[37.7024951,49.7047688],[37.7466303,49.6797121],[37.8514055,49.6376135],[37.8812701,49.6119377],[38.0113933,49.4250733],[37.9550345,49.3999061],[37.6035113,49.3884971],[37.6241358,49.2925017],[37.5788746,49.259181]],[[38.0893489,49.3857662],[38.1447256,49.3885454],[38.183695,49.3803168],[38.1832931,49.370668],[38.1851225,49.3612428],[38.1813142,49.3594963],[38.1798754,49.3597492],[38.16855,49.3598967],[38.1586837,49.360771],[38.1564608,49.3606191],[38.1552766,49.3594208],[38.1537667,49.3575834],[38.1534937,49.3560329],[38.1517464,49.354162],[38.150312,49.3525449],[38.1513913,49.3506526],[38.1533782,49.3492166],[38.1554633,49.347575],[38.1572298,49.3482057],[38.159561,49.3484606],[38.1616479,49.3478523],[38.1630748,49.3459649],[38.1636967,49.3440917],[38.1628808,49.3419113],[38.1586752,49.3396762],[38.1574821,49.3384024],[38.1574907,49.336793],[38.1544183,49.3349162],[38.1537668,49.3329523],[38.155897,49.331206],[38.1613587,49.33079],[38.1631839,49.3293987],[38.1608265,49.32684],[38.1602318,49.3248552],[38.1573262,49.3237945],[38.1566653,49.3201073],[38.1673576,49.3164258],[38.1744926,49.3158884],[38.1717684,49.3116813],[38.1642621,49.3114367],[38.1610952,49.3090455],[38.1628289,49.3057189],[38.1690409,49.3055572],[38.174394,49.3037733],[38.1721938,49.3008701],[38.1680305,49.2963099],[38.1658419,49.2944933],[38.1634172,49.2931093],[38.1630526,49.292061],[38.1671735,49.2915846],[38.1712938,49.2903387],[38.1754997,49.2893725],[38.1777095,49.2875248],[38.1762823,49.2845015],[38.1722804,49.2827099],[38.1720122,49.2817302],[38.1744531,49.2798966],[38.1765503,49.276943],[38.1782559,49.2738357],[38.1809912,49.2709524],[38.1828819,49.2683721],[38.183226,49.2632178],[38.1838268,49.2589609],[38.1853286,49.2559926],[38.1865941,49.2531643],[38.1867117,49.2496774],[38.1896027,49.2465895],[38.1956828,49.2452138],[38.2004389,49.2431253],[38.2035892,49.2414087],[38.203276,49.2372442],[38.1928359,49.2303895],[38.1736098,49.2214209],[38.143263,49.2040142],[38.1263147,49.2027521],[38.1191931,49.2128991],[38.1255446,49.2359941],[38.1164466,49.2978265],[38.1134433,49.3134386],[38.1109533,49.3294968],[38.1059123,49.3669255],[38.0951428,49.3800902],[38.0893489,49.3857662]],[[38.93111738456402,49.042750576363076],[38.93848269529376,49.022052135344985],[38.937968,49.022053],[38.931121,49.026547],[38.931119,49.035511],[38.93111738456402,49.042750576363076]]],[[[37.71291185339762,47.70718307184332],[37.712913,47.702044],[37.712915,47.693081],[37.719762,47.688587],[37.733453,47.688563],[37.740299,47.68407],[37.740302,47.675106],[37.747148,47.670612],[37.760839,47.670589],[37.774531,47.670565],[37.78464319610828,47.67054727355879],[37.7755288,47.6754271],[37.764495,47.684702],[37.71291185339762,47.70718307184332]]]]}}]}
