{"type":"FeatureCollection","name":"Frontiera — controllo territoriale, Fase 5","metadata":{"dataCartografica":"2026-07-15","crs":"EPSG:4326","criterio":"controllo territoriale consolidato, non semplice presenza o massima avanzata rivendicata","procedura":"Digitalizzazione manuale su cartografia storica datata; import, riparazione topologica, dissoluzione, separazione delle categorie e ritaglio sul confine nazionale. Nessuna deduzione da testi, percentuali o linee di contatto.","creatoIl":"2026-07-20","revisionatoIl":"2026-07-20","fonti":[{"id":"deepstate-history-1784114834","titolo":"DeepStateMap — revisione storica 1784114834","autore":"DeepStateUA","url":"https://deepstatemap.live/api/history/1784114834/geojson","ruolo":"base vettoriale primaria datata per controllo russo, stato ignoto e controllo ucraino in Russia"},{"id":"deepstate-history-index","titolo":"DeepStateMap — indice pubblico delle revisioni storiche","autore":"DeepStateUA","url":"https://deepstatemap.live/api/history/public","ruolo":"riscontro dell'identificativo e del timestamp UTC della revisione 1784114834"},{"id":"isw-2026-07-15","titolo":"Assessed Control of Terrain in the Russo-Ukrainian War, July 15, 2026","url":"https://understandingwar.org/map/assessed-control-of-terrain-in-the-russo-ukrainian-war-july-15-2026-at-130-pm-et/","ruolo":"verifica coeva nazionale della configurazione del fronte"},{"id":"viina-2","titolo":"VIINA 2.0 — Territorial Control Data","autori":"Yuri M. Zhukov e Natalie Ayers","url":"https://github.com/zhukovyuri/VIINA","licenza":"ODbL 1.0","ruolo":"verifica indipendente giornaliera dell'attribuzione presso i centri abitati e delle località contese"},{"id":"russia-matters-report-card-2026-07-15","titolo":"The Russia-Ukraine War Report Card, July 15, 2026","autore":"Russia Matters","url":"https://www.russiamatters.org/news/russia-ukraine-war-report-card/russia-ukraine-war-report-card-july-15-2026","ruolo":"controllo quantitativo indipendente del foothold ucraino in Russia, indicato in circa 4 miglia quadrate al 14 luglio"}],"incertezza":"Media lungo le numerose fasce grigie e alta nei piccoli lembi transfrontalieri. È mantenuto soltanto il residuo consolidato in Russia dopo la sottrazione delle aree russe riconquistate e di stato ignoto.","note":"Attacchi in profondità, raid e infiltrazioni non producono poligoni di controllo. Il piccolo foothold in Russia è separato dalle aree di sola presenza."},"features":[{"type":"Feature","id":"fase-5-controllo-russo-pre-2022","properties":{"id":"fase-5-controllo-russo-pre-2022","stato":"controllo-russo","data":"2026-07-15","origineControllo":"pre-2022","sourceId":"deepstate-history-1784114834","note":"Crimea e porzioni del Donbas già controllate prima del 24 febbraio 2022; perimetro identico alla geometria approvata di Fase 3."},"geometry":{"type":"MultiPolygon","coordinates":[[[[32.478939,45.389163],[32.507445,45.381957],[32.513458,45.372038],[32.510377,45.360884],[32.489453,45.346136],[32.551846,45.332385],[32.569816,45.332888],[32.578538,45.327642],[32.65299,45.313322],[32.675688,45.320614],[32.685502,45.332102],[32.712159,45.341307],[32.735393,45.354972],[32.76522,45.363836],[32.84671,45.365264],[32.907019,45.359436],[32.966765,45.336694],[32.991848,45.322499],[33.035244,45.29016],[33.062776,45.27566],[33.107907,45.23151],[33.138912,45.216317],[33.148825,45.202143],[33.185236,45.183717],[33.201984,45.183225],[33.225292,45.174695],[33.257295,45.147804],[33.284289,45.148276],[33.300138,45.162027],[33.29792,45.165633],[33.305239,45.17277],[33.350015,45.173699],[33.380282,45.185909],[33.376436,45.191845],[33.391196,45.197375],[33.432652,45.184093],[33.509265,45.13445],[33.56149,45.081073],[33.58086,45.050881],[33.602595,44.997973],[33.604377,44.980471],[33.597652,44.97655],[33.610962,44.925721],[33.6052,44.866386],[33.594636,44.847578],[33.569694,44.838843],[33.55297,44.841655],[33.548513,44.834598],[33.549545,44.810828],[33.533513,44.792608],[33.540722,44.761758],[33.539777,44.744321],[33.547583,44.724445],[33.546363,44.677979],[33.535667,44.64599],[33.508271,44.631916],[33.494615,44.617766],[33.450155,44.615946],[33.373305,44.584056],[33.403694,44.553239],[33.46013,44.522891],[33.486243,44.494968],[33.506071,44.500846],[33.554048,44.486877],[33.601948,44.491739],[33.627013,44.479579],[33.63834,44.458687],[33.64553,44.421924],[33.673869,44.412807],[33.702892,44.416926],[33.733092,44.383332],[33.759005,44.386932],[33.778737,44.381452],[33.846027,44.401142],[33.882423,44.400268],[33.939412,44.389646],[33.963406,44.38885],[34.034986,44.403674],[34.057232,44.416521],[34.128936,44.427878],[34.171984,44.491011],[34.260362,44.507556],[34.308946,44.552088],[34.334843,44.545507],[34.349035,44.546767],[34.349805,44.57185],[34.354354,44.585681],[34.375816,44.591703],[34.377892,44.612309],[34.389678,44.628884],[34.403924,44.639751],[34.412176,44.658807],[34.432149,44.682765],[34.474964,44.715071],[34.625628,44.773956],[34.677858,44.787856],[34.728811,44.807825],[34.747987,44.807058],[34.763731,44.815057],[34.912095,44.81577],[34.920318,44.82153],[34.920988,44.828751],[34.967823,44.838027],[34.988701,44.828075],[35.0007,44.83203],[35.029503,44.828249],[35.047274,44.814837],[35.043666,44.799459],[35.081062,44.790612],[35.09398,44.801375],[35.111022,44.80702],[35.118455,44.81723],[35.133101,44.822812],[35.130569,44.829311],[35.139391,44.861252],[35.169311,44.900247],[35.190556,44.907887],[35.216612,44.909005],[35.243653,44.916792],[35.25652,44.938423],[35.249825,44.952823],[35.271282,44.967596],[35.283641,44.96616],[35.294987,44.959711],[35.301518,44.965776],[35.322807,44.966441],[35.322466,44.95921],[35.344315,44.964188],[35.351803,44.954952],[35.382973,44.943891],[35.394038,44.954933],[35.356103,44.97733],[35.358416,44.985552],[35.366739,44.992559],[35.428693,45.012912],[35.412652,45.025778],[35.385966,45.035246],[35.389399,45.049444],[35.414638,45.07541],[35.451063,45.097366],[35.541346,45.125861],[35.58496,45.129359],[35.62977,45.122303],[35.692135,45.104626],[35.748793,45.081465],[35.777878,45.066304],[35.804886,45.045558],[35.814483,45.033306],[35.810165,45.021418],[35.82978,45.014076],[35.834113,45.0091],[35.828278,45.004552],[35.842096,44.998366],[35.870587,45.004186],[35.907658,45.018079],[35.925851,45.019111],[35.954083,45.011219],[35.984215,45.022859],[35.994952,45.03511],[36.012561,45.044932],[36.035405,45.049216],[36.07129,45.048252],[36.201045,45.033023],[36.225684,45.026816],[36.24793,45.04068],[36.249153,45.047687],[36.282137,45.05499],[36.372884,45.057475],[36.440096,45.083327],[36.456018,45.095623],[36.454606,45.105555],[36.43318,45.117691],[36.425628,45.128893],[36.417779,45.164294],[36.407778,45.172889],[36.403912,45.214162],[36.423049,45.23723],[36.423707,45.245262],[36.435783,45.258066],[36.43962,45.271622],[36.436333,45.276239],[36.426012,45.27864],[36.421663,45.286584],[36.435179,45.295073],[36.484438,45.305478],[36.499502,45.318675],[36.47329,45.330744],[36.472041,45.341233],[36.477812,45.349132],[36.518286,45.351539],[36.535225,45.349918],[36.534981,45.345637],[36.54435,45.344735],[36.596554,45.345031],[36.60599,45.347733],[36.612025,45.355938],[36.630569,45.360521],[36.633217,45.362811],[36.630106,45.373786],[36.648733,45.38292],[36.611273,45.407542],[36.607593,45.412573],[36.61553,45.422271],[36.598276,45.438662],[36.57528,45.442252],[36.565672,45.436625],[36.56594,45.428443],[36.554467,45.424368],[36.532672,45.42719],[36.495456,45.450514],[36.470548,45.458514],[36.461093,45.456435],[36.447174,45.460135],[36.432474,45.447875],[36.415458,45.446825],[36.376602,45.463689],[36.372894,45.47138],[36.357563,45.471617],[36.344848,45.484307],[36.33933,45.482513],[36.336302,45.474221],[36.322868,45.471297],[36.293683,45.483861],[36.265345,45.478566],[36.17039,45.472361],[36.12387,45.463618],[36.068785,45.445463],[36.068942,45.404374],[36.04285,45.384009],[35.99701,45.371491],[35.941221,45.380044],[35.886842,45.407774],[35.846507,45.446506],[35.87606,45.463856],[35.867831,45.473251],[35.841775,45.474473],[35.823649,45.46632],[35.817747,45.458869],[35.818368,45.451418],[35.826475,45.440129],[35.748929,45.396331],[35.745726,45.39066],[35.748889,45.384633],[35.760985,45.381258],[35.753728,45.366548],[35.724851,45.351594],[35.71557,45.338458],[35.632903,45.324584],[35.525825,45.291193],[35.498759,45.306176],[35.467835,45.307544],[35.382064,45.352514],[35.311256,45.411424],[35.201458,45.523343],[35.109867,45.599025],[35.050056,45.667202],[34.977053,45.765285],[34.958219,45.760037],[34.800881,45.804735],[34.796134,45.892053],[34.782879,45.904975],[34.752716,45.910231],[34.700883,45.959179],[34.651415,45.973908],[34.556042,45.988691],[34.478552,45.946947],[34.436726,45.968164],[34.382464,46.034692],[34.227754,46.060816],[34.160772,46.08043],[34.122582,46.108122],[34.038334,46.116935],[33.82395,46.187069],[33.740532,46.185128],[33.6897,46.204334],[33.60668,46.146878],[33.612528,46.138238],[33.616561,46.11536],[33.633038,46.097381],[33.637282,46.081351],[33.623699,46.071722],[33.611338,46.054819],[33.629384,45.977458],[33.627758,45.958848],[33.616479,45.949068],[33.617606,45.944243],[33.634992,45.941326],[33.647501,45.945166],[33.640135,45.949356],[33.659761,45.954586],[33.692314,45.95526],[33.744939,45.95033],[33.747278,45.946685],[33.751076,45.9488],[33.757987,45.934494],[33.749506,45.928276],[33.730928,45.930188],[33.701995,45.911004],[33.691971,45.913471],[33.680094,45.90854],[33.675115,45.898868],[33.684191,45.850098],[33.661598,45.86426],[33.662233,45.871524],[33.642234,45.876325],[33.616272,45.892143],[33.593725,45.885292],[33.581653,45.871206],[33.568716,45.874008],[33.548213,45.843531],[33.542129,45.840258],[33.527171,45.849723],[33.507622,45.841072],[33.50089,45.848355],[33.520062,45.857708],[33.544102,45.880335],[33.540593,45.884913],[33.517951,45.867777],[33.432207,45.838576],[33.373494,45.797187],[33.32241,45.775037],[33.23866,45.752804],[33.21192,45.757728],[33.182114,45.773902],[33.172486,45.786603],[33.185831,45.807952],[33.182338,45.80993],[33.175838,45.805742],[33.165737,45.78827],[33.159184,45.749182],[33.152919,45.733355],[33.1378,45.719814],[33.127908,45.719842],[33.114638,45.712775],[33.095704,45.715503],[33.0691,45.706833],[33.017154,45.687009],[33.006337,45.679383],[32.999393,45.681147],[32.908691,45.640338],[32.820181,45.586841],[32.821299,45.58301],[32.841008,45.582406],[32.843141,45.570597],[32.833962,45.560234],[32.825974,45.55733],[32.793178,45.56389],[32.772105,45.557869],[32.736877,45.543007],[32.72322,45.533026],[32.59058,45.48558],[32.538208,45.454884],[32.524271,45.438872],[32.500388,45.424663],[32.48807,45.407956],[32.479703,45.404263],[32.478939,45.389163]]],[[[36.50714,45.295558],[36.533319,45.279798],[36.549112,45.261314],[36.578294,45.249048],[36.547052,45.279677],[36.519242,45.293988],[36.50714,45.295558]]],[[[37.521854,47.94582],[37.542839,47.932477],[37.5350299,47.918015],[37.644034,47.886626],[37.634262,47.838423],[37.634549,47.802538],[37.623169,47.77311],[37.637589,47.751994],[37.67268,47.724717],[37.764495,47.684702],[37.803977,47.660196],[37.8312754,47.6567292],[37.8523854,47.641694],[37.8458595,47.6237619],[37.8159936,47.5852213],[37.819427,47.546303],[37.892555,47.469773],[37.878478,47.441684],[37.863715,47.426588],[37.855819,47.403124],[37.856849,47.392898],[37.850326,47.384298],[37.83831,47.378022],[37.841643,47.369022],[37.851599,47.365534],[37.837623,47.352442],[37.848609,47.350116],[37.859152,47.354371],[37.861212,47.347858],[37.856849,47.343603],[37.829283,47.342507],[37.824577,47.321498],[37.834876,47.30823],[37.827666,47.302643],[37.833846,47.285412],[37.833503,47.249301],[37.8005435,47.1732715],[37.818054,47.119099],[37.829283,47.112742],[37.83831,47.099704],[37.895473,47.110921],[37.983964,47.083576],[37.99023,47.091466],[37.975882,47.095683],[37.993063,47.099003],[38.032545,47.08907],[38.040012,47.091875],[38.054332,47.108302],[38.062671,47.110804],[38.08885,47.105956],[38.122869,47.080622],[38.132826,47.06402],[38.131796,47.053729],[38.106046,47.047179],[38.080408,47.026545],[38.084988,47.020418],[38.163265,47.065455],[38.186556,47.093712],[38.229843336512495,47.11924399633516],[38.22979830000001,47.1193016],[38.228514,47.1226068],[38.2290997,47.1271667],[38.22952110719179,47.12756772352162],[38.233806332211984,47.13511432928259],[38.2339764,47.135572900000014],[38.2362181,47.13955330000001],[38.23627854540636,47.14090499711579],[38.234781,47.202589],[38.23501562916667,47.20301460775794],[38.2346853,47.2030824],[38.2342438,47.203242],[38.2339954,47.2035677],[38.2339781,47.2037756],[38.2341398,47.2039875],[38.2344806,47.2042034],[38.2346366,47.2044781],[38.2352719,47.2050784],[38.2370507,47.2074504],[38.2371195,47.207661],[38.2370787,47.2080439],[38.2372421,47.208315800000015],[38.2374708,47.2084212],[38.23803674806358,47.208494794464684],[38.240855333782726,47.213607594230915],[38.2408806,47.2138558],[38.2412734,47.2144522],[38.24134298416097,47.21449217216763],[38.24271547484496,47.216981814402246],[38.242694904068074,47.21720956956315],[38.24116106311484,47.21870266168711],[38.2405847,47.2185649],[38.2402555,47.2186943],[38.240036,47.2191063],[38.240154623836105,47.21968236336815],[38.233869,47.225801],[38.23390650152714,47.22621916218971],[38.2339052,47.226294],[38.23391977947653,47.226367218464084],[38.233991581618284,47.22716785094798],[38.2339134,47.2277251],[38.2336193,47.22801910000001],[38.2328515,47.228363],[38.23290870000001,47.228951],[38.2335867,47.2298718],[38.234302922691946,47.23063947130701],[38.234334,47.230986],[38.23740990681838,47.231407181596936],[38.23763,47.2316856],[38.23803030000001,47.23231790000001],[38.2386429,47.23259520000001],[38.2390677,47.2326451],[38.2406278,47.2323234],[38.2424494,47.2324787],[38.2435354,47.23283830000001],[38.2455019,47.2338365],[38.2464107,47.2339642],[38.2470887,47.233881],[38.247733,47.2334845],[38.2480758,47.23343220000001],[38.2488776,47.2334484],[38.2505893,47.2333641],[38.25197876073125,47.23340208375713],[38.25291120957125,47.233529763272365],[38.25371089481913,47.23373071134175],[38.25509765852991,47.23466704081175],[38.25515220000001,47.2348152],[38.255514823479444,47.23494870655845],[38.26009589211441,47.23804179987612],[38.2603084,47.23825520000001],[38.26041351498903,47.23825625577481],[38.260502,47.238316],[38.288189,47.23856],[38.288176134518004,47.24014086813062],[38.2879737,47.2567529],[38.3244901,47.25695],[38.3244943,47.2573352],[38.3247638,47.257557],[38.32520809340776,47.25776096330829],[38.33080081588136,47.2650918826303],[38.3305089,47.265271],[38.3294115,47.26565510000001],[38.3290765,47.2659687],[38.3290533,47.2665017],[38.3293075,47.26697990000001],[38.3299544,47.2673719],[38.3329001,47.268336],[38.333525950183216,47.26918450937683],[38.32705545361128,47.276814451858044],[38.3265053,47.2770976],[38.3261336,47.2775521],[38.32614615787578,47.27788668396313],[38.32407015986119,47.28033467930109],[38.3239812,47.2803451],[38.3235524,47.2803506],[38.3233155,47.2805086],[38.3228581,47.2811929],[38.3228295,47.2814922],[38.3232093,47.2819743],[38.3239363,47.2828914],[38.3249247,47.2840079],[38.3254066,47.2844789],[38.3258723,47.2847117],[38.326822609828945,47.284918617280965],[38.328733537024746,47.28702907904339],[38.3288263,47.2874399],[38.32949316002231,47.28786802010496],[38.32970922365787,47.28810664460207],[38.3298025,47.288584],[38.3293519,47.2889405],[38.3292942,47.289156],[38.3297562,47.289583],[38.3304609,47.29011580000002],[38.3310327,47.2907466],[38.3320782,47.29144],[38.332829,47.292215700000014],[38.3330968,47.29271220000002],[38.3332982,47.2936248],[38.3332218,47.29535360000001],[38.3332391,47.2962036],[38.33329737815651,47.29628684224344],[38.33329047526843,47.296793367803616],[38.333216,47.2968617],[38.3326096,47.2970615],[38.33181,47.29717],[38.3276423,47.2975747],[38.3269549,47.2978449],[38.3268392,47.29817710000001],[38.3270003,47.2994985],[38.3274395,47.2997679],[38.3278496,47.3003359],[38.3282482,47.3005944],[38.3288142,47.3007315],[38.3304546,47.3007981],[38.3318062,47.30106439999999],[38.3327707,47.30149139999999],[38.3339952,47.3022865],[38.3340588,47.3024784],[38.3342436,47.302592],[38.3345902,47.3026939],[38.3348039,47.3030111],[38.3347634,47.3031443],[38.3345728,47.3032618],[38.3345497,47.3037905],[38.334827,47.3043154],[38.3355952,47.3054042],[38.336015019615736,47.30560214282136],[38.336091579901534,47.30581564055086],[38.3360168,47.3059565],[38.3360399,47.3062541],[38.3109722,47.30606739999999],[38.2327288409887,47.30548474536996],[38.220978,47.30538],[38.22097838780752,47.305397243303844],[38.220892,47.3053966],[38.2209024,47.3058861],[38.22090270000001,47.3062067],[38.22110414837007,47.310989005968594],[38.22119384919068,47.314977424034986],[38.2212454,47.319523],[38.2210564,47.320618],[38.221104,47.3208129],[38.2212676,47.3214821],[38.2213018,47.3223915],[38.2212163,47.3228781],[38.2211821,47.32551930000001],[38.22117330000001,47.3258003],[38.2211335,47.3270782],[38.22137520000001,47.3272625],[38.2218828,47.3276925],[38.2220942,47.3278727],[38.2222997,47.3280734],[38.22245070000001,47.3282044],[38.2226924,47.3283232],[38.2229764,47.328401],[38.2232664,47.3284665],[38.22361080000001,47.3285648],[38.2240217,47.3286344],[38.2245836,47.3287778],[38.2257618,47.3291341],[38.22596621460925,47.3291960654042],[38.22630279696753,47.329334696069004],[38.22639020000001,47.3294003],[38.226644,47.3295395],[38.2268857,47.3297647],[38.22691564593727,47.32989261476517],[38.222079,47.332853],[38.22256336150611,47.33320121758384],[38.222626,47.3333152],[38.22271660000001,47.3334953],[38.2228495,47.3336059],[38.2230489,47.3337738],[38.2232785,47.33388439999999],[38.2235444,47.3339704],[38.22372408877511,47.334035688614286],[38.22397406253808,47.3342153999635],[38.2240036,47.3343471],[38.2239915,47.334515],[38.2240459,47.3347566],[38.2241546,47.3349613],[38.2242755,47.3351538],[38.2245534,47.3354363],[38.2248676,47.3357066],[38.2250972,47.3359482],[38.225357,47.3361938],[38.22573410000001,47.3365272],[38.2260241,47.3366746],[38.2263746,47.3368548],[38.2267734,47.3370595],[38.227148,47.3372643],[38.2275226,47.3374772],[38.2278609,47.3376491],[38.22835640000001,47.3378539],[38.2287794,47.3380422],[38.229335200000016,47.3381733],[38.22957245086702,47.338240198038335],[38.230493,47.338902],[38.230693,47.343169],[38.2311752238234,47.343416958021905],[38.2311962,47.3435205],[38.2314621,47.3439627],[38.2319092,47.3443148],[38.232332100000015,47.3444212],[38.232912200000015,47.3445932],[38.2333835,47.3447405],[38.2339514,47.3448552],[38.233990845925526,47.34486474233487],[38.24637984616291,47.35123512853956],[38.2463776,47.35126779999999],[38.2462447,47.3514111],[38.2460332,47.35160339999999],[38.2458942,47.3517549],[38.245725,47.3519432],[38.2456042,47.3522175],[38.2456767,47.3524344],[38.24575530000001,47.3525654],[38.24590030000001,47.3527455],[38.2460634,47.3530116],[38.2461842,47.3532449],[38.2463534,47.3537157],[38.2464018,47.3539572],[38.2464864,47.3541578],[38.2466193,47.354342],[38.2470966,47.35466119999999],[38.247435,47.3549969],[38.2478096,47.3553162],[38.248508,47.355825],[38.2487601,47.3559582],[38.249324,47.3564357],[38.24933260000001,47.3565689],[38.24933260000001,47.3567773],[38.2492941,47.3569914],[38.2491532,47.3571333],[38.2489823,47.3572577],[38.2489221,47.3573738],[38.2488327,47.35769759999999],[38.2488028,47.3578626],[38.2487857,47.3580131],[38.2487515,47.3582012],[38.24870880000001,47.3584212],[38.2486533,47.3585051],[38.2486704,47.3586267],[38.2487345,47.3586354],[38.2488455,47.3586267],[38.2489395,47.3586296],[38.2489865,47.35868749999999],[38.2489609,47.358809],[38.24877290000001,47.3589508],[38.2486533,47.3590174],[38.2484055,47.3591013],[38.248226,47.3591361],[38.2479953,47.3591824],[38.2477732,47.359301],[38.2475894,47.359466],[38.247504,47.359602],[38.2472391,47.3598046],[38.2470597,47.3600767],[38.246987,47.3602966],[38.2469742,47.3604731],[38.2470426,47.3606381],[38.2471878,47.3608581],[38.2472776,47.3611156],[38.24731561066847,47.361229265511376],[38.24633973533991,47.36232020733115],[38.2457201,47.3626205],[38.2452247,47.3628907],[38.2448259,47.3631444],[38.2448259,47.36348],[38.244983,47.3637092],[38.2454664,47.3639302],[38.2459981,47.3641757],[38.246421,47.364454],[38.2466561,47.3647584],[38.2468193,47.3649794],[38.2472241,47.3654214],[38.2474477,47.3656956],[38.2476893,47.3659452],[38.2478404,47.3661539],[38.2482331,47.3663872],[38.2484869,47.3665345],[38.2488978,47.3666655],[38.2491938,47.3667882],[38.249502,47.3670051],[38.2496712,47.3672261],[38.249792,47.3674757],[38.249798,47.3676108],[38.2500458,47.3679668],[38.250227,47.3681919],[38.2505113,47.368543],[38.2508738,47.3688622],[38.2514055,47.3690913],[38.2520339,47.3693369],[38.2525777,47.3696479],[38.2531335,47.3699998],[38.2534719,47.3703517],[38.2537136,47.3706873],[38.2538223,47.37122739999999],[38.2543057,47.3715875],[38.2552483,47.37184939999999],[38.2557317,47.3721195],[38.2562996,47.3725205],[38.2568918,47.3729379],[38.2572543,47.3732126],[38.25857498530715,47.373231898559226],[38.258732,47.373353],[38.286492,47.37356],[38.286416,47.391477],[38.302085,47.39287],[38.30202212171789,47.47496208860244],[38.2954668,47.4747341],[38.2952714,47.4748451],[38.29523570000001,47.4749881],[38.29558030000001,47.4757519],[38.295320900000014,47.4758904],[38.2896636,47.4760172],[38.288368,47.4760923],[38.2878407,47.47682],[38.2878956,47.4775032],[38.2877857,47.4783275],[38.2870496,47.4794933],[38.28595520000001,47.4834921],[38.2866045,47.4838655],[38.2869516,47.4848242],[38.2869809,47.4850752],[38.2869125,47.4853856],[38.2868245,47.4859207],[38.2868441,47.4862179],[38.2868147,47.4865218],[38.2871177,47.4868718],[38.2879193,47.4870436],[38.2882027,47.4874399],[38.2883494,47.4877173],[38.2882223,47.4881202],[38.2883689,47.4884769],[38.28851550000001,47.4888006],[38.2888576,47.4891374],[38.2893912,47.4893223],[38.2903432,47.4896732],[38.291493,47.4901578],[38.29187904110208,47.49043233455131],[38.292016058403334,47.491188950371836],[38.2909242,47.4932738],[38.2906399,47.4964313],[38.29035550000001,47.4972332],[38.290330800000014,47.4975757],[38.290541,47.4978012],[38.2906028,47.49803510000001],[38.29061520000001,47.4983024],[38.2900394,47.4989951],[38.2902337,47.4992161],[38.2906943,47.4994639],[38.2915936,47.4997083],[38.29208230000001,47.4999064],[38.292512400000014,47.5001771],[38.29243420000001,47.5004875],[38.29273720000001,47.5008243],[38.2935974,47.5013658],[38.29375380000001,47.5016629],[38.2936813,47.5018606],[38.2937802,47.5021613],[38.29361690000001,47.5023299],[38.2934507,47.5026402],[38.2934587,47.5029046],[38.29332270000001,47.5031719],[38.293298,47.5035143],[38.293372200000015,47.5037983],[38.2934507,47.5041854],[38.2934312,47.5043439],[38.2934019,47.5046476],[38.29319910000001,47.504859],[38.29272930000001,47.505026],[38.29223480000001,47.5052264],[38.291765,47.5055271],[38.2915671,47.5058445],[38.2915919,47.5060199],[38.2919161,47.5064304],[38.2925417,47.5069454],[38.2931575,47.5074802],[38.2934507,47.5078104],[38.2934312,47.5080877],[38.29338220324317,47.50811587097483],[38.284908,47.508376],[38.28490620157575,47.509000070507135],[38.284896,47.509034],[38.2848209,47.5200836],[38.2848134,47.5211814],[38.2848114,47.5214805],[38.2847389,47.5224516],[38.284752,47.5233025],[38.2847646,47.5241255],[38.284851794627926,47.527879804545904],[38.28481728141007,47.53985622300048],[38.2847269,47.5443096],[38.284804277907924,47.54436856327856],[38.284804,47.544465],[38.28493407670219,47.54446747216185],[38.2849391,47.5444713],[38.286217,47.5444989],[38.2868775,47.5446132],[38.294278,47.5446642],[38.29608384377966,47.54467937812403],[38.305114,47.544851],[38.30534497563385,47.545186519277266],[38.3052734,47.54531570000001],[38.3054133,47.5455967],[38.3055917,47.545722],[38.30576848592447,47.54580171779087],[38.30671195614095,47.54717221925842],[38.3061402,47.5476779],[38.3059379,47.5478824],[38.3059738,47.5480853],[38.3060754,47.5482879],[38.3062786,47.548445],[38.3066129,47.54851890000001],[38.3074046,47.5487126],[38.307944593351166,47.54896276979837],[38.30846260258692,47.54971523914547],[38.3084811,47.5497559],[38.3085506,47.5499445],[38.3085194,47.5502187],[38.3085821,47.5504383],[38.3088315,47.5507692],[38.3090942,47.550964],[38.3092862,47.5510945],[38.30950891556625,47.5512351318232],[38.30957438135087,47.55133022857595],[38.3096391,47.5515418],[38.3096394,47.5517966],[38.3095542,47.55213280000001],[38.3096967,47.5522808],[38.3101864,47.5525427],[38.310446,47.5527096],[38.31054321569227,47.552737574418465],[38.31115,47.553619],[38.31107937416412,47.562411524200556],[38.3107926,47.5761448],[38.32396,47.5761775],[38.33049,47.5761937],[38.336649,47.5761946],[38.3399839,47.5761951],[38.3462209,47.5761959],[38.34855001155973,47.576196210879814],[38.3507160303701,47.576205906138405],[38.35069622516175,47.578881344857415],[38.35012,47.616689],[38.38248269580753,47.61678465957116],[38.3991765,47.6169367],[38.4300784,47.6170692],[38.4416586,47.6170533],[38.45668638798145,47.6171103580957],[38.456275,47.644253],[38.567990341592235,47.64467377726761],[38.5913144,47.6448461],[38.5919874,47.6447978],[38.59225880000001,47.6447765],[38.592404899539716,47.6447657350134],[38.61647895780774,47.64485641026278],[38.6165171,47.6451077],[38.6171346,47.6456343],[38.6174891,47.6463459],[38.6189101,47.6474397],[38.6195963,47.647781],[38.6206692,47.6483146],[38.62211090000002,47.6496315],[38.623349,47.6507623],[38.62502590000001,47.6522352],[38.6260863,47.6534589],[38.6272301,47.6534513],[38.6295870323811,47.65343558025567],[38.629274,47.669278],[38.62927644172244,47.6692780093366],[38.6292721,47.669396],[38.6359091,47.6695014],[38.6375104,47.6695984],[38.6382436,47.6695817],[38.6437274,47.66955870000001],[38.6532488,47.66954830000001],[38.65572863251943,47.66937915665345],[38.665887,47.669418],[38.66569118872709,47.68947456573221],[38.6656445,47.6907115],[38.665678172337834,47.69080780902704],[38.66564541014566,47.694163576298216],[38.6655304,47.6961887],[38.6653895,47.69651380000001],[38.6647428,47.6970558],[38.665261390782845,47.697335231476714],[38.6592,47.700057],[38.727703078959216,47.698832401168424],[38.7322014,47.6994668],[38.7345363,47.6996145],[38.7348912,47.6996369],[38.7356172,47.6991207],[38.7358819,47.6984873],[38.736127,47.6980585],[38.735578,47.6974713],[38.7354506,47.6971678],[38.7356074,47.6949442],[38.73551170000001,47.6945835],[38.73213720000001,47.6929912],[38.7314019,47.6928658],[38.7307942,47.69252930000001],[38.7306373,47.6923643],[38.7300099,47.6918958],[38.7298727,47.69117],[38.7300295,47.6904441],[38.73021580000001,47.6900878],[38.7308138,47.6895731],[38.7313235,47.6893157],[38.73270570000001,47.6890914],[38.73317630000001,47.6888604],[38.73349,47.6884909],[38.7336076,47.6880026],[38.734137,47.6874086],[38.7346271,47.6872503],[38.7350584,47.6872371],[38.7356662,47.687369],[38.73651910000001,47.6878574],[38.7369406,47.687996],[38.7372935,47.6879762],[38.7377346,47.6877386],[38.7380287,47.6872437],[38.7385091,47.6863132],[38.7392051,47.6858776],[38.739705,47.6850923],[38.7398815,47.6845644],[38.739656,47.6841486],[38.7392541,47.6837526],[38.73892080000001,47.6835744],[38.7374896,47.6833764],[38.7366955,47.6834556],[38.736332800000014,47.6833698],[38.7359211,47.6830795],[38.73556820000001,47.6825911],[38.73534270000001,47.6818915],[38.7352545,47.6813305],[38.73528995107164,47.680989425549825],[38.74481208487939,47.68218982894149],[38.744881,47.6822809],[38.7449202,47.6824657],[38.7444987,47.6832445],[38.7445281,47.6835612],[38.74493,47.684241],[38.7450672,47.6848943],[38.7451947,47.6851781],[38.7459397,47.6856994],[38.7464886,47.6862208],[38.746871,47.686366],[38.7472435,47.6863528],[38.7475572,47.6862934],[38.7478709,47.6860294],[38.7480473,47.6857192],[38.7500961,47.6846568],[38.7507823,47.6844654],[38.7512039,47.6844852],[38.7516842,47.6846106],[38.7519881,47.6848745],[38.7522332,47.6852969],[38.7524096,47.6859436],[38.7527429,47.686333],[38.7530958,47.686498],[38.7534585,47.6865178],[38.7541545,47.6863594],[38.7546153,47.685871],[38.7547035,47.6856005],[38.7551449,47.6853401],[38.764152,47.6855278],[38.77127099059312,47.6855253586452],[38.772608151936055,47.68569392727106],[38.772595371335186,47.69440244810406],[38.77120337062373,47.715549334729346],[38.7707513,47.7175131],[38.771065500981265,47.717643811890326],[38.770912924011725,47.719961718662844],[38.7707635,47.7199518],[38.7706557,47.7200046],[38.7706802,47.720153],[38.7705576,47.7202585],[38.7706361,47.720331],[38.7705331,47.7206113],[38.7704351,47.720763],[38.7704351,47.7208916],[38.7705478,47.7209048],[38.7705331,47.72101030000001],[38.7703714,47.721096],[38.7703175,47.7210004],[38.7702341,47.7209938],[38.77015080000001,47.7210565],[38.7704302,47.721317],[38.7708762,47.7217885],[38.7708664,47.7218742],[38.7713468,47.72254030000001],[38.7714497,47.72251720000001],[38.77214080000001,47.7228172],[38.7724496,47.72333490000001],[38.7725672,47.7244065],[38.7730003,47.7250254],[38.7729464,47.7252232],[38.77251990000001,47.7255694],[38.7726741,47.72751430000001],[38.7730896,47.7278605],[38.7735366,47.72823120000001],[38.7733666,47.72863130000001],[38.773398,47.728900300000014],[38.7737373,47.7290054],[38.7743897,47.7289617],[38.7745145,47.72903630000001],[38.7747779,47.7289011],[38.77505520000001,47.728915100000016],[38.77514530000001,47.7289897],[38.775173,47.729110900000016],[38.775277,47.72923680000001],[38.77639820000001,47.730781],[38.7757882,47.7335504],[38.7775211,47.7357043],[38.7792817,47.7363663],[38.7797592,47.7371867],[38.7890234,47.7375434],[38.78891510000001,47.7502977],[38.7889067,47.7512904],[38.7889398,47.7654411],[38.788961,47.7658336],[38.7891099,47.7685824],[38.7895026,47.76855980000001],[38.7899988,47.7684914],[38.790893,47.768524],[38.7917803,47.76843080000001],[38.7932706,47.768729],[38.793737,47.769166],[38.79373250000001,47.76970280000001],[38.7933971,47.7705936],[38.7930377,47.7714137],[38.79253480000001,47.7720044],[38.79251520000002,47.7723404],[38.7933484,47.7728411],[38.794662,47.772907],[38.7964462,47.7733616],[38.7965442,47.7736581],[38.79619130000001,47.7739875],[38.796318700000015,47.7744486],[38.79576,47.7748835],[38.79554430000001,47.7757794],[38.795995200000014,47.7761615],[38.7959805,47.776458],[38.79547510000001,47.7766374],[38.79343630000001,47.7765084],[38.7928767,47.7765514],[38.79242890000001,47.77693830000001],[38.7920691,47.7776582],[38.79173330000001,47.7778892],[38.79030220000001,47.7778892],[38.7893428,47.7778463],[38.788991,47.77830830000001],[38.7889403,47.7788647],[38.7892107,47.7794951],[38.7896841,47.7798586],[38.7899799,47.7800461],[38.790318,47.7803301],[38.790411,47.7806368],[38.7903264,47.7810173],[38.790411,47.7813808],[38.7904861,47.7818757],[38.79312920000001,47.7837784],[38.7932651,47.7842243],[38.7930973,47.7844216],[38.79269590000001,47.7845926],[38.7919459,47.7845896],[38.7911064,47.7845896],[38.7906427,47.7848206],[38.7890357,47.7848153],[38.7872847,47.7844983],[38.7865412,47.7846165],[38.7859175,47.7849066],[38.78533390000001,47.7859112],[38.7850301,47.7865451],[38.7838686,47.7880408],[38.7837908,47.7891987],[38.7836382,47.7911841],[38.7839709,47.79173020000001],[38.7847023,47.792153],[38.7855098,47.79291040000001],[38.7872127,47.7935818],[38.7880043,47.7940276],[38.7886039,47.7945755],[38.7890031,47.795345800000014],[38.7892915,47.7956443],[38.790067,47.7960256],[38.7904681,47.796407],[38.790333900000014,47.7975221],[38.7907297,47.79881330000001],[38.7906844,47.79936020000001],[38.7901715,47.7997444],[38.7898499,47.8001298],[38.7894068,47.8013471],[38.7895085,47.8032563],[38.7890517,47.8041943],[38.7890436,47.8049278],[38.7890051,47.8084241],[38.788993,47.8095194],[38.78893304018099,47.81496026454078],[38.788677,47.815974],[38.82881854573714,47.81604749556032],[38.8287987,47.8232682],[38.8292331,47.8238186],[38.8314945,47.8246157],[38.8320825,47.8252762],[38.8324104,47.8266805],[38.8321638,47.8273204],[38.8319526,47.8274662],[38.8309645,47.827562],[38.8304368,47.8278303],[38.8304368,47.8283564],[38.8299091,47.8284422],[38.8294294,47.827927],[38.8288538,47.8279055],[38.828422,47.8285711],[38.8288858,47.8293547],[38.8279583,47.8299237],[38.828438,47.8310616],[38.828454,47.83187739999999],[38.8279743,47.8326073],[38.8273136,47.832754],[38.8265367,47.8333811],[38.8261995,47.833798],[38.8260614,47.8341659],[38.8258445,47.8347439],[38.8252904,47.8353662],[38.8257088,47.8359507],[38.8260367,47.8368842],[38.8256975,47.8375141],[38.8264974,47.8387241],[38.8264224,47.8389492],[38.8246912,47.8402008],[38.8247551,47.840442],[38.8249376,47.8406903],[38.8250789,47.8407889],[38.8252428,47.8408497],[38.8252428,47.8409483],[38.8256111,47.8421217],[38.8260624,47.8426397],[38.82631520000001,47.8437366],[38.8260464,47.8451456],[38.8261984,47.8456929],[38.8269019,47.84631],[38.8276611,47.8473966],[38.8273898,47.8477912],[38.8275255,47.8482009],[38.8280343,47.8483982],[38.8293903,47.8481332],[38.8297771,47.8482581],[38.8297913,47.8485645],[38.8293572,47.8491798],[38.829425,47.8495592],[38.8298434,47.8499461],[38.8307219,47.8501002],[38.8329665,47.8499901],[38.8343508,47.8495009],[38.8360547,47.84968459999999],[38.8375233,47.8505432],[38.83824267066356,47.85128166461085],[38.8393994,47.8642544],[38.842935387353535,47.86433681579934],[38.8429626,47.8653254],[38.85785139999999,47.8655194],[38.8594211,47.8655399],[38.8643262,47.8656038],[38.8775668,47.8671032],[38.8785044,47.8705076],[38.8785044,47.8712972],[38.8789302,47.8718265],[38.8796064,47.8724229],[38.8796941,47.8727169],[38.8793059,47.8729353],[38.8789677,47.873389],[38.8789302,47.8735207],[38.8790329,47.8736998],[38.8791362,47.87387],[38.8791934,47.8740351],[38.8792106,47.8741695],[38.8791648,47.8742654],[38.8789931,47.8744036],[38.8786268,47.8745956],[38.8784322,47.8746417],[38.878312,47.8746378],[38.8781575,47.8747069],[38.8780774,47.8748298],[38.878043,47.8749872],[38.8780202,47.8751215],[38.8779858,47.8753442],[38.8779,47.8755438],[38.8778427,47.8757319],[38.8779,47.8758125],[38.8780602,47.8758739],[38.8783693,47.8759315],[38.8786726,47.8759661],[38.8790446,47.8759891],[38.8794395,47.8759814],[38.8798459,47.8759546],[38.8804697,47.8758663],[38.8809448,47.875824],[38.8815228,47.8757357],[38.8820208,47.8755975],[38.8826503,47.8753787],[38.8832627,47.8750755],[38.8836519,47.8748912],[38.8839953,47.8747338],[38.8842242,47.8746762],[38.884447499999986,47.8746378],[38.8846936,47.8746148],[38.8851572,47.8746148],[38.8857009,47.8745956],[38.8861702,47.8745495],[38.8864907,47.8744612],[38.8868799,47.8742616],[38.8871889,47.8741272],[38.887498,47.8740351],[38.8876869,47.8739737],[38.8879215,47.8739122],[38.8881562,47.8738892],[38.8884881,47.8738892],[38.8887571,47.8739468],[38.8890834,47.8741042],[38.88928939999999,47.874181],[38.8895527,47.8742424],[38.8899247,47.8742808],[38.8902853,47.8743],[38.8906172,47.8742616],[38.8908519,47.8742002],[38.8910236,47.8741196],[38.8911552,47.8740082],[38.8913155,47.8738239],[38.8914643,47.8736742],[38.89147,47.8735514],[38.89148139999999,47.8733978],[38.8915043,47.8732826],[38.891573,47.873156],[38.8916531,47.8730907],[38.8918077,47.8730216],[38.8919736,47.8730216],[38.8922198,47.8730792],[38.8924773,47.8731867],[38.8926948,47.8733441],[38.8927978,47.8734938],[38.8929867,47.8738086],[38.8931298,47.8740389],[38.89331290000001,47.8741656],[38.8935018,47.8743077],[38.8937937,47.8744075],[38.8939883,47.8744267],[38.8942286,47.874419],[38.8946121,47.8743537],[38.8950185,47.8743153],[38.8955164,47.8743],[38.8960315,47.8743345],[38.8964722,47.8743998],[38.8967526,47.8744152],[38.8970045,47.8744075],[38.8976455,47.8743806],[38.8979316,47.8743614],[38.8982693,47.8743384],[38.8984296,47.8743],[38.8985097,47.8742117],[38.89857270000001,47.8740812],[38.8986299,47.873943],[38.89875580000001,47.8735322],[38.8988188,47.8733326],[38.8988645,47.8731828],[38.8989847,47.8730139],[38.8991564,47.8729333],[38.8993281,47.8728911],[38.8997288,47.872822],[38.9006102,47.8726146],[38.9009994,47.8725532],[38.9020582,47.8724496],[38.9027564,47.8724189],[38.9034547,47.8723689],[38.9040957,47.8723728],[38.9050572,47.8724496],[38.9056295,47.8725225],[38.9074438,47.8725647],[38.908165,47.8726377],[38.9085999,47.8727529],[38.9091207,47.8729319],[38.9093781,47.873204],[38.909737,47.8741511],[38.909971,47.8743656],[38.9118432,47.8754854],[38.9124361,47.8756267],[38.9135249,47.8752667],[38.9139596,47.8749386],[38.9145987,47.8743224],[38.9169472,47.8739735],[38.9274449,47.8731005],[38.93253530000001,47.8736427],[38.935487,47.8735308],[38.9368361,47.8734797],[38.9414017,47.8732852],[38.94168949999999,47.8731549],[38.9424924,47.8730407],[38.9429181,47.8728367],[38.9433439,47.872698],[38.9440129,47.8726654],[38.9445481,47.872494],[38.9447184,47.8723227],[38.9449982,47.8721432],[38.945947,47.8718249],[38.9465673,47.8716699],[38.9472364,47.8714822],[38.9478689,47.8714006],[38.949061,47.8709682],[38.9497422,47.8708213],[38.9505937,47.8705275],[38.9513965,47.8702093],[38.9525034,47.869834],[38.9528319,47.86963],[38.9533063,47.8695157],[38.9540726,47.8694423],[38.9548024,47.8694015],[38.9555931,47.8693688],[38.985599,47.8699334],[39.0361211,47.8696772],[39.066672852597975,47.86955162575118],[39.082778,47.869927],[39.08278043714751,47.86953181545183],[39.0831103,47.86953230000001],[39.0830608,47.851627],[39.0878969302084,47.85163195975813],[39.109389,47.851752],[39.10939058884856,47.851654002867704],[39.1094853,47.8516541],[39.10947282097682,47.8465820829025],[39.109535,47.842747],[39.149633856425766,47.84258219786509],[39.1499219,47.851505],[39.1622807,47.851569],[39.16261510000001,47.8512521],[39.1644093,47.8503203],[39.1679822,47.8480325],[39.16815380000001,47.847509],[39.1688325,47.847242],[39.1691211,47.8469226],[39.1697374,47.8466138],[39.1705253,47.8467761],[39.1719295,47.8462211],[39.1722727,47.8465876],[39.1721401,47.8471111],[39.17434,47.8485665],[39.1757051,47.849891],[39.175712900000015,47.850336],[39.175908,47.8505768],[39.1765633,47.8508019],[39.1770937,47.851116],[39.1778894,47.8514249],[39.1798709,47.8527231],[39.1809689,47.8536801],[39.2338918261581,47.85364797558382],[39.236213,47.853953],[39.23639093248974,47.85437393393379],[39.2363764,47.854467499999984],[39.2348164,47.8563829],[39.2343639,47.8566394],[39.2341065,47.8569744],[39.2338647,47.8571995],[39.2336384,47.8572937],[39.2335604,47.857435],[39.2336774,47.8576287],[39.2337087,47.85784849999999],[39.2338335,47.8579532],[39.2338179,47.8580788],[39.2341767,47.8586284],[39.2340675,47.8588535],[39.2341377,47.8589425],[39.2340675,47.8590681],[39.2339274,47.8599062],[39.234527,47.860555],[39.23540830000001,47.8604774],[39.23681,47.86091],[39.2371459,47.8614766],[39.2373882,47.8622654],[39.2375271,47.8623757],[39.23751580000001,47.8625442],[39.2370304,47.8629883],[39.2370469,47.8634435],[39.2367932,47.8635989],[39.2367711,47.8637284],[39.2367987,47.8640467],[39.236738,47.8641799],[39.2368814,47.8644501],[39.2369366,47.8646499],[39.241737,47.8670691],[39.35144119999999,47.8669487],[39.34839,47.871448],[39.3541882,47.872621],[39.3554047,47.8727119],[39.3873086,47.8711604],[39.39035041251288,47.866185555138834],[39.39045,47.866185],[39.412529,47.830898],[39.423622804145126,47.83489132261192],[39.4244528,47.8357549],[39.4263563,47.8369279],[39.4301319,47.8373887],[39.4311617,47.8379752],[39.4326103,47.8381751],[39.4327356,47.838212],[39.43279900196515,47.838194384191766],[39.43336195704161,47.83839702534235],[39.4333948,47.8384345],[39.4335547,47.8385131],[39.4336522,47.8386414],[39.4336288,47.8387016],[39.43366,47.8387408],[39.4339175,47.8387513],[39.434015,47.8387147],[39.434205972614194,47.83870083694987],[39.437354,47.839834],[39.43825756592033,47.840931970728285],[39.4332243,47.8443538],[39.4399605,47.8547661],[39.4406843,47.8549593],[39.4414956,47.8549436],[39.441909,47.8550117],[39.4425643,47.8552263],[39.4426657,47.8551896],[39.4427671,47.8550797],[39.443243,47.855064],[39.4433288,47.8551059],[39.4441947,47.8551164],[39.4443819,47.8550797],[39.4445691,47.8552211],[39.4450294,47.8553833],[39.4456067,47.8554357],[39.4459655,47.8554566],[39.4464492,47.8552577],[39.4468158,47.8547447],[39.4469095,47.8546924],[39.4468626,47.8545772],[39.4469251,47.85444109999999],[39.4468704,47.8542317],[39.4469095,47.8538286],[39.4467378,47.8536559],[39.446496,47.8535617],[39.4464258,47.8532947],[39.4462152,47.8530906],[39.4456145,47.8528288],[39.4455053,47.8525775],[39.4457816,47.8525105],[39.4458588,47.8524032],[39.4462687,47.8523184],[39.4464299,47.8524193],[39.4468512,47.8525162],[39.4473114,47.8522754],[39.4481695,47.8521733],[39.4483216,47.8520555],[39.4484114,47.8519482],[39.4486493,47.8519273],[39.4487312,47.8520791],[39.4489028,47.8521053],[39.4489691,47.8521498],[39.4489379,47.8521995],[39.4489769,47.852223],[39.4491642,47.8522361],[39.4493475,47.8523434],[39.4493629,47.8522828],[39.4494333,47.8522806],[39.4494567,47.8523251],[39.4496828,47.8524197],[39.4499531,47.8524734],[39.4499807,47.8524438],[39.4500301,47.8524534],[39.4501042,47.8525162],[39.4500691,47.8525738],[39.449913,47.8526209],[39.4499911,47.8528041],[39.4501744,47.8528538],[39.450346,47.8529611],[39.4504279,47.8529245],[39.4507322,47.8530004],[39.4507712,47.8530528],[39.4508999,47.8531025],[39.450935,47.8532229],[39.45120449999999,47.8534649],[39.4515477,47.8538942],[39.4516491,47.8539072],[39.4516959,47.8539439],[39.451867599999986,47.8539465],[39.4519495,47.8539884],[39.4520119,47.853991],[39.4520236,47.8540329],[39.452164,47.8541323],[39.452281,47.854135],[39.4523824,47.8542213],[39.4525657,47.8543025],[39.4542172,47.855226],[39.4563465,47.8552556],[39.4584426,47.8555592],[39.4599209,47.8569805],[39.4606567,47.8572518],[39.4608127,47.85746109999999],[39.4613042,47.8575135],[39.461468,47.8575763],[39.4615304,47.85766],[39.4615382,47.8577857],[39.4618347,47.858084],[39.4618035,47.8581625],[39.4620141,47.8582829],[39.4621077,47.8582881],[39.4622889,47.8585311],[39.4623716,47.8586199],[39.4622779,47.8586459],[39.4622944,47.8587014],[39.4626088,47.8588124],[39.4627191,47.8587939],[39.4631053,47.8589123],[39.4632377,47.8589086],[39.4633204,47.8589567],[39.4636072,47.8589715],[39.4636293,47.859016],[39.4637176,47.859016],[39.4637396,47.8589271],[39.4638334,47.8589123],[39.4638941,47.8589493],[39.4638665,47.8590308],[39.4639658,47.8590456],[39.4640651,47.8589827],[39.4641478,47.8589827],[39.4641809,47.8590826],[39.4642747,47.859127],[39.464385,47.8592972],[39.4644402,47.8592972],[39.4644898,47.8593713],[39.4647325,47.85946749999999],[39.4647546,47.8595452],[39.4649808,47.8595896],[39.4652786,47.8595563],[39.4653779,47.8595637],[39.4658689,47.8596599],[39.4659902,47.8597377],[39.4661557,47.8597969],[39.4663598,47.8597747],[39.4664812,47.8598487],[39.4665584,47.8598154],[39.466779,47.8596155],[39.4673637,47.8596118],[39.467441,47.85964139999999],[39.467794,47.8596637],[39.4679374,47.8596155],[39.4680919,47.8596562],[39.4682243,47.8596266],[39.4683015,47.8596711],[39.4683732,47.85964139999999],[39.468478,47.8596859],[39.4685997,47.859667399999985],[39.4687245,47.8597197],[39.4688025,47.8596151],[39.4691146,47.8595104],[39.4693564,47.8594842],[39.4695982,47.8593691],[39.4697777,47.8594005],[39.4700897,47.8593219],[39.4702457,47.8593219],[39.4703471,47.8592591],[39.470667,47.8591492],[39.4709868,47.8591859],[39.4716343,47.8591283],[39.472079,47.8589556],[39.4722818,47.85908639999999],[39.4723832,47.8590602],[39.4726796,47.8591492],[39.4728123,47.8592539],[39.4731633,47.8592539],[39.4739512,47.8595837],[39.4749341,47.8596098],[39.4751916,47.8597511],[39.4755582,47.8597564],[39.4763227,47.86006],[39.4764553,47.8600704],[39.4766269,47.8601751],[39.4773758,47.8603478],[39.4778062,47.8606797],[39.5209371,47.8256835],[39.5349572,47.8328253],[39.54245455054172,47.8251226295538],[39.5440521656307,47.82591226167537],[39.5445747,47.8264637],[39.5458622,47.826868],[39.5468001,47.8278994],[39.5478025,47.82806],[39.548628,47.8284604],[39.54931830000001,47.8288152],[39.549824281343845,47.828765169117176],[39.565587,47.836556],[39.56803863823889,47.83643041832643],[39.6216631,47.8363575],[39.6218077,47.8373306],[39.622552800000015,47.8379451],[39.6244949,47.8385568],[39.62570980000001,47.839133],[39.62665,47.83893],[39.6276418,47.8388717],[39.6286247,47.8387251],[39.62953690000001,47.8384799],[39.6305666,47.838527],[39.63129,47.83859],[39.6319942,47.8386003],[39.6328133,47.8384904],[39.6329069,47.8385585],[39.6333438,47.8385532],[39.6335466,47.8384956],[39.6339835,47.8385794],[39.6344203,47.838438],[39.6346075,47.8384642],[39.6348728,47.83837],[39.63513020000001,47.8383909],[39.6353642,47.8383542],[39.6358229,47.8385006],[39.6451077,47.8363677],[39.6480478,47.8353442],[39.6522289,47.8329947],[39.70653870000001,47.829557],[39.7091768,47.82939],[39.72319680000001,47.8285025],[39.729082732307205,47.828181164202825],[39.73773478345895,47.82773797521752],[39.7379636657213,47.827768936095836],[39.7389637065081,47.82851313041087],[39.74098,47.83069],[39.74201,47.83172],[39.7567387,47.8468232],[39.7590272,47.8463423],[39.76289737855317,47.84632370664825],[39.763184,47.846537],[39.762505,47.870145],[39.76344435279575,47.87004908384328],[39.7634486,47.8706904],[39.7638348,47.8707984],[39.764221,47.8709279],[39.7646717,47.8710863],[39.76502570000001,47.8712518],[39.76550850000001,47.8712662],[39.76592590000001,47.8711493],[39.76671010000001,47.8711007],[39.7671822,47.8709567],[39.7676757,47.8710143],[39.7678474,47.87082],[39.7681478,47.8706545],[39.7685877,47.8706545],[39.7690276,47.870712],[39.76943530000001,47.8706401],[39.76972390000001,47.8706455],[39.7700468,47.8704817],[39.7702721,47.8705465],[39.770712,47.8704673],[39.7711197,47.8704961],[39.7714727,47.8705087],[39.7717849,47.8703882],[39.7719351,47.8701867],[39.772332,47.8701291],[39.7726646,47.8699995],[39.7728792,47.8700643],[39.7735015,47.8700715],[39.7740916,47.8700499],[39.77455290000001,47.8698916],[39.7752278,47.8696019],[39.7758618,47.8694813],[39.7762695,47.8694022],[39.7767416,47.869287],[39.7772984,47.869314],[39.7777179,47.8694166],[39.7782114,47.8694166],[39.7796276,47.8692582],[39.7799924,47.869323],[39.7801748,47.8694526],[39.7804849,47.8696955],[39.78084,47.8698268],[39.7810975,47.86987],[39.7814086,47.8698196],[39.781709,47.8697404],[39.7823099,47.8696253],[39.7828034,47.8696325],[39.7832218,47.8695173],[39.7834782,47.8694939],[39.7835866,47.8694382],[39.7838548,47.8694597],[39.7839943,47.8695533],[39.7841552,47.8695317],[39.784402,47.8695317],[39.7845415,47.869431],[39.7848526,47.8693662],[39.7854105,47.869323],[39.7856884,47.8693428],[39.7860006,47.86931580000001],[39.7862999,47.869242],[39.7867838,47.8692078],[39.7870627,47.8691503],[39.787288,47.8692007],[39.7875241,47.869215],[39.7878138,47.8691863],[39.7880176,47.8690423],[39.7882965,47.8690567],[39.7887675,47.8690909],[39.7891978,47.8690207],[39.7896377,47.8689703],[39.7899917,47.8689631],[39.7903565,47.8689056],[39.7909573,47.8688696],[39.7912995,47.8688894],[39.7916547,47.8690207],[39.7920624,47.8690639],[39.79292070000001,47.8692222],[39.7935966,47.8692798],[39.7938755,47.8695173],[39.7939614,47.8698556],[39.7939603,47.8700841],[39.7944227,47.8703954],[39.794866081247996,47.87037766118449],[39.79391779602949,47.915244262882425],[39.7935606,47.915877],[39.7936484,47.9193514],[39.7942688,47.9198203],[39.79451510000001,47.9207495],[39.7964908,47.9219495],[39.7966194,47.9224593],[39.79813280000002,47.9236931],[39.79836680000001,47.9241426],[39.79917810000001,47.9244876],[39.79933410000001,47.9248013],[39.8004731,47.9257318],[39.8010971,47.9265368],[39.801378,47.9271118],[39.8011127,47.9274463],[39.801222,47.9276659],[39.8003639,47.9290145],[39.8004731,47.9304258],[39.80072,47.93129],[39.8005906,47.931505],[39.8006872,47.9320455],[39.8014072,47.9328695],[39.8021212,47.9347411],[39.8034693,47.9347955],[39.8037523,47.9347959],[39.8040889,47.9348045],[39.8045609,47.9349195],[39.8052047,47.9349123],[39.8056553,47.9349052],[39.8061595,47.9349698],[39.8064707,47.9348333],[39.80634773784912,47.93955954858533],[39.805888,47.950562],[39.82173254112051,47.95076242390293],[39.8210691,47.95169139999999],[39.8218965,47.9526519],[39.8221282,47.9535238],[39.8224371,47.9539376],[39.8241581,47.9546543],[39.82474222263744,47.95526196529473],[39.82422092660217,47.95613341669909],[39.82372,47.95601],[39.8229004,47.955962],[39.8224371,47.9561098],[39.8224371,47.9567895],[39.8222495,47.9569816],[39.8223047,47.9571663],[39.82333028308611,47.95762230686965],[39.822157818037496,47.959582318540676],[39.82149,47.96013],[39.8184,47.96013],[39.81789,47.96064],[39.8184,47.96099],[39.8185439,47.9614525],[39.8179927,47.961973],[39.8176802,47.9625313],[39.8178243,47.9630989],[39.8170388,47.963221],[39.8168995,47.963486],[39.8170278,47.9638616],[39.8172734,47.9641316],[39.8180028,47.964566],[39.8182044,47.9650151],[39.8181787,47.9652508],[39.8172,47.96596],[39.81703,47.96648],[39.8171084,47.9667086],[39.8175849,47.9668951],[39.81776030433065,47.96693364914032],[39.81729055311159,47.96771893299413],[39.81686,47.96768],[39.816,47.96802],[39.816534351800236,47.96898307591903],[39.815408,47.970866],[39.822680264430964,47.982956867033714],[39.8225452,47.9830071],[39.8223456,47.9831026],[39.8212492,47.9832292],[39.8209175,47.9832327],[39.8206298,47.9832431],[39.8203006,47.983335],[39.8200725,47.9834252],[39.8199066,47.9834409],[39.8193632,47.9835777],[39.8190003,47.9838483],[39.8183057,47.98406339999999],[39.8178081,47.984112],[39.8175696,47.9839246],[39.8172586,47.9836262],[39.8169475,47.9836401],[39.8166365,47.9834666],[39.8162114,47.9834736],[39.8160559,47.9836401],[39.8158071,47.9846394],[39.8149881,47.9856595],[39.8150192,47.9861452],[39.815185,47.9875122],[39.8150606,47.9884004],[39.8149466,47.9885322],[39.8149984,47.9889347],[39.8151539,47.9891637],[39.8154857,47.9891498],[39.8159834,47.9894204],[39.8163773,47.98958],[39.81730938478238,47.98959925657415],[39.81742266983436,47.99056638400706],[39.8170927,47.9905306],[39.81666759999999,47.9906208],[39.8164188,47.9908289],[39.8163981,47.9912105],[39.8163773,47.9918489],[39.8161907,47.9924178],[39.8159523,47.9930839],[39.8159834,47.9932782],[39.8161492,47.9934447],[39.81771,47.99394],[39.8177044,47.9944368],[39.8177873,47.9945409],[39.8178081,47.9947074],[39.817479506187595,47.99516687630559],[39.81722830215826,47.99539067625899],[39.8171238,47.9954428],[39.8167713,47.9953665],[39.8165121,47.9952833],[39.8162322,47.9952763],[39.81589,47.9953596],[39.8156412,47.9955677],[39.8154339,47.9957689],[39.8152058,47.9959285],[39.8148948,47.9960326],[39.814366,47.9961921],[39.8138373,47.9964488],[39.813267,47.9966153],[39.813039,47.996761],[39.8128109,47.9970108],[39.8128212,47.9972744],[39.812956,47.9974478],[39.8132359,47.9977531],[39.813153,47.9979543],[39.81368169999999,47.9984815],[39.81384364359043,47.99860881389788],[39.8164603,48.00120530170912],[39.8164603,48.0013189],[39.8162011,48.0015339],[39.8157656,48.0015339],[39.8153095,48.0014507],[39.8149777,48.0013813],[39.814563,48.0013813],[39.8143971,48.0014438],[39.8141304,48.0017151],[39.8141068,48.0019918],[39.813858,48.0023664],[39.8136921,48.0024635],[39.8134633,48.0025581],[39.8130908,48.0026786],[39.8122403,48.0026532],[39.8117647,48.0026367],[39.8109124,48.0026904],[39.8104368,48.0027069],[39.80968939999999,48.0028598],[39.8095968,48.0029921],[39.8096029,48.0031037],[39.8103788,48.0033722],[39.8106406,48.0037773],[39.810739324003315,48.00403306074827],[39.80905812538937,48.00475551797052],[39.8077623,48.0046203],[39.8074226,48.0046286],[39.8071441,48.0047457],[39.8064714,48.0053146],[39.8062182,48.005484],[39.8058585,48.0055226],[39.8049334,48.0054634],[39.8044455,48.0055708],[39.8038772,48.0057196],[39.8037475,48.0058849],[39.8037414,48.0062403],[39.8035561,48.0065874],[39.80331657979201,48.007222817817954],[39.8022540114148,48.007679432635435],[39.8021884,48.0076729],[39.8013175,48.0071874],[39.8008134,48.0069615],[39.8006526,48.0069138],[39.8003255,48.0069966],[39.800177,48.0071735],[39.8000692,48.0073148],[39.799761,48.0080551],[39.79930620000001,48.0084636],[39.79885,48.0086717],[39.7980413,48.0087272],[39.79752290000001,48.00871330000001],[39.79671430000001,48.0095456],[39.7934796,48.0108219],[39.7920696,48.0116819],[39.7915512,48.0118206],[39.791095,48.0121674],[39.7909913,48.01318],[39.7907633,48.0134158],[39.7902656,48.01388739999999],[39.7900997,48.0149416],[39.7896021,48.0153716],[39.7885861,48.0157322],[39.7884409,48.0163841],[39.7877774,48.0173134],[39.7877981,48.0182149],[39.7866992,48.018839],[39.7861808,48.0191026],[39.7866577,48.0195741],[39.786637,48.0209194],[39.7855173,48.0217654],[39.7835474,48.0227224],[39.7835267,48.023915],[39.7841902,48.0243727],[39.78457237394675,48.024646560610655],[39.78422113050286,48.02569730935931],[39.7841902,48.025704],[39.7832778,48.0258427],[39.7834023,48.02630030000001],[39.7836303,48.0270907],[39.78370628015405,48.027237490020795],[39.78294648042146,48.029510439543785],[39.7827595,48.0297116],[39.7822826,48.0305852],[39.7822826,48.0309873],[39.7814117,48.0321936],[39.78115,48.03308],[39.78081,48.03394],[39.78046,48.03411],[39.77875,48.03497],[39.77857,48.03617],[39.77857,48.03738],[39.77651,48.03892],[39.7768988,48.0399094],[39.8717802,48.0413098],[39.87730588193722,48.04145118022686],[39.88346189890003,48.04605365061805],[39.88350568796611,48.0486922188816],[39.87896371013251,48.050268763381844],[39.8476919,48.059076],[39.838839638770246,48.06419604051776],[39.832202,48.0665],[39.868584,48.079444],[39.8693743410544,48.08192759131375],[39.87419,48.10896],[39.8704565,48.1166083],[39.8764637,48.118908],[39.88608759999999,48.1282079],[39.889203,48.1306223],[39.8974738,48.1340955],[39.8993645,48.135854],[39.9002671,48.1382678],[39.902495,48.1403415],[39.9067164,48.1488308],[39.9078304,48.1578272],[39.9067751,48.1683862],[39.9098171,48.1798459],[39.9141228,48.1805309],[39.925,48.18191],[39.9370158,48.1809588],[39.9401828,48.2045149],[39.942,48.22861],[39.942140210650166,48.22861231952806],[39.942194,48.230744],[40.00419990048413,48.223691879711104],[40.007214729422714,48.22448979426776],[40.003076,48.239476],[40.01127152788725,48.245974972826254],[40.01947748092112,48.25279212062774],[40.01904011307541,48.256613422803696],[40.013034,48.2662432],[40.0160136,48.2669079],[40.0141427,48.27031280000001],[40.0104012,48.2701893],[40.009028298998004,48.27262729209143],[40.008963,48.272654],[40.00587838899078,48.27822088964519],[40.0043741,48.2808922],[40.0027171,48.2836658],[39.9930339,48.3007003],[39.992892960101486,48.31061496000666],[39.99120368977913,48.31587231731898],[39.9910005,48.3160623],[39.9907168,48.3167575],[39.99041749385307,48.316992814398844],[39.9742217293104,48.313359086950555],[39.9742186,48.3133566],[39.973462,48.31316],[39.9727053,48.3129575],[39.9724708713671,48.312873381238866],[39.971265,48.307302],[39.963063,48.302596],[39.971011,48.302796],[39.970224,48.298747],[39.958283,48.29805],[39.95722743224936,48.30138970449756],[39.9568246,48.3012724],[39.9567202,48.3018452],[39.956668,48.3023601],[39.9566854,48.3028344],[39.95644779226623,48.30320156387941],[39.95208319675019,48.30354224248015],[39.95193268336782,48.30345137675634],[39.9516797316715,48.30279370234588],[39.9516933,48.3026782],[39.9518499,48.3024121],[39.9517629,48.3021518],[39.951702,48.3018972],[39.9518412,48.3015848],[39.9520586,48.3010757],[39.9520673,48.3009021],[39.9519282,48.3003178],[39.9515977,48.29997070000001],[39.9511541,48.2997624],[39.9504671,48.29957730000001],[39.950439707934166,48.299569640628825],[39.94993434495228,48.298255696875934],[39.9500235,48.29817710000001],[39.9505105,48.2978011],[39.9506497,48.2974539],[39.9505105,48.2972051],[39.950267,48.2970373],[39.9498061,48.296939],[39.9493841081487,48.29682508118662],[39.948411,48.294295],[39.9468957755357,48.29400208679108],[39.946449,48.2937914],[39.9461881,48.2935079],[39.945962,48.2930565],[39.9455358,48.2926457],[39.9450053,48.29231590000002],[39.9442487,48.2918761],[39.9439008,48.2918182],[39.9432833,48.2919745],[39.9427876,48.2922001],[39.942431,48.29235640000001],[39.9418831,48.2926515],[39.9414396,48.2927614],[39.9409264,48.2926862],[39.9405177,48.29249530000001],[39.9400567,48.2924432],[39.9395175,48.2924085],[39.938987,48.2922696],[39.9385261,48.29213650000001],[39.9380738,48.29209020000001],[39.93766931729846,48.29206276618147],[39.936215,48.285058],[39.93575773543799,48.284884874912485],[39.9353951,48.2842201],[39.9346298,48.283595],[39.9342645,48.2834504],[39.9336296,48.2834735],[39.9331252,48.2836819],[39.93259411389434,48.28368709511035],[39.930156,48.282764],[39.932225710684946,48.28107777173101],[39.9328208,48.2809154],[39.93336,48.2808055],[39.9338992,48.2806839],[39.9344037,48.2803945],[39.9347342,48.2800762],[39.934882,48.27977520000001],[39.9348907,48.2794395],[39.9347603,48.27915010000001],[39.9346414018328,48.27910966733252],[39.934695,48.279066],[39.92581958292083,48.27219181355975],[39.9257762,48.2720248],[39.92521090000001,48.2715269],[39.9245934,48.2713012],[39.92369869535554,48.27126834922677],[39.9184168031843,48.270321298308595],[39.9181837,48.27021290000001],[39.9172619,48.2699871],[39.9159312,48.2697266],[39.9150354,48.2696282],[39.914444,48.2697266],[39.9143049,48.26995820000001],[39.9143049,48.270259275987286],[39.91324096347453,48.2714392812425],[39.9130786,48.27133590000001],[39.9125394,48.2710986],[39.9121567,48.2710233],[39.9119045,48.2709886],[39.9109043,48.2711738],[39.9104347,48.2713649],[39.9103043,48.2715269],[39.9102956,48.2717295],[39.9104782,48.2719727],[39.9112321,48.27253190000001],[39.9117734,48.2729065],[39.91181594455049,48.27301976069676],[39.90822,48.277008],[39.91205057441486,48.28659],[39.9118917,48.28659],[39.9115841,48.2868232],[39.9112336,48.2867851],[39.9111401,48.2876863],[39.9107537,48.28917],[39.9105092,48.2913213],[39.9103688,48.292556],[39.90947033020639,48.293324521416196],[39.8923926831532,48.30147514988903],[39.8918961,48.3011979],[39.8880904,48.3022353],[39.887978902056595,48.30358170998871],[39.886916,48.304089],[39.887185841525074,48.308559024980696],[39.857534,48.309246],[39.852479,48.3085768],[39.84120926579927,48.31004709866189],[39.841068,48.310051],[39.840394,48.329117],[39.845302278942484,48.33256950549965],[39.845318,48.3328564],[39.8486099,48.3334876],[39.8615202,48.3345414],[39.8656975,48.3345212],[39.876146431290664,48.33400120099089],[39.877934,48.334073],[39.918581,48.341692],[39.918603,48.347207],[39.91932692271136,48.34723339437065],[39.9320741,48.3490683],[39.93637434307083,48.34785494681617],[39.94352325559287,48.348115597634134],[39.94486322082505,48.350364022797336],[39.947221621090115,48.354704749145924],[39.9430693,48.3547111],[39.9420678,48.3547985],[39.9429884,48.3560758],[39.9413191,48.3565464],[39.9417643,48.3570506],[39.9433728,48.3565531],[39.943805,48.3569999],[39.94424030694168,48.35744984021561],[39.943952818089954,48.35789895422366],[39.940613,48.3593093],[39.9395841,48.3597438],[39.934889,48.3617264],[39.9322922,48.3645634],[39.9325014,48.3649491],[39.9367565,48.3674683],[39.9354909,48.3702791],[39.935417415963975,48.37123292747557],[39.934751,48.372274],[39.9421668141716,48.382290175890034],[39.9425366,48.3840439],[39.9422991,48.3849948],[39.9415145,48.3863196],[39.940956125033566,48.386599245543074],[39.93368193645842,48.38065857567677],[39.9327877,48.3792218],[39.9318304,48.3776316],[39.9305819,48.3764654],[39.9291508,48.3755365],[39.9271098,48.3751712],[39.926965828547,48.37517367801759],[39.926845,48.375075],[39.926095496383155,48.375188658059585],[39.923955,48.3752255],[39.9216222,48.3757819],[39.92145857618088,48.37589182124759],[39.92122,48.375928],[39.92109129789046,48.376138556033],[39.9197103,48.3770663],[39.9178786,48.3787359],[39.9166411,48.3814165],[39.91616802954353,48.38419299940034],[39.915459159232554,48.38535270782413],[39.9140481,48.3868763],[39.9104834,48.3879718],[39.9070349,48.3893815],[39.9057201,48.3903787],[39.9060527,48.3916811],[39.9069024,48.3924733],[39.909748,48.3932275],[39.91125127424124,48.39335852133652],[39.918481463661365,48.397517505078824],[39.918482867101865,48.39768875720701],[39.90917765548656,48.40217913300353],[39.9068839,48.402821],[39.9055677,48.4045089],[39.9057823,48.406724],[39.9071503,48.4084437],[39.9090314,48.4104618],[39.9113789,48.4133708],[39.9120869,48.4161243],[39.91220748019874,48.41701633181381],[39.91066583562537,48.42100235200837],[39.909638,48.4220936],[39.9074942,48.423153],[39.8990249,48.4267918],[39.8962258,48.4288049],[39.8942941,48.4312101],[39.8923624,48.4349781],[39.8909918,48.4374517],[39.890065,48.4396466],[39.8897202833926,48.440372833093406],[39.888817,48.441993],[39.88893549143981,48.44202619668341],[39.8892836,48.4430087],[39.8913799,48.4437432],[39.89594930155396,48.44399119292498],[39.895983559231354,48.44400079059105],[39.89680704823957,48.44450528526503],[39.89723598941005,48.447486426399855],[39.8960663,48.4480587],[39.8896869,48.4493582],[39.8879529,48.4504282],[39.87731367134474,48.455824336997054],[39.86967645389562,48.458767562430836],[39.8689017,48.4590183],[39.866658788692924,48.459930508102396],[39.857752,48.463363],[39.85685431962459,48.46417692099221],[39.85466169999999,48.4653637],[39.8527778,48.4663904],[39.8498666,48.46895270000001],[39.84671914863274,48.473366414999106],[39.846338,48.473712],[39.84634095584168,48.47428949474744],[39.8457565,48.4773388],[39.8462754,48.4792249],[39.84637222129867,48.480397953574176],[39.846469,48.499306],[39.84683131302736,48.499877358428684],[39.846882,48.5002486],[39.8472082,48.5015749],[39.8477511,48.5021396],[39.8485752,48.5028537],[39.8512556,48.5033849],[39.8525791,48.5034263],[39.8535999,48.5032213],[39.8550537,48.5024446],[39.855112821518844,48.50239456941511],[39.861803491461316,48.50192911383166],[39.86191748203422,48.50198174020827],[39.866756,48.508883],[39.86619786944122,48.51089743898641],[39.8657411,48.512071],[39.8651147,48.51348439999999],[39.8643249,48.5152338],[39.8632488,48.5179946],[39.8622725,48.52002],[39.8620999,48.5210246],[39.8621115,48.52251430000001],[39.8618755,48.5242979],[39.8556989,48.53515080000001],[39.8551839,48.5369694],[39.8551807,48.539239],[39.8560819,48.5413132],[39.8568115,48.5432169],[39.85704359015344,48.543937624297705],[39.85659372648514,48.545561299793974],[39.8558705,48.5467435],[39.8538106,48.5493572],[39.8527806,48.5519707],[39.8526973,48.5537942],[39.8530638,48.5547924],[39.8548724,48.5580298],[39.8553094,48.5608863],[39.8527714,48.5648251],[39.8504265,48.567896],[39.8479741,48.5700346],[39.84488419999999,48.5715113],[39.8414053,48.5730198],[39.837333,48.5741743],[39.8336855,48.5746746],[39.8296064,48.57571380000001],[39.826331,48.5768417],[39.8248715,48.5770201],[39.8229512,48.5777545],[39.8208913,48.5786063],[39.8204932,48.57911230000001],[39.8212314,48.5797313],[39.822503349047544,48.58023321495894],[39.82494718959369,48.58591082430857],[39.82457090670818,48.5860883418663],[39.81819139098355,48.585242447803914],[39.8133492,48.5839382],[39.8117529,48.5838471],[39.8103263,48.5838708],[39.809176434814745,48.58404710661737],[39.80861,48.583972],[39.80814885847533,48.5842046629212],[39.8072825,48.5843375],[39.8051083,48.5850376],[39.8032705,48.5864837],[39.80287406418939,48.586865991345626],[39.790476903496504,48.593120816528504],[39.78873450358776,48.59329023986969],[39.783746122876344,48.59297605622947],[39.78333,48.5929276],[39.782240322060915,48.592881216238496],[39.77407428387676,48.592366893906004],[39.7734552,48.59232090000001],[39.77338174383348,48.592264702743414],[39.770368,48.587994],[39.76961460169296,48.58776078741652],[39.76917980000001,48.5872618],[39.7654365,48.5858637],[39.76251180000001,48.5848204],[39.7596161,48.5839091],[39.7572997,48.5837082],[39.7545006,48.5828367],[39.7538794,48.5821078],[39.752417,48.5819942],[39.7513784268952,48.582115824589174],[39.751295,48.58209],[39.751293723048825,48.582125744035835],[39.7511199,48.5821461],[39.7504408,48.5832285],[39.7506421,48.5843448],[39.751148622117256,48.58618736596277],[39.751113433508856,48.58717235497634],[39.7508041,48.5883977],[39.7503385,48.5889684],[39.75025937736828,48.58917288478525],[39.74706122394325,48.59052876012376],[39.7465877,48.5904912],[39.7457977,48.5904351],[39.7440645,48.5899802],[39.7416816,48.5884076],[39.7394146,48.5871579],[39.7361573,48.5860053],[39.7332614,48.5857146],[39.7300223,48.5859564],[39.72791174479946,48.58636334527092],[39.721237,48.584834],[39.71584854073559,48.585309702500346],[39.715072,48.5851943],[39.71363120961263,48.58550545232558],[39.69806383870657,48.58687976674468],[39.6975943,48.5866975],[39.69547280000001,48.5866622],[39.6935346,48.5863268],[39.6909749,48.5862177],[39.6903456,48.5867624],[39.6898022,48.5868514],[39.6878882,48.5868018],[39.6871715,48.5871712],[39.6868866,48.5876325],[39.686919702629815,48.587863590345414],[39.6713252,48.5892403],[39.6334311,48.5812628],[39.6236025,48.5870259],[39.6110289,48.5740514],[39.6010726,48.5749594],[39.5968664,48.5795022],[39.6058783,48.5855209],[39.600613,48.5928753],[39.5913857,48.5922505],[39.5743396,48.5817384],[39.5640858,48.5845992],[39.5694136,48.5911155],[39.5635639,48.5990889],[39.549059,48.595854],[39.549314,48.585973],[39.5306906,48.5856913],[39.5292488,48.5912185],[39.5350124,48.5928382],[39.5341908,48.5967686],[39.5245243,48.6026385],[39.5298325,48.6093625],[39.5129236,48.6221295],[39.5175713,48.6266987],[39.5165791,48.6337256],[39.4672186,48.6285546],[39.4654267,48.6335035],[39.4686795,48.6376897],[39.454215,48.639786],[39.449575,48.644557],[39.452373,48.65471],[39.410694,48.657656],[39.408033,48.65981],[39.413526,48.66684],[39.411724,48.670524],[39.390524,48.678799],[39.389599,48.684749],[39.377986,48.686237],[39.355953,48.697214],[39.346855,48.712224],[39.374183,48.718652],[39.353722,48.726891],[39.358871,48.736175],[39.349266,48.742496],[39.343138,48.757361],[39.353893,48.76549],[39.351063,48.768547],[39.33167,48.766602],[39.326603,48.768309],[39.326256,48.775559],[39.311844,48.774069],[39.292617,48.760605],[39.286434,48.748901],[39.272383,48.753887],[39.268663,48.741949],[39.256311,48.74227],[39.259229,48.733835],[39.24978,48.712564],[39.239588,48.709125],[39.232364,48.711412],[39.207173,48.6983],[39.200371,48.699999],[39.196508,48.706513],[39.174249,48.680329],[39.148672,48.675285],[39.141898,48.66665],[39.141984,48.660868],[39.123187,48.660018],[39.103618,48.649869],[39.075894,48.651626],[39.042678,48.646466],[39.012372,48.658336],[39.009633,48.662626],[39.025426,48.661974],[39.026284,48.667274],[39.014354,48.683427],[39.015548,48.694891],[39.001815,48.698007],[38.998986,48.711196],[38.984305,48.711828],[38.999333,48.719624],[38.978812,48.744892],[38.961131,48.746137],[38.961045,48.736515],[38.943707,48.733854],[38.932464,48.736798],[38.936959,48.747117],[38.918028,48.742911],[38.90474,48.750608],[38.863879,48.75138],[38.847148,48.742911],[38.830067,48.717038],[38.808438,48.713414],[38.767067,48.71432],[38.691716,48.729363],[38.674549,48.729363],[38.678412,48.723701],[38.583218,48.71987],[38.577732,48.696742],[38.572231,48.689056],[38.559446,48.686695],[38.548978,48.675294],[38.527284,48.674642],[38.516148,48.670562],[38.515247,48.666367],[38.431476,48.650492],[38.4263261,48.6386961],[38.4362747,48.6292431],[38.4412529,48.6172714],[38.438793,48.6110275],[38.40607,48.60193],[38.402637,48.59194],[38.402637,48.547867],[38.414303,48.520605],[38.405377,48.473366],[38.389247,48.432278],[38.390964,48.415874],[38.321754,48.371053],[38.273689,48.359192],[38.2385206,48.3867172],[38.1890602,48.4165331],[38.163094,48.402117],[38.148548,48.414482],[38.117477,48.420805],[38.113706,48.408013],[38.042123,48.409086],[38.004802,48.393954],[37.978623,48.391275],[37.974959,48.381115],[37.9500832,48.3734333],[37.942023,48.3574628],[37.9292962,48.3594898],[37.9185517,48.3465274],[37.9054956,48.3404377],[37.9006815,48.3232554],[37.9011467,48.2908822],[37.8943398,48.286666],[37.895347,48.268546],[37.89157,48.255061],[37.896571,48.215429],[37.88333,48.199712],[37.856208,48.192846],[37.828593,48.17515],[37.8168038,48.1322916],[37.789283,48.100177],[37.756436,48.08667],[37.7430873,48.0868254],[37.7266508,48.0795824],[37.7257935,48.0733245],[37.693049,48.069307],[37.687749,48.061894],[37.694294,48.056545],[37.691199,48.053406],[37.68785,48.054754],[37.64781,48.028944],[37.616482,48.018095],[37.575455,48.013961],[37.573394,48.006899],[37.556143,48.009855],[37.549621,47.997364],[37.558546,47.986451],[37.5412006,47.9745867],[37.525158,47.957202],[37.521854,47.94582]]]]}},{"type":"Feature","id":"fase-5-controllo-russo-post-2022","properties":{"id":"fase-5-controllo-russo-post-2022","stato":"controllo-russo","data":"2026-07-15","origineControllo":"post-2022","sourceId":"deepstate-history-1784114834","note":"Territorio sotto controllo russo acquisito dal 24 febbraio 2022, al netto del perimetro pre-2022 durante l'importazione."},"geometry":{"type":"MultiPolygon","coordinates":[[[[31.511296,46.57669],[31.52162,46.561607],[31.54695,46.538732],[31.614245,46.501946],[31.6943,46.440337],[31.724946,46.414472],[31.74521,46.386432],[31.773838,46.371159],[31.776887,46.37412],[31.737666,46.426222],[31.720264,46.433355],[31.706976,46.445455],[31.697124,46.447264],[31.696917,46.457512],[31.704264,46.466577],[31.716453,46.478678],[31.742039,46.485338],[31.770904,46.484579],[31.797018,46.478139],[31.892118,46.456829],[31.952823,46.437483],[31.974844,46.439231],[32.002243,46.453458],[32.029038,46.437569],[32.035568,46.416592],[32.009049,46.364143],[31.969769,46.348389],[31.868275,46.334384],[31.823448,46.337131],[31.772538,46.327173],[31.745589,46.30605],[31.747738,46.298168],[31.758091,46.294869],[31.768016,46.296545],[31.774506,46.293952],[31.771212,46.288867],[31.775544,46.28549],[31.77511,46.282294],[31.782128,46.276867],[31.783287,46.272539],[31.777196,46.268157],[31.779602,46.264496],[31.784407,46.265113],[31.784514,46.268892],[31.791702,46.273917],[31.809724,46.272123],[31.814358,46.269477],[31.813241,46.264773],[31.818304,46.26434],[31.834694,46.266167],[31.833142,46.269821],[31.835191,46.272857],[31.847697,46.267951],[31.850738,46.268283],[31.86122,46.272172],[31.870831,46.265803],[31.874001,46.265286],[31.883288,46.273445],[31.895066,46.280773],[31.904488,46.297468],[31.936819,46.292171],[31.943742,46.285588],[31.955596,46.265925],[31.969511,46.257237],[32.028542,46.245625],[32.051416,46.249814],[32.077751,46.238949],[32.087826,46.22149],[32.12115,46.204421],[32.165963,46.196922],[32.187022,46.175695],[32.20613,46.172209],[32.208103,46.186828],[32.221809,46.187739],[32.239877,46.178544],[32.227939,46.168376],[32.238387,46.149805],[32.226041,46.131886],[32.389221,46.094552],[32.546537,46.065294],[32.574897,46.063727],[32.637881,46.053703],[32.739615,46.033613],[32.912066,46.010401],[32.968043,46.012572],[33.036377,46.008034],[33.070055,46.014197],[33.049658,46.027752],[33.017451,46.025675],[32.972882,46.030736],[32.941407,46.046089],[32.936279,46.039686],[32.926517,46.031197],[32.908036,46.026622],[32.878574,46.025916],[32.795279,46.03031],[32.719364,46.039073],[32.620055,46.0604],[32.55212,46.068282],[32.541847,46.068187],[32.539628,46.073498],[32.544276,46.080477],[32.596141,46.095849],[32.646659,46.107865],[32.67705,46.099817],[32.703745,46.106234],[32.732848,46.109787],[32.758447,46.119028],[32.828978,46.111371],[32.863717,46.115723],[32.913276,46.106793],[33.029605,46.113243],[33.031475,46.149726],[33.062645,46.155591],[33.101575,46.131873],[33.14047,46.127642],[33.181455,46.147562],[33.195306,46.170137],[33.222893,46.157038],[33.208021,46.127029],[33.256658,46.138651],[33.284009,46.12504],[33.308611,46.114316],[33.302996,46.093595],[33.278039,46.094525],[33.288547,46.074961],[33.318234,46.076303],[33.318315,46.099114],[33.349946,46.093137],[33.366461,46.07525],[33.407575,46.040962],[33.437087,46.040165],[33.460422,46.046034],[33.491141,46.03224],[33.51018,46.028452],[33.493142,46.052719],[33.496699,46.070314],[33.515116,46.08243],[33.561688,46.074055],[33.513984,46.107515],[33.545372,46.12331],[33.580572,46.157178],[33.60639957487981,46.14698863194185],[33.60640914696726,46.14700138196976],[33.606450849080574,46.14703684411166],[33.689516350944224,46.20451915110582],[33.68956826151882,46.204539238525584],[33.689624597475174,46.20455243159083],[33.68968346636793,46.204558287117635],[33.68974289066187,46.20455660840603],[33.68980087416396,46.20454745184758],[33.689855469082254,46.20453112503122],[33.74060964955972,46.18535451243622],[33.82401565410458,46.187288931134944],[33.82408852199686,46.18727207374131],[34.03842935316851,46.117152147336874],[34.12269885861416,46.108331455840315],[34.12276178669613,46.108308812899864],[34.122816102104885,46.1082772207624],[34.16095965499971,46.08061882339317],[34.2278558383709,46.06102993759903],[34.382602615718916,46.034894917307874],[34.38265900001768,46.03487119190511],[34.38270728400705,46.03484002291695],[34.382745461984825,46.03480270510343],[34.43697276302004,45.96831685869211],[34.47854614708464,45.94722797946985],[34.55590443065609,45.988894222850924],[34.55597148236148,45.98891016906666],[34.556041924201566,45.98891557881486],[34.55611236968568,45.98891019202189],[34.65151378645711,45.974122843141586],[34.70106053327622,45.9593666278401],[34.7011053061172,45.95934195057445],[34.70114312478572,45.95931217593069],[34.75290704193672,45.91042922588409],[34.78301111469288,45.905179900398],[34.783060727991085,45.905160592850706],[34.78310470357409,45.90513552773183],[34.78314167720458,45.905105482631555],[34.796427836814395,45.89214578854447],[34.79644802871258,45.89210461176887],[34.79645643392187,45.89206149782716],[34.80119506242087,45.80488831185769],[34.95822018629442,45.76027916070389],[34.976930170123005,45.76548730045902],[34.895963,45.89884],[34.852473,46.009247],[34.83464,46.115559],[34.833782,46.200162],[34.903003,46.236419],[35.024814,46.256333],[35.079862,46.276666],[35.11777,46.314272],[35.138002,46.348282],[35.178357,46.362948],[35.193173,46.370951],[35.218273,46.430405],[35.211759,46.447041],[35.246448,46.446405],[35.268036,46.432201],[35.254946,46.404982],[35.266102,46.355554],[35.289804,46.356581],[35.307895,46.348318],[35.31792,46.337862],[35.331193,46.331158],[35.317442,46.317067],[35.300092,46.314492],[35.294302,46.306424],[35.298987,46.299007],[35.253203,46.248701],[35.209023,46.190401],[35.136833,46.162033],[35.029347,46.145017],[35.030825,46.127364],[34.991294,46.104591],[34.978187,46.076659],[35.066419,46.099387],[35.133606,46.119545],[35.18863,46.151465],[35.265869,46.250892],[35.360236,46.354693],[35.457829,46.441261],[35.565718,46.47543],[35.624266,46.504336],[35.723987,46.586842],[35.873938,46.645662],[35.993615,46.666059],[36.11469,46.656638],[36.189885,46.66706],[36.229044,46.650535],[36.259896,46.61865],[36.19085,46.534705],[36.166514,46.527707],[36.155067,46.527954],[36.143142,46.503306],[36.171704,46.498177],[36.2328,46.555902],[36.332203,46.677034],[36.414958,46.726012],[36.536636,46.758576],[36.711062,46.781413],[36.7761,46.754256],[36.810878,46.730372],[36.818292,46.70213],[36.787614,46.66415],[36.749226,46.643047],[36.750355,46.631181],[36.769768,46.63222],[36.804988,46.659181],[36.838054,46.70579],[36.86852,46.76572],[36.897491,46.810934],[37.006126,46.869295],[37.036174,46.870651],[37.23816,46.951031],[37.282845,46.937346],[37.316173,46.914271],[37.324006,46.891819],[37.297854,46.872763],[37.284176,46.872546],[37.285569,46.866901],[37.308923,46.870123],[37.341892,46.895048],[37.478068,47.03143],[37.528548,47.077529],[37.574156,47.085359],[37.620463,47.086602],[37.627378,47.09413],[37.675812,47.077916],[37.684033,47.076706],[37.685886,47.080525],[37.71388,47.079862],[37.774395,47.087579],[37.794085,47.083807],[37.821989,47.09092],[37.83805181564222,47.09956504458068],[37.8380457685495,47.0995695278563],[37.838011566591625,47.09960826467426],[37.82901569356581,47.11260120721411],[37.817792619121136,47.11896188650324],[37.81775492316018,47.11900404054938],[37.81773166607021,47.11905077909473],[37.80021352529275,47.17326054338949],[37.800215459902255,47.17329811473026],[37.80022658704381,47.173334940271104],[37.833172465011586,47.24933408766236],[37.83351467638557,47.28538579090805],[37.82733519190096,47.30263242106454],[37.82733826967377,47.302675311018376],[37.82735332913921,47.302717019712205],[37.82737981975583,47.302756022290694],[37.82741677305767,47.30279089282994],[37.83447699773751,47.308261858530685],[37.82425795168966,47.32143750580389],[37.82424632302344,47.321484300958836],[37.82424945890808,47.321531707789724],[37.82897112174817,47.342582986910394],[37.82899867664288,47.342622400393665],[37.82903695412528,47.34265746185387],[37.82908451066825,47.342686849029064],[37.8291395527973,47.3427094536479],[37.82920000472713,47.34272442322659],[37.829263586646675,47.34273119321968],[37.85666874297522,47.34382079829819],[37.86085778247599,47.34790616411999],[37.85892467950585,47.35401785360476],[37.84871553908371,47.34990333739109],[37.848647754044485,47.34989296134927],[37.84857826564529,47.34989238862682],[37.848510128115876,47.34990164439665],[37.83746632410134,47.352244089250405],[37.83741412790328,47.35226761236917],[37.83736940195271,47.352297372456256],[37.83733374587491,47.35233230515021],[37.83730843492118,47.352371161090495],[37.83729437435798,47.35241255059956],[37.83729206708736,47.35245499338377],[37.83730159565705,47.352496971475595],[37.837322619304146,47.35253698352368],[37.8373543861387,47.35257359848916],[37.85110474687451,47.36545431842823],[37.84143211143764,47.36884869285028],[37.84138300495448,47.36888261336095],[37.84134553183237,47.368922770709226],[37.841321368819216,47.36896736807058],[37.83797880772449,47.37801021924663],[37.83798163142332,47.378053509024],[37.837996679926874,47.378095625773206],[37.83802339302335,47.378135001531675],[37.838060776234485,47.378170170377665],[37.83810743783599,47.378199823006035],[37.850064771627444,47.38444519578239],[37.85651175019194,47.39294503184925],[37.855484657654344,47.403142156284815],[37.86340978960979,47.42667631499685],[37.86343813983823,47.426711904870295],[37.878177322794755,47.44178363517179],[37.89218884903102,47.4697423437022],[37.81912080369818,47.54621514411466],[37.81910310247911,47.546251648386225],[37.8190948757455,47.5462896547851],[37.81566306888504,47.58524837472691],[37.81567562594858,47.58528791682031],[37.81569849295704,47.58532529895897],[37.84554549314685,47.623841798988074],[37.85201840176556,47.64162860584642],[37.83110743169789,47.656521996198904],[37.80385565458374,47.659986820796455],[37.80380028057683,47.66000555681451],[37.80375101032869,47.66003087065197],[37.764289804554565,47.684523901121764],[37.67245753305356,47.724546554327965],[37.6373049553496,47.75187149682399],[37.62284164511835,47.77306490574574],[37.622834952275404,47.77311584150366],[37.62284557713418,47.77316647445088],[37.63421442027581,47.80256610472562],[37.63392750349595,47.83844013141328],[37.64366784244254,47.88648705110133],[37.53484214810266,47.91782898283588],[37.53479333704128,47.917855941156134],[37.534752954014486,47.91788856631276],[37.53472243776787,47.91792569596742],[37.53470287552985,47.91796600729703],[37.53469496427451,47.918008064121445],[37.534698985886834,47.91805036806984],[37.534714797116095,47.918091411963395],[37.542449197609734,47.93241525356704],[37.52157934463529,47.94569120011518],[37.521546523805995,47.9457304623341],[37.521526047167114,47.945773319233695],[37.52151873682284,47.94581805024376],[37.5215248862954,47.945862859549926],[37.524845677791944,47.95728378501557],[37.52487271445962,47.95732004667609],[37.54093533438434,47.97472639958858],[37.55813229510244,47.98648914711688],[37.54929955407993,47.99729944418876],[37.54928652663885,47.99734552780232],[37.54928808686471,47.99739241708059],[37.549304166749096,47.99743806699946],[37.55585197635638,48.0099669345469],[37.555887867499806,48.010000954040194],[37.555932529599595,48.01002995595662],[37.55598442727217,48.01005294326619],[37.55604177638131,48.010069125708306],[37.556102605374114,48.01007794696033],[37.55616482306131,48.01007910376362],[37.55622629051096,48.01007255634937],[37.57313270699359,48.00717560241369],[37.575145464232236,48.01404794999765],[37.57517835667193,48.014088233537215],[37.57522280575815,48.01412320199427],[37.57527695467042,48.014151394576295],[37.575338541370584,48.01417163354797],[37.57540499309917,48.01418307343207],[37.61637700328627,48.01831153312365],[37.64761214095316,48.0291283855653],[37.6876658391634,48.05494183737034],[37.68772130108777,48.05496144971892],[37.687781251475414,48.05497382717553],[37.68784359951697,48.05497853806767],[37.68790617077999,48.05497541809965],[37.68796678304676,48.054964576082554],[37.68802332242355,48.05494639013939],[37.69109597679344,48.053709621184865],[37.69387747595077,48.05653067789928],[37.68745361794636,48.061786929480846],[37.687428825840584,48.06182582637128],[37.68741538110402,48.06186713944146],[37.68741376026292,48.06190940450319],[37.68742402079097,48.0619511236249],[37.68744579906826,48.06199081822029],[37.692778315739154,48.069440110024786],[37.69282048561244,48.06947167634086],[37.69287076796359,48.06949739653519],[37.69292737773074,48.06951635751577],[37.69298830521513,48.06952788614837],[37.7254820319559,48.073514619954],[37.72632688135435,48.07964242256402],[37.726348093617226,48.07968005109721],[37.72637900938592,48.07971454936725],[37.72641863764699,48.07974481150218],[37.7264657080939,48.07976986742123],[37.74296168262842,48.08703371300033],[37.74302620024613,48.087046238857894],[37.743093158122136,48.08704994472476],[37.7563435077778,48.08689568967998],[37.789033688755524,48.10033822257275],[37.816483203358665,48.13236984544836],[37.828281438959806,48.17523525783047],[37.82831453914401,48.17527630819727],[37.828359633203455,48.17531191825373],[37.85602783383638,48.19303576533265],[37.856088391783864,48.19305594803956],[37.88309606528907,48.19989301198213],[37.8962264847352,48.21547885790111],[37.89123022379893,48.25507323385998],[37.89500845686484,48.268562634851676],[37.89400759873815,48.28670566649719],[37.894027905420415,48.28675181699524],[37.89406251236574,48.286794032844405],[37.89410983288821,48.286830378459626],[37.9008077567456,48.290979092852055],[37.900343646329624,48.32327617534077],[37.90518156806167,48.34052055014376],[37.905211430709905,48.340559178238436],[37.90525192051633,48.340593263411755],[37.90530152329041,48.34062153096972],[37.91829350583451,48.34668133748311],[37.92903543263135,48.359632677182326],[37.92907971680465,48.35966226687941],[37.92913147545608,48.359685901888845],[37.92918892153139,48.359702766168155],[37.9292500716007,48.35971227744618],[37.92931281434196,48.359714107327775],[37.92937498344097,48.359708192632766],[37.94180091415291,48.357729112588224],[37.949790911354334,48.3735461620846],[37.94983117215669,48.373582992550716],[37.94988178551949,48.373613674135036],[37.949940672409824,48.37363694652746],[37.97466823447642,48.38127288037241],[37.97831589824688,48.39136906990228],[37.978349592714544,48.391407189625255],[37.9783938782559,48.39144018871099],[37.9784470393835,48.39146678886109],[37.97850701678273,48.39148595965348],[37.97857148708503,48.39149695845947],[38.00468353260537,48.394169107201066],[38.042004458243824,48.40929634192688],[38.04206652872615,48.409307428200876],[38.042130637668414,48.40931052158615],[38.11342870953135,48.408241792585294],[38.11716265997583,48.42088816396719],[38.11719127756391,48.42092533121572],[38.11722976440927,48.4209583420852],[38.11727679113823,48.42098605633238],[38.11733073338911,48.42100751666536],[38.11738972791993,48.421021981810746],[38.11745173696889,48.42102895211935],[38.11751461864397,48.42102818682545],[38.11757620091006,48.42101971236352],[38.148710498036095,48.414678984206866],[38.148767105815125,48.41465313216627],[38.148814677325966,48.41462022242136],[38.16314531084953,48.402438264876295],[38.188900444623975,48.41673107235415],[38.18896445202721,48.41674850008827],[38.18903246222762,48.41675692297882],[38.18910163202159,48.416755988902075],[38.18916906972612,48.41674573690767],[38.18923195607203,48.416726595585985],[38.1892876620691,48.416699365150016],[38.238762209170154,48.38687502776722],[38.27379339196567,48.3594573336823],[38.32156919600076,48.3712469710909],[38.390615592371375,48.415962171684626],[38.3889099790323,48.432298784159514],[38.388919446719065,48.43233458609928],[38.40504361945922,48.47340842326353],[38.41395800953194,48.52058765066826],[38.40229746516849,48.54783690757511],[38.40229746500627,48.591965418140596],[38.40575899027272,48.60202020524764],[38.405790322465705,48.60205739834555],[38.405831706165166,48.60209001282909],[38.405881654072715,48.602116876544734],[38.405938371086414,48.602137024017935],[38.438506606084054,48.61119150737247],[38.44090123820731,48.6172698371145],[38.435962493833905,48.629146465399266],[38.426017182737716,48.6386024792937],[38.42599700272272,48.63864003969472],[38.42598718848817,48.63867936588025],[38.425988049183786,48.63871921916767],[38.42599955772461,48.63875834426897],[38.43117494289117,48.65059629325952],[38.43121276091423,48.6506340963529],[38.43126129580719,48.65066611452827],[38.43131857165601,48.650691044275014],[38.431382256677374,48.65070787066198],[38.51494129049931,48.66654271395986],[38.515825793320104,48.670633831992745],[38.51585124509335,48.670671682335644],[38.515886788631306,48.670705802732485],[38.51593121522026,48.67073503284744],[38.515983014051756,48.67075837864709],[38.52719131682139,48.67485807867749],[38.52726853661072,48.67486634656836],[38.54878124343071,48.67551289795281],[38.55919324282149,48.68684530652712],[38.55924031936611,48.68687387992245],[38.55929466445243,48.68689613193627],[38.5593543575881,48.68691127620482],[38.571989758297924,48.689244651197754],[38.57740342308811,48.696808686202914],[38.58289809093965,48.71994675019895],[38.58292643420751,48.71998590581173],[38.58296566204034,48.72002073452914],[38.583014310026755,48.7200499361444],[38.58307056207772,48.72007242051656],[38.5831323182237,48.72008734826837],[38.583197273011116,48.72009416212257],[38.67789925646842,48.723905362156785],[38.67421700241987,48.72931321551555],[38.67420863069589,48.7293575732837],[38.674213743354706,48.72940214606114],[38.674232137883415,48.72944516800947],[38.674263085577365,48.72948493472506],[38.67430536040448,48.72951987076324],[38.674357287573706,48.72954859205406],[38.67441680988383,48.72956996073662],[38.67448156922442,48.72958313023957],[38.674549000000006,48.729587578821025],[38.69176604514637,48.729587578821025],[38.70151813927816,48.72764068870164],[38.753516,48.718494],[38.76492484944457,48.7149822898124],[38.76712288159513,48.71454347872032],[38.808401028720944,48.713639512138634],[38.82982152541481,48.71722857850929],[38.846862976854275,48.74303391674829],[38.846898263875794,48.74306369037321],[38.846940621527544,48.74308914099997],[38.86291315729458,48.7511672767776],[38.86095745507976,48.75073654072209],[38.862916818114115,48.751169128243],[38.8637379583579,48.75158442124835],[38.863811616817365,48.75160014050951],[38.86388875651748,48.75160448667414],[38.872324940805505,48.75144440743519],[38.87762,48.752591],[38.879079,48.752478],[38.88024269056814,48.75129416565372],[38.90480823088697,48.7508280268326],[38.90486466757909,48.75081699558662],[38.904917380872064,48.75079972240226],[38.90496479640343,48.750776723170965],[38.906459549608265,48.74991089419385],[38.911137,48.748007],[38.91258157117147,48.7463647411227],[38.91810528497196,48.74316515509454],[38.919143124701634,48.743395482514856],[38.922876216061766,48.74501023260856],[38.91915091323893,48.743397211022305],[38.9369157901146,48.74733976414108],[38.93698301318137,48.747341019944656],[38.937049300033536,48.74733354184091],[38.93711206631204,48.74731762138254],[38.937168864921446,48.74729387926834],[38.93721748143879,48.74726324114275],[38.93725602044965,48.747226901506195],[38.937282979444895,48.747186277143314],[38.93729730739719,48.747142951885095],[38.937298445733845,48.74709861485876],[38.937286350109034,48.747054994633],[38.93723285170988,48.74693218247425],[38.93886,48.745814],[38.93795846306615,48.744073827079],[38.938858,48.745812],[38.937231720431484,48.746929585485475],[38.93287649198315,48.73693162262923],[38.94373360955299,48.734088663394346],[38.94603196180775,48.73444140986255],[38.94607,48.734451],[38.94608989510727,48.7344503013485],[38.96070607152402,48.73669356262359],[38.96079664923587,48.74617976433745],[38.9608143715619,48.74621973506757],[38.96084298116432,48.74625686097434],[38.960881494322955,48.746289865481124],[38.960928586775765,48.746317613723626],[38.960982639252315,48.74633915157312],[38.96104179315266,48.74635373844538],[38.961104014456836,48.746360872766715],[38.961167163667284,48.746360309221316],[38.96362508175335,48.74618664593433],[38.964095,48.746196],[38.96421463120907,48.7461449915371],[38.97891294309408,48.745106487784845],[38.97897391557632,48.74508957537158],[38.97902878018088,48.745065209962185],[38.9790754672836,48.74503431068275],[38.979112215745864,48.7449980431319],[38.97940599020048,48.744636173985064],[38.981218,48.743847],[38.981825748492035,48.741655534059625],[38.98560939384328,48.73699486839024],[38.989543,48.734989],[38.991439,48.730611],[38.998391,48.724269],[38.999209744815616,48.72024205913252],[38.999658964090706,48.71968871423386],[38.999671937046294,48.7196448190925],[38.99967146936044,48.71960009838432],[38.999657579614684,48.71955632551893],[38.9996308186424,48.71951523631448],[38.999592247680326,48.71947846016417],[38.999543396281105,48.719447455423634],[38.99908623437215,48.71921029720751],[38.99804701249958,48.7174736930063],[38.99908529398769,48.719209809371804],[38.98521402780707,48.712013923891476],[38.99665577593183,48.711517848298186],[38.996925,48.711604],[38.99756252413663,48.71147853475547],[38.999073546602034,48.71141302191968],[38.999135617358746,48.71139771493285],[38.99919201662692,48.7113747616785],[38.99924060651139,48.71134503223637],[38.999279545153215,48.711309653546635],[38.999307356547774,48.71126996669035],[38.999322986493006,48.71122747605257],[39.002122690708006,48.69817466534008],[39.015716469374695,48.69508611523197],[39.015768463277276,48.695062053754114],[39.015812777912984,48.69503203410922],[39.015847869712644,48.69499710195289],[39.01587251636802,48.694958474052854],[39.015885859405735,48.69491749590521],[39.015887434086906,48.694875594867106],[39.0156231675929,48.692338448095896],[39.015729,48.688642],[39.01491704591666,48.68555917652117],[39.014699594189366,48.683471484890475],[39.01670274994536,48.68075772631371],[39.019584,48.679141],[39.01997361050407,48.676326555213784],[39.02661200074537,48.66733325132349],[39.02662295506213,48.66729200039184],[39.02662212167577,48.667250123485275],[39.02650597398701,48.666537803706696],[39.02748580790611,48.663249643242864],[39.02650522488092,48.666533209529355],[39.02575109142161,48.66190819990191],[39.025726293108455,48.661868665450406],[39.02569059159795,48.66183295556982],[39.02564528317915,48.66180236683163],[39.025592012944415,48.66177800986418],[39.02553271505803,48.66176076902877],[39.02546954253077,48.661751270310894],[39.02540478904971,48.66174985859262],[39.01015956450603,48.662379244298954],[39.01264174500549,48.658491443609755],[39.01372562751388,48.6580669170596],[39.019155,48.656978],[39.02851,48.653009],[39.032209,48.652876],[39.03426723975527,48.65002134042927],[39.042733530264485,48.646705330553026],[39.07587101944992,48.65185006508354],[39.07592646129441,48.65184955258214],[39.0925992812919,48.65079291777337],[39.098556,48.650892],[39.10200342211537,48.650196933258336],[39.1035150674302,48.65010113320421],[39.12303407742997,48.66021858117967],[39.12309715289842,48.66023459565037],[39.123163777450976,48.66024205436876],[39.126624132441236,48.66039853158454],[39.127309,48.660474],[39.12770097941116,48.66044722659305],[39.141640859156915,48.6610775878066],[39.14156722870138,48.666702090812635],[39.14159606621137,48.666753304685834],[39.14840725213465,48.675425974344535],[39.148455112316164,48.67545798771606],[39.14851167472443,48.67548306032273],[39.14857466990443,48.67550018617073],[39.15081391861615,48.675941785174615],[39.151943,48.676288],[39.15228416185871,48.67623172972074],[39.17401974381678,48.680518172442014],[39.196251377562966,48.70666050097856],[39.19630230522822,48.70669191340058],[39.19636186373496,48.706715818773056],[39.19642755404903,48.706731214038754],[39.19649661983954,48.70673745321944],[39.196566163136715,48.70673427452182],[39.19663326593402,48.70672181132267],[39.196695112631176,48.70670058657219],[39.19674910817943,48.706671490850475],[39.196792986970884,48.706635744997875],[39.19682490790251,48.70659484888762],[39.196985963777145,48.7063232651087],[39.198356,48.705779],[39.199855287225766,48.701484809467885],[39.20063278646731,48.70017373539125],[39.20711341444763,48.69855500671407],[39.229011814603794,48.70994891137484],[39.22678546354894,48.70897720231971],[39.22902198131763,48.70995420119361],[39.23220624175476,48.71161099619128],[39.23226468757712,48.711626805231134],[39.23232655418575,48.711635215433844],[39.23238971060469,48.711635937112426],[39.23245198142919,48.71162894540888],[39.23251122175971,48.71161448115042],[39.23344740868862,48.71131809957988],[39.235993,48.71109],[39.238514476269174,48.709713948313485],[39.239583184606715,48.709375612618175],[39.249494585651014,48.71271993575016],[39.25887731324065,48.73384204858954],[39.25597051526151,48.742265401298624],[39.255976152218196,48.74231094712217],[39.25599565326343,48.742354797587204],[39.25602821100667,48.742395137100075],[39.25607247744648,48.742430295431156],[39.2561266197798,48.74245881687082],[39.25618839628628,48.74247952050376],[39.25625524914596,48.74249154910561],[39.256324410347034,48.742494404637185],[39.257251683428606,48.74247030694944],[39.258537,48.742744],[39.259901981178004,48.74240143182639],[39.26838758753726,48.742180910497304],[39.271944490392535,48.75357274406784],[39.270810757260286,48.75276025933265],[39.27194465458174,48.7535732699231],[39.272070531409064,48.75397642062067],[39.272105053132904,48.754016828982145],[39.27215142811574,48.75405170072842],[39.27220767868087,48.75407954872539],[39.27227140598678,48.75409918537028],[39.27233989232873,48.754109773239634],[39.272410217040694,48.75411086080324],[39.272479381054495,48.75410240168084],[39.272544434803024,48.754084756620166],[39.27332385509635,48.75380817921026],[39.274778,48.753683],[39.275335457448584,48.75309436180891],[39.286243715425535,48.74922356480288],[39.292325699461166,48.76072145285464],[39.29236892370788,48.76075892371519],[39.31165281259593,48.774254903615386],[39.311718985640404,48.77427792070028],[39.311791185954576,48.77429086525651],[39.313704032950454,48.77448809591464],[39.3245889,48.7769257],[39.3137220411919,48.774489952716216],[39.32626714471945,48.77578345869467],[39.3263307109755,48.77577811536222],[39.32639163545853,48.77576502419892],[39.32644776388831,48.77574464810685],[39.32649711157859,48.77571770758174],[39.32653793361671,48.77568515523534],[39.32656878656359,48.77564814211032],[39.326588579492125,48.77560797697867],[39.326596612559484,48.77556608006305],[39.32693722105466,48.768448620782294],[39.3317272966956,48.76683491052818],[39.351078208538965,48.768771355002244],[39.35114409460352,48.768765125638936],[39.35120688613484,48.76875057277268],[39.35126418704134,48.76872825173401],[39.35131381075842,48.768699014282305],[39.351353863688225,48.76866397610207],[39.35421454656718,48.765564263198904],[39.35423100519377,48.76551826105491],[39.35423249291601,48.765471007196865],[39.35421894388165,48.76542459458672],[39.354190958241375,48.7653810789203],[39.35414977556036,48.765342387577604],[39.34351454044796,48.75730394831574],[39.34957082152561,48.74261267891357],[39.35915262881583,48.73630123665242],[39.35918364502122,48.73626398398122],[39.359203464677556,48.73622354461164],[39.359211378024966,48.73618136677031],[39.359207101698985,48.73613896093884],[39.35919078887421,48.7360978457599],[39.35413762406721,48.72698676332381],[39.374415690594205,48.71881591326736],[39.37446132453908,48.71878129428455],[39.37449534258975,48.71874127923668],[39.37451632503116,48.71869753815264],[39.37452339619746,48.71865189656298],[39.37451626101264,48.718606259310725],[39.3744952172992,48.71856253105275],[39.37446114334246,48.718522536769854],[39.374415461230406,48.718487945602796],[39.37436007749992,48.71846020119295],[39.37429730356709,48.71844046143427],[39.34730231898799,48.71209080053524],[39.356233685848025,48.697355538249866],[39.37812809388467,48.68644756295278],[39.3897233099956,48.684958046037316],[39.38977868388976,48.68493969135791],[39.38982809612094,48.68491500985482],[39.38986990727069,48.6848848204256],[39.389902730120895,48.684850124711424],[39.38992547567889,48.6848120738632],[39.38993738930678,48.68477193034739],[39.39084482551345,48.67893466254815],[39.41194695171458,48.67069358088591],[39.41198956100375,48.67066428517913],[39.41202348230909,48.67063039999557],[39.412047605894756,48.670593033907785],[39.413863791089234,48.666865821323015],[39.41386490377719,48.66682160766503],[39.413852877196426,48.66677810709562],[39.41382817764878,48.66673700612577],[39.4091315903085,48.66072631746484],[39.41293131067367,48.65772348552536],[39.417298643237096,48.65741428995947],[39.420748,48.658225],[39.43037599980696,48.65648844778781],[39.44585801458606,48.65539236219068],[39.450178,48.655674],[39.45089302291607,48.65503589695081],[39.45247739996775,48.65492372725639],[39.452541234360865,48.65490515313074],[39.45259798653238,48.65487836364212],[39.452645267380866,48.65484448655626],[39.452681086533566,48.6548049480052],[39.45270393613437,48.65476141244952],[39.45271285431673,48.6547157126078],[39.452707465690295,48.65466977230376],[39.45243028646195,48.65366400727569],[39.45338394150179,48.652812943379516],[39.452430037523285,48.65366310398361],[39.450521060188315,48.64673624061677],[39.45119559468699,48.643306075226334],[39.4544249921983,48.63998548367602],[39.468817815370315,48.63789483770566],[39.468877630757426,48.63787216494294],[39.46892928902034,48.63784198008436],[39.4689706633855,48.63780552585179],[39.46900005048203,48.63776430307658],[39.46901624046781,48.637720008908566],[39.46901856683475,48.637674466942805],[39.469006933843524,48.637629552141384],[39.46898182045908,48.63758711364116],[39.46578647516605,48.63347488986318],[39.46747589650774,48.628808938373176],[39.516595122289665,48.63394992906133],[39.5166636790441,48.633943111661914],[39.516728715469505,48.63392724112148],[39.5167875246409,48.63390297799959],[39.5168376588314,48.63387133216854],[39.51687703139247,48.633833620779335],[39.516904003602924,48.633791413438175],[39.51691745287249,48.633746466875635],[39.51790797131629,48.62666841243252],[39.51788886143515,48.62661883013853],[39.51785326808917,48.62657339363495],[39.513351315838236,48.62214751028555],[39.530127411977894,48.609473916342324],[39.530155015415275,48.60943294727959],[39.53016975565799,48.60938916852508],[39.53017104484118,48.60934432614703],[39.53015883158273,48.60930020863051],[39.530133603027,48.609258575545745],[39.524945966650634,48.60268735539263],[39.534460028027056,48.5969054653421],[39.53449157823329,48.59687284101238],[39.534514184594954,48.59683711702965],[39.53452717491676,48.59679935566963],[39.53535153604406,48.59282714395446],[39.53534254523148,48.59278571622999],[39.53532208858805,48.59274611126873],[39.53529087659101,48.59270970453583],[39.53524999324047,48.59267776042034],[39.53520085841031,48.592651388324484],[39.5351451785357,48.59263150413559],[39.52962912549722,48.591081372558435],[39.53097539943824,48.58592024545278],[39.5489687854426,48.58619241578062],[39.548725760328416,48.59589715578338],[39.54874674186394,48.59594224095993],[39.54878150035233,48.59598343294191],[39.54882850226478,48.59601891432052],[39.5488856738744,48.59604711963786],[39.54895049274838,48.59606680445755],[39.56352361072912,48.599311892676404],[39.56359354475593,48.599312621480976],[39.563662221232526,48.59930385995484],[39.563726726859386,48.59928597976765],[39.56378432527367,48.599259739408026],[39.563832573130625,48.59922625200684],[39.563869423752834,48.59918693811604],[39.56974152768895,48.59117372220867],[39.56975223838512,48.59113182167547],[39.56975082416005,48.591089336763766],[39.569737335680074,48.59104778864064],[39.56971225592623,48.591008664927934],[39.564562336451395,48.58470998527225],[39.57426893097063,48.582001852023396],[39.59121280490897,48.59244378374087],[39.59127949159296,48.592463809481075],[39.59135111960939,48.59247391110974],[39.600647935610574,48.593098686961625],[39.60071598769663,48.593089299524486],[39.600779723006795,48.59307094227714],[39.600836470054205,48.593044384671494],[39.600883850277825,48.59301073987953],[39.60091987774172,48.592971418132855],[39.60620819267709,48.58557394505678],[39.606217595087784,48.58552867599882],[39.606212951102314,48.585483085044466],[39.60619445301291,48.58543905960019],[39.60616286664923,48.58539842225761],[39.606119499668736,48.58536285534153],[39.59729494755418,48.579469303837364],[39.60127811067687,48.57516736004244],[39.6108602795893,48.57429348022143],[39.62335685133614,48.58718092272846],[39.62340602211339,48.58720905133051],[39.6234623964435,48.58723046503098],[39.623523907456715,48.58724437872968],[39.62358829994794,48.58725028230188],[39.623653213063015,48.587247959301905],[39.62371626685912,48.58723749489909],[39.62377514956521,48.58721927275509],[39.62382770234261,48.5871939609569],[39.63351194255867,48.58151549770968],[39.671295456062936,48.58946401538638],[39.67137011498604,48.589462905071294],[39.686493988023905,48.58812774339919],[39.68503663553358,48.59008537351155],[39.6840462,48.590678],[39.6831686,48.5914646],[39.6831728,48.5918393],[39.6833107,48.59217070000001],[39.6829996,48.59255070000001],[39.682262,48.59271070000001],[39.681461,48.5926777],[39.6803882,48.5924755],[39.6797336,48.5920887],[39.6794177,48.5917485],[39.6795335,48.5910413],[39.6793925,48.590404],[39.6790867,48.5901895],[39.678553,48.5900294],[39.6777623,48.5901408],[39.6772473,48.5904516],[39.6764335,48.5909593],[39.6760741,48.5913555],[39.6758528,48.5917354],[39.6757136,48.5922505],[39.6754562,48.5930898],[39.6753971,48.5934083],[39.6754772,48.5938613],[39.6755433,48.5940947],[39.6759033,48.5945396],[39.6760739,48.5946759],[39.6763107,48.5948764],[39.67693580000001,48.595227],[39.6775641,48.5954835],[39.6778859,48.5957731],[39.6780805,48.5958777],[39.678422,48.5958979],[39.6792913,48.5955619],[39.6797259,48.5956754],[39.6800905,48.595846],[39.68044481683387,48.59625346435895],[39.679343314884555,48.59773308812816],[39.6784656,48.5980893],[39.67827741887682,48.59812676957373],[39.675803957343156,48.59750551639259],[39.6756015,48.5971087],[39.6744659,48.5963626],[39.6735361,48.5958187],[39.6717955,48.5954856],[39.6705635,48.5956213],[39.66973780653484,48.595981896382455],[39.669571,48.59594],[39.66953689478135,48.59606963844965],[39.6693064,48.59617030000001],[39.668764,48.5966798],[39.6685425,48.5971431],[39.6682024,48.59837490000001],[39.6682887,48.599276],[39.66823560000001,48.60074],[39.66824146865336,48.600993724602105],[39.668158,48.601311],[39.668476359471576,48.601528915115686],[39.6688895,48.6019863],[39.66981788999796,48.602447184575055],[39.670944,48.603218],[39.67102804102005,48.60416349006094],[39.67077,48.6044081],[39.670251,48.6047035],[39.668856498303924,48.60500820684505],[39.667080556048965,48.60511662058241],[39.666387,48.6051146],[39.6659487,48.60506],[39.6651291,48.6048557],[39.664039,48.6048042],[39.66315870000001,48.6050706],[39.6617967,48.6057258],[39.6611626,48.6062575],[39.6610797,48.6069804],[39.6610534,48.6072761],[39.6608074,48.6070498],[39.660579,48.6077597],[39.6607254,48.6084719],[39.6606493,48.6090856],[39.6613922,48.6107661],[39.661484163066895,48.61084376017655],[39.661447,48.610904],[39.66648156562772,48.61891451568617],[39.6665373,48.6192039],[39.6665531,48.6193912],[39.6666404,48.6195787],[39.6669535,48.62010890000001],[39.6673618,48.62059580000001],[39.6675709,48.6207945],[39.6678117,48.6212312],[39.66796705250389,48.6212780792591],[39.667989,48.621313],[39.66826593133831,48.62147144377598],[39.6682562,48.6215087],[39.66861330000001,48.6219316],[39.668719300000014,48.6219005],[39.66881590000001,48.62217180000001],[39.6690625,48.6222685],[39.66916290000001,48.6223407],[39.66939210000001,48.62258880000001],[39.6696344,48.6226826],[39.6696672,48.6227692],[39.6696846,48.6228933],[39.6702473,48.6234024],[39.6709504,48.6239197],[39.6713499,48.624113],[39.67295520000001,48.62537360000001],[39.6733398,48.62559070000001],[39.6736759,48.6258072],[39.6741605,48.626025],[39.6742391,48.626118800000015],[39.6763407,48.6273918],[39.676523,48.6274377],[39.6766627,48.6275257],[39.6766802,48.6275921],[39.6796575,48.6292526],[39.6799849,48.6294661],[39.6807454,48.6298577],[39.6852993,48.632019],[39.6871634,48.632578],[39.6874195,48.6326081],[39.6875199,48.6326543],[39.6876378,48.6327495],[39.68815,48.6330035],[39.6891805,48.6338004],[39.6895061,48.6344262],[39.690498,48.63535570000001],[39.6919571,48.6357449],[39.6930198,48.6361827],[39.69335670000001,48.63635290000001],[39.6937801,48.6367222],[39.69437210000001,48.6377372],[39.6942514,48.638611],[39.6942298,48.6391483],[39.6942647,48.639333],[39.6944088,48.6395118],[39.6944309,48.639834],[39.69426,48.64053280000001],[39.6940806,48.640812],[39.6940595,48.6411503],[39.693912800000014,48.6419095],[39.6938893,48.6422609],[39.6939504,48.6425724],[39.69394135261764,48.642740914110064],[39.69153,48.644962],[39.69162933147297,48.645164117953684],[39.6913726,48.6456829],[39.69131080000001,48.6458726],[39.6913482,48.6461677],[39.6914013,48.64652],[39.6918519,48.6468769],[39.6921497,48.647276],[39.692206,48.6476123],[39.692274,48.6477123],[39.6924376,48.6478305],[39.6925796,48.6479815],[39.6928777,48.6483265],[39.69356086268489,48.64909436407187],[39.693715,48.649408],[39.6946467693565,48.649696931351684],[39.6950707,48.6499822],[39.6952621,48.6500535],[39.6953794,48.6501677],[39.6961268,48.6505373],[39.69692290000001,48.6508387],[39.697139,48.6508489],[39.6973057,48.650906],[39.6974909,48.6510691],[39.6977563,48.6511834],[39.6984507,48.6517454],[39.698551,48.6518042],[39.6986196,48.6518443],[39.6997634,48.65251230000001],[39.7010986,48.6528299],[39.7026601,48.6535175],[39.7028694,48.6536953],[39.7032411,48.6542286],[39.7036928,48.6545844],[39.7045393,48.6553452],[39.7048703,48.6559455],[39.7053472,48.656543],[39.7059555,48.6566712],[39.70651560000001,48.6569221],[39.7070059,48.6565812],[39.709076,48.654651],[39.70970230000001,48.6545098],[39.7102342,48.65462439999999],[39.7109176,48.6551393],[39.711052548598296,48.65539864352416],[39.71103822185965,48.6574648672376],[39.71068,48.6579281],[39.7101784,48.658837],[39.7098313,48.6604276],[39.7096693,48.6621475],[39.710158,48.6627095],[39.7108667,48.6640902],[39.71098725300382,48.66481567199591],[39.71096729664265,48.66769380830592],[39.71043434321162,48.6679484016937],[39.70849570483133,48.66751013171504],[39.7074012,48.6669487],[39.70604722604792,48.66695660159046],[39.704576,48.666624],[39.704527101929855,48.6666716135324],[39.704439,48.6666156],[39.7037368,48.66673220000001],[39.7030239,48.6671325],[39.7024966,48.6685596],[39.702315597094056,48.668825022794586],[39.701721,48.669404],[39.70184486540726,48.669515489581535],[39.70261510000001,48.6705704],[39.7037465,48.6713416],[39.70394522418356,48.67140599417214],[39.704033,48.671485],[39.71200363422127,48.67460913348747],[39.7120838,48.6746598],[39.712132332751445,48.674703724159286],[39.71394781480781,48.67956098844163],[39.7139704,48.679717],[39.7140824,48.6799759],[39.7141470621005,48.68009406821223],[39.714196,48.680225],[39.71434885584389,48.68027409439299],[39.7143764,48.6802948],[39.7175014,48.6815789],[39.718858639949715,48.68172255136767],[39.721986,48.682727],[39.722546,48.684956],[39.72113350972355,48.68615487068988],[39.7210258,48.6862393],[39.72100666304548,48.68626253356515],[39.72029736302747,48.686864561781626],[39.7200692,48.6869649],[39.7194454,48.6872391],[39.7186735,48.6873085],[39.7182699,48.6879578],[39.7176156,48.6890105],[39.7170921,48.6892513],[39.7168791,48.6897591],[39.71687780482093,48.689766959181824],[39.716681,48.689934],[39.71681536890783,48.69014582200148],[39.7167321,48.6906511],[39.7171253,48.691296],[39.717702479339074,48.69154428173536],[39.71845057912661,48.69272360213668],[39.7183688,48.6932043],[39.7166484,48.6941957],[39.716272,48.69451080000001],[39.7161447,48.6946174],[39.715897,48.6951845],[39.7164137,48.69571120000001],[39.7175663,48.6962462],[39.71884076324838,48.696559188808415],[39.72010816886812,48.6971546843834],[39.72015872698266,48.69732605761397],[39.719424867769575,48.69905365950785],[39.7185737,48.7003594],[39.71830230000001,48.7009684],[39.71839702002352,48.70147334938986],[39.717863706858395,48.70272883929537],[39.7172782,48.7027878],[39.7165497,48.702575],[39.7150418,48.7007287],[39.7143256,48.700466],[39.71241590000001,48.70073220000001],[39.71201,48.7008443],[39.7119352,48.700865],[39.711645,48.7012297],[39.7114491,48.7016845],[39.7108951,48.70201880000001],[39.7092085,48.70261820000001],[39.7068535,48.7037883],[39.70509830000001,48.70599520000001],[39.7045168,48.707168],[39.7046708,48.7078084],[39.70551240000001,48.7083479],[39.7067666,48.7096279],[39.7070885,48.7114007],[39.7075831,48.7120502],[39.7088512,48.71211990000001],[39.7105384,48.7116187],[39.7114224,48.7116899],[39.7120505,48.7120362],[39.712164,48.7122807],[39.7120232,48.7135198],[39.711785,48.7139471],[39.7117791,48.714277],[39.712054,48.7148866],[39.7122614,48.71551220000001],[39.712076,48.7158043],[39.7112782,48.7159194],[39.7109194,48.7160424],[39.70991390000001,48.7160237],[39.7089403,48.7164134],[39.7073948,48.717203],[39.7073245,48.7180007],[39.7072716,48.7183421],[39.7071094,48.718629],[39.7066229,48.71893090000001],[39.7046294,48.7197926],[39.7043076,48.7205075],[39.704575,48.7209425],[39.7054502,48.7213881],[39.70615510000001,48.7214549],[39.707229,48.72077080000001],[39.7075176,48.72012210000001],[39.70819390000001,48.7199163],[39.7092058,48.7200833],[39.7095647,48.7203217],[39.709996,48.7207992],[39.7101805,48.7219072],[39.7098083,48.72341870000001],[39.7100575,48.724195],[39.7104122,48.7245497],[39.7118296,48.72561910000001],[39.7129405,48.7259047],[39.713367,48.7264592],[39.713684,48.7265236],[39.7157011,48.7278396],[39.7195731,48.728725],[39.7207211,48.7284985],[39.7216223,48.7278103],[39.7218267,48.7269645],[39.7216057,48.7266843],[39.7204255,48.72594820000001],[39.7204019,48.7256881],[39.720573,48.72538520000001],[39.7209544,48.725173300000016],[39.7210746,48.7251648],[39.7216298,48.725125800000015],[39.72213812230002,48.72517490766174],[39.72640269622888,48.7291729642901],[39.7260949,48.7294437],[39.72529280000001,48.7298056],[39.72454,48.7301646],[39.7236014,48.7304398],[39.72313350000001,48.7308121],[39.72283980000001,48.7314049],[39.7228403,48.73215660000001],[39.72300580000001,48.7328289],[39.72327880000001,48.7334658],[39.723535800000015,48.7338573],[39.7241913,48.7346095],[39.7246387,48.735206],[39.72523990000001,48.73650210000001],[39.72531140000001,48.736733],[39.725489415971005,48.73714723132247],[39.72537262957578,48.737953960286994],[39.7252973,48.738018300000014],[39.72527090000001,48.7381801],[39.725316301175326,48.7383430617066],[39.725011,48.740452],[39.72586157071433,48.74066272005038],[39.7262228,48.7407739],[39.72652211987402,48.74082636423642],[39.73147186816032,48.742052612907706],[39.73168352749259,48.742245930276916],[39.73188934537998,48.74309072773398],[39.7319204,48.7437225],[39.7320738,48.7441501],[39.732163297436784,48.74421518782767],[39.732192,48.744333],[39.73229393020162,48.74431019169809],[39.73274220000001,48.7446362],[39.733696,48.74517380000001],[39.7346863,48.7449206],[39.7354663,48.7438303],[39.736741768725224,48.74331492589596],[39.73702339316665,48.743251908505805],[39.73739300544047,48.74321964619487],[39.739555055425996,48.74403412505214],[39.7396596,48.7445163],[39.739305,48.74551630000001],[39.73900613990653,48.74687867123691],[39.738608866896406,48.7476798706899],[39.7370786,48.7487854],[39.7370453,48.7490756],[39.7368798,48.7493427],[39.7366883,48.7494842],[39.7366287,48.7502681],[39.7368358,48.7506992],[39.7347975,48.7513494],[39.7346047,48.7514151],[39.7342783,48.7515746],[39.7338557,48.7526062],[39.7335887,48.7527316],[39.7330392,48.75273230000001],[39.7326544,48.7526657],[39.7323275,48.7525557],[39.7320993,48.75233830000001],[39.7319179,48.7519523],[39.7317831,48.7515361],[39.7316098,48.7513814],[39.731421,48.7512811],[39.7308502,48.7511116],[39.73055820000001,48.7510517],[39.7302633,48.75088739999999],[39.7301824,48.7505971],[39.7302799,48.7502776],[39.730671,48.7498939],[39.7309881,48.749485],[39.7312675,48.749005],[39.7313581,48.74879220000001],[39.731239,48.74851370000001],[39.7309271,48.7483466],[39.73045,48.74838],[39.7300239,48.7484989],[39.7296774,48.7486748],[39.7291964,48.7489672],[39.728502800000015,48.7491774],[39.727682,48.7493166],[39.72670270000001,48.7498791],[39.7262636,48.7511251],[39.72555120000001,48.7523718],[39.7259686,48.7529211],[39.72708,48.75355],[39.7274261,48.7539422],[39.7277699,48.7542813],[39.7286755,48.7542092],[39.72948,48.75423],[39.7305755,48.7546378],[39.7313046,48.7547814],[39.732092,48.7550601],[39.73223690000001,48.7556486],[39.7319767,48.7558435],[39.730847,48.7562198],[39.7301845,48.756728],[39.7300375,48.7574625],[39.7302515,48.758121],[39.730767,48.7592074],[39.7329364,48.759881],[39.7336,48.75973],[39.73446,48.75973],[39.7357841,48.7597818],[39.7360231,48.7602941],[39.7362956,48.760554],[39.7362557,48.760746],[39.7360022,48.7608266],[39.7357584,48.7609292],[39.7357535,48.7610931],[39.7358901,48.7613213],[39.7360412,48.7613438],[39.7362118,48.7614531],[39.7365225,48.7614646],[39.7367002,48.7615785],[39.7367314,48.7617541],[39.7366606,48.7620231],[39.7366861,48.7621445],[39.73675590000001,48.76230270000001],[39.7369918,48.7626006],[39.7368506,48.7628576],[39.736636,48.7629991],[39.736519,48.76315980000001],[39.736497,48.763332100000014],[39.7367409,48.7638473],[39.7368278,48.7640307],[39.7366995,48.7642192],[39.7364657,48.7644328],[39.7366325,48.7646905],[39.7369855,48.7647881],[39.7374908,48.7651661],[39.7378765,48.7656976],[39.738671,48.7662548],[39.739267,48.7665625],[39.7401076,48.7664822],[39.7402579846775,48.76643602510428],[39.743213845289354,48.766738777005855],[39.7433482,48.7668262],[39.744413,48.7673025],[39.7454011,48.7674427],[39.7446035,48.768312],[39.743588,48.76951620000001],[39.74373,48.7702],[39.74441,48.77054],[39.7451,48.77071],[39.74596,48.77071],[39.74647,48.77088],[39.7471805,48.7713148],[39.7478414,48.7723765],[39.749175,48.7728131],[39.7509539,48.7727346],[39.7525825,48.7718992],[39.7531651,48.7712444],[39.7533298,48.77055],[39.7527805,48.7702255],[39.75214,48.77003],[39.75025,48.76917],[39.75008,48.769],[39.74974,48.76865],[39.74939,48.76814],[39.749445619644355,48.76737706202126],[39.75031990786736,48.76746661036498],[39.7503563,48.76748],[39.7522317,48.7677438],[39.75255861779915,48.76769590862288],[39.752741287970494,48.76771461848407],[39.7542208,48.76811570000002],[39.755077,48.76812560000001],[39.755673,48.767929],[39.75586232331884,48.767619769837346],[39.76177454874449,48.76384373336732],[39.76292510000001,48.7638111],[39.7637987,48.7638635],[39.76494,48.7638829],[39.76545829817274,48.76406223225835],[39.76823475515569,48.76580707293292],[39.768274,48.765838],[39.768550800000014,48.7664281],[39.768750900000015,48.7673796],[39.7687407,48.76871220000002],[39.76832820000001,48.7698132],[39.7670487,48.770549],[39.76543510000001,48.7710118],[39.7637954,48.7710471],[39.7630887,48.7715492],[39.76258820000001,48.7724146],[39.76299130000001,48.7734087],[39.7636892,48.7743906],[39.7639812,48.7745896],[39.7648029,48.7750496],[39.7653276,48.77537580000001],[39.7656444,48.7758096],[39.76559,48.7760902],[39.7653771,48.7775809],[39.765392,48.7778484],[39.765479783373706,48.778011309609816],[39.765451,48.778079],[39.76556443334041,48.77816840419918],[39.765779,48.7785666],[39.7666502,48.7793744],[39.767433491823105,48.779641530850135],[39.77069350900364,48.78221096259114],[39.7707786,48.7825073],[39.7721176,48.783795],[39.7729298,48.7841778],[39.773399926299035,48.78434406622773],[39.773495,48.784419],[39.77980787423846,48.785986145821546],[39.780337690654854,48.786413960954576],[39.78563028160512,48.798641155171126],[39.7855874,48.7998957],[39.7853956,48.8007795],[39.7807889,48.805724],[39.7802673,48.8067571],[39.7800297,48.8072136],[39.7800642,48.8076447],[39.7799178,48.8080843],[39.7800857,48.8088983],[39.7799694,48.8092386],[39.7797347,48.8099531],[39.7801138,48.8121202],[39.7816748,48.8135238],[39.7825562,48.8140447],[39.7840046,48.815869],[39.7843847,48.8161525],[39.7846204,48.8163851],[39.7847621,48.8164835],[39.78510590000001,48.8163876],[39.7853232,48.8161182],[39.7856147,48.8160484],[39.7861111,48.8162107],[39.7865527,48.8165435],[39.7864148,48.8171741],[39.7870049,48.8175668],[39.7872388,48.8178341],[39.7874453,48.8183853],[39.7872168,48.8190546],[39.7869678,48.8196356],[39.7863944,48.8207924],[39.7861148,48.8211715],[39.7855377,48.8217188],[39.785077,48.8223767],[39.785077,48.8232455],[39.78561230000001,48.8242621],[39.7862684,48.8247516],[39.787117,48.8249953],[39.7881888,48.824895],[39.7887666,48.8246305],[39.7892106,48.824392],[39.7895906,48.8244977],[39.7900567,48.8236158],[39.7902241,48.8231422],[39.7910931,48.8226908],[39.7917948,48.8227463],[39.79222864476269,48.822581087010384],[39.79375064937354,48.82817356278864],[39.79351250000001,48.8282472],[39.793113900000016,48.82801030000001],[39.79210590000002,48.8280908],[39.7916349,48.8284443],[39.791489,48.8291665],[39.7918721,48.8300002],[39.792012600000014,48.8317104],[39.7919112,48.8327511],[39.792125800000015,48.8335166],[39.7922175,48.8346469],[39.7918527,48.8347349],[39.791555,48.8351893],[39.7916478,48.8359079],[39.7922497,48.8363912],[39.793373,48.8368075],[39.7947077,48.8368044],[39.7954346,48.8370374],[39.796057,48.8375009],[39.7962907,48.8377347],[39.7962462,48.8387131],[39.79631060000001,48.8396774],[39.7969012,48.8403097],[39.79708695925097,48.84043254810651],[39.797126,48.840576],[39.79757197168816,48.840753301227736],[39.7985813,48.8414208],[39.7998736,48.8422279],[39.8001048,48.8426021],[39.8011107,48.8428655],[39.8026347,48.842982],[39.80302115876167,48.84291968887954],[39.8034896083666,48.843105926464325],[39.8035633,48.8432937],[39.8039018,48.8435465],[39.8046217,48.8436902],[39.8050267,48.843604],[39.8057246,48.8430957],[39.8064257,48.8417435],[39.80632413002567,48.841569142175224],[39.80732912114235,48.84034837004772],[39.808284,48.8399319],[39.80796572329502,48.8395750834471],[39.808044,48.83948],[39.807503,48.838581],[39.82888931967331,48.832431295188385],[39.829879,48.8337707],[39.876970342338005,48.82325873239587],[39.8859763,48.8215592],[39.9475121,48.7964776],[39.95601521768419,48.795719848362296],[39.95659,48.79578],[39.95779,48.79595],[39.96088,48.79595],[39.96157,48.79578],[39.96646681533817,48.794788458778726],[39.976403,48.793903],[40.078831,48.869867],[40.07824381068109,48.871175291826944],[40.07246,48.8744],[40.05838,48.90409],[40.06096,48.9089],[40.0595562,48.9091061],[40.059048815438544,48.90938287978741],[40.054634397991975,48.910400056838185],[40.0540438,48.9101725],[40.05323,48.9102621],[40.0521419,48.9105771],[40.0515263,48.9106277],[40.05083,48.91027],[40.0487751,48.9101255],[40.0482173,48.910317],[40.0478325,48.9107361],[40.0472389,48.9108878],[40.0468101,48.9108155],[40.0461266,48.9111551],[40.0458965,48.9116757],[40.0450679,48.9122662],[40.0449042,48.9124713],[40.04498003536369,48.91262463034629],[40.038442863756146,48.91413093576862],[40.0379863,48.9132121],[40.0370662,48.9130778],[40.036728,48.9130638],[40.0362502,48.9132982],[40.03599230000001,48.9136382],[40.0360963,48.9142311],[40.036365908791915,48.91460951101681],[40.033536124507116,48.915261554387875],[40.03298,48.91491],[40.03229,48.91474],[40.02991220000001,48.9147396],[40.02957855422826,48.91490959385846],[40.02935192012012,48.91478461407911],[40.02951920000001,48.9146095],[40.0295257,48.914459],[40.02911240000001,48.9141363],[40.02815050000001,48.914111],[40.02805601622377,48.91406997414979],[40.027468476720976,48.913745969268],[40.027282,48.9134716],[40.027271,48.9131032],[40.0275569,48.9128647],[40.02954,48.91199],[40.02834,48.91165],[40.0256,48.91199],[40.02525,48.91182],[40.02508,48.91165],[40.02457,48.91079],[40.02371,48.90976],[40.02302,48.90959],[40.02233,48.90959],[40.01976,48.90942],[40.01959,48.90924],[40.01959,48.9089],[40.021333,48.9070098],[40.0215199,48.9059332],[40.0210692,48.9053768],[40.0207174,48.9052684],[40.0201677,48.9052973],[40.0195509,48.9050748],[40.0179332,48.9030188],[40.0173639,48.9026243],[40.0174727,48.9021756],[40.00497987784791,48.90134439322952],[40.00398,48.900793],[39.99343,48.868286],[39.993264491129274,48.86831129063748],[39.9932321,48.8682063],[39.9742253,48.8707036],[39.962058,48.8721057],[39.9535752,48.8746491],[39.9527783,48.8750545],[39.9520637,48.8751846],[39.9512942,48.8755245],[39.9510523,48.8760884],[39.9505356,48.8762692],[39.9503158,48.8761029],[39.94921,48.87628],[39.94749,48.87714],[39.94697,48.87783],[39.94629,48.87852],[39.94474,48.87955],[39.94289664758787,48.8832434323878],[39.92885562154421,48.89267961649027],[39.9286572,48.8926638],[39.92792,48.89328],[39.92786752691839,48.89334365932951],[39.924336,48.895717],[39.91582088649647,48.89512121123642],[39.8761781,48.8920256],[39.875971709580384,48.89233302857338],[39.87160404643262,48.89202743022458],[39.87179,48.89173],[39.85239,48.89053],[39.84537022072495,48.90283341786483],[39.84518342191402,48.902799853839326],[39.844088,48.9019289],[39.8437692,48.9015025],[39.84312,48.90118],[39.8422851,48.9009533],[39.8417904,48.90104],[39.8410758,48.9014591],[39.840763960506386,48.902005764655044],[39.8349555,48.9009621],[39.83513425228152,48.89713221800494],[39.8355499,48.8969288],[39.8356452,48.89634],[39.835881,48.8958393],[39.8361586,48.8950115],[39.8360171,48.8936806],[39.8358472,48.8929639],[39.83535266871702,48.89245250613429],[39.8353697,48.8920876],[39.83486343913818,48.89194659475083],[39.8342694,48.8913323],[39.8336064,48.8901435],[39.83265,48.88813],[39.8320593,48.887623],[39.8315948,48.8872832],[39.8308289,48.8869516],[39.8284752,48.8866323],[39.826994,48.8864598],[39.8267868,48.8870067],[39.82698,48.88779],[39.82715,48.88933],[39.82678711561771,48.889697153610314],[39.8237685,48.8888564],[39.82347284565733,48.89274199613548],[39.82304,48.89294],[39.82183,48.89431],[39.81857,48.89585],[39.81823,48.89654],[39.81823,48.89723],[39.81892,48.89843],[39.81943,48.8986],[39.82211430000001,48.8996762],[39.82292062397644,48.89999949287913],[39.8226741,48.9032394],[39.79745035928303,48.91106623810298],[39.7971688,48.9107675],[39.7954811,48.9105759],[39.79433680000001,48.9108285],[39.7932486,48.9112967],[39.7931218,48.911961],[39.7932900371828,48.91235717143044],[39.78515193832122,48.91488239490821],[39.7831811,48.9151287],[39.7822091,48.9154452],[39.7818292,48.9159881],[39.7817718,48.9166882],[39.7802503,48.9179725],[39.77807230000001,48.9198732],[39.7765041,48.9206861],[39.7759296,48.9215436],[39.7748004,48.9232286],[39.7745822,48.9241424],[39.7739964,48.924514],[39.77445,48.92504],[39.77514,48.92538],[39.77566,48.92555],[39.77806,48.92589],[39.77892,48.92641],[39.77926,48.92778],[39.77923530000001,48.9279299],[39.77892,48.92984],[39.77875,48.93019],[39.77857,48.93087],[39.77909,48.93225],[39.779721193883596,48.93302755768269],[39.77896465151333,48.937960014671006],[39.77789,48.93825],[39.77651,48.93843],[39.776,48.93928],[39.77566,48.93997],[39.77516230000001,48.9404168],[39.77377,48.94117],[39.77308,48.94117],[39.7719727,48.9432951],[39.7726179,48.9442968],[39.7724295,48.9460761],[39.7729116,48.9463818],[39.77377,48.94958],[39.7748,48.94976],[39.776963018658364,48.95101013367491],[39.77671098285888,48.95265334070378],[39.7755347,48.952503],[39.7743316,48.9529346],[39.7740753,48.9532272],[39.77377,48.95319],[39.7728945,48.9530005],[39.7714462,48.9525249],[39.7706887,48.9526566],[39.7700314,48.9530517],[39.7697974,48.9535052],[39.7698197,48.954266],[39.7693741,48.9548513],[39.7677365,48.9560217],[39.76652220000001,48.9566947],[39.7646395,48.9579473],[39.7645087,48.9581272],[39.7647649,48.9585668],[39.76604,48.95868],[39.7660203,48.9593289],[39.766711,48.9599287],[39.7665996,48.960748],[39.7660314,48.9610186],[39.7653296,48.9611356],[39.7632575,48.9610771],[39.7628787,48.9612307],[39.762745,48.9616696],[39.76313490000001,48.9624156],[39.76299010000001,48.9628984],[39.762344,48.9632568],[39.7610294,48.9634616],[39.7606075,48.9637941],[39.7606061,48.9643978],[39.7609737,48.9648],[39.762176900000014,48.9651218],[39.76293317525917,48.96562088061331],[39.7604155476466,48.96798679427795],[39.7603235,48.9679556],[39.75931030000001,48.9670866],[39.7587056,48.9669042],[39.757676,48.967033],[39.7570224,48.96768739999999],[39.7569733,48.9688997],[39.7567936,48.9700477],[39.7571794,48.9702516],[39.757991697980074,48.9702645811192],[39.750339492546495,48.977455659461995],[39.7493256,48.9779188],[39.74875930000001,48.978791],[39.74869899551653,48.978997299028],[39.748412,48.979267],[39.74854343296677,48.97952947177796],[39.74853980000001,48.9795419],[39.74873620000001,48.9820447],[39.749626,48.9830988],[39.75056617344746,48.98356888672373],[39.752040355919945,48.9865128307289],[39.75185269675773,48.98663073413522],[39.74837101815155,48.98722403763835],[39.7479504,48.9872698],[39.7469104,48.9872167],[39.74690933226101,48.987216397804595],[39.74449205502732,48.985898117172056],[39.7444531,48.9858588],[39.74425887631311,48.985770951376345],[39.733052420645876,48.979659425044325],[39.7329265,48.9794327],[39.7321444,48.9789456],[39.7312348,48.9786356],[39.73104828099013,48.97856645215059],[39.73038,48.978202],[39.73024260143822,48.978246718885984],[39.7300095,48.977994],[39.7299809,48.977713],[39.7301579,48.9772971],[39.7302914,48.9769101],[39.7300912,48.9765479],[39.72869020000001,48.9758783],[39.7274233,48.9756649],[39.7272664,48.9756365],[39.7264818,48.9757146],[39.7258866,48.9761266],[39.7260336,48.9764766],[39.7260856,48.9771266],[39.7248492,48.9778432],[39.72467,48.9781927],[39.72471980000001,48.9784677],[39.725332500000015,48.9786664],[39.7242489,48.9797155],[39.7217508,48.9793946],[39.71678,48.98237],[39.71729,48.98392],[39.71643,48.98512],[39.7166,48.98666],[39.71455,48.98804],[39.7136668792829,48.989534834763184],[39.7131704949546,48.989929596879435],[39.7122957,48.9902194],[39.7117719,48.9907636],[39.7117574,48.9908591],[39.711881,48.990945],[39.71188193324087,48.99095435797691],[39.710020896968516,48.99243439385921],[39.7096841,48.9925202],[39.7090221,48.9924534],[39.708542,48.9923675],[39.7080473,48.9924391],[39.7077127,48.9927207],[39.7076035,48.9931264],[39.70768,48.99353],[39.70801820000001,48.993957],[39.70807139125789,48.99398478728645],[39.699520372614536,49.000785199836415],[39.6991417,49.000886],[39.699120682369816,49.00088444784202],[39.6965123869726,48.999550785037606],[39.6964492,48.9994684],[39.69590390000001,48.999128],[39.69552428616342,48.9990455534225],[39.693207601363696,48.99786099574156],[39.6931687,48.9976758],[39.69214280000001,48.996902],[39.6907893,48.9963022],[39.6903767,48.9960841],[39.6901856,48.9957457],[39.6899144,48.995648],[39.6895018,48.99571320000001],[39.6890166,48.995668],[39.6887492,48.9954349],[39.6882907,48.9952319],[39.6872165,48.9944256],[39.68628,48.9940548],[39.6849883,48.9929848],[39.6831155,48.991936],[39.681291,48.9911626],[39.6804837,48.9906435],[39.67833630000001,48.9890861],[39.67695443199935,48.989550492468766],[39.67693,48.989538],[39.676888784524465,48.989572554049836],[39.6761858,48.9898088],[39.67133355029632,48.994229926987316],[39.663411,49.000872],[39.670277,49.003148],[39.676015149886396,49.00940744926557],[39.6780790867432,49.01330140251531],[39.677226463098876,49.01361625524225],[39.6766757,49.0136747],[39.6760317,49.01367],[39.6751475,49.0138394],[39.6745726,49.0140757],[39.6739795,49.0144146],[39.6735392,49.0149825],[39.6729424,49.0163309],[39.672826,49.0166841],[39.672957,49.0170015],[39.673219,49.0174191],[39.6734628,49.017715],[39.6736629,49.0181207],[39.6737939,49.0185144],[39.6740122,49.0191683],[39.674256,49.0194761],[39.67444382918824,49.01961918808787],[39.675663,49.026888],[39.67742759558477,49.0274240907054],[39.6775407,49.0275654],[39.6778947,49.0277149],[39.6784633,49.0279241],[39.6788147,49.0281616],[39.679319,49.0283796],[39.6798152,49.02847290000001],[39.6804544,49.0285682],[39.6809473,49.0287036],[39.6814064,49.02903280000001],[39.681873426056086,49.02934285604089],[39.68240330352984,49.031694294971],[39.6823791,49.0317196],[39.6818578,49.0320397],[39.6815386,49.0323985],[39.6813991,49.0324583],[39.6808976,49.03273260000001],[39.680683,49.0329471],[39.6806401,49.03313880000001],[39.6807581,49.0333498],[39.6810102,49.0334747],[39.68251230000001,49.033647],[39.682824919472914,49.03356530136625],[39.68356323803929,49.03684173998799],[39.68327811194398,49.03702330164901],[39.68118355958017,49.0377008470386],[39.67867,49.03644],[39.6749153,49.039144],[39.6737682,49.0393038],[39.6731244,49.039729],[39.67265230000001,49.0402143],[39.672392,49.0404015],[39.67256079223386,49.0404901381358],[39.672317,49.040569],[39.67633985410173,49.0424746429402],[39.6837522,49.0463671],[39.6910872,49.0496956],[39.6931571,49.0504795],[39.69321942326671,49.050470565983765],[39.693366,49.05054],[39.76653670884779,49.04011641208603],[39.7719740105906,49.042025162951475],[39.79728205399172,49.05597210655649],[39.7984647,49.0567621],[39.79971470000001,49.0574369],[39.802362,49.0588658],[39.80287072191954,49.05905195098306],[39.803143,49.059202],[39.803311287165265,49.059213162148616],[39.8052017,49.0599049],[39.8112419,49.0603862],[39.812178253725754,49.0598012901761],[39.879686170000284,49.06427895425289],[39.8802205,49.064336],[39.880289504631115,49.064318972223404],[39.880305,49.06432],[39.910263,49.057462],[39.91161524989462,49.057404125970635],[39.9216316,49.0572304],[39.93798926295053,49.05640287266197],[39.94232282181247,49.07065887179958],[39.94234,49.07146],[39.942153458665054,49.07234050832603],[39.940064508677864,49.07782310431578],[39.938341,49.08187739999999],[39.93832845737497,49.08237949291754],[39.938169,49.082798],[39.938313566640915,49.08297558281798],[39.9383119,49.0830423],[39.93847529786242,49.08317425026913],[39.97122295711201,49.123400830725714],[39.97152,49.12382],[39.971767607175984,49.12406986815071],[39.972108,49.124488],[39.97315053190137,49.12546542077282],[39.9776199,49.1299756],[39.9968867,49.148189],[39.99826686439822,49.149013117574356],[40.009448207864914,49.15949613239432],[40.0104794,49.160684],[40.012582096340495,49.16243429447041],[40.031575,49.180241],[40.07613,49.186828],[40.080543764979396,49.19012940287871],[40.0935212,49.202979],[40.0954044,49.2042492],[40.107967,49.2110502],[40.10875330000001,49.2116939],[40.1230483,49.2308421],[40.13705259894495,49.23971120343521],[40.137226,49.239885],[40.188228,49.238626],[40.2122554253078,49.244380560089205],[40.2133405,49.2451024],[40.21461302867413,49.245894322569406],[40.21910597513892,49.264517007293215],[40.2185692,49.2647696],[40.2184595,49.2648299],[40.1859301,49.2812231],[40.1843747,49.2957464],[40.1835497,49.2990257],[40.1840333,49.3009179],[40.18426256438992,49.3014138265172],[40.18404,49.303985],[40.184482480117815,49.30432608253397],[40.1840826,49.3045311],[40.184796,49.3052276],[40.1862684,49.3067729],[40.1876037,49.3089338],[40.1879579,49.3105662],[40.1884444,49.3129756],[40.1892637,49.3186619],[40.1911078,49.3246588],[40.1922455,49.3291582],[40.19275180000001,49.3316306],[40.19277430000001,49.3322677],[40.1933045,49.3333713],[40.1936832,49.3341383],[40.1938623,49.3342884],[40.19431260000001,49.3344117],[40.1944508,49.3344884],[40.19446678627454,49.33452705035997],[40.19564367366449,49.339892481106745],[40.1957924,49.34114],[40.1958921,49.3422043],[40.1958973,49.3426914],[40.19585030000001,49.3431782],[40.1958925,49.3437406],[40.1958878,49.344299],[40.195434,49.3453072],[40.1952348,49.3457034],[40.1949546,49.3460954],[40.19463552912708,49.34644520790986],[40.19062462733707,49.34868627592007],[40.1882007,49.3494113],[40.18365,49.3509609],[40.1823814,49.35147149999999],[40.1813105,49.3520243],[40.1804325,49.3525142],[40.1797269,49.3530532],[40.1770865,49.3551434],[40.1758631,49.356123],[40.1755347,49.3563677],[40.17519090000001,49.35638439999999],[40.1748476,49.3563624],[40.1722065,49.3562065],[40.1710439,49.3561617],[40.1706628,49.3561704],[40.1700288,49.35629],[40.1695669,49.3565262],[40.1693396,49.3565797],[40.1689431,49.3566522],[40.1688561,49.3571372],[40.1689141,49.3573703],[40.1688464,49.3574963],[40.1687061,49.3576072],[40.1680963,49.3579442],[40.167762,49.3581169],[40.1675117,49.3582703],[40.1673134,49.3583436],[40.1671055,49.3584727],[40.1668328,49.3586543],[40.1665905,49.3588464],[40.1660284,49.3591948],[40.1650846,49.3604372],[40.1648195,49.3609835],[40.16457,49.3615264],[40.1616422,49.3642125],[40.16019220000001,49.3655642],[40.158669,49.3668953],[40.1591618,49.3671196],[40.16030014232976,49.366339895603225],[40.16073678425759,49.36662375967282],[40.1606672,49.3666951],[40.1613727,49.3672896],[40.161249,49.3674153],[40.1616504,49.3677729],[40.16221571187079,49.3680470716463],[40.15731508610795,49.37070525413184],[40.156779,49.3703353],[40.155749,49.3706753],[40.1553482,49.3709128],[40.1541435,49.3714613],[40.15480564141807,49.372066419469874],[40.14664187452991,49.376494585016125],[40.1466397,49.3764927],[40.1459844,49.3767934],[40.14602344228958,49.37683003314648],[40.14322113153248,49.378350054003825],[40.1429238,49.3782708],[40.1424057,49.3785376],[40.1350578,49.3807253],[40.1328425,49.3813608],[40.13213240000001,49.3815687],[40.1305364,49.3820124],[40.13037830000001,49.3820635],[40.1294948,49.3823151],[40.12812020000001,49.3826428],[40.1270633,49.3828896],[40.1211604,49.3840458],[40.1191913,49.3845812],[40.1163798,49.385012],[40.1143938,49.3857125],[40.1101637,49.388945],[40.108056148112816,49.39055537797035],[40.105631,49.391292],[40.08085088252544,49.4083162812447],[40.0800962,49.4084303],[40.0782576,49.4098928],[40.0743074,49.4156582],[40.0733246,49.4169703],[40.0722874,49.4174473],[40.070613,49.4197178],[40.0688099,49.4222743],[40.0626783,49.4313255],[40.0607148,49.434409],[40.0586257,49.4366301],[40.05762065052843,49.43738388006375],[40.02919,49.453599],[40.032158886676996,49.46434651148368],[40.033187,49.4682688],[40.03458404224868,49.473125690412395],[40.04176,49.499103],[40.040602712576515,49.50488582146334],[40.0395728,49.5086705],[40.0392059,49.5100185],[40.0390389,49.5105204],[40.0392685,49.5109773],[40.039306551377294,49.511362577929155],[40.0391612693867,49.51208853398501],[40.03761,49.51658],[40.037592,49.5177066],[40.0377719,49.5186212],[40.037827962284865,49.51875090391085],[40.037599,49.519895],[40.038865831651535,49.520369698772114],[40.0392048,49.5207179],[40.0407383,49.5213214],[40.0605335,49.52911010000001],[40.14799,49.56173],[40.15039,49.56241],[40.15297,49.56327],[40.155521673634524,49.5640822038094],[40.168435,49.568921],[40.16682210339292,49.57122208916127],[40.15983,49.57735],[40.15846,49.57872],[40.13941,49.59589],[40.13566137684727,49.6156785098619],[40.135258,49.616254],[40.09485376070873,49.60666503517879],[40.0649602,49.5989679],[40.06450437164418,49.59946234483764],[40.063538,49.599233],[40.056729,49.606573],[40.01933451567032,49.60332482818531],[40.0149106,49.6027231],[39.9918398,49.6006778],[39.95212,49.59709],[39.95144,49.59623],[39.950415,49.5949802],[39.94577,49.58868],[39.94457,49.58696],[39.94131,49.5825],[39.94045,49.58113],[39.937642635193384,49.57749580857226],[39.93747213533173,49.577257820237755],[39.93667,49.57598],[39.93513,49.57392],[39.93461,49.5734],[39.93393,49.57323],[39.92878,49.57134],[39.92569,49.57014],[39.92277,49.56911],[39.92208,49.56877],[39.91934,49.56774],[39.91865,49.56774],[39.91814,49.56756],[39.91745,49.56722],[39.91436,49.56636],[39.91058,49.56499],[39.90766,49.56396],[39.90457,49.56293],[39.89118,49.5583],[39.890205665143,49.55835893327833],[39.806619894572066,49.55805475950894],[39.80604,49.55795],[39.8058802789254,49.55805206800203],[39.805312,49.55805],[39.79951600252307,49.56211908907835],[39.78939,49.56859],[39.77669,49.57735],[39.7678056,49.5842712],[39.767688550785536,49.584463601264964],[39.76499660743517,49.58635348429719],[39.764238,49.5866144],[39.7619929573656,49.588462201518325],[39.750232,49.596719],[39.705989802617815,49.60558930636034],[39.70255820000001,49.605192],[39.6982639,49.6048033],[39.6970324,49.6047981],[39.695577,49.6053837],[39.69343,49.60688],[39.69123195764734,49.608548169478645],[39.659995,49.614811],[39.658428911593475,49.61628094669134],[39.6579,49.61666],[39.6559462,49.6184785],[39.64794,49.62593],[39.64485,49.62885],[39.63884,49.63451],[39.638724727366004,49.63477549673719],[39.638379,49.6351],[39.61342749695999,49.69108713663702],[39.6052,49.70129],[39.60297,49.70421],[39.59129,49.71828],[39.59129,49.71914],[39.59198,49.71983],[39.59318,49.72069],[39.60297,49.72824],[39.60336060258311,49.72851993185123],[39.610054038324414,49.73375501328013],[39.604,49.73408],[39.59902,49.73442],[39.5732713,49.7361664],[39.5652,49.73682],[39.54494,49.73905],[39.5397232,49.7399713],[39.535606759531234,49.74068423640172],[39.533835,49.740848],[39.478761,49.756475],[39.471705030993945,49.75708926594084],[39.44916,49.7588],[39.44723855253577,49.75921922490129],[39.440659882100604,49.75979193903606],[39.436222990279234,49.75948423646563],[39.42610018693532,49.75681402226248],[39.42598,49.75674],[39.42566035779869,49.756698003214424],[39.413370394222774,49.753456130960096],[39.406881966548525,49.7509434410581],[39.40291074598845,49.7492817037902],[39.40212,49.74867],[39.39285,49.74472],[39.38976,49.74335],[39.37878,49.73854],[39.37798825827781,49.738853014169244],[39.376963,49.738424],[39.37288152685132,49.739288310569876],[39.36521,49.73991],[39.35783,49.74111],[39.30857,49.75279],[39.28522,49.75536],[39.27715,49.76515],[39.273713543826155,49.76809962488255],[39.271951607159416,49.76817347948939],[39.26514,49.76789],[39.25913,49.77081],[39.25089,49.77648],[39.25026733457782,49.77798225589719],[39.24738637704309,49.782991733254946],[39.24368,49.78695],[39.2410406,49.7922688],[39.23784,49.79879],[39.22771,49.80738],[39.22977,49.80944],[39.23046,49.81098],[39.23012,49.81253],[39.22823,49.81596],[39.228205005248746,49.81634475791294],[39.228114,49.816503],[39.225656,49.840184],[39.216095456637866,49.85199657334226],[39.2140958,49.854297],[39.20952,49.85956],[39.20645836745472,49.86390372322588],[39.201078945515576,49.87055029275526],[39.195453,49.873309],[39.1888238,49.8850217],[39.1878548,49.8854342],[39.18428503751496,49.88695367449824],[39.178470833529666,49.88798874593723],[39.1742113,49.8856346],[39.1713971,49.8840792],[39.1649455,49.8805133],[39.15515820000001,49.8751031],[39.1535204,49.8741977],[39.15072905557985,49.87265442942561],[39.130738,49.861568],[39.12569669229646,49.855679627881116],[39.1234068,49.8524667],[39.1206358,49.8489328],[39.1189235,49.8466319],[39.11819,49.84548],[39.11665,49.84394],[39.1105476,49.8379094],[39.11043200965115,49.837850100905605],[39.110366,49.837773],[39.109384019415664,49.83731247062318],[39.10858,49.8369],[39.10755,49.83639],[39.10429927252722,49.83492782539377],[39.0702940170529,49.81898003644364],[39.0699105,49.8186571],[39.068693,49.8172063],[39.0684175,49.8167046],[39.0668401,49.8156292],[39.06656358591083,49.81566572565168],[39.066233,49.815349],[39.057984931523094,49.81679890820659],[39.0553944,49.8171411],[39.0485,49.81836],[39.046648980043145,49.818791627972004],[39.02731345354613,49.82219057387375],[39.02687,49.82214],[39.025727,49.8217632],[39.02339868669684,49.821662125055404],[38.984906,49.807783],[38.97199334911761,49.80725591474463],[38.9710867,49.8071077],[38.968625302391814,49.80595353709997],[38.95682983358941,49.80000362930094],[38.9531187,49.7978518],[38.9515209,49.796951],[38.9491109,49.796014],[38.94896071558924,49.79617549173126],[38.94108507455012,49.800485705340556],[38.9405849,49.8005654],[38.93985916005265,49.80069804693504],[38.93360342998675,49.79827710482138],[38.9337511,49.7980371],[38.9337585,49.7978722],[38.9336886,49.79771560000001],[38.9333198,49.7974191],[38.9316261,49.7968484],[38.9306914,49.7968326],[38.9301579,49.7969737],[38.9297117,49.7972772],[38.9295898,49.7974015],[38.929568,49.7975863],[38.9296248,49.7978714],[38.9294958,49.7982426],[38.9289475,49.79839010000001],[38.9281807,49.79876930000001],[38.9274139,49.7996235],[38.9270973,49.8002457],[38.9267202,49.8008467],[38.9268212,49.8012299],[38.9270328,49.8014958],[38.927269,49.8016369],[38.9273848,49.8020843],[38.9277718,49.8023707],[38.927914,49.8026036],[38.9280086,49.8029314],[38.9281742,49.8029956],[38.9283425,49.8031141],[38.9283591,49.8032892],[38.92814890000001,49.8034668],[38.928161,49.8037809],[38.92793110650879,49.80398550561114],[38.924968287813726,49.80436122923326],[38.9240421,49.8039938],[38.9235164,49.8039938],[38.9228609,49.8040756],[38.9224042,49.8041531],[38.9222023,49.80418739999999],[38.9216396,49.8043271],[38.9212889,49.804481],[38.9212031,49.8045187],[38.92063970893171,49.80491014886135],[38.920357,49.804946],[38.9169130254234,49.81133303725723],[38.9163805,49.81189649999999],[38.9159344,49.8124863],[38.9158958,49.8127896],[38.9160263,49.8129434],[38.9163674,49.8131832],[38.9169183,49.8133356],[38.9174518,49.8135867],[38.917551706995155,49.81363432768578],[38.91846277904669,49.81423155526161],[38.91844,49.8144078],[38.9183197,49.814697399999986],[38.9174387,49.8153136],[38.9169402,49.815339],[38.9163935,49.815394],[38.9156677,49.8159653],[38.91534478837518,49.81641083145711],[38.909372,49.81917],[38.90892568157471,49.82125327014472],[38.90671,49.8278],[38.90747557113378,49.8280219169604],[38.907392,49.828412],[38.9134731579689,49.829747953178554],[38.913562298407555,49.82989925419186],[38.91057,49.833276],[38.91212154663744,49.84362495669527],[38.9120833,49.8440001],[38.911245,49.8445045],[38.908875,49.8446556],[38.9069305,49.8448773],[38.9064974,49.8451124],[38.9055017,49.8458342],[38.9050812,49.8463965],[38.9050197,49.8471895],[38.9046101,49.8481731],[38.9044964,49.848362],[38.9044439,49.8486355],[38.9045252,49.8491908],[38.9052825,49.8499369],[38.9058415,49.8504028],[38.9072608,49.85064769999999],[38.90738538137064,49.85065193590046],[38.911432096305646,49.85325620140981],[38.9114582,49.8533432],[38.9114397,49.8537539],[38.9112783,49.854071],[38.9109752,49.8543977],[38.9108462,49.8547712],[38.9108549,49.8552082],[38.9111127,49.8555536],[38.911255,49.8556903],[38.9115634,49.856134],[38.9119197,49.856326],[38.9122301,49.856441],[38.9131462,49.8563455],[38.9136317,49.8563355],[38.913947,49.8562119],[38.9146551,49.8562498],[38.9148839,49.8561481],[38.91502,49.8559448],[38.9152086,49.8559029],[38.9154096,49.8559229],[38.915577912633495,49.855924243672284],[38.91732723663504,49.85705002204686],[38.9175954,49.8573328],[38.917967,49.8577133],[38.91826488323986,49.85799065587783],[38.91189835473317,49.85949715021728],[38.9115945,49.85943],[38.9113277,49.8591904],[38.9110173,49.8591058],[38.9100815,49.8595174],[38.9093834,49.859667399999985],[38.908809,49.8598387],[38.9082712,49.8600784],[38.90814,49.8603574],[38.9080263,49.8605914],[38.9077246,49.8608338],[38.9076983,49.8610932],[38.9076109,49.8615949],[38.90731435028385,49.86202277734548],[38.9048547154959,49.86435616098711],[38.903956,49.864899],[38.9031875,49.8655117],[38.9028672,49.8657108],[38.9028847,49.8660828],[38.90283899990438,49.86626841146041],[38.89869523414096,49.87019948094051],[38.8985866,49.8702305],[38.8977297,49.8702342],[38.89723650602887,49.870360588430756],[38.89441729175257,49.870233633654266],[38.8941678,49.8700624],[38.8938806,49.8697224],[38.8935406,49.8695241],[38.8925976,49.8694375],[38.8920948,49.8695662],[38.89148896109841,49.87010176515218],[38.889577606595736,49.870015693091],[38.8895557,49.8699933],[38.8894428,49.8697525],[38.8888772,49.8697039],[38.8884729,49.869439],[38.8881042,49.8693677],[38.8874483,49.8690677],[38.8858395,49.869053],[38.8836858,49.8690719],[38.8815206,49.8690365],[38.8805714,49.8694079],[38.88001382456664,49.86958501713277],[38.878720809503584,49.86952679011551],[38.8786674,49.8694978],[38.8782097,49.8693403],[38.8774622,49.8694044],[38.8769166,49.8692916],[38.8765655,49.8690773],[38.8758633,49.8686866],[38.87581,49.86866],[38.87546,49.86832],[38.8752149,49.868063],[38.875148,49.8678485],[38.8752457,49.8676665],[38.8753868,49.8670019],[38.8748903,49.8665482],[38.8739916,49.866131],[38.8719552,49.8653144],[38.8714336826751,49.86591947534934],[38.869398,49.864488],[38.86512535971202,49.86605457863456],[38.8640071,49.8660254],[38.86353290000001,49.8659294],[38.8632411,49.8659211],[38.863013,49.866044],[38.8626828,49.8661875],[38.8625736,49.8663605],[38.8624398,49.8664278],[38.8616088,49.8664937],[38.8595255,49.8670803],[38.8590796,49.8671951],[38.8586711,49.867426],[38.8583255,49.8677015],[38.8579327,49.8678757],[38.8574048,49.8682301],[38.85741739999999,49.868467],[38.8572289,49.8686959],[38.85662459999999,49.8688949],[38.8561888,49.8688336],[38.8554586,49.8684515],[38.8551154,49.8682451],[38.8547525,49.8678719],[38.8547997,49.8675985],[38.8547522,49.8674154],[38.8543126,49.8670962],[38.8536899,49.8669035],[38.8533651,49.8667525],[38.8530243,49.8666597],[38.8516003,49.8660212],[38.8516,49.86591],[38.8516,49.86471],[38.84937,49.86471],[38.84783,49.86437],[38.8475596558337,49.865376934068685],[38.84329088439821,49.866134124048195],[38.84165,49.86557],[38.83941166413259,49.86682221586988],[38.836346,49.867366],[38.835065371619905,49.870127826416386],[38.83461,49.8710279],[38.8337207,49.871936],[38.8329975,49.8730325],[38.8328568,49.8733399],[38.8311416,49.8744055],[38.8312319,49.875073],[38.8307904,49.8754597],[38.8292806,49.8761223],[38.82841590000001,49.8763795],[38.8280025,49.8763764],[38.8270191,49.8774113],[38.82587291041175,49.87779755422432],[38.795486972190446,49.883215678830126],[38.7909714,49.8783727],[38.79028586823362,49.87864564216334],[38.79015,49.87851],[38.78886881515935,49.87920983707105],[38.7812054,49.882261],[38.77865859236413,49.884787090398675],[38.777683,49.88532],[38.768232,49.896044],[38.743847,49.897307],[38.733846,49.905025],[38.723247,49.927005],[38.6929,49.934766],[38.6853,49.960344],[38.68635113589234,49.961115848577954],[38.6860461,49.9622391],[38.68973,49.96513],[38.71067,49.98024],[38.7150000491341,49.982152731731325],[38.715315,49.982384],[38.71520523768332,49.98564988881916],[38.71445,49.9859],[38.71427,49.98642],[38.71427,49.98728],[38.71445,49.98762],[38.71393,49.98814],[38.71101,49.98968],[38.7093,49.99123],[38.70312,49.99294],[38.7026,49.99363],[38.7026,49.99466],[38.70277,49.99517],[38.70243,49.99672],[38.70106,49.99706],[38.70088,49.99706],[38.70088,49.99723],[38.70106,49.9974],[38.70088,49.99809],[38.69947173424197,49.99931597755077],[38.696378644044685,50.00160771186802],[38.6947,50.00187],[38.69333,50.00221],[38.6923,50.00273],[38.69161,50.00376],[38.69161,50.00427],[38.69058,50.00547],[38.68801,50.00599],[38.68698,50.0077],[38.686423275254754,50.00779458915574],[38.679984562214635,50.005744874055615],[38.67788,49.99878],[38.68029,49.97852],[38.67977,49.97766],[38.68011,49.97492],[38.67977,49.97406],[38.67891,49.97372],[38.67771,49.9732],[38.67685,49.97303],[38.67479,49.97269],[38.67393,49.97269],[38.6693,49.97234],[38.66794756971774,49.97234],[38.66725818856825,49.972213981772676],[38.66535,49.97063],[38.66278,49.96874],[38.65969,49.96616],[38.6475,49.95586],[38.646719182377204,49.9563460380803],[38.646196,49.955937],[38.61750847091935,49.97351356464989],[38.61746,49.97354],[38.61557,49.97423],[38.61474902713047,49.97450653737983],[38.582211562304764,49.97735974152271],[38.58209,49.97732],[38.57986,49.97646],[38.5766,49.97509],[38.56665,49.97097],[38.53832,49.96221],[38.53157076539497,49.959965715677455],[38.526715,49.958271],[38.51614933276747,49.961504654546005],[38.51412,49.96204],[38.50983,49.96324],[38.48871,49.96324],[38.48840444571304,49.96361680461396],[38.487706,49.963602],[38.48645388377672,49.96601981602158],[38.48528,49.96736],[38.4827,49.97045],[38.48287,49.97269],[38.48287,49.972940237188304],[38.477583948407464,49.98314751666735],[38.46502,49.98299],[38.4654737,49.9842963],[38.46657363973994,49.98746273758464],[38.46804,49.995247],[38.46404147579833,49.995926908136454],[38.46159,49.9962],[38.45455,49.9974],[38.45266,49.99775],[38.44322,49.99946],[38.44116,49.99981],[38.44100257966598,49.999844436740844],[38.434095,50.001019],[38.416008,49.981338],[38.397563,49.990585],[38.349575,50.006444],[38.35253954232889,50.014586316738594],[38.3537935,50.0189515],[38.353046727666985,50.02496343681579],[38.3512,50.034741],[38.34231754524167,50.047299380067045],[38.337902,50.0531125],[38.3342019,50.0579856],[38.333022,50.0594948],[38.332734,50.0636113],[38.3329655566565,50.06498026991734],[38.33137759167264,50.07423242496335],[38.3311499,50.0750573],[38.330927052357694,50.076857457403335],[38.32945600511208,50.085428400298674],[38.31759717226375,50.08757114292813],[38.314020500270054,50.08819352700582],[38.3131708,50.0882189],[38.3123251,50.0881539],[38.3017552,50.0870909],[38.3007472,50.0866397],[38.29675874407898,50.08358795206061],[38.291305,50.079178],[38.275685,50.073117],[38.27221389645348,50.07336190049632],[38.2676583,50.0732159],[38.2600843,50.0728307],[38.2525249,50.0727586],[38.2404138,50.0738261],[38.2282966,50.0750332],[38.2161636,50.0761766],[38.2038244,50.0774161],[38.1915101,50.07891580000001],[38.1915076,50.0786788],[38.178569846752794,50.0799621003974],[38.18163646607127,50.06850498787132],[38.1829949,50.0640259],[38.1839421,50.0599623],[38.18399329330569,50.05969971012893],[38.185066,50.055692],[38.183827,50.045832],[38.18384455303872,50.045786888725644],[38.18727,50.0407676],[38.1874376,50.0374105],[38.18759682619853,50.03614355422],[38.18882,50.033],[38.18824422402487,50.03099227916818],[38.1885627,50.02845820000001],[38.1888049,50.027258],[38.1889001,50.0236761],[38.18623,50.0228196],[38.18968142703448,50.01819413949151],[38.20483280609413,50.00107320700417],[38.2048455,50.0010692],[38.20484594862547,50.00105835605292],[38.217126,49.987182],[38.21689253477059,49.986986382769445],[38.2170852,49.9865653],[38.2171493,49.986303],[38.217157,49.9860808],[38.2169994,49.9858711],[38.2167499,49.985582],[38.2166194,49.9852511],[38.2166808,49.9850338],[38.2169112,49.98482139999999],[38.2171493,49.9846337],[38.2174412,49.9844016],[38.2175207,49.9842168],[38.2174383,49.9840227],[38.2171003,49.9836799],[38.216938,49.9834062],[38.2169139,49.98306739999999],[38.2208166,49.9805331],[38.2218479,49.9791376],[38.21595590000001,49.9772298],[38.2140116,49.9767204],[38.21213130000001,49.9763074],[38.2034317,49.9727688],[38.203235,49.9726829],[38.19611320000001,49.9695724],[38.195575300000016,49.9693375],[38.1956317,49.9663921],[38.1968151,49.9639216],[38.1976824,49.96211090000001],[38.1829934,49.9575303],[38.17629,49.95535],[38.1718601,49.9538413],[38.1708624,49.9542027],[38.1695749,49.9541206],[38.167167,49.9532823],[38.16251314935832,49.951379610379455],[38.171565,49.941901],[38.126682,49.92215],[38.12510784177313,49.94117605221841],[38.1245543,49.9423882],[38.122243948151166,49.94177730642139],[38.056464,49.923247],[38.03447983891895,49.90171672343526],[38.033825,49.9007057],[38.032974,49.9001506],[38.03292484723149,49.900193836072695],[38.032779,49.900051],[38.032569745581384,49.90050619285791],[38.0223745,49.9094742],[38.0234194,49.9160567],[38.021149,49.9186064],[38.0236913,49.919626],[38.02093,49.9257507],[38.02095998162684,49.92576100787813],[38.020937,49.925811],[38.022727480831584,49.926368685590006],[38.0266271,49.9277094],[38.04365635695862,49.9329244710859],[38.01812827137262,49.95581006600442],[38.0143438,49.9584899],[38.0110839,49.9609561],[38.0076154,49.9637746],[38.008503479690866,49.96443856589179],[38.007677533755384,49.965179015622745],[38.005131520182175,49.96710528065161],[37.999075,49.963601],[37.99890596985556,49.963721456689655],[37.9987263,49.9636068],[37.9805614,49.9766803],[37.9645788,49.9789248],[37.9628077,49.9816424],[37.9624186,49.9822394],[37.9623659,49.9823202],[37.9619996,49.9828822],[37.95399,49.99517],[37.95367756182043,49.995653738762606],[37.93838147945205,50.01626852054795],[37.93682,50.01783],[37.9366859,50.0180125],[37.93013,50.02693],[37.9298704,50.0274241],[37.92652,50.0338],[37.9242278,50.0351281],[37.92039955504311,50.03734599409944],[37.893906,50.050305],[37.883424077573885,50.05213360123863],[37.88257,50.05216],[37.86386,50.05422],[37.85099,50.05834],[37.83461606559296,50.06469752991734],[37.8292947,50.06656],[37.82719222692618,50.067579993914826],[37.8249,50.06847],[37.82186310626557,50.07016536383602],[37.818403,50.071844],[37.81176587387802,50.075802203360446],[37.79692,50.08409],[37.777224248812686,50.08143949729084],[37.755685,50.078479],[37.75564206599992,50.07853524419037],[37.75486,50.07843],[37.74349036439536,50.0942090768913],[37.741493542388646,50.09597271183431],[37.73323,50.10298],[37.72962,50.10486],[37.72910329743132,50.10524197950629],[37.7262557,50.1067205],[37.707625,50.127691],[37.70762821852079,50.127707808128555],[37.7074803,50.1278707],[37.70779602213729,50.12858413142803],[37.708795481811066,50.13380362441215],[37.70586554104432,50.134043726446485],[37.700758,50.134183],[37.69774661336662,50.13710477049833],[37.6944621,50.1398532],[37.69426,50.14023],[37.6922,50.14143],[37.69152,50.14194],[37.69099183059065,50.14233804071429],[37.69071452285404,50.142499873274616],[37.68637,50.144],[37.68465,50.14572],[37.681601711373496,50.14729670101371],[37.673024352611954,50.1509017168164],[37.67109,50.15139],[37.66851,50.15276],[37.66818004323366,50.15331639768441],[37.65799138265465,50.16354338082511],[37.65512,50.16563],[37.65477040167253,50.16677647686804],[37.65078416390482,50.170777708053336],[37.64997,50.17095],[37.64900183609559,50.17256673972387],[37.64887137622066,50.17269769029692],[37.64723,50.17336],[37.64671,50.17422],[37.64568,50.17439],[37.64517,50.17422],[37.64379,50.17404],[37.6407,50.17593],[37.6407,50.17645],[37.64079913810764,50.17701729028259],[37.639132,50.178726],[37.626257,50.176417],[37.62763,50.167402],[37.615614,50.165312],[37.604885,50.159264],[37.6035117,50.1484849],[37.617846,50.137814],[37.626944,50.137374],[37.6364713,50.1403441],[37.647028,50.1424351],[37.6528645,50.1448553],[37.663164,50.1401243],[37.6617049,50.1316527],[37.6565558,50.1285712],[37.6509762,50.1189414],[37.656813,50.116574],[37.6621347,50.1079881],[37.6653963,50.1009414],[37.6635078,50.0995096],[37.6720905,50.0826595],[37.6762369,50.0879259],[37.6809715,50.0909977],[37.6855701,50.09044],[37.6891233,50.0919803],[37.6990433,50.0933948],[37.7088078,50.0905767],[37.7069926,50.0866344],[37.7169277,50.0858695],[37.7232675,50.0824024],[37.7331311,50.0801181],[37.7322256,50.0728064],[37.7416187,50.0692409],[37.751458,50.0702956],[37.7628568,50.0689224],[37.7623754,50.0667488],[37.7581438,50.0658],[37.7580371,50.0636944],[37.7631645,50.0615758],[37.7682598,50.0580093],[37.7699218,50.0547732],[37.7624942,50.0504253],[37.7631735,50.0400768],[37.764934,50.0389538],[37.7756265,50.0226981],[37.7784475,50.0057746],[37.7804197,49.993807],[37.775992,49.982118],[37.768273,49.979852],[37.761756,49.969747],[37.75069,49.972173],[37.734732,49.966041],[37.727291,49.961004],[37.734898,49.95601],[37.748912,49.953199],[37.752736,49.93996],[37.773713,49.929327],[37.775018,49.921524],[37.771121,49.913478],[37.76859,49.912578],[37.753528,49.913556],[37.747178,49.91257],[37.749238,49.908269],[37.744348,49.900549],[37.738516,49.897712],[37.732928,49.900517],[37.70199,49.890135],[37.696636,49.89027],[37.694024,49.891022],[37.682886,49.888812],[37.677931,49.882439],[37.663524,49.882537],[37.655369,49.889578],[37.649624,49.890778],[37.65001,49.871535],[37.640691,49.868973],[37.63646,49.862767],[37.647907,49.857949],[37.647909,49.851347],[37.634142,49.851668],[37.632287,49.850879],[37.633392,49.840982],[37.628233,49.828063],[37.617078,49.824791],[37.609756,49.815873],[37.600514,49.811768],[37.600134,49.80926],[37.605246,49.802153],[37.605703,49.795738],[37.612197,49.79171],[37.611246,49.78401],[37.6232738,49.7767237],[37.6381151,49.7738941],[37.6466529,49.7588812],[37.6557653,49.7530816],[37.6620531,49.7516757],[37.6691991,49.7517112],[37.6746149,49.7547544],[37.700727,49.7369691],[37.7192914,49.7369807],[37.733444,49.740142],[37.7494416,49.7414791],[37.7768543,49.7327184],[37.7695729,49.7040325],[37.7756004,49.6953775],[37.7708693,49.6892205],[37.7778114,49.6731791],[37.7727358,49.6577081],[37.7699749,49.6572755],[37.7701087,49.6542929],[37.7784403,49.6513703],[37.7782176,49.6426777],[37.8012187,49.6408989],[37.7989986,49.6273681],[37.810056,49.6241761],[37.8166923,49.6149658],[37.808735,49.607885],[37.787941,49.607704],[37.789024,49.603152],[37.803024,49.603214],[37.804075,49.594326],[37.790894,49.594665],[37.790625,49.592201],[37.796328,49.590543],[37.79249,49.580292],[37.772164,49.574912],[37.77057,49.572138],[37.761252,49.569586],[37.753832,49.563496],[37.753838,49.56178],[37.760668,49.559201],[37.759603,49.556177],[37.731829,49.557172],[37.715368,49.556361],[37.701752,49.552933],[37.70085,49.544334],[37.696021,49.541136],[37.695323,49.530318],[37.692828,49.526886],[37.696968,49.525332],[37.700764,49.514862],[37.696716,49.508826],[37.695034,49.502686],[37.697626,49.502403],[37.706303,49.507389],[37.713266,49.513489],[37.723574,49.514624],[37.733753,49.510818],[37.728931,49.501997],[37.7435195,49.4910765],[37.7783498,49.4823508],[37.7717094,49.4682359],[37.7579254,49.4579104],[37.7432773,49.4599297],[37.7125011,49.4417663],[37.7084009,49.4307764],[37.6767368,49.4212577],[37.684216,49.4121845],[37.7115087,49.4170643],[37.7645106,49.3973763],[37.768932,49.405279],[37.815689,49.390963],[37.82396,49.394644],[37.829959,49.401199],[37.846639,49.386656],[37.847139,49.381273],[37.86223,49.380416],[37.875647,49.377602],[37.890612,49.382054],[37.916373,49.382798],[37.916074,49.378557],[37.93251,49.38069],[37.938519,49.379198],[37.949072,49.362706],[37.954308,49.361588],[37.949573,49.353118],[37.947628,49.351399],[37.941921,49.349687],[37.943867,49.346904],[37.941177,49.344568],[37.942329,49.341848],[37.941789,49.338838],[37.950047,49.337701],[37.957295,49.334845],[37.962823,49.334169],[37.964944,49.332475],[37.966392,49.322245],[37.961857,49.317318],[37.961584,49.311489],[37.969378,49.311145],[37.969614,49.303038],[37.962008,49.303265],[37.967716,49.286555],[37.983734,49.28089],[37.98938,49.283586],[37.997847,49.283115],[37.999277,49.28581],[38.002595,49.288282],[38.008788,49.28801],[38.012922,49.285051],[38.006727,49.273896],[38.014016,49.268431],[38.009803,49.261509],[37.997876,49.252128],[37.9670076,49.2438865],[37.9559195,49.2482486],[37.9500259,49.2479101],[37.9500332,49.2466768],[37.953817,49.2454436],[37.9502621,49.2441543],[37.9491714,49.2417166],[37.9564918,49.2402874],[37.9510069,49.2363778],[37.935564,49.239305],[37.919478,49.245847],[37.915586,49.242748],[37.91873,49.226813],[37.898306,49.224458],[37.895111,49.226009],[37.876396,49.226102],[37.878299,49.221606],[37.884149,49.220472],[37.883474,49.213581],[37.88074,49.208092],[37.892682,49.200398],[37.8839,49.192806],[37.842278,49.1906],[37.839223,49.186051],[37.814419,49.185799],[37.805966,49.180848],[37.794786,49.183885],[37.79455,49.185673],[37.783937,49.188134],[37.776544,49.182906],[37.759911,49.185634],[37.755336,49.181574],[37.749046,49.178692],[37.7500095,49.174491],[37.7638464,49.1668115],[37.764481,49.163179],[37.74892,49.14743],[37.745681,49.142893],[37.747495,49.137986],[37.7536,49.136166],[37.7472985,49.1297186],[37.7240818,49.1332643],[37.7095327,49.1268678],[37.7003972,49.1302842],[37.6886444,49.1282404],[37.6789513,49.1176016],[37.6784489,49.1053093],[37.6964577,49.1050632],[37.703824,49.110266],[37.715115,49.1071085],[37.714108,49.102253],[37.6818175,49.0970408],[37.6839874,49.0942648],[37.706926,49.089239],[37.721735,49.088379],[37.720738,49.082395],[37.7130459,49.0691004],[37.7220394,49.0648366],[37.747419,49.0631634],[37.783585,49.071062],[37.8203985,49.0698701],[37.8399829,49.0784861],[37.8608946,49.0814076],[37.86619,49.074126],[37.866655,49.072194],[37.869523,49.071161],[37.883844,49.077528],[37.900901,49.081013],[37.917712,49.081798],[37.935568,49.073383],[37.955772,49.067824],[37.968105,49.060994],[37.966102,49.048272],[37.95489,49.038881],[37.961283,49.033357],[37.951235,49.024341],[37.940268,49.023416],[37.94156,49.019807],[37.938389,49.019295],[37.940453,49.013688],[37.945692,49.009082],[37.956422,49.009206],[37.967442,49.002176],[37.98064,48.989903],[37.975829,48.986475],[37.965441,48.98459],[37.96838,48.976538],[37.9669839,48.9697606],[37.9247142,48.9659619],[37.8829035,48.9599471],[37.8789452,48.9514532],[37.8816009,48.9299537],[37.9192613,48.9123972],[37.930705,48.9150088],[37.935628,48.9273212],[37.933803,48.9368311],[37.9357549,48.941323],[37.9502394,48.9407359],[37.9537381,48.9459549],[37.9653286,48.9419142],[37.9661973,48.9378116],[37.9404422,48.9187692],[37.9370505,48.9087543],[37.9299934,48.9005092],[37.9322546,48.898336],[37.9315117,48.8909146],[37.9269365,48.8854383],[37.9149421,48.875648],[37.9165489,48.8719308],[37.9101195,48.865966],[37.9083825,48.8625545],[37.910422,48.8591431],[37.9070199,48.8528587],[37.9001855,48.8498495],[37.9017949,48.8443964],[37.8938581,48.8373308],[37.9071624,48.8330371],[37.9166468,48.8398176],[37.9301752,48.8403833],[37.9409579,48.8438852],[37.9525966,48.8428017],[37.9553543,48.826549],[37.9551826,48.8218588],[37.9503602,48.8134014],[37.9555482,48.8097311],[37.9535218,48.8002309],[37.9567649,48.7974547],[37.9510482,48.7813993],[37.9633526,48.7669418],[37.9392927,48.7640687],[37.921347,48.7692917],[37.8995604,48.7713413],[37.8910919,48.7782862],[37.8812829,48.7812549],[37.8726938,48.7826475],[37.8706277,48.7820605],[37.8713942,48.77989],[37.8808293,48.7792463],[37.8946624,48.7717736],[37.8904079,48.7613725],[37.8799761,48.757727],[37.869124,48.7594006],[37.8635928,48.7590934],[37.8585387,48.7565548],[37.8515569,48.758191],[37.8389682,48.764865],[37.8320727,48.7655426],[37.8332599,48.7626565],[37.8368502,48.7622598],[37.8444301,48.7544414],[37.8347017,48.7520603],[37.8383345,48.7506438],[37.8487339,48.7504447],[37.8545345,48.75142],[37.8589623,48.7539796],[37.8627242,48.752251],[37.8510041,48.7479563],[37.8475246,48.7453028],[37.8510632,48.7424338],[37.8614679,48.7395644],[37.876957,48.7408441],[37.8809997,48.7330919],[37.8789578,48.729889],[37.870225,48.726057],[37.8478764,48.7343687],[37.843373,48.7312481],[37.8205005,48.7397547],[37.8214667,48.7377868],[37.8311869,48.7341205],[37.8334403,48.7313315],[37.8306289,48.7282595],[37.8304572,48.7235601],[37.8353494,48.7214951],[37.8392975,48.7177311],[37.8515724,48.711177],[37.8667073,48.706449],[37.8629361,48.701533],[37.8538874,48.6983404],[37.8504163,48.7014926],[37.8441603,48.7044542],[37.8339516,48.7064018],[37.8251582,48.7054151],[37.8154232,48.7093198],[37.8192761,48.7184223],[37.8171211,48.7191435],[37.8103715,48.7089722],[37.8288733,48.7007551],[37.8285789,48.6970991],[37.8300488,48.6905227],[37.8271207,48.6871643],[37.8109084,48.6895801],[37.8074496,48.6866832],[37.8190211,48.6782683],[37.8196025,48.668918],[37.816494,48.6629965],[37.7979665,48.6576765],[37.8006656,48.6438688],[37.7846667,48.633513],[37.7880016,48.623531],[37.7764591,48.619809],[37.7631059,48.6192294],[37.7583948,48.6156084],[37.761837,48.6024541],[37.782024,48.599128],[37.7834153,48.5973231],[37.7868576,48.5973856],[37.7862183,48.5962532],[37.7834333,48.5956317],[37.7844991,48.5890699],[37.817543,48.593017],[37.818144,48.590592],[37.821106,48.58816],[37.820656,48.584733],[37.82467,48.581572],[37.832281,48.580757],[37.8344,48.578295],[37.837734,48.578143],[37.8363967,48.5754542],[37.8330671,48.5726621],[37.8342009,48.5683928],[37.8361572,48.5663592],[37.8288448,48.561656],[37.8361527,48.5524221],[37.8224309,48.5461133],[37.7944234,48.5386169],[37.7702587,48.543597],[37.7520889,48.538956],[37.7473749,48.53467],[37.7464985,48.5324416],[37.7599005,48.5334162],[37.7708795,48.5223588],[37.7689367,48.5183957],[37.7738057,48.5114247],[37.7686469,48.5001788],[37.7799668,48.4917466],[37.7619519,48.4831088],[37.7704062,48.4695172],[37.7849937,48.456736],[37.784997,48.4493874],[37.7756421,48.453371],[37.7356191,48.454506],[37.7363148,48.4595642],[37.7218038,48.4719987],[37.7161531,48.4844196],[37.7002034,48.4915001],[37.6894875,48.4919232],[37.6863436,48.4964505],[37.6798524,48.4956879],[37.6646924,48.5036842],[37.6594888,48.4951865],[37.6616769,48.4897887],[37.6531355,48.4891182],[37.6528788,48.4757154],[37.6472135,48.4703363],[37.6480769,48.4576413],[37.6385185,48.4548211],[37.63848,48.450629],[37.6120284,48.443395],[37.6045168,48.4422839],[37.5870054,48.4441194],[37.5244232,48.4452194],[37.5088781,48.4448318],[37.4913501,48.4511124],[37.4813328,48.4567067],[37.4740549,48.4590094],[37.4614422,48.4736672],[37.4660369,48.4792162],[37.4519195,48.4847651],[37.4461712,48.4906845],[37.4446321,48.4847153],[37.4189736,48.4832948],[37.3956864,48.4858612],[37.3883342,48.4913265],[37.3806387,48.4933927],[37.3751165,48.4889811],[37.3755561,48.484284],[37.3674132,48.4824313],[37.3652901,48.4729231],[37.3600317,48.4719619],[37.3514275,48.4639111],[37.3390921,48.4597018],[37.3253956,48.4589055],[37.3184403,48.4647047],[37.3021728,48.4647581],[37.28728,48.4603713],[37.2589625,48.4428476],[37.2436159,48.4293205],[37.2481964,48.4258487],[37.2357878,48.4262062],[37.2244953,48.4246838],[37.2263186,48.4209063],[37.2367243,48.4194072],[37.2408008,48.4164126],[37.2471113,48.4136119],[37.2565519,48.4133443],[37.2569365,48.4101263],[37.249986,48.4080656],[37.2501967,48.3997856],[37.2366071,48.3963001],[37.2322155,48.3883252],[37.2313653,48.3756701],[37.2210733,48.375499],[37.2195443,48.3680865],[37.2088016,48.3639313],[37.2022644,48.3679878],[37.1995697,48.3683663],[37.1954114,48.3650344],[37.1939138,48.3605905],[37.2018684,48.3559571],[37.2021871,48.35379],[37.2059508,48.351889],[37.2063237,48.3486064],[37.2044701,48.3454954],[37.1979667,48.3443919],[37.1986464,48.3394571],[37.1847258,48.336892],[37.1622447,48.3394898],[37.1567985,48.3480681],[37.1433039,48.3529272],[37.1236288,48.3488393],[37.105154,48.3473726],[37.1061438,48.3399326],[37.0862311,48.3468455],[37.0729505,48.3485661],[37.0706879,48.3517936],[37.0684248,48.3513707],[37.067504,48.3427664],[37.0628539,48.3400232],[37.0408354,48.3492325],[37.0370108,48.3488568],[37.0500964,48.3379842],[37.046701,48.3320179],[37.04744,48.3286739],[37.0517849,48.3290114],[37.0530131,48.3243291],[37.0552574,48.3210748],[37.0628164,48.3220158],[37.0620494,48.317819],[37.0862081,48.3125835],[37.0878709,48.3024452],[37.1023468,48.2958392],[37.103509,48.2870468],[37.0543796,48.2806922],[37.05763,48.263759],[37.0503241,48.2616321],[37.0511652,48.2551443],[37.046086,48.252084],[37.046332,48.249762],[37.040486,48.246641],[37.03835,48.244378],[37.018077,48.241751],[37.012517,48.2599323],[37.0104538,48.2597782],[37.0088197,48.2610535],[37.0030738,48.2609053],[36.9954488,48.263395],[36.9883384,48.262913],[36.9874519,48.2591455],[36.9806418,48.2580633],[36.9816539,48.2488557],[36.972917,48.2456616],[36.9709934,48.2384455],[36.9419454,48.239804],[36.9420816,48.2376173],[36.9518286,48.2361167],[36.9515909,48.2205983],[36.9272081,48.2200985],[36.9307287,48.1962499],[36.93585,48.18601],[36.915983,48.166689],[36.907008,48.164655],[36.90663,48.139399],[36.904532,48.134801],[36.912218,48.129688],[36.915912,48.113831],[36.903059,48.113533],[36.90497,48.103836],[36.9015266,48.0977944],[36.8926943,48.0951177],[36.893159,48.0873839],[36.8762401,48.0833377],[36.863429,48.0819825],[36.8377426,48.077782],[36.8379785,48.0715742],[36.8262628,48.0699393],[36.8058453,48.0595327],[36.7690225,48.0753965],[36.7457506,48.0790139],[36.7492692,48.0831164],[36.7445348,48.086535],[36.7274939,48.0899266],[36.7200233,48.0876422],[36.715523,48.084652],[36.7253999,48.0790274],[36.7144251,48.0673156],[36.7066244,48.0535143],[36.7043335,48.037781],[36.6988631,48.0261797],[36.6839741,48.0192811],[36.6721151,48.0125089],[36.6652849,48.0065672],[36.6623135,48.0008002],[36.63507,47.980337],[36.638286,47.971599],[36.643816,47.970748],[36.646786,47.964472],[36.6471236,47.9604942],[36.62885,47.957946],[36.630145,47.950712],[36.626654,47.9369646],[36.6103433,47.9264769],[36.6087873,47.9232987],[36.6293006,47.9210586],[36.6289303,47.9037367],[36.5740216,47.8965362],[36.5794467,47.8738505],[36.5725294,47.861645],[36.5398998,47.8515073],[36.4928655,47.848131],[36.4551076,47.8245888],[36.406937,47.8300996],[36.3459712,47.8304978],[36.3225617,47.8273624],[36.3088025,47.8206876],[36.3029098,47.8029842],[36.3058253,47.7914323],[36.2714438,47.7862815],[36.2350828,47.7875784],[36.2105582,47.778573],[36.2022769,47.7651024],[36.190595,47.7631479],[36.1919642,47.7577277],[36.1950496,47.7534615],[36.1989626,47.7287417],[36.1900673,47.7198484],[36.1756821,47.7143031],[36.1528827,47.7110106],[36.1582209,47.7011062],[36.1850134,47.6975529],[36.191303,47.6957891],[36.2009385,47.6847235],[36.1978262,47.6779656],[36.1719299,47.6694344],[36.1798788,47.6579929],[36.1955505,47.6577624],[36.2023186,47.6483531],[36.2038627,47.6435461],[36.1948236,47.6371212],[36.1827927,47.6331433],[36.1667148,47.6291201],[36.1514322,47.6195619],[36.1239917,47.6112924],[36.1295879,47.6029352],[36.123919,47.5918809],[36.108522,47.5899233],[36.1084888,47.5847812],[36.0944037,47.5859266],[36.0896737,47.5819769],[36.0816972,47.5705533],[36.0641989,47.5622572],[36.0638173,47.5528682],[36.0725324,47.5505458],[36.0652477,47.5268356],[36.031684,47.526124],[36.03001,47.522289],[36.020784,47.515904],[35.9987761,47.5257009],[35.9944477,47.5256521],[35.9921425,47.5232359],[35.9896768,47.5145181],[35.967959,47.517566],[35.9497032,47.5235996],[35.9432371,47.5301327],[35.9367705,47.5271607],[35.9361973,47.523303],[35.940888,47.511993],[35.941642,47.493887],[35.932591,47.493496],[35.924055,47.494728],[35.921493,47.475232],[35.911615,47.468917],[35.896111,47.46596],[35.8421098,47.4709894],[35.8180819,47.4695855],[35.799375,47.473519],[35.790682,47.480885],[35.782257,47.485668],[35.745142,47.486822],[35.746391,47.489885],[35.731603,47.490714],[35.71853,47.494788],[35.711504,47.505541],[35.699524,47.506848],[35.687063,47.509761],[35.670484,47.502209],[35.654663,47.500962],[35.634628,47.500488],[35.632903,47.502978],[35.640841,47.507493],[35.636935,47.510964],[35.623629,47.505846],[35.621182,47.507665],[35.616503,47.506237],[35.616157,47.504308],[35.613134,47.504301],[35.592551,47.519323],[35.590302,47.528366],[35.571915,47.538567],[35.5549371,47.5445062],[35.5372545,47.5436815],[35.5361804,47.5462177],[35.509647,47.544231],[35.50827,47.546912],[35.504748,47.546631],[35.504532,47.544173],[35.494554,47.544102],[35.493777,47.545417],[35.488364,47.547775],[35.486299,47.547351],[35.48561,47.544909],[35.460844,47.540686],[35.449143,47.542409],[35.431521,47.537583],[35.419282,47.535041],[35.402973,47.537641],[35.397308,47.540278],[35.397757,47.546647],[35.4032206,47.55864],[35.4025112,47.5671823],[35.3912449,47.5670367],[35.3909219,47.5653014],[35.3779304,47.5656904],[35.3764828,47.5791657],[35.346688,47.5778414],[35.3490717,47.5715656],[35.3430822,47.5695712],[35.3264064,47.5675318],[35.337152,47.530162],[35.334722,47.525284],[35.326426,47.516816],[35.313504,47.512683],[35.299381,47.510983],[35.280896,47.503398],[35.273654,47.493721],[35.280796,47.472193],[35.264423,47.473907],[35.202642,47.445003],[35.148662,47.445686],[35.102228,47.451038],[35.062432,47.448694],[35.046158,47.437757],[35.02882,47.418144],[34.968692,47.389233],[34.935443,47.391632],[34.883713,47.406118],[34.863371,47.420884],[34.874741,47.437558],[34.874183,47.449528],[34.859923,47.451254],[34.825201,47.464803],[34.792304,47.467747],[34.749153,47.492601],[34.708981,47.490582],[34.689413,47.494893],[34.680198,47.510731],[34.642071,47.544419],[34.628377,47.54583],[34.618034,47.544491],[34.599039,47.53467],[34.586248,47.521809],[34.544529,47.532707],[34.533137,47.530459],[34.500622,47.499673],[34.435839,47.496913],[34.405218,47.500758],[34.386948,47.513875],[34.374131,47.507196],[34.338371,47.467761],[34.334911,47.447001],[34.296102,47.428688],[34.269679,47.439549],[34.199289,47.412104],[34.145724,47.424467],[34.118345,47.420566],[34.064873,47.424317],[34.046677,47.417654],[34.042234,47.410429],[33.982732,47.230662],[33.96786,47.211277],[33.944844,47.197252],[33.929814,47.177216],[33.903126,47.159977],[33.849951,47.137794],[33.840787,47.098524],[33.802317,47.059017],[33.697668,46.995131],[33.69561,46.95542],[33.688159,46.920449],[33.678446,46.900926],[33.656816,46.904678],[33.633822,46.899514],[33.634028,46.866257],[33.63746,46.847176],[33.620298,46.829034],[33.563472,46.818209],[33.470266,46.820961],[33.402938,46.773597],[33.38953,46.782727],[33.377184,46.776306],[33.37247,46.776123],[33.371408,46.777142],[33.37056,46.776837],[33.371611,46.775729],[33.357445,46.767035],[33.358896,46.764016],[33.340157,46.757042],[33.313396,46.751477],[33.286306,46.749398],[33.254381,46.752574],[33.239884,46.76354],[33.19787,46.767502],[33.153349,46.762795],[33.141455,46.759367],[33.140191,46.756687],[33.137166,46.755756],[33.132062,46.755128],[33.090411,46.743645],[33.081979,46.73801],[33.073312,46.7384],[33.06219,46.732265],[33.054173,46.731432],[33.048438,46.737604],[33.044173,46.738481],[33.04052,46.729226],[33.024894,46.724573],[33.01958,46.717745],[32.991091,46.714538],[32.979847,46.710469],[32.954231,46.711542],[32.942776,46.713303],[32.933393,46.717207],[32.928559,46.718374],[32.923355,46.718326],[32.905306,46.711285],[32.891767,46.698237],[32.891023,46.693202],[32.885731,46.68905],[32.879959,46.686474],[32.875045,46.686842],[32.845933,46.663276],[32.833632,46.65495],[32.817026,46.645891],[32.803575,46.64089],[32.79871,46.632116],[32.784392,46.628019],[32.767524,46.635578],[32.751121,46.630308],[32.719988,46.631762],[32.684459,46.621245],[32.678738,46.614152],[32.689077,46.606416],[32.691777,46.601258],[32.666501,46.582534],[32.582333,46.555126],[32.553804,46.541271],[32.531855,46.536868],[32.520688,46.540356],[32.514585,46.54101],[32.50899,46.540014],[32.500265,46.533445],[32.489129,46.527383],[32.464782,46.50806],[32.457067,46.503811],[32.448322,46.502869],[32.437721,46.503362],[32.432689,46.494759],[32.431676,46.489187],[32.428259,46.485388],[32.417841,46.485038],[32.417638,46.479462],[32.401301,46.471994],[32.34392,46.462486],[32.302096,46.467799],[32.256442,46.477196],[32.236933,46.480278],[32.208497,46.478155],[32.126377,46.498662],[32.078878,46.499234],[32.046395,46.488939],[31.999388,46.488028],[31.910906,46.511556],[31.90491,46.517962],[31.898754,46.518606],[31.864914,46.517622],[31.807071,46.529464],[31.756921,46.547955],[31.697651,46.545034],[31.662856,46.536405],[31.631498,46.540518],[31.581672,46.537248],[31.554083,46.545465],[31.530518,46.557632],[31.513416,46.580829],[31.511296,46.57669]]],[[[31.511479,46.349257],[31.514742,46.321287],[31.518518,46.312396],[31.523327,46.3019],[31.54049,46.282745],[31.562127,46.266905],[31.590959,46.251238],[31.637322,46.234212],[31.70108,46.221792],[31.904302,46.188215],[31.966135,46.180063],[32.022212,46.174043],[32.07982,46.165498],[32.08271,46.166345],[32.082855,46.16737],[32.077824,46.166905],[32.067755,46.168159],[32.059059,46.170244],[32.053882,46.17053],[32.05025,46.1726],[32.040981,46.172443],[32.040351,46.173599],[32.032856,46.175489],[32.007135,46.176861],[31.914504,46.188302],[31.849782,46.19973],[31.697744,46.223741],[31.677116,46.229168],[31.664569,46.230217],[31.655626,46.232572],[31.651727,46.235745],[31.655932,46.239308],[31.663227,46.241802],[31.674235,46.245022],[31.67975,46.244443],[31.680824,46.248864],[31.671382,46.249933],[31.64589,46.244773],[31.62778,46.245188],[31.609842,46.246668],[31.592767,46.25302],[31.576891,46.260557],[31.56367,46.268092],[31.552335,46.278237],[31.541864,46.2901],[31.535857,46.305635],[31.532852,46.319332],[31.536371,46.33729],[31.536029,46.356367],[31.534548,46.361535],[31.535128,46.367947],[31.532692,46.369628],[31.527681,46.369473],[31.521523,46.366971],[31.516114,46.360752],[31.511479,46.349257]]],[[[32.48025640043358,45.38859626668623],[32.488644,45.384988],[32.50484335368229,45.38237642396622],[32.48025640043358,45.38859626668623]]],[[[32.54355613288507,45.45831126480298],[32.58422800312408,45.48214957321622],[32.562144,45.470223],[32.54355613288507,45.45831126480298]]],[[[32.602734410850296,45.490179998462395],[32.71944650978829,45.53192837961268],[32.691784,45.523882],[32.602734410850296,45.490179998462395]]],[[[32.612597114403535,45.32086132940007],[32.622109,45.317634],[32.64857871565379,45.31393795991389],[32.612597114403535,45.32086132940007]]],[[[32.797826984278444,45.56319365447909],[32.82500494271275,45.55775739931619],[32.820317,45.559825],[32.797826984278444,45.56319365447909]]],[[[32.82191164413636,45.58818377184484],[32.87890684795174,45.62263257473427],[32.82504,45.590611],[32.82191164413636,45.58818377184484]]],[[[33.139726001911086,45.214644961791265],[33.143404,45.20709],[33.147842803652644,45.20303931531643],[33.139726001911086,45.214644961791265]]],[[[33.17438207940761,45.78907426309816],[33.180625,45.797211],[33.184617867776204,45.805449070069955],[33.17438207940761,45.78907426309816]]],[[[33.258300451858815,45.14760040091305],[33.268036,45.145629],[33.27516,45.145901],[33.283363796518515,45.14803529912712],[33.258300451858815,45.14760040091305]]],[[[33.32828958864633,45.173023571156115],[33.331548,45.171883],[33.34711931129427,45.17341424499433],[33.32828958864633,45.173023571156115]]],[[[33.379577025778595,45.80179405902279],[33.43012276726118,45.837421861463476],[33.41709,45.830205],[33.379577025778595,45.80179405902279]]],[[[33.51008369327229,45.84242687593438],[33.524867078933696,45.84896543705165],[33.517655,45.846594],[33.51008369327229,45.84242687593438]]],[[[33.51629098091677,44.63631305286117],[33.52267656897063,44.63959349347807],[33.52105,44.640258],[33.51629098091677,44.63631305286117]]],[[[33.52844637410254,45.849219390738995],[33.54148614234208,45.840968182666984],[33.537116,45.845796],[33.52844637410254,45.849219390738995]]],[[[33.535059406011506,44.79478947499713],[33.54248345893239,44.8032267895763],[33.540633,44.802652],[33.535059406011506,44.79478947499713]]],[[[33.545774,44.707798],[33.546695886202016,44.70269391182517],[33.54716616705541,44.72060916913841],[33.545774,44.707798]]],[[[33.54650897375964,44.807801721261534],[33.549043617856846,44.81068230277439],[33.547143,44.81013],[33.54650897375964,44.807801721261534]]],[[[33.54885342691048,45.845011735777895],[33.56677067997867,45.871635620839406],[33.55864,45.86172],[33.551715,45.851628],[33.54885342691048,45.845011735777895]]],[[[33.557994485288475,44.84104098178677],[33.56870336951651,44.83924037284198],[33.561031,44.842318],[33.557994485288475,44.84104098178677]]],[[[33.58287138653146,44.84370836816195],[33.58961439855698,44.846069857275516],[33.586864,44.847],[33.58287138653146,44.84370836816195]]],[[[33.61229391241324,46.04934457010999],[33.618724,46.01252],[33.622873,45.997617],[33.62539403232675,45.993164954728776],[33.61229391241324,46.04934457010999]]],[[[33.612647367780745,46.13570873863179],[33.612957,46.129148],[33.615558492601345,46.1191953418459],[33.612647367780745,46.13570873863179]]],[[[33.62026971764494,45.89000575519307],[33.64040889575008,45.87773543015824],[33.634096,45.882614],[33.62026971764494,45.89000575519307]]],[[[33.62035049990011,45.943555182364314],[33.624497,45.942516],[33.63076383520411,45.941805420305585],[33.62035049990011,45.943555182364314]]],[[[33.6377615794852,45.94193525277514],[33.642079,45.942885],[33.645351392189326,45.944261674028745],[33.6377615794852,45.94193525277514]]],[[[33.643792908682975,45.87618803578069],[33.66129784531189,45.87198218873688],[33.654663,45.875233],[33.643792908682975,45.87618803578069]]],[[[33.662055801295885,45.954408834781965],[33.682856,45.952803],[33.69137421947705,45.955015863740236],[33.662055801295885,45.954408834781965]]],[[[33.66529150140568,45.862246970977175],[33.68122358410877,45.85226024820132],[33.674126,45.857432],[33.66529150140568,45.862246970977175]]],[[[33.67536257603796,45.900013743156585],[33.6792298483388,45.90751860837159],[33.676214,45.903954],[33.67536257603796,45.900013743156585]]],[[[33.679077,45.867314],[33.68127595052965,45.86402824771009],[33.679678219508226,45.872622027028086],[33.679077,45.867314]]],[[[33.68204699893788,45.90961123733903],[33.69092242940902,45.913291409181774],[33.687773,45.912752],[33.68204699893788,45.90961123733903]]],[[[33.695427680041036,45.954741696718784],[33.722964,45.950158],[33.74270660687252,45.95031252688883],[33.695427680041036,45.954741696718784]]],[[[33.70568260244761,45.91375863842215],[33.72879744434878,45.92908084491056],[33.720244,45.924636],[33.70568260244761,45.91375863842215]]],[[[34.2970749,51.7169533],[34.2991777,51.7121007],[34.299702269265794,51.71209999784371],[34.3008536,51.7126382],[34.301668598322436,51.7132469290868],[34.30169428751144,51.71328920938574],[34.3019423,51.7142099],[34.30247154949456,51.71456845837257],[34.30310153311352,51.71560531071292],[34.3032118,51.7160754],[34.30361842149813,51.71645602637466],[34.3037172,51.7166186],[34.30397402875556,51.716789070857295],[34.3061617,51.7188433],[34.30866613066908,51.71990346758434],[34.3090484,51.7201572],[34.3051,51.7214599],[34.303212,51.7238259],[34.2997142,51.7236863],[34.2970749,51.7169533]]],[[[34.3459337,51.8424208],[34.3597107,51.8420109],[34.3719414,51.8373571],[34.3792361,51.8398223],[34.3792361,51.843635582103296],[34.3783754,51.8436491],[34.3761201,51.8439769],[34.37506729131087,51.84446639247537],[34.369517,51.8450012],[34.36919593722192,51.84549707579619],[34.3690049,51.8454109],[34.3683862,51.8456205],[34.3675099,51.8476213],[34.36739631708564,51.84827655734571],[34.3671138,51.8487129],[34.36720199921809,51.849294134388856],[34.3670676,51.8496594],[34.36734755209476,51.850253330390274],[34.3676287,51.8521061],[34.3628222,51.855181],[34.3638522,51.8580436],[34.3559759,51.8608179],[34.3535726,51.8556759],[34.3481653,51.8516468],[34.3459337,51.8424208]]],[[[34.37854552771082,44.612730813833615],[34.38342,44.615877],[34.38893802020218,44.62734598190632],[34.37854552771082,44.612730813833615]]],[[[34.3790598,51.2705593],[34.385583,51.2594422],[34.4030066,51.2648131],[34.4061823,51.2686798],[34.4009037,51.2709621],[34.3836947,51.2737812],[34.3790598,51.2705593]]],[[[34.4888371105332,44.72023681653523],[34.544614,44.741006],[34.609488075574276,44.767391572742646],[34.4888371105332,44.72023681653523]]],[[[34.737125,51.179299],[34.7450879,51.1667922],[34.7519197,51.1678886],[34.7573821,51.1509764],[34.7717686,51.1526934],[34.7881348,51.1523125],[34.7986608,51.1424027],[34.8049502,51.1429358],[34.8148296,51.1347544],[34.8118991,51.1292953],[34.8261364,51.1213054],[34.8285989,51.122294],[34.8350961,51.1177885],[34.8442892,51.1168483],[34.8517645,51.119302],[34.867746,51.122594],[34.878312,51.129412],[34.884882,51.138744],[34.9020607,51.12934],[34.9156219,51.142912],[34.9274656,51.1404348],[34.9362658,51.1307955],[34.9545258,51.1270248],[34.9552015,51.1220153],[34.9653145,51.1156433],[34.9728323,51.108586],[34.9731012,51.1053617],[34.9796357,51.1088197],[35.0054075,51.1094306],[34.9964969,51.102557],[34.999603,51.1009643],[35.0193974,51.1068814],[35.028294,51.106061],[35.030193,51.108784],[35.030561,51.112242],[35.033296,51.113528],[35.037414,51.110403],[35.03986,51.1103768],[35.042838,51.116499],[35.047672,51.115792],[35.047623,51.112815],[35.05505,51.112478],[35.097239,51.127832],[35.115952,51.12453],[35.142092,51.13361],[35.14211093849557,51.13364194696606],[35.1413567,51.1338476],[35.1437268,51.136822],[35.1418646,51.1415488],[35.1405259,51.1414336],[35.1384624,51.1430385],[35.13772841749948,51.14360693731782],[35.136644,51.144128],[35.13651335556793,51.144547949596536],[35.1356993,51.1451784],[35.13622816681644,51.14546467370969],[35.1353405155887,51.148317981493655],[35.134765,51.1490662],[35.13811226188405,51.14981567810832],[35.14039134248032,51.15096910765513],[35.14040790817955,51.15149610396182],[35.137498,51.153758],[35.130579,51.156549],[35.126524,51.159224],[35.12569047676463,51.16076769208073],[35.12549590000001,51.16091380000001],[35.124867,51.1617519],[35.1246364,51.1621496],[35.12379270000001,51.1642726],[35.12377870237988,51.16430831440851],[35.123213,51.165356],[35.13017868937417,51.16880244514904],[35.1315868,51.1695756],[35.1341311,51.1709743],[35.1333655,51.1716481],[35.13269665758406,51.172220960179494],[35.13078,51.173706],[35.1307570490712,51.17456640481967],[35.1305142,51.1770614],[35.1303977,51.1851867],[35.1303546,51.1876672],[35.13034669171,51.18995024633834],[35.13024,51.19395],[35.13028481605211,51.19397737979154],[35.1302755,51.1944629],[35.133957912964306,51.19622141118259],[35.13413513694335,51.1963296838968],[35.1411572,51.20239390000001],[35.143012,51.2032267],[35.1422271,51.20613810000001],[35.142424406278465,51.20731238152622],[35.13642,51.210084],[35.137106,51.215891],[35.139309644112224,51.216837409857966],[35.1394819,51.2175262],[35.1428897,51.2194629],[35.1481912949799,51.220651856069836],[35.149123,51.221052],[35.149981,51.223417],[35.14286985330355,51.22531405821337],[35.1199718,51.2309726],[35.1173238,51.22943280000001],[35.1152226807262,51.23024617558416],[35.107439515945025,51.232199614470844],[35.1055476,51.2326196],[35.084728,51.2299066],[35.07924659250591,51.231239727192104],[35.0751096496069,51.23189899287916],[35.072270227281464,51.23122284658855],[35.069043,51.230243],[35.06517637762946,51.22658409909015],[35.0651516,51.226530900000014],[35.0620622,51.2236288],[35.061556709963476,51.22240812211798],[35.063335,51.218498],[35.062949,51.215891],[35.0551825779941,51.21132820953852],[35.0544039,51.21063],[35.05242869338215,51.20971029611199],[35.051875,51.209385],[35.039259,51.204061],[35.03804235226615,51.21644900824413],[35.0378538,51.2177574],[35.03406172840319,51.21910597919387],[35.031706,51.219762],[35.028359,51.219493],[35.02690931197088,51.21979556162668],[35.0264643,51.2198216],[35.02596587881603,51.21999246376305],[35.023467,51.220514],[35.02319617228666,51.22094194684154],[35.0230102,51.2210057],[35.02150996368605,51.22345573543697],[35.01863061860475,51.2251892054056],[35.0154915,51.22676530000001],[35.01456243182335,51.227638401112685],[35.012824,51.228685],[35.01260700109714,51.22947603669822],[35.010815330849134,51.231159776736234],[35.009951449877256,51.23150342450552],[35.006792585124785,51.2318151087708],[35.005053060832985,51.23180478404979],[35.0017982,51.2300349],[35.001173533304836,51.22990361724412],[34.999949,51.229222],[34.99726482095705,51.229082144716536],[34.9946852,51.22854],[34.9858444,51.2306782],[34.9822763,51.2309469],[34.981925,51.2335415],[34.9794435,51.23505380000001],[34.9773406,51.2339211],[34.97616146389311,51.23378093003217],[34.976152,51.233775],[34.97429809350546,51.23325129585619],[34.9737047,51.2330074],[34.971360833080645,51.23242155850944],[34.96203867855285,51.229788172753565],[34.9611168,51.229336],[34.9529861,51.2274937],[34.9512579,51.2266002],[34.951244819007606,51.22401538234757],[34.952708,51.222729],[34.95231,51.219106],[34.951219980793596,51.21910732551991],[34.9512193,51.21897280000001],[34.9496728,51.2183917],[34.94484,51.218876],[34.94184449999999,51.2181438],[34.93996890669357,51.216981953102625],[34.939356,51.211779],[34.93909549161973,51.21147680678331],[34.9385401,51.2100111],[34.936729323263776,51.2087320197404],[34.936375,51.208321],[34.93582121867719,51.20809056095251],[34.9346883,51.2072903],[34.93298237237015,51.20690926246519],[34.930134,51.205724],[34.924254,51.205234],[34.92092757829953,51.20556387976228],[34.9111654,51.2057491],[34.9077811,51.2048666],[34.9044362,51.2030402],[34.90445004373218,51.20281185911773],[34.905629,51.201085],[34.904619863409955,51.20001082435735],[34.9047021,51.1986544],[34.8990105,51.19391560000001],[34.89882820044644,51.193845887571534],[34.89829,51.193273],[34.89762023562252,51.19338395467188],[34.8969564,51.19313010000001],[34.89371386593911,51.19403109265211],[34.88369366591215,51.19569106150618],[34.8835082,51.1957006],[34.88312682025362,51.19559690363846],[34.87646245895136,51.19123222307999],[34.8761911,51.19097880000001],[34.8723041,51.19202280000001],[34.87134826817495,51.19292131117835],[34.870406,51.193239],[34.86219506673636,51.19897369914226],[34.8462091,51.1887774],[34.8397788,51.1848809],[34.8346477,51.1831456],[34.8359519,51.17839830000001],[34.8355722,51.1744241],[34.8348056301311,51.17419262849672],[34.834829,51.169323],[34.81887164188743,51.16938124161385],[34.817314,51.168910900000014],[34.81664321230533,51.16938937499873],[34.815924,51.169392],[34.81382244642517,51.17123710408947],[34.8089007,51.17211630000001],[34.8077778,51.1732588],[34.80869034600502,51.174797588198096],[34.80866707856428,51.175967514444174],[34.80828484386338,51.176386873537744],[34.80399393424618,51.175959957621565],[34.8007884,51.1747304],[34.797128156795665,51.17698226492372],[34.790317,51.180117],[34.78990389584935,51.1814267946767],[34.78672969933998,51.183379632611626],[34.78439328373277,51.184372652608005],[34.77965425950397,51.17838017607347],[34.779197,51.177273],[34.77296699823097,51.17484134688787],[34.77251260000001,51.1746279],[34.77082140754845,51.17496945991726],[34.762156,51.17649],[34.761356240152864,51.176881082565245],[34.7595286,51.1772502],[34.75539534926567,51.179795958209084],[34.75381986389592,51.18056637055489],[34.7520053,51.18069],[34.7418018,51.1795987],[34.74109402419177,51.179693154233256],[34.737125,51.179299]]],[[[34.83770980968122,44.81518793954559],[34.845166,44.813296],[34.90511140612041,44.815511854633144],[34.83770980968122,44.81518793954559]]],[[[34.923184701424056,44.828952903854365],[34.935034,44.830042],[34.9391050428059,44.832106037713466],[34.923184701424056,44.828952903854365]]],[[[35.150535,51.106397],[35.154655,51.103002],[35.156458,51.103756],[35.164354,51.100738],[35.164097,51.10505],[35.16469085962305,51.105211437567434],[35.1646911,51.1053756],[35.16389950309991,51.107285843606526],[35.163753,51.107367],[35.162895,51.109577],[35.154484,51.110223],[35.150535,51.106397]]],[[[35.17022281504107,44.90032303976801],[35.177573,44.900936],[35.18912312530334,44.9071198497253],[35.17022281504107,44.90032303976801]]],[[[35.286956312790835,51.067509344068874],[35.2952961,51.0634513],[35.3056816,51.0621567],[35.3215603,51.0669573],[35.32740770283503,51.07072973005202],[35.3262629733649,51.073551695237526],[35.3258518,51.0741304],[35.3279976,51.0770425],[35.3123764,51.0773121],[35.3116898,51.078768],[35.30763176401013,51.078827318848916],[35.3042104,51.0783467],[35.3038942,51.0773414],[35.30481823344087,51.076403847209846],[35.304995,51.0762875],[35.30497183517422,51.07624799816012],[35.3052065,51.0760099],[35.3045802,51.0744471],[35.304276,51.0740536],[35.3033726436576,51.074071582156215],[35.301310079886754,51.07325413059333],[35.3013055,51.0726818],[35.3015023,51.0723445],[35.3011265,51.0717936],[35.2996234,51.0721646],[35.298511551737,51.072144995815464],[35.298190189296236,51.07201763091496],[35.2984065,51.0706129],[35.2972372,51.0699438],[35.2950424,51.0692748],[35.291714,51.069421],[35.291628935990964,51.06941722318709],[35.28712663604229,51.06763283611423],[35.286956312790835,51.067509344068874]]],[[[35.3001345,50.9597022],[35.308139,50.9532124],[35.3153105,50.9495308],[35.3131757,50.9447507],[35.3201388,50.9432157],[35.325687688449,50.946749731189335],[35.3256864,50.9467518],[35.3256951735635,50.946754498383406],[35.3257181,50.9467691],[35.32582512846969,50.946794467110145],[35.3293062,50.9478651],[35.3298191,50.9520387],[35.330751059044445,50.952420551193846],[35.331881475082476,50.95326366767201],[35.3344219,50.9560482],[35.3355865,50.9560872],[35.3359513,50.9583253],[35.3344683,50.9587699],[35.3362943,50.9632924],[35.3395049,50.9635001],[35.3421571,50.96366],[35.3425159800844,50.964326993218215],[35.3431193,50.9673483],[35.34317197839339,50.967386626128885],[35.3432004,50.9674793],[35.3453015,50.9691684],[35.3473995,50.9711798],[35.3483432,50.9718033],[35.3487609,50.9719981],[35.3494252144183,50.971936163698714],[35.35184061537263,50.97369348700207],[35.3507873,50.9753278],[35.350189,50.9762726],[35.3490001,50.9766481],[35.34892307041912,50.976802395727915],[35.3488194,50.9768428],[35.34671060254489,50.98093673615953],[35.3427975714558,50.98763348633917],[35.341353063735184,50.98780187947266],[35.3408548,50.9877635],[35.3374911,50.9892713],[35.33507933694452,50.99046427607838],[35.3221395,50.9852403],[35.3075769,50.9766773],[35.3001345,50.9597022]]],[[[35.331799,50.9300868],[35.3340778,50.9276273],[35.3409683,50.9245577],[35.3456264,50.9255997],[35.3471943,50.9198782],[35.354599,50.9161034],[35.3627173,50.9197551],[35.3767521,50.9195643],[35.3888609,50.9147995],[35.40038059188285,50.91479161223124],[35.40007977362107,50.91505719431936],[35.3928049,50.9192164],[35.392812652368804,50.91939194310151],[35.3924767,50.9195305],[35.3925021,50.9205209],[35.392805,50.9231547],[35.3927648,50.9244245],[35.3878457,50.9234839],[35.379773249556266,50.92351079647403],[35.37906107712353,50.92350011026768],[35.3735664,50.9233752],[35.3725387,50.9236187],[35.3667913,50.9256163],[35.366867556820175,50.92569730166613],[35.3659145,50.9260185],[35.37257748644582,50.9324192243984],[35.367025163865975,50.932541231814376],[35.36519051493998,50.93256813587201],[35.3549222,50.9310613],[35.35491058030142,50.93107982639857],[35.3549054,50.931079],[35.353451960215224,50.93219076568454],[35.35303822442823,50.93222168916277],[35.3503772,50.9317566],[35.35017120996474,50.93177077888137],[35.35,50.9317539],[35.3481002,50.931825],[35.3476485,50.9319635],[35.3475093,50.9321146],[35.3475093,50.9325046],[35.3478342,50.9326606],[35.34825629460127,50.93268639222485],[35.3483661,50.9328495],[35.3454315,50.9327806],[35.345349727718755,50.93293332982902],[35.3451638,50.932928],[35.3445691,50.9336388],[35.3440099,50.9346435],[35.3437778,50.9352577],[35.34378348945924,50.93542269431809],[35.34276564050266,50.935130357559544],[35.3417072,50.9347992],[35.34143567889454,50.93474837881604],[35.3394501,50.9341781],[35.3331252,50.9344934],[35.331799,50.9300868]]],[[[35.3484127,51.0091815],[35.35043271914121,51.006858300508654],[35.3575178,51.0056355],[35.359293435749194,51.00574805982424],[35.36595051068518,51.00778267081183],[35.3682457,51.0089172],[35.3744852,51.009159],[35.3751679,51.0116554],[35.37543975612213,51.0117002516336],[35.3754922,51.0120302],[35.350258,51.0110582],[35.3484127,51.0091815]]],[[[35.369479494850125,44.99321167744649],[35.395224,44.999343],[35.42547277529804,45.01160645669184],[35.369479494850125,44.99321167744649]]],[[[35.3786917,50.8075476],[35.3822974,50.7996292],[35.394227,50.79187],[35.3937989,50.7812626],[35.4155463,50.7589082],[35.4200652,50.7404511],[35.411514,50.7408178],[35.4046798,50.7372732],[35.4086922,50.7310531],[35.4226826,50.7273588],[35.4319522,50.719154],[35.4236266,50.7077953],[35.4065464,50.7026312],[35.4012677,50.6985535],[35.4059455,50.6883867],[35.4138419,50.6789785],[35.4175887,50.6720306],[35.417559,50.6636675],[35.40952782821863,50.65551637380788],[35.4121306919969,50.65551400880234],[35.4292475,50.6557391],[35.452958024605145,50.6632223300958],[35.4566235,50.6643925],[35.4581799,50.6648893],[35.45831972379871,50.664914524993975],[35.4627362,50.6663084],[35.485139024509635,50.65608303793242],[35.48572222179314,50.65586847018512],[35.485934384702794,50.65603540424578],[35.487909,50.6577243],[35.4888771,50.6585551],[35.487780171403735,50.66624147803473],[35.4869284,50.6706136],[35.489616125308736,50.672875613274876],[35.49609366993833,50.67871289209827],[35.495174274295394,50.67883210143385],[35.4950268,50.678841],[35.495009503145994,50.67885346575006],[35.491269284140756,50.67933842456617],[35.4909871,50.6793046],[35.4901596,50.6794369],[35.4896465,50.67953580000001],[35.48963062348773,50.67955089419139],[35.47692000798669,50.68119895946156],[35.4763426,50.6811969],[35.476195229709205,50.681292934604436],[35.4755222,50.6813802],[35.4749514003384,50.68114790615232],[35.4749664,50.681104],[35.4748476,50.6809896],[35.474570774992,50.680993006049555],[35.4725777,50.6801819],[35.47201001980586,50.680474112319814],[35.4717248,50.6805832],[35.47139945030443,50.68078840183046],[35.46991358154998,50.681553249997016],[35.4697515,50.6816179],[35.4683846,50.682016],[35.4677903,50.6823979],[35.4674847,50.6827261],[35.4664829,50.6830112],[35.4654736,50.6835366],[35.465185,50.6838409],[35.4649498,50.6839924],[35.4645666,50.6840463],[35.4640984,50.6841604],[35.4638882,50.6843011],[35.4637862,50.6846206],[35.4633416,50.6850284],[35.4623334,50.6855031],[35.4621773,50.6855982],[35.4619912,50.6858317],[35.4617879,50.6865184],[35.4615841,50.6868142],[35.4611267,50.6872793],[35.459878,50.6879297],[35.4595838,50.6881769],[35.4594758,50.6883671],[35.4593737,50.6889034],[35.4592983,50.6890885],[35.459409494972334,50.68932634135522],[35.4593024,50.6894341],[35.463247498749176,50.693341355653224],[35.4633019,50.6934768],[35.4633506,50.69395930000001],[35.4632321,50.6943462],[35.46320277776521,50.69438825962704],[35.4605235,50.6967553],[35.4608590438337,50.69800809574112],[35.4608548,50.69804290000001],[35.4606212,50.699444],[35.4606541,50.6998218],[35.4612399,50.70037030000001],[35.4616436,50.7013278],[35.4615022,50.7030006],[35.460859,50.7034501],[35.4597877,50.7041987],[35.4597760360214,50.70445416493526],[35.4596652,50.7045292],[35.45976705639691,50.704650837037356],[35.4597632,50.70473530000001],[35.4602988,50.705996],[35.46107306130639,50.70621046974357],[35.461602677722105,50.70684293833362],[35.4616532,50.7069726],[35.4619204,50.7076586],[35.46235810000001,50.7078062],[35.46255228365554,50.7079769589342],[35.4626693,50.7081167],[35.46271647987768,50.708121347872684],[35.4628646,50.7082516],[35.46392266100121,50.70824017345199],[35.46575085352709,50.70842027578631],[35.46670921973203,50.70987428359561],[35.46735730480024,50.71490170959367],[35.4674266,50.7166095],[35.4730183209724,50.7253276171622],[35.4637955,50.7349646],[35.463986037920115,50.73501675766832],[35.4665357,50.7362237],[35.47166865035858,50.737119788661616],[35.471742066383186,50.737139885494095],[35.4716628,50.7373297],[35.4715802,50.7375185],[35.4713612,50.7379903],[35.4736279,50.7404304],[35.47213330000001,50.7422715],[35.47155119595044,50.74287988270694],[35.470871380027695,50.74352732300927],[35.4702967,50.7439059],[35.4700626,50.7440378],[35.4695995,50.7441547],[35.4697411,50.7467245],[35.4703526,50.747304],[35.4710077,50.748016],[35.471963,50.7489667],[35.4731982,50.7499568],[35.4737931,50.7503742],[35.4746079,50.7507956],[35.4752546,50.7511843],[35.4758819,50.7516998],[35.4760629,50.7518962],[35.476244,50.7522521],[35.47634968527744,50.75259171880027],[35.474243480517686,50.75467046928988],[35.4734841,50.7551492],[35.47503117910457,50.75696246796558],[35.477627009232435,50.76057614247032],[35.4804343,50.764556],[35.4825032,50.767985],[35.4850178,50.7716051],[35.4879486,50.7756891],[35.4887132,50.7768038],[35.4763261,50.7835132],[35.4746484,50.7846123],[35.4728874,50.7842843],[35.4716483,50.7838773],[35.4700971,50.7833666],[35.4687008,50.7831196],[35.4671709,50.7831468],[35.4644765,50.78333],[35.46280105922975,50.78320129818782],[35.4623381,50.783119],[35.462292582497994,50.783117717010036],[35.4569437,50.782176],[35.4546637,50.782011],[35.453467,50.7819745],[35.452366,50.7822675],[35.45134859400723,50.782809241659514],[35.4507369,50.782792],[35.450467626449075,50.782955086743165],[35.4496669,50.7829555],[35.4465597,50.7852642],[35.44047507203569,50.789007122487334],[35.4347603,50.7924683],[35.43432237296092,50.793061575984794],[35.4331623,50.7941879],[35.4326791,50.7944146],[35.4203855,50.7972773],[35.41839228715319,50.79792096652947],[35.4161128,50.7984414],[35.41572014051869,50.79878388056959],[35.41496139999999,50.79902890000001],[35.4114062,50.802563],[35.41106142613844,50.80362025674808],[35.4101511,50.8058122],[35.410256725793275,50.806129861751344],[35.4102022,50.8064297],[35.4103506,50.8078116],[35.412177,50.8120647],[35.4126426,50.8134259],[35.41301258086721,50.814417891806336],[35.413787,50.8167469],[35.419875544827285,50.82898312115401],[35.4198923,50.8290733],[35.4197372,50.8325684],[35.4194101,50.8377107],[35.4195769,50.8410009],[35.41936370288202,50.842313464399474],[35.413911410290375,50.852071254811364],[35.4127511,50.8537824],[35.41272171983781,50.8542004050534],[35.41246450539244,50.85466073336606],[35.4106703,50.8560493],[35.4102339,50.856667499999986],[35.4090364,50.8572229],[35.4077405,50.8585882],[35.40735,50.859321],[35.4073256,50.85966039999999],[35.407179,50.8599843],[35.4067635,50.8602157],[35.406224944342966,50.86207174522271],[35.40518531798292,50.863154803158764],[35.4030965,50.8645066],[35.4019012,50.8648752],[35.40102631896712,50.86482919661028],[35.40019721500147,50.86468628299634],[35.3994158,50.8644597],[35.39871330000001,50.8642731],[35.39795888371934,50.864300459232396],[35.3973111,50.8641888],[35.3903763,50.865771],[35.3927742,50.8394811],[35.3988303,50.8358585],[35.3953329,50.8172889],[35.3786917,50.8075476]]],[[[35.77871464804775,45.06532953920496],[35.785327,45.057628],[35.802689582596194,45.046913425025],[35.77871464804775,45.06532953920496]]],[[[35.82898232392774,45.00397551901729],[35.834801,44.999213],[35.841295035271834,44.998458997549655],[35.82898232392774,45.00397551901729]]],[[[35.84862658876981,45.44745755140373],[35.86369,45.45422],[35.87453384881555,45.46266715660361],[35.84862658876981,45.44745755140373]]],[[[35.888243317366914,50.437370054302335],[35.894492,50.435634],[35.897539,50.43629],[35.904019,50.435005],[35.903332,50.433939],[35.912946,50.431588],[35.924747,50.431643],[35.92758,50.430276],[35.935219,50.428745],[35.941312,50.431151],[35.94363,50.433393],[35.93760843367764,50.433393],[35.9375389864523,50.43333792426342],[35.937622,50.431807],[35.93743351663058,50.43167404980808],[35.9374312,50.4316268],[35.9369921,50.4310991],[35.93617213458028,50.43078431090869],[35.935219,50.430112],[35.93308904958411,50.43071034167216],[35.93289,50.4305983],[35.9323485,50.4305782],[35.9318921,50.4307954],[35.9315936,50.4312251],[35.9315243,50.4322503],[35.9314812088294,50.43228889403781],[35.93109910000344,50.4324546576584],[35.9307495,50.4323794],[35.9304475,50.4324478],[35.9302319,50.432604],[35.92992059852433,50.432965906440856],[35.92818,50.433721],[35.928103549615955,50.43389174910678],[35.9279428,50.4339655],[35.9277109,50.4344957],[35.9275414,50.43466439999999],[35.9258792,50.4352248],[35.9248128,50.43555880000001],[35.9232653,50.4357662],[35.92233430000001,50.4363965],[35.9212403,50.4369583],[35.92038202812714,50.436955962854135],[35.919357460781775,50.43590420634297],[35.9192638,50.4357543],[35.918788,50.4354956],[35.9177859,50.4352473],[35.9168777,50.4351919],[35.9161933,50.4351525],[35.91551407104926,50.43525679222254],[35.913722145150594,50.43499748135173],[35.913183,50.4346721],[35.9122196,50.4343311],[35.9117778,50.4343357],[35.911413,50.4344347],[35.9110982,50.4346276],[35.9107746,50.4350646],[35.9105572,50.4351874],[35.9103396,50.435258],[35.9098914,50.4351933],[35.9094778,50.4353274],[35.909139,50.4352972],[35.9089754,50.4353118],[35.9088997,50.4353852],[35.9088965,50.4356397],[35.90871210000001,50.4357659],[35.9086911,50.4358567],[35.9089669,50.4361763],[35.9089249,50.4363788],[35.9088162,50.4364175],[35.9083467,50.4364123],[35.9082678,50.4364561],[35.9082911,50.4366129],[35.90841225034664,50.43672215024769],[35.90776583008166,50.43711863126177],[35.9077416,50.4371221],[35.90765374062818,50.437187381179726],[35.90645750375906,50.43792109148035],[35.9063462,50.4379709],[35.9052053,50.438154],[35.90263,50.43789],[35.901640795162635,50.43813802220412],[35.901144,50.438149],[35.90097602188718,50.43830470005161],[35.8992,50.43875],[35.895343801866474,50.438408311557794],[35.894192,50.437821],[35.89352887379515,50.43797389593958],[35.89319,50.43789],[35.89182,50.43789],[35.88976,50.43857],[35.888243317366914,50.437370054302335]]],[[[35.89494770197166,45.01306139159295],[35.900286,45.014189],[35.90599560357203,45.01720179949745],[35.89494770197166,45.01306139159295]]],[[[36.08186236667896,45.0467834933006],[36.160037,45.035925],[36.19615977940504,45.033368710840975],[36.08186236667896,45.0467834933006]]],[[[36.1876685,50.3943208],[36.1917884,50.390381],[36.1983428,50.391406],[36.2013254,50.3892445],[36.20756753206022,50.39147052583412],[36.20752750154139,50.39152996753008],[36.202601544115446,50.396535648084324],[36.19792799859236,50.40009109221012],[36.1897284,50.3984791],[36.1876685,50.3943208]]],[[[36.20267826770675,45.03237313054695],[36.213493,45.02807],[36.22408446741874,45.0269805323482],[36.20267826770675,45.03237313054695]]],[[[36.2190902,50.3649557],[36.2238491,50.358275],[36.2417540417767,50.35838156000264],[36.23342,50.36373],[36.233331754736774,50.364007096993866],[36.2329557,50.3642512],[36.2303407,50.3717829],[36.2190902,50.3649557]]],[[[36.37423534613873,50.29981106412272],[36.37599250996997,50.29708176514562],[36.37934,50.29301],[36.378752717022174,50.29279449827258],[36.389385,50.27628],[36.405358,50.261131],[36.415918,50.259725],[36.418364,50.256871],[36.423299,50.25399],[36.443985,50.248337],[36.448247,50.253593],[36.466356,50.251404],[36.481032,50.241639],[36.485493,50.242206],[36.505396,50.238677],[36.532801,50.242425],[36.569199,50.24454],[36.559931,50.250796],[36.56865,50.257768],[36.56954793253134,50.25734903185361],[36.57769841456331,50.258465536241545],[36.57783029508197,50.258579803278685],[36.57537,50.26022],[36.57560077213583,50.26031230885433],[36.575109,50.260672],[36.58036217818492,50.262582973494965],[36.5752012,50.2724906],[36.57417,50.27447],[36.5742377461104,50.27447308606638],[36.573943,50.275045],[36.592604,50.275718],[36.592663,50.278079],[36.589552,50.279346],[36.588033,50.281698],[36.588464815646084,50.28295194155268],[36.58499,50.2858],[36.58435040341647,50.285872974106844],[36.571219,50.285748],[36.560789,50.284236],[36.55965178615683,50.283535763198905],[36.55804,50.28219],[36.55632,50.28133],[36.55031,50.2815],[36.54911,50.28202],[36.54877,50.28202],[36.54533,50.28253],[36.54362,50.28288],[36.53932,50.28374],[36.53572,50.28374],[36.53503,50.28408],[36.53297,50.28477],[36.53263,50.28477],[36.52971,50.28494],[36.52645236133126,50.28602587955625],[36.523917,50.286424],[36.52390609572646,50.28645092425435],[36.5237,50.28648],[36.52353,50.28734],[36.52285,50.28837],[36.52285,50.28905857985482],[36.522815,50.289145],[36.52356832611451,50.28965976743542],[36.52388,50.28992],[36.52473,50.2906],[36.5249,50.29095],[36.52508,50.29129],[36.52525,50.29163],[36.52559,50.29198],[36.52593,50.29249],[36.52611,50.29283],[36.52611,50.29352],[36.51632,50.29489],[36.51581,50.29558],[36.51546,50.29558],[36.51272,50.29541],[36.51149005871556,50.29541],[36.511151,50.295369],[36.511040556844556,50.29541],[36.51083,50.29541],[36.5019,50.29867],[36.50145284745573,50.29896926162496],[36.500702,50.299248],[36.495276209958185,50.30282807072596],[36.49521,50.30279],[36.48937,50.30622],[36.48783,50.3112],[36.474542200352616,50.31294160480815],[36.47316197122694,50.313075998375716],[36.460874639537,50.31238235868354],[36.440317,50.31098],[36.44023725845825,50.31121734523555],[36.43993,50.3112],[36.43346281672816,50.330611468808286],[36.425543,50.32827],[36.409299,50.312446],[36.40847579349027,50.311932857567896],[36.4068,50.31034],[36.40277021244061,50.30837630680962],[36.400835,50.30717],[36.3963317949229,50.30601859332056],[36.37423534613873,50.29981106412272]]],[[[36.40456230350156,45.2106300795172],[36.40777051799568,45.176377484513594],[36.407734,45.193404],[36.40456230350156,45.2106300795172]]],[[[36.41882340594911,45.16103742261195],[36.42179680115857,45.14762631875074],[36.421428,45.152916],[36.41882340594911,45.16103742261195]]],[[[36.424505356558754,45.13540973964611],[36.425667770881944,45.13016682435235],[36.4258,45.134402],[36.424505356558754,45.13540973964611]]],[[[36.43282630791561,45.4485174573383],[36.43630811037496,45.45141959022065],[36.43401,45.450676],[36.43282630791561,45.4485174573383]]],[[[36.433867788915435,45.1175892929108],[36.45306110261109,45.10671281804716],[36.439699,45.116727],[36.433867788915435,45.1175892929108]]],[[[36.47352192015963,45.45780551789145],[36.49202535366895,45.451860491545645],[36.482062,45.455771],[36.47352192015963,45.45780551789145]]],[[[36.47735949430335,45.32913787553577],[36.49675557122877,45.32020285390527],[36.488837,45.324608],[36.47735949430335,45.32913787553577]]],[[[36.552366413941606,45.25968758901251],[36.571599,45.250076],[36.57731393397784,45.249198486612514],[36.552366413941606,45.25968758901251]]],[[[36.57844300151743,45.441987788747014],[36.59528718794162,45.43935548948828],[36.587036,45.44127],[36.57844300151743,45.441987788747014]]],[[[36.608319418364616,45.41300978113191],[36.611498,45.414921],[36.61477986561146,45.42090356752089],[36.608319418364616,45.41300978113191]]],[[[36.635278740641944,45.376048642033425],[36.643211,45.377813],[36.6481026052295,45.382336981873785],[36.635278740641944,45.376048642033425]]],[[[36.63615733329061,45.391489490170166],[36.64791932494265,45.38375657114338],[36.641199,45.390666],[36.63615733329061,45.391489490170166]]],[[[36.72017439170985,50.27738],[36.727123,50.267794],[36.739773,50.265659],[36.772227,50.255269],[36.789252,50.2458],[36.823421,50.249979],[36.837605,50.258828],[36.837776,50.261353],[36.8443,50.264233],[36.8559298,50.2572236],[36.8684253,50.2600501],[36.8809403,50.2504327],[36.8887974,50.2482311],[36.9042273,50.2492157],[36.9048187,50.2519582],[36.9086357,50.2545098],[36.9048364,50.2568556],[36.900233,50.2568212],[36.8992776,50.2540704],[36.8939941,50.2520663],[36.894431,50.2581996],[36.8988242,50.2630026],[36.9053791,50.2605364],[36.9060119,50.26235],[36.909048,50.2621882],[36.9091764,50.2641749],[36.9080605,50.2672708],[36.906,50.2673178],[36.904454,50.2683996],[36.8967261,50.2678202],[36.8963769,50.274672],[36.9151097,50.2813232],[36.9226951,50.2794497],[36.9285799,50.2714992],[36.9336067,50.2674978],[36.9355754,50.2679782],[36.94258,50.265355],[36.942632,50.2630609],[36.9471687,50.2629888],[36.9514481,50.270159],[36.9557768,50.2745336],[36.9548707,50.2786885],[36.9498712,50.2878203],[36.9624032,50.2911245],[36.9760529,50.2974386],[36.9738615,50.2990686],[36.9765848,50.3011443],[36.9816698,50.3027815],[36.9888344,50.301066],[36.9980172,50.3036544],[37.0060585,50.3016586],[37.0130603,50.3047678],[37.0220957,50.3063194],[37.043667,50.317522],[37.053025,50.319278],[37.053801,50.322568],[37.04059,50.32723],[37.0443708,50.3313439],[37.0489831,50.3332094],[37.0467832,50.3338956],[37.0488748,50.3356774],[37.0381007,50.3344226],[37.031315,50.33909],[37.032995,50.348824],[36.957421,50.34918],[36.937645,50.350224],[36.915294,50.346287],[36.89634869983841,50.34072141073471],[36.8905045,50.338946],[36.88880446408618,50.33850512927391],[36.882156,50.336552],[36.872241,50.335704],[36.85274776107047,50.327915539672944],[36.85226,50.32768],[36.84593372761295,50.32291979813682],[36.833358,50.313138],[36.83289489067554,50.31310872898175],[36.83287,50.31309],[36.83253034511533,50.31308568772738],[36.828485,50.31283],[36.826601870749684,50.31301041956889],[36.81948,50.31292],[36.81514594195288,50.312313497494934],[36.80721508895252,50.31055756478795],[36.80368,50.30914],[36.801564538448076,50.307324228834595],[36.800333,50.306023],[36.783489341323836,50.30384015793752],[36.78068,50.30296],[36.77562463197552,50.30282093647829],[36.77219356677209,50.30237629000396],[36.768279094702095,50.30167414254746],[36.76643740332769,50.29720886294712],[36.76609,50.2961],[36.76504305524183,50.293828191163506],[36.764275,50.291966],[36.76415312620599,50.29189714744785],[36.76403,50.29163],[36.76437,50.29146],[36.76935,50.29009],[36.77004,50.28992],[36.77158,50.2894],[36.77107,50.28889],[36.7694904,50.2891914],[36.763,50.29043],[36.76266,50.29009],[36.7606,50.28957],[36.7551,50.29043],[36.75321,50.2894],[36.75167,50.28906],[36.74841,50.28786],[36.74858,50.28734],[36.74909,50.287],[36.74921067509363,50.28673814676286],[36.750267,50.286309],[36.75060335481195,50.28371616698573],[36.75115,50.28253],[36.74978,50.28082],[36.74892,50.28013],[36.74703,50.28013],[36.74446,50.28047],[36.74475341337146,50.281807619781695],[36.742326,50.281619],[36.739936,50.282955],[36.728862,50.27733],[36.725031298245604,50.27738],[36.72017439170985,50.27738]]],[[[37.0731263,50.3358047],[37.0760596,50.3321779],[37.0831985,50.3334258],[37.0834722,50.3476026],[37.0804141,50.3474233],[37.0808896,50.3394776],[37.0751195,50.3385725],[37.0731263,50.3358047]]],[[[37.1383816,50.3609458],[37.1433612,50.3458564],[37.1629631,50.3519389],[37.17943038886096,50.362580722391435],[37.1781438,50.3623062],[37.1768594,50.3620988],[37.1724961,50.3613108],[37.1721683254041,50.36126474902372],[37.15629553773475,50.357570070093075],[37.1529786,50.3564641],[37.1510796,50.3563135],[37.150745659636954,50.356278235407025],[37.1491147,50.3558986],[37.148418721886515,50.35622588109627],[37.1475691,50.3564764],[37.14324302281679,50.358659734162465],[37.1383816,50.3609458]]],[[[37.432518,50.443688],[37.4404727,50.4335986],[37.4624306,50.4189023],[37.463237373194474,50.4220541371302],[37.4629267,50.4227424],[37.46348604449352,50.42302562631566],[37.46371478347007,50.42391924549432],[37.4637291,50.4243758],[37.46511380000001,50.4309495],[37.4778933,50.4312266],[37.4814473,50.4325407],[37.48423869907655,50.43438480604637],[37.48449100069813,50.44491952025955],[37.48449,50.44493],[37.484491310612675,50.4449324605696],[37.484493,50.445003],[37.48802679119692,50.45182131309889],[37.48861,50.45299],[37.48884709351887,50.45340405462354],[37.490915,50.457394],[37.48292723401795,50.458593642429435],[37.4768896,50.4594394],[37.4738605,50.4562759],[37.47354429955163,50.455991952600215],[37.473266,50.455697],[37.473149697910316,50.45563760107866],[37.4731262,50.4556165],[37.47289629030417,50.455508178309856],[37.469072,50.453555],[37.458073095540044,50.45085048838055],[37.4525805,50.4493401],[37.4515208,50.4490972],[37.4437006,50.4473054],[37.4375433,50.4453476],[37.43623402655594,50.444929209588125],[37.432518,50.443688]]],[[[37.87433275038616,47.10654070913963],[37.87958,47.106667],[37.89220498604775,47.1100462670136],[37.87433275038616,47.10654070913963]]],[[[38.19252038393671,47.09693280558051],[38.211502,47.107183],[38.225666295431004,47.11648307429379],[38.19252038393671,47.09693280558051]]],[[[38.22301016756015,47.33258506878066],[38.22693953008592,47.330174859255884],[38.22645906767327,47.33098860017309],[38.2260216,47.33142739999999],[38.2258645,47.3317304],[38.225647,47.3319843],[38.225541376598294,47.332165184675766],[38.22515071316549,47.33224279157036],[38.225103200000014,47.3322505],[38.2246924,47.3322464],[38.2241667,47.3322914],[38.2239673,47.3323324],[38.2236773,47.3323979],[38.22339330000001,47.3324798],[38.22310330000001,47.3325658],[38.22301016756015,47.33258506878066]]],[[[38.2302909909979,47.12830036767478],[38.2318183,47.12975380000001],[38.233140003743785,47.133317641460295],[38.2302909909979,47.12830036767478]]],[[[38.23456098124473,47.22551961984288],[38.239954865314296,47.220264555550244],[38.240047,47.221361],[38.239117756523406,47.22190444149748],[38.23910030000001,47.221906],[38.2386593,47.22210010000001],[38.23862161535758,47.22219459548285],[38.238255,47.222409],[38.23849588273357,47.22354078108788],[38.23835480458259,47.223688619541996],[38.236442,47.224262],[38.23614552785624,47.22560560776265],[38.23614088018108,47.22560834935196],[38.23611621098514,47.225610441247746],[38.2358003,47.2255895],[38.2355634,47.22552850000001],[38.2348364,47.2254231],[38.23456098124473,47.22551961984288]]],[[[38.23543762336039,47.345326750456024],[38.23565530000001,47.3453956],[38.2362354,47.3455184],[38.236755,47.3455839],[38.23807570000001,47.3457166],[38.2384805,47.3458108],[38.238976,47.3459786],[38.2392781,47.346081],[38.23955,47.3462284],[38.2398038,47.346388],[38.2400877,47.3466009],[38.2404926,47.3469407],[38.2408672,47.3471249],[38.2411209,47.3472723],[38.2413385,47.3474033],[38.2416406,47.3475466],[38.2419789,47.3477513],[38.24217830000001,47.3479314],[38.2426738,47.3482139],[38.2432176,47.348656],[38.24339731136324,47.3487409413468],[38.24579281602809,47.35065134534189],[38.23543762336039,47.345326750456024]]],[[[38.238417017094335,47.20854424369432],[38.23898941422513,47.20861867677951],[38.23918370489916,47.20864612811651],[38.23991310000001,47.2090205],[38.24030384270997,47.20936123078445],[38.241055,47.210114],[38.241186978235994,47.21064670523725],[38.2408117,47.21091830000001],[38.2407136,47.2111402],[38.240779,47.2113733],[38.2409211,47.211592],[38.2414294,47.2118274],[38.24149022486788,47.21187070302578],[38.24165144620987,47.21252144254047],[38.2411752,47.2128554],[38.2409268,47.2130633],[38.24091679399987,47.21307868753165],[38.238417017094335,47.20854424369432]]],[[[38.24185964701921,47.214788965778304],[38.2419652,47.2148496],[38.2422886,47.215191],[38.24235210000001,47.2155598],[38.24235714964978,47.21569140540491],[38.24185964701921,47.214788965778304]]],[[[38.28904193697482,47.391483943448016],[38.300409,47.391514],[38.30067306970777,47.39172765067049],[38.3006955,47.391967],[38.30146090801064,47.3923650663857],[38.301770480072996,47.392615531610375],[38.28904193697482,47.391483943448016]]],[[[38.324493617905276,47.280285075707766],[38.32616303420447,47.27831504327142],[38.3268238,47.2790622],[38.3271016,47.279439],[38.32709428229303,47.27958240920851],[38.32579405422264,47.2801269140017],[38.3253372,47.2801179],[38.3245489,47.2802786],[38.324493617905276,47.280285075707766]]],[[[38.326360847967905,47.2587900740914],[38.330785,47.263449],[38.330997,47.264575],[38.33087438035473,47.26470251384903],[38.326360847967905,47.2587900740914]]],[[[38.327363118501225,47.285086474318994],[38.3276081,47.2851854],[38.3280737,47.2853766],[38.3286935,47.2861074],[38.3288379,47.2864095],[38.32879106451206,47.2866635121409],[38.327363118501225,47.285086474318994]]],[[[38.32769055397214,47.276512459044255],[38.33289993293083,47.270365013660594],[38.3325776,47.2712172],[38.33267494705678,47.271472704370886],[38.332074745884604,47.27290785206257],[38.331552,47.2730777],[38.3313898,47.2736115],[38.331402,47.2738526],[38.3312836,47.2741076],[38.3311488,47.2741879],[38.331063,47.27518830000001],[38.3308956,47.2757175],[38.3307651,47.2758756],[38.3298786,47.2759226],[38.3287705,47.2760822],[38.32769055397214,47.276512459044255]]],[[[38.662108475560544,47.6997803486941],[38.670796,47.698954],[38.714494329183076,47.698843870141445],[38.662108475560544,47.6997803486941]]],[[[38.70160247919875,48.72762385123516],[38.76489827807233,48.71498759447224],[38.753514,48.718492],[38.70160247919875,48.72762385123516]]],[[[38.872334559831394,48.751444224911154],[38.88023864921854,48.75129424233959],[38.879077,48.752476],[38.877618,48.752589],[38.872334559831394,48.751444224911154]]],[[[38.906475890673654,48.74990142870625],[38.91257390676628,48.74636918069446],[38.911135,48.748005],[38.906475890673654,48.74990142870625]]],[[[38.97940959582973,48.74463173259828],[38.98182186836273,48.7416603135735],[38.981216,48.743845],[38.97940959582973,48.74463173259828]]],[[[38.985613577282045,48.73698971526208],[38.99920653406949,48.720246014105264],[38.998389,48.724267],[38.991437,48.730608],[38.989541,48.734987],[38.985613577282045,48.73698971526208]]],[[[39.01373924651011,48.658061582878595],[39.034261907427215,48.65002342895346],[39.032206,48.652874],[39.028508,48.653006],[39.019153,48.656975],[39.01373924651011,48.658061582878595]]],[[[39.014918009677864,48.68556842931589],[39.015727,48.68864],[39.015621540666814,48.692322828445434],[39.014918009677864,48.68556842931589]]],[[[39.01670668411026,48.680752396536576],[39.01997080807008,48.6763303517879],[39.019582,48.679139],[39.01670668411026,48.680752396536576]]],[[[39.092636361564054,48.650790567822604],[39.101983703679885,48.650198182908085],[39.098554,48.650889],[39.092636361564054,48.650790567822604]]],[[[39.19698652542832,48.706322318012866],[39.19984809716239,48.70149693386004],[39.198354,48.705777],[39.19698652542832,48.706322318012866]]],[[[39.233460202806306,48.71131404917009],[39.238500265201814,48.709718447306514],[39.23599,48.711088],[39.233460202806306,48.71131404917009]]],[[[39.408437389864744,48.65983788030114],[39.41086908627922,48.65786948554467],[39.41292741179099,48.657723761555914],[39.40913132512591,48.66072597808438],[39.408437389864744,48.65983788030114]]],[[[39.41730364581235,48.65741393579041],[39.43035445390383,48.656489973180626],[39.420746,48.658223],[39.41730364581235,48.65741393579041]]],[[[39.445871762589405,48.655391388868495],[39.45088944086859,48.65503615055027],[39.450176,48.655672],[39.445871762589405,48.655391388868495]]],[[[39.44993340856161,48.64460390386719],[39.45119313678794,48.6433086025333],[39.4505204684242,48.64673409335757],[39.44993340856161,48.64460390386719]]],[[[39.69853936272942,48.58706435688486],[39.711697928605055,48.5859026959285],[39.70404992375359,48.587469833878956],[39.7018903,48.5876379],[39.70067626180205,48.58753809224845],[39.699307233827334,48.587362431065735],[39.69853936272942,48.58706435688486]]],[[[39.721903377585335,48.585224246322525],[39.7272544356871,48.58644949025674],[39.72571825328648,48.58654820165015],[39.72380006742817,48.58627579655785],[39.7228278,48.5857881],[39.721903377585335,48.585224246322525]]],[[[39.78348384296935,48.0289323250308],[39.783915357393674,48.02764141724012],[39.7841902,48.02817240000001],[39.78348384296935,48.0289323250308]]],[[[39.78459203757393,48.025617077687905],[39.78484996227051,48.02484547659774],[39.7853514,48.0252048],[39.7848952,48.0255515],[39.78459203757393,48.025617077687905]]],[[[39.79117039910022,48.59305338405122],[39.802259746256986,48.58745839097941],[39.799909911849994,48.589724385456705],[39.79698962110482,48.591359520181975],[39.79504069859976,48.592114553754676],[39.791312811554505,48.59303953648746],[39.79117039910022,48.59305338405122]]],[[[39.80967629298214,48.004753296434096],[39.81063840480389,48.004339613460964],[39.8105447,48.0045654],[39.81013,48.0047041],[39.80967629298214,48.004753296434096]]],[[[39.81602923075331,47.97043130652428],[39.81670797378461,47.969295999262954],[39.81686,47.96957],[39.81671120521984,47.96995410888134],[39.81602923075331,47.97043130652428]]],[[[39.81763234472472,47.967749839682554],[39.81807722503315,47.967005705568035],[39.8182374,47.9670522],[39.8189656,47.9675343],[39.81874,47.96785],[39.81763234472472,47.967749839682554]]],[[[39.81928813842076,48.58561382355147],[39.824199410853986,48.58626360106432],[39.82405702075991,48.58633077590197],[39.82310469324656,48.586502060374826],[39.82157818032542,48.58640725297054],[39.82113097617422,48.58627640870494],[39.81928813842076,48.58561382355147]]],[[[39.820088790530164,47.97804699502693],[39.82272073404353,47.97949256248132],[39.82280669198277,47.9796844051116],[39.82294596246726,47.98207830335351],[39.82284633948828,47.982631646339115],[39.820088790530164,47.97804699502693]]],[[[39.822859164304916,47.959007140384855],[39.823511134114,47.957916615658576],[39.82338,47.95858],[39.822859164304916,47.959007140384855]]],[[[39.822933208391454,48.58041188228861],[39.82486310086764,48.5813455736055],[39.8253344,48.5817643],[39.82572539052783,48.58239719123318],[39.82601385803727,48.58328869154584],[39.82618322118343,48.5844042458716],[39.82563557649422,48.58524961803074],[39.82521387154479,48.585710302214736],[39.822933208391454,48.58041188228861]]],[[[39.840840738921685,48.32603710467456],[39.8412699484748,48.31389343662805],[39.841887,48.318824],[39.840840738921685,48.32603710467456]]],[[[39.840917771935764,48.32915848473553],[39.84513366168535,48.32949239928754],[39.84528364473957,48.332229448838035],[39.840917771935764,48.32915848473553]]],[[[39.84672724530465,48.483564275747575],[39.84710393523147,48.484312226528175],[39.847741980646155,48.49314251093478],[39.84764709999999,48.495799],[39.846817,48.4977041],[39.84680012647974,48.497784799444716],[39.84672724530465,48.483564275747575]]],[[[39.85722157251611,48.544535010350174],[39.85722822534878,48.544510983699304],[39.857231,48.5445196],[39.85722157251611,48.544535010350174]]],[[[39.86256767832867,48.50238645277479],[39.866135,48.504775],[39.86665344120442,48.50820455952937],[39.86256767832867,48.50238645277479]]],[[[39.88726065158143,48.30420092297301],[39.88795508481867,48.303869318585406],[39.88789910746391,48.30454528145332],[39.887839,48.304591],[39.88785120900187,48.30512368645125],[39.8877705,48.3060983],[39.88788051667427,48.306402398680476],[39.88791219593834,48.30778458494974],[39.8876056,48.3085493],[39.88752329377684,48.30855120687379],[39.88726065158143,48.30420092297301]]],[[[39.897172679093806,48.44472928196294],[39.897475426903746,48.444914754575386],[39.897791232470205,48.44522402866842],[39.8982635,48.4461857],[39.8975876,48.4473144],[39.89755232176318,48.44733165996955],[39.897172679093806,48.44472928196294]]],[[[39.90899990332359,48.27657948439819],[39.91189615901862,48.27336724740459],[39.91197967838377,48.273455647498395],[39.9120549,48.2736559],[39.9120333,48.2741027],[39.9117085,48.2745494],[39.911511989985286,48.27504643872545],[39.911385,48.275269],[39.90899990332359,48.27657948439819]]],[[[39.91102088010854,48.40156534065123],[39.91823958976012,48.398078550620426],[39.91605,48.40061],[39.91102088010854,48.40156534065123]]],[[[39.91208838855337,48.39354292912344],[39.91668027814054,48.39463728210046],[39.91783183572835,48.39577494501622],[39.91846770637563,48.39721245404208],[39.91208838855337,48.39354292912344]]],[[[39.91903862540447,48.27066537684231],[39.92272904684081,48.2713270747869],[39.92255830000001,48.2713475],[39.9216365,48.2715212],[39.9211842,48.2715964],[39.92077952422528,48.271568054329244],[39.91981430452128,48.27126147332711],[39.9195057,48.2710754],[39.91903862540447,48.27066537684231]]],[[[39.92578724702229,48.272999726223034],[39.9257936,48.27297990000001],[39.92587895823136,48.27258237919457],[39.93420338872876,48.2790298463137],[39.9338471,48.2790575],[39.933073,48.2791212],[39.9324208,48.2789707],[39.9321859,48.2786755],[39.9319598,48.27832830000001],[39.9317859,48.27803890000001],[39.931438,48.2778768],[39.9308205,48.2778305],[39.93022726311827,48.27783462118087],[39.928099755295904,48.27670456858406],[39.9275733181118,48.2760731915651],[39.927109769180895,48.27527551806719],[39.9270547,48.2751448],[39.9269797391745,48.275051762853614],[39.92578724702229,48.272999726223034]]],[[[39.934128248286655,48.38137566786532],[39.94069073306054,48.38673215924244],[39.9400517,48.3870522],[39.938707,48.3870734],[39.9376154,48.3866652],[39.9360629,48.3852006],[39.9346545,48.3822212],[39.934128248286655,48.38137566786532]]],[[[39.94247726898349,48.22861789554002],[39.94258214630544,48.228619630542966],[39.942623,48.228972],[39.94580339314138,48.22867292016409],[39.9549419,48.2288241],[39.9614093,48.2278298],[39.97379269559103,48.22692235738806],[39.94252448388585,48.23047858760993],[39.94247726898349,48.22861789554002]]],[[[39.95754334385862,48.301481697759414],[39.95855175607826,48.298291129123896],[39.9699240151477,48.29895493154519],[39.97062500519103,48.30256154756196],[39.963011877703366,48.30237401079226],[39.9629498295472,48.30238441442429],[39.962891846788715,48.30240241886328],[39.962840012336436,48.302427377339356],[39.962796188241725,48.30245839327297],[39.962761948809245,48.30249435248167],[39.96273852404258,48.3025339632037],[39.96272675545674,48.30257580250092],[39.96272706584511,48.30261836737445],[39.962739444087376,48.30266012875667],[39.962763445544766,48.302699586440276],[39.962798208028964,48.30273532297112],[39.96284248277168,48.3027660545687],[39.97022134024663,48.30699977903028],[39.970218,48.3069996],[39.9695483,48.3070401],[39.96907306379333,48.30706583481263],[39.96801040537612,48.30695134109542],[39.9675045,48.3067856],[39.9672175,48.3067509],[39.9664174,48.3067162],[39.966296102947915,48.3066653618435],[39.96566463499672,48.30586137081811],[39.9655651,48.3054435],[39.9654259,48.3050675],[39.9653737,48.3046799],[39.9650954,48.3044196],[39.964791,48.3043848],[39.9646258,48.3042402],[39.9644692,48.3040088],[39.9642605,48.3036617],[39.96378011912864,48.30346198721949],[39.963744,48.303416],[39.9636194115268,48.30338065614051],[39.9631821,48.3031237],[39.95754334385862,48.301481697759414]]],[[[39.97461575475124,48.313684002825404],[39.98995673062935,48.31712248997854],[39.9895862,48.3171855],[39.9887426,48.31726649999999],[39.987525,48.3174342],[39.9869771,48.3174053],[39.98648139999999,48.3173069],[39.98636150790648,48.317272283072654],[39.98467977626401,48.31658607887279],[39.984368,48.3163816],[39.9838462,48.316023],[39.9833592,48.3158553],[39.9827243,48.3156991],[39.9821068,48.31566439999999],[39.98161808974649,48.31570623858272],[39.97902864469237,48.31571267998833],[39.978789840836065,48.315665862604945],[39.97493544106349,48.31401655483709],[39.9749057,48.3139986],[39.97461575475124,48.313684002825404]]],[[[39.99171849515517,48.315344846360766],[39.992876976683036,48.31173934111754],[39.9928447,48.3140099],[39.992172,48.3147364],[39.9918052,48.31525],[39.99171849515517,48.315344846360766]]],[[[40.00343636896397,48.239412587750685],[40.00752871874368,48.22457289571562],[40.0094401814569,48.225078789732976],[40.005778,48.241029],[40.00657560480681,48.2417071076738],[40.006544651415794,48.24187741327349],[40.00343636896397,48.239412587750685]]],[[[40.01946617918579,48.25583122255771],[40.01978130264446,48.25304452246149],[40.02073808526532,48.253839375723906],[40.01946617918579,48.25583122255771]]]]}},{"type":"Feature","id":"fase-5-conteso","properties":{"id":"fase-5-conteso","stato":"conteso","data":"2026-07-15","origineControllo":"non-applicabile","sourceId":"deepstate-history-1784114834","note":"Solo poligoni a stato ignoto della revisione DeepState, al netto delle aree di controllo consolidato; non sono raid, infiltrazioni o semplici presenze."},"geometry":{"type":"MultiPolygon","coordinates":[[[[32.342266,46.533458],[32.346257,46.53331],[32.347845,46.533664],[32.347845,46.534639],[32.351385,46.535377],[32.352909,46.534919],[32.355768,46.536288],[32.354169,46.536414],[32.354325,46.537148],[32.357629,46.537665],[32.365547,46.53765],[32.364453,46.536617],[32.367199,46.534845],[32.370204,46.534727],[32.374238,46.537325],[32.374409,46.541222],[32.376555,46.542344],[32.381404,46.540617],[32.382306,46.539569],[32.382134,46.534373],[32.380889,46.53334],[32.373036,46.531893],[32.36986,46.532306],[32.363251,46.535613],[32.361191,46.535613],[32.357672,46.534727],[32.356814,46.53331],[32.35278,46.532897],[32.350033,46.533487],[32.348317,46.532956],[32.353295,46.531716],[32.36162,46.531539],[32.364109,46.530594],[32.366684,46.527878],[32.370461,46.527642],[32.377156,46.529177],[32.383078,46.531598],[32.392777,46.538919],[32.398946,46.541742],[32.402664,46.542707],[32.395438,46.5392],[32.410973,46.544469],[32.416166,46.546978],[32.428311,46.555212],[32.422818,46.558045],[32.417153,46.558163],[32.413848,46.557484],[32.403162,46.552733],[32.4046,46.549528],[32.402712,46.545868],[32.39945,46.542975],[32.387434,46.536422],[32.384516,46.537602],[32.380568,46.543152],[32.374216,46.543742],[32.373379,46.545413],[32.362307,46.544233],[32.353938,46.538344],[32.359968,46.541111],[32.357474,46.539157],[32.350655,46.536056],[32.342266,46.533458]]],[[[32.45801,46.561758],[32.469343,46.552657],[32.478441,46.550585],[32.492002,46.555122],[32.496466,46.552734],[32.496128,46.5482],[32.507332,46.548265],[32.50899,46.540014],[32.514585,46.54101],[32.520688,46.540356],[32.531855,46.536868],[32.553804,46.541271],[32.582333,46.555126],[32.666501,46.582534],[32.691777,46.601258],[32.689077,46.606416],[32.678738,46.614152],[32.684459,46.621245],[32.719988,46.631762],[32.751121,46.630308],[32.767524,46.635578],[32.784392,46.628019],[32.79871,46.632116],[32.803575,46.64089],[32.817026,46.645891],[32.833632,46.65495],[32.845933,46.663276],[32.875045,46.686842],[32.879959,46.686474],[32.885731,46.68905],[32.891023,46.693202],[32.891767,46.698237],[32.905306,46.711285],[32.923355,46.718326],[32.928559,46.718374],[32.933393,46.717207],[32.942776,46.713303],[32.954231,46.711542],[32.979847,46.710469],[32.991091,46.714538],[33.01958,46.717745],[33.024894,46.724573],[33.04052,46.729226],[33.044173,46.738481],[33.048438,46.737604],[33.054173,46.731432],[33.06219,46.732265],[33.073312,46.7384],[33.081979,46.73801],[33.090411,46.743645],[33.132062,46.755128],[33.137166,46.755756],[33.140191,46.756687],[33.141455,46.759367],[33.153349,46.762795],[33.19787,46.767502],[33.1715628,46.7744748],[33.154365,46.78076],[33.144842,46.781667],[33.130411,46.779007],[33.092987,46.762763],[33.067933,46.74898],[33.047009,46.740602],[33.032254,46.737421],[33.009426,46.736215],[32.983164,46.737828],[32.959826,46.733988],[32.936339,46.731475],[32.912735,46.725828],[32.893971,46.717421],[32.871483,46.702413],[32.839211,46.685576],[32.824662,46.678657],[32.8140584,46.6761637],[32.7997278,46.6745797],[32.7837679,46.6689314],[32.7590693,46.6647508],[32.7296999,46.6643944],[32.7305938,46.661908],[32.732929,46.6609593],[32.7356503,46.6572419],[32.728898,46.656098],[32.725937,46.659043],[32.722156,46.658665],[32.719205,46.661079],[32.698022,46.658625],[32.672038,46.65051],[32.658355,46.643822],[32.654335,46.643761],[32.644467,46.638234],[32.61951,46.618914],[32.589384,46.592302],[32.567122,46.594786],[32.558713,46.596738],[32.547385,46.593173],[32.539062,46.591494],[32.512893,46.591026],[32.482875,46.574123],[32.480651,46.570789],[32.472162,46.568752],[32.45801,46.561758]]],[[[33.1571774,46.7854627],[33.1878462,46.7755055],[33.1887567,46.7787523],[33.2034606,46.7730867],[33.2188792,46.7701351],[33.2315505,46.7700035],[33.2400481,46.7684755],[33.2479446,46.7656536],[33.2507354,46.7617734],[33.2579668,46.7567757],[33.2686303,46.7545997],[33.2798735,46.7556579],[33.2975547,46.7537761],[33.3219306,46.7556579],[33.3284537,46.75801],[33.3423583,46.7670646],[33.3449332,46.7742366],[33.3433883,46.7762352],[33.3387534,46.7751771],[33.3325736,46.7776459],[33.3262221,46.7754123],[33.3136908,46.7732961],[33.3028762,46.7730609],[33.2948081,46.7761176],[33.2807319,46.7829358],[33.2711188,46.7812901],[33.2479445,46.782113],[33.2328137,46.7848446],[33.2218023,46.7838132],[33.2121397,46.7819842],[33.2089388,46.783831],[33.2064244,46.7868531],[33.1831982,46.7872535],[33.160677,46.7865003],[33.1571774,46.7854627]]],[[[34.2200758,51.7034903],[34.227719242744605,51.69986776780639],[34.2284243,51.7002161],[34.23025848991202,51.69866431735627],[34.2317488,51.697958],[34.23724419650778,51.69759945256799],[34.237561,51.6977467],[34.2390368,51.69807080000001],[34.2409076,51.6992592],[34.2422904,51.6998786],[34.2439869,51.70031070000001],[34.245046597555564,51.700384398670884],[34.24737,51.7013625],[34.24852009064854,51.701510439226865],[34.250964,51.70236580000001],[34.2536084,51.7023415],[34.254538,51.7025072],[34.25504854206569,51.7023502113409],[34.256468,51.7025328],[34.2537215,51.7063625],[34.2314055,51.70849],[34.2200758,51.7034903]]],[[[34.2248822,51.2652541],[34.23769284400086,51.26410924673445],[34.2307912,51.2654069],[34.2307825,51.2660422],[34.2311278,51.2669298],[34.2319169,51.2679905],[34.2325665,51.268372800000016],[34.2332202,51.2686742],[34.2338579,51.269135700000014],[34.2342959,51.2693918],[34.2343602,51.2695511],[34.2342444,51.26963230000001],[34.233759,51.26974230000001],[34.2318595,51.2706375],[34.2314578,51.2708522],[34.2311318,51.27119290000001],[34.2309307,51.2714804],[34.230847,51.2717631],[34.2308887125406,51.27190315438904],[34.2308093,51.27185],[34.2248822,51.2652541]]],[[[34.23465312136942,51.274422842713705],[34.2348826,51.2745104],[34.2362694,51.2747837],[34.2385455,51.2750874],[34.2399011,51.2752915],[34.2409856,51.27550880000001],[34.2432316,51.2758904],[34.244830842317455,51.2761032826536],[34.2355759,51.2750405],[34.23465312136942,51.274422842713705]]],[[[34.24562654161562,51.27619465603904],[34.2466792,51.2762442],[34.24693769786824,51.276221193154164],[34.246523,51.2762976],[34.24562654161562,51.27619465603904]]],[[[34.250372796347385,51.27558828650085],[34.251825,51.27520590000001],[34.2551586,51.2819222],[34.25454673278138,51.282069336152624],[34.2545272,51.2820675],[34.2508498,51.2755004],[34.250372796347385,51.27558828650085]]],[[[34.257056166101535,51.258097509847815],[34.2577662,51.2570133],[34.2603781014236,51.256640248141125],[34.257056166101535,51.258097509847815]]],[[[34.2807878,51.8592942],[34.30422,51.8534494],[34.3184679,51.8637332],[34.3313425,51.8554109],[34.3375661,51.8411209],[34.3262576,51.8350887],[34.3281562,51.8333455],[34.3420714,51.8373298],[34.3771762,51.8345719],[34.3879908,51.837648],[34.38798422307532,51.83774357247049],[34.3876256,51.8380648],[34.3875403,51.8398333],[34.3863454,51.8417187],[34.3855484,51.8430753],[34.3845324,51.8435524],[34.3792361,51.843635582103296],[34.3792361,51.8398223],[34.3719414,51.8373571],[34.3597107,51.8420109],[34.3459337,51.8424208],[34.3481653,51.8516468],[34.3535726,51.8556759],[34.3559759,51.8608179],[34.347719959746065,51.86352507684555],[34.3467425,51.8637106],[34.34620423015284,51.86402931476887],[34.339784529665316,51.86677046909654],[34.3307862,51.8701345],[34.327723722208574,51.87192032532729],[34.3272226,51.8721343],[34.32720798189907,51.87222106942071],[34.3268761,51.8724146],[34.3236835,51.875],[34.3241032,51.8757209],[34.3241007,51.8762943],[34.321902,51.8771362],[34.3193598,51.8785089],[34.31896086748586,51.87898279772497],[34.2992096,51.8726974],[34.2818599,51.8642313],[34.2807878,51.8592942]]],[[[34.2811535,51.7123402],[34.2824409,51.705692],[34.284812385655634,51.705108019709044],[34.2851232,51.705075],[34.2902147,51.7049501],[34.2928499,51.7061456],[34.29315182318914,51.706249152666025],[34.2972038,51.708245],[34.29761631097865,51.709050774649356],[34.297601,51.7097166],[34.29896510000001,51.7117554],[34.29901219687924,51.71177741595181],[34.2991777,51.7121007],[34.2970749,51.7169533],[34.2997142,51.7236863],[34.303212,51.7238259],[34.3051,51.7214599],[34.31163607673868,51.71988780719099],[34.31168719999999,51.7198797],[34.31169608364795,51.71987337400204],[34.3127125,51.7196289],[34.31398447830378,51.71824382047038],[34.3160751,51.7167551],[34.3170711,51.7163645],[34.3189372,51.716138],[34.3202233,51.716427],[34.32112698489125,51.715848460104425],[34.322323257659,51.71577238677279],[34.3234378,51.7158554],[34.3292974,51.7156305],[34.3306506,51.7154037],[34.3321326609673,51.71514858757657],[34.3328574,51.7151025],[34.33485793333507,51.71410084368719],[34.3365767,51.7143959],[34.3385815,51.7138178],[34.3420548,51.7141942],[34.3423902,51.7143415],[34.3432421,51.7143563],[34.3436003,51.7145191],[34.344550248311144,51.714515535056506],[34.3464127,51.7150115],[34.34716099838964,51.71495692604057],[34.3480254,51.7150365],[34.3487989,51.7150469],[34.34956138428034,51.714781864108005],[34.3501121,51.7147417],[34.35060665223118,51.71455082399898],[34.3507494,51.714524],[34.3520232,51.7141837],[34.3532073,51.7136854],[34.35382927220497,51.71330703057409],[34.35428448251024,51.71313133887317],[34.355130934484926,51.71301740857267],[34.355337128961935,51.71303292164664],[34.3561459,51.7133356],[34.3581859,51.713315],[34.3590711,51.7135101],[34.3594269,51.7134845],[34.360215851793505,51.71339997312769],[34.3612184,51.7134754],[34.3620664792327,51.71299640861078],[34.3643455,51.7126303],[34.3647651,51.7128167],[34.3650043,51.7126273],[34.3658497095165,51.71264473732289],[34.370520905771585,51.713596746997915],[34.3711244,51.7138402],[34.3748955,51.7145656],[34.37519713411337,51.714549782233625],[34.39056534417319,51.717681888843124],[34.391155,51.7179669],[34.39188932463907,51.71795172169626],[34.3929574,51.7181694],[34.39940902246293,51.71535696148692],[34.400040863502554,51.715289800328165],[34.401365058345135,51.71596524159635],[34.4015868,51.7162497],[34.4013183,51.717277],[34.40376647793583,51.71719015037988],[34.40379508161112,51.717204740455365],[34.4031114,51.7178244],[34.403735,51.7181545],[34.4044367,51.7184925],[34.405932305316526,51.71829488900718],[34.40815280000001,51.71942751216563],[34.40815280000001,51.72000590000001],[34.40942153643393,51.7200746653778],[34.4118283,51.7213023],[34.394307,51.7242224],[34.3602666,51.7242066],[34.3415209,51.725844],[34.3174169,51.7233741],[34.3013342,51.7290964],[34.2933198,51.7256205],[34.2900799,51.7194129],[34.284415,51.7167009],[34.2811535,51.7123402]]],[[[34.309967,51.334943],[34.31011415768011,51.33428449183132],[34.3109828,51.3335622],[34.3104585629999,51.33274333056646],[34.31072252045559,51.33156216122061],[34.3113384,51.3310234],[34.31360246798399,51.33052563028609],[34.309967,51.334943]]],[[[34.4068453,51.7788662],[34.4142268,51.7755737],[34.4216082,51.7751489],[34.421827228799636,51.775487690487275],[34.4189712,51.7775275],[34.4167394,51.7782024],[34.4127744,51.7806185],[34.4097044,51.7814762],[34.40935396878314,51.7820738159209],[34.4068453,51.7788662]]],[[[34.4112586,51.7271027],[34.4212577,51.7227166],[34.4250773,51.728538],[34.4279955,51.7297608],[34.4326304,51.7298139],[34.43378341431363,51.730621173559385],[34.4358155,51.7326256],[34.43577350320941,51.732910610347886],[34.4329737,51.7340666],[34.4192408,51.7355549],[34.4173525,51.7301329],[34.4112586,51.7271027]]],[[[34.509977576675574,51.24220490766205],[34.512677,51.2419776],[34.51272049468503,51.24202239098439],[34.509977576675574,51.24220490766205]]],[[[34.55010695930633,51.24762204035637],[34.555249,51.2445567],[34.57113157871324,51.23765707900499],[34.5550521,51.2450514],[34.55010695930633,51.24762204035637]]],[[[34.58042596482735,51.233619463783526],[34.5804832,51.2335946],[34.59449025090655,51.243942284174224],[34.5939794,51.2435954],[34.58042596482735,51.233619463783526]]],[[[34.59791734068859,51.2462693882153],[34.6019409,51.2461686],[34.60134450132271,51.252887486627756],[34.59977290000001,51.2517921],[34.6014989,51.2465254],[34.5986618,51.2467749],[34.59791734068859,51.2462693882153]]],[[[34.60320150134273,51.254181792607454],[34.60433972922136,51.25434369908852],[34.6038361,51.2546241],[34.60320150134273,51.254181792607454]]],[[[34.726526,51.1788655],[34.7324058,51.1639038],[34.7463205,51.1642258],[34.7538807,51.1475363],[34.7683775,51.1467185],[34.7754302,51.1393892],[34.7879764,51.1332427],[34.787378,51.1296361],[34.7905083,51.1209068],[34.81101,51.115236],[34.8331229,51.1156808],[34.8462638,51.1150382],[34.866591,51.118008],[34.9130533,51.1213271],[34.919146,51.1090393],[34.9343922,51.1080569],[34.946803,51.110359],[34.9656051,51.0994071],[34.9988663,51.0979982],[35.018193,51.104802],[35.04327,51.103995],[35.0794874,51.1068271],[35.0839505,51.1134207],[35.105738,51.1191188],[35.1377245,51.1165512],[35.1479072,51.1111779],[35.1438142,51.1021857],[35.1441704,51.0957484],[35.1383578,51.0892431],[35.1475532,51.0825396],[35.1555473,51.0909316],[35.166573984586435,51.088846808043236],[35.17362872566263,51.08755703363917],[35.176710392857146,51.09855149574421],[35.1724263,51.1006364],[35.170550507075525,51.10266172565771],[35.1702982,51.1028225],[35.1683999,51.100379],[35.164354,51.100738],[35.156458,51.103756],[35.154655,51.103002],[35.150535,51.106397],[35.154484,51.110223],[35.162895,51.109577],[35.16344086607594,51.11061863876894],[35.1643598,51.1131235],[35.16662170311521,51.11668841178437],[35.168289,51.11987],[35.17459,51.121569],[35.174562548476125,51.12159010245898],[35.1670101,51.12643220000001],[35.1542554,51.1303306],[35.14260090628036,51.13350835081303],[35.142092,51.13361],[35.115952,51.12453],[35.097239,51.127832],[35.05505,51.112478],[35.047623,51.112815],[35.047672,51.115792],[35.042838,51.116499],[35.03986,51.1103768],[35.037414,51.110403],[35.033296,51.113528],[35.030561,51.112242],[35.030193,51.108784],[35.028294,51.106061],[35.0193974,51.1068814],[34.999603,51.1009643],[34.9964969,51.102557],[35.0054075,51.1094306],[34.9796357,51.1088197],[34.9731012,51.1053617],[34.9728323,51.108586],[34.9653145,51.1156433],[34.9552015,51.1220153],[34.9545258,51.1270248],[34.9362658,51.1307955],[34.9274656,51.1404348],[34.9156219,51.142912],[34.9020607,51.12934],[34.884882,51.138744],[34.878312,51.129412],[34.867746,51.122594],[34.8517645,51.119302],[34.8442892,51.1168483],[34.8350961,51.1177885],[34.8285989,51.122294],[34.8261364,51.1213054],[34.8118991,51.1292953],[34.8148296,51.1347544],[34.8049502,51.1429358],[34.7986608,51.1424027],[34.7881348,51.1523125],[34.7717686,51.1526934],[34.7573821,51.1509764],[34.7519197,51.1678886],[34.7450879,51.1667922],[34.737125,51.179299],[34.73674275395649,51.17951031805974],[34.73650280000001,51.1794521],[34.73280206667512,51.181688858307545],[34.7314817,51.1824188],[34.726526,51.1788655]]],[[[35.21344,51.046509],[35.239297,51.050874],[35.261034,51.047463],[35.27142,51.050755],[35.281119,51.050377],[35.318536,51.057123],[35.33727764010355,51.0669076166819],[35.3274411,51.0706474],[35.32740786894713,51.07072932055567],[35.32156,51.066957],[35.313002981523645,51.06437016987741],[35.3056816,51.0621567],[35.30019579246649,51.06284053095979],[35.295296,51.063451],[35.28695618665955,51.067509252618],[35.2867393,51.067352],[35.28621220806474,51.067385553974056],[35.279170132949886,51.06578797259924],[35.2769579,51.0640235],[35.27639267506057,51.06515787210742],[35.276261,51.065128],[35.27568622434557,51.06293143951781],[35.276365,51.062642],[35.2759809,51.06055580000001],[35.2760632,51.0590902],[35.2752951,51.0587971],[35.27465386334959,51.058986172613],[35.274557,51.058616],[35.273081580763524,51.058628547016475],[35.2735942,51.0581246],[35.2668731,51.0579522],[35.266065803118444,51.05868820943345],[35.258447,51.058753],[35.2581577156331,51.05888418821009],[35.2578213,51.0587298],[35.25781270518296,51.05904064776543],[35.252405,51.061493],[35.24920680332599,51.06407996178409],[35.24252217250808,51.06127528935032],[35.24207,51.060242],[35.227807,51.055079],[35.22608379487595,51.05405109800841],[35.2260444,51.0540105],[35.22581850000001,51.0537815],[35.22570790000001,51.0535102],[35.2257418,51.0533987],[35.2259472,51.0532895],[35.2261868,51.0531159],[35.22630030000001,51.0529316],[35.226312600000014,51.0527297],[35.226247,51.052565],[35.22613370000001,51.0524682],[35.22590380000001,51.0524118],[35.2242871,51.0523778],[35.22338340394085,51.052440298933185],[35.22231790312719,51.05180472143106],[35.22232320000001,51.0516856],[35.22232320000001,51.051119],[35.22221860000001,51.0507812],[35.2220344,51.0505324],[35.221814,51.0504278],[35.2215639,51.0504015],[35.22139520000001,51.0504589],[35.2212433,51.0506607],[35.2210402,51.0508933],[35.22093032512478,51.05097702299154],[35.21344,51.046509]]],[[[35.243312,50.950723],[35.2782082,50.9519928],[35.2945645,50.9328745],[35.323273,50.913717],[35.33838,50.917613],[35.35213,50.90621],[35.362601,50.900039],[35.366034,50.893543],[35.362773,50.890186],[35.3606238,50.8775205],[35.3803118,50.8476676],[35.387415,50.817858],[35.3724803,50.8167745],[35.3676736,50.8065782],[35.369219,50.798333],[35.3891904,50.7898934],[35.3754254,50.780216],[35.3710124,50.7698269],[35.3794659,50.7533477],[35.3774498,50.7304556],[35.4106931,50.7098348],[35.3962733,50.7001593],[35.3921535,50.6951583],[35.3933122,50.6886605],[35.386488,50.685805],[35.3855893,50.6707375],[35.4001358,50.6561048],[35.4003266230104,50.65609204175159],[35.40054,50.6563502],[35.405962932230835,50.65571520337659],[35.40892865034493,50.65551691823091],[35.40952782821863,50.65551637380788],[35.417559,50.6636675],[35.4175887,50.6720306],[35.4138419,50.6789785],[35.4059455,50.6883867],[35.4012677,50.6985535],[35.4065464,50.7026312],[35.4236266,50.7077953],[35.4319522,50.719154],[35.4226826,50.7273588],[35.4086922,50.7310531],[35.4046798,50.7372732],[35.411514,50.7408178],[35.4200652,50.7404511],[35.4155463,50.7589082],[35.3937989,50.7812626],[35.394227,50.79187],[35.3822974,50.7996292],[35.3786917,50.8075476],[35.3953329,50.8172889],[35.3988303,50.8358585],[35.3927742,50.8394811],[35.3903763,50.865771],[35.38803169147201,50.86696634856511],[35.3867232,50.8673114],[35.3851958,50.8675831],[35.3849552,50.8679584],[35.38289428307599,50.86958554647437],[35.3817281,50.8701801],[35.3856422,50.8749843],[35.401332,50.8797697],[35.39320856577375,50.88351627948826],[35.3893991,50.8849835],[35.388070994687695,50.885885759921585],[35.3878053,50.8860083],[35.38714032436164,50.88682220921279],[35.3831488,50.8915176],[35.3808331,50.8942536],[35.3798869,50.8956426],[35.37992477905255,50.895653809144534],[35.379839,50.8957588],[35.403323385727006,50.90258853626061],[35.40338799318393,50.90275330851584],[35.40111716794221,50.90409828106101],[35.3992751,50.9050073],[35.3970829,50.9062853],[35.3967475,50.9066331],[35.39674601906201,50.90668724084829],[35.3967211,50.906702],[35.39673593882956,50.90705575886854],[35.3966868,50.9088522],[35.39681384738274,50.90891310492906],[35.3968224,50.909117],[35.399025440580026,50.90972111848123],[35.3993928,50.9099736],[35.3998652,50.9101211],[35.40068338460154,50.91017576041262],[35.4020649,50.9105546],[35.4012986237353,50.91268998273211],[35.400591,50.9133463],[35.4006085,50.9145904],[35.40038059188285,50.91479161223124],[35.3888609,50.9147995],[35.3767521,50.9195643],[35.3627173,50.9197551],[35.354599,50.9161034],[35.3471943,50.9198782],[35.3456264,50.9255997],[35.3409683,50.9245577],[35.3340778,50.9276273],[35.331799,50.9300868],[35.3331252,50.9344934],[35.32703906329025,50.94457988302411],[35.325687688449,50.946749731189335],[35.3201388,50.9432157],[35.3131757,50.9447507],[35.3153105,50.9495308],[35.308139,50.9532124],[35.3001345,50.9597022],[35.3075769,50.9766773],[35.3221395,50.9852403],[35.33507933694452,50.99046427607838],[35.3348561,50.9905747],[35.3310786,50.9926434],[35.3314288,50.9936796],[35.32977371226851,50.995844085200766],[35.3296192,50.9959912],[35.296871,50.998282],[35.243312,50.950723]]],[[[35.2787392,47.6301934],[35.2797956,47.6085017],[35.2915404,47.5914302],[35.2885782,47.5832813],[35.2929988,47.5768685],[35.3041126,47.5731187],[35.3155244,47.5710778],[35.3217849,47.5649826],[35.32742104681049,47.564003179133906],[35.3264064,47.5675318],[35.3430822,47.5695712],[35.3490717,47.5715656],[35.346688,47.5778414],[35.3764828,47.5791657],[35.3779304,47.5656904],[35.3909219,47.5653014],[35.3912449,47.5670367],[35.4025112,47.5671823],[35.4032206,47.55864],[35.397757,47.546647],[35.397308,47.540278],[35.402973,47.537641],[35.419282,47.535041],[35.431521,47.537583],[35.449143,47.542409],[35.460844,47.540686],[35.48561,47.544909],[35.486299,47.547351],[35.488364,47.547775],[35.493777,47.545417],[35.494554,47.544102],[35.504532,47.544173],[35.504748,47.546631],[35.50827,47.546912],[35.509647,47.544231],[35.5361804,47.5462177],[35.5372545,47.5436815],[35.5549371,47.5445062],[35.571915,47.538567],[35.590302,47.528366],[35.592551,47.519323],[35.613134,47.504301],[35.616157,47.504308],[35.616503,47.506237],[35.621182,47.507665],[35.623629,47.505846],[35.636935,47.510964],[35.640841,47.507493],[35.632903,47.502978],[35.634628,47.500488],[35.654663,47.500962],[35.670484,47.502209],[35.687063,47.509761],[35.699524,47.506848],[35.711504,47.505541],[35.71853,47.494788],[35.731603,47.490714],[35.746391,47.489885],[35.745142,47.486822],[35.782257,47.485668],[35.790682,47.480885],[35.799375,47.473519],[35.8180819,47.4695855],[35.8421098,47.4709894],[35.896111,47.46596],[35.911615,47.468917],[35.921493,47.475232],[35.924055,47.494728],[35.932591,47.493496],[35.941642,47.493887],[35.940888,47.511993],[35.9361973,47.523303],[35.9367705,47.5271607],[35.9432371,47.5301327],[35.9497032,47.5235996],[35.967959,47.517566],[35.9896768,47.5145181],[35.9921425,47.5232359],[35.9944477,47.5256521],[35.9987761,47.5257009],[36.020784,47.515904],[36.03001,47.522289],[36.031684,47.526124],[36.0652477,47.5268356],[36.0725324,47.5505458],[36.0638173,47.5528682],[36.0641989,47.5622572],[36.0816972,47.5705533],[36.0896737,47.5819769],[36.0944037,47.5859266],[36.1084888,47.5847812],[36.108522,47.5899233],[36.123919,47.5918809],[36.1295879,47.6029352],[36.1239917,47.6112924],[36.1514322,47.6195619],[36.1667148,47.6291201],[36.1827927,47.6331433],[36.1948236,47.6371212],[36.2038627,47.6435461],[36.2023186,47.6483531],[36.1955505,47.6577624],[36.1798788,47.6579929],[36.1719299,47.6694344],[36.1978262,47.6779656],[36.2009385,47.6847235],[36.191303,47.6957891],[36.1850134,47.6975529],[36.1582209,47.7011062],[36.1528827,47.7110106],[36.1756821,47.7143031],[36.1900673,47.7198484],[36.1989626,47.7287417],[36.1950496,47.7534615],[36.1919642,47.7577277],[36.190595,47.7631479],[36.2022769,47.7651024],[36.2105582,47.778573],[36.2350828,47.7875784],[36.2714438,47.7862815],[36.3058253,47.7914323],[36.3029098,47.8029842],[36.3088025,47.8206876],[36.3225617,47.8273624],[36.3459712,47.8304978],[36.406937,47.8300996],[36.4551076,47.8245888],[36.4928655,47.848131],[36.5398998,47.8515073],[36.5725294,47.861645],[36.5794467,47.8738505],[36.5740216,47.8965362],[36.6289303,47.9037367],[36.6293006,47.9210586],[36.6087873,47.9232987],[36.6103433,47.9264769],[36.626654,47.9369646],[36.630145,47.950712],[36.62885,47.957946],[36.6471236,47.9604942],[36.646786,47.964472],[36.643816,47.970748],[36.638286,47.971599],[36.63507,47.980337],[36.6623135,48.0008002],[36.6652849,48.0065672],[36.6721151,48.0125089],[36.6839741,48.0192811],[36.6988631,48.0261797],[36.7043335,48.037781],[36.7066244,48.0535143],[36.7144251,48.0673156],[36.7253999,48.0790274],[36.715523,48.084652],[36.7200233,48.0876422],[36.7274939,48.0899266],[36.7445348,48.086535],[36.7492692,48.0831164],[36.7457506,48.0790139],[36.7690225,48.0753965],[36.8058453,48.0595327],[36.8262628,48.0699393],[36.8379785,48.0715742],[36.8377426,48.077782],[36.863429,48.0819825],[36.8762401,48.0833377],[36.893159,48.0873839],[36.8926943,48.0951177],[36.9015266,48.0977944],[36.90497,48.103836],[36.903059,48.113533],[36.915912,48.113831],[36.912218,48.129688],[36.904532,48.134801],[36.90663,48.139399],[36.907008,48.164655],[36.915983,48.166689],[36.93585,48.18601],[36.9307287,48.1962499],[36.9272081,48.2200985],[36.9515909,48.2205983],[36.9518286,48.2361167],[36.9420816,48.2376173],[36.9419454,48.239804],[36.9709934,48.2384455],[36.972917,48.2456616],[36.9816539,48.2488557],[36.9806418,48.2580633],[36.9874519,48.2591455],[36.9883384,48.262913],[36.9954488,48.263395],[37.0030738,48.2609053],[37.0088197,48.2610535],[37.0104538,48.2597782],[37.012517,48.2599323],[37.018077,48.241751],[37.03835,48.244378],[37.040486,48.246641],[37.046332,48.249762],[37.046086,48.252084],[37.0511652,48.2551443],[37.0503241,48.2616321],[37.05763,48.263759],[37.0543796,48.2806922],[37.103509,48.2870468],[37.1023468,48.2958392],[37.0878709,48.3024452],[37.0862081,48.3125835],[37.0620494,48.317819],[37.0628164,48.3220158],[37.0552574,48.3210748],[37.0530131,48.3243291],[37.0517849,48.3290114],[37.04744,48.3286739],[37.046701,48.3320179],[37.0500964,48.3379842],[37.0370108,48.3488568],[37.0408354,48.3492325],[37.0628539,48.3400232],[37.067504,48.3427664],[37.0684248,48.3513707],[37.0706879,48.3517936],[37.0729505,48.3485661],[37.0862311,48.3468455],[37.1061438,48.3399326],[37.105154,48.3473726],[37.1236288,48.3488393],[37.1433039,48.3529272],[37.1567985,48.3480681],[37.1622447,48.3394898],[37.1847258,48.336892],[37.1986464,48.3394571],[37.1979667,48.3443919],[37.2044701,48.3454954],[37.2063237,48.3486064],[37.2059508,48.351889],[37.2021871,48.35379],[37.2018684,48.3559571],[37.1939138,48.3605905],[37.1954114,48.3650344],[37.1995697,48.3683663],[37.2022644,48.3679878],[37.2088016,48.3639313],[37.2195443,48.3680865],[37.2210733,48.375499],[37.2313653,48.3756701],[37.2322155,48.3883252],[37.2366071,48.3963001],[37.2501967,48.3997856],[37.249986,48.4080656],[37.2569365,48.4101263],[37.2565519,48.4133443],[37.2471113,48.4136119],[37.2408008,48.4164126],[37.2367243,48.4194072],[37.2263186,48.4209063],[37.2244953,48.4246838],[37.2357878,48.4262062],[37.2481964,48.4258487],[37.2436159,48.4293205],[37.2589625,48.4428476],[37.28728,48.4603713],[37.3021728,48.4647581],[37.3184403,48.4647047],[37.3253956,48.4589055],[37.3390921,48.4597018],[37.3514275,48.4639111],[37.3600317,48.4719619],[37.3652901,48.4729231],[37.3674132,48.4824313],[37.3755561,48.484284],[37.3751165,48.4889811],[37.3806387,48.4933927],[37.3883342,48.4913265],[37.3956864,48.4858612],[37.4189736,48.4832948],[37.4446321,48.4847153],[37.4461712,48.4906845],[37.4519195,48.4847651],[37.4660369,48.4792162],[37.4614422,48.4736672],[37.4740549,48.4590094],[37.4813328,48.4567067],[37.4913501,48.4511124],[37.5088781,48.4448318],[37.5244232,48.4452194],[37.5870054,48.4441194],[37.6045168,48.4422839],[37.6120284,48.443395],[37.63848,48.450629],[37.6385185,48.4548211],[37.6480769,48.4576413],[37.6472135,48.4703363],[37.6528788,48.4757154],[37.6531355,48.4891182],[37.6616769,48.4897887],[37.6594888,48.4951865],[37.6646924,48.5036842],[37.6798524,48.4956879],[37.6863436,48.4964505],[37.6894875,48.4919232],[37.7002034,48.4915001],[37.7161531,48.4844196],[37.7218038,48.4719987],[37.7363148,48.4595642],[37.7356191,48.454506],[37.7756421,48.453371],[37.784997,48.4493874],[37.7849937,48.456736],[37.7704062,48.4695172],[37.7619519,48.4831088],[37.7799668,48.4917466],[37.7686224,48.5001496],[37.7738057,48.5114247],[37.7689367,48.5183957],[37.7708795,48.5223588],[37.7599005,48.5334162],[37.7464985,48.5324416],[37.7473749,48.53467],[37.7520889,48.538956],[37.7702587,48.543597],[37.7944234,48.5386169],[37.8224309,48.5461133],[37.8361527,48.5524221],[37.8288448,48.561656],[37.8361572,48.5663592],[37.8342009,48.5683928],[37.8330671,48.5726621],[37.8363967,48.5754542],[37.837734,48.578143],[37.8344,48.578295],[37.832281,48.580757],[37.82467,48.581572],[37.820656,48.584733],[37.821106,48.58816],[37.818144,48.590592],[37.817543,48.593017],[37.7844991,48.5890699],[37.7834333,48.5956317],[37.7862183,48.5962532],[37.7868576,48.5973856],[37.7834153,48.5973231],[37.782024,48.599128],[37.761837,48.6024541],[37.7583948,48.6156084],[37.7631059,48.6192294],[37.7764591,48.619809],[37.7880016,48.623531],[37.7846667,48.633513],[37.8006656,48.6438688],[37.7979665,48.6576765],[37.816494,48.6629965],[37.8196025,48.668918],[37.8190211,48.6782683],[37.8074496,48.6866832],[37.8109084,48.6895801],[37.8271207,48.6871643],[37.8300488,48.6905227],[37.8285789,48.6970991],[37.8288733,48.7007551],[37.8103715,48.7089722],[37.8171211,48.7191435],[37.8192761,48.7184223],[37.8154232,48.7093198],[37.8251582,48.7054151],[37.8339516,48.7064018],[37.8441603,48.7044542],[37.8504163,48.7014926],[37.8538874,48.6983404],[37.8629361,48.701533],[37.8667073,48.706449],[37.8515724,48.711177],[37.8392975,48.7177311],[37.8353494,48.7214951],[37.8304572,48.7235601],[37.8306289,48.7282595],[37.8334403,48.7313315],[37.8311869,48.7341205],[37.8214667,48.7377868],[37.8205005,48.7397547],[37.843373,48.7312481],[37.8478764,48.7343687],[37.870225,48.726057],[37.8789578,48.729889],[37.8809997,48.7330919],[37.876957,48.7408441],[37.8614679,48.7395644],[37.8510632,48.7424338],[37.8475246,48.7453028],[37.8510041,48.7479563],[37.8627242,48.752251],[37.8589623,48.7539796],[37.8545345,48.75142],[37.8487339,48.7504447],[37.8383345,48.7506438],[37.8347017,48.7520603],[37.8444301,48.7544414],[37.8368502,48.7622598],[37.8332599,48.7626565],[37.8320727,48.7655426],[37.8389682,48.764865],[37.8515569,48.758191],[37.8585387,48.7565548],[37.8635928,48.7590934],[37.869124,48.7594006],[37.8799761,48.757727],[37.8904079,48.7613725],[37.8946624,48.7717736],[37.8808293,48.7792463],[37.8713942,48.77989],[37.8706277,48.7820605],[37.8726938,48.7826475],[37.8812829,48.7812549],[37.8910919,48.7782862],[37.8995604,48.7713413],[37.921347,48.7692917],[37.9392927,48.7640687],[37.9633526,48.7669418],[37.9510482,48.7813993],[37.9567649,48.7974547],[37.9535218,48.8002309],[37.9555482,48.8097311],[37.9503602,48.8134014],[37.9551826,48.8218588],[37.9553543,48.826549],[37.9525966,48.8428017],[37.9409579,48.8438852],[37.9301752,48.8403833],[37.9166468,48.8398176],[37.9071624,48.8330371],[37.8938581,48.8373308],[37.9017949,48.8443964],[37.9001855,48.8498495],[37.9070199,48.8528587],[37.910422,48.8591431],[37.9083825,48.8625545],[37.9101195,48.865966],[37.9165489,48.8719308],[37.9149421,48.875648],[37.9269365,48.8854383],[37.9315117,48.8909146],[37.9322546,48.898336],[37.9299934,48.9005092],[37.9370505,48.9087543],[37.9404422,48.9187692],[37.9661973,48.9378116],[37.9653286,48.9419142],[37.9537381,48.9459549],[37.9502394,48.9407359],[37.9357549,48.941323],[37.933803,48.9368311],[37.935628,48.9273212],[37.930705,48.9150088],[37.9192613,48.9123972],[37.8816009,48.9299537],[37.8789452,48.9514532],[37.8829035,48.9599471],[37.9247142,48.9659619],[37.9669839,48.9697606],[37.96838,48.976538],[37.965441,48.98459],[37.9758289,48.986475],[37.98063973058412,48.989903250533494],[37.967442,49.002176],[37.956422,49.009206],[37.945692,49.009082],[37.940453,49.013688],[37.938389,49.019295],[37.94156,49.019807],[37.940268,49.023416],[37.951235,49.024341],[37.961283,49.033357],[37.95489,49.038881],[37.966102,49.048272],[37.968105,49.060994],[37.955772,49.067824],[37.935568,49.073383],[37.917712,49.081798],[37.900901,49.081013],[37.883844,49.077528],[37.869523,49.071161],[37.866655,49.072194],[37.86619,49.074126],[37.8608946,49.0814076],[37.8399829,49.0784861],[37.8203985,49.0698701],[37.783585,49.071062],[37.747419,49.0631634],[37.7220394,49.0648366],[37.7130459,49.0691004],[37.720738,49.082395],[37.721734951455005,49.08837870863262],[37.714678965160665,49.088788763654655],[37.706926,49.089239],[37.6839874,49.0942648],[37.6818175,49.0970408],[37.714108,49.102253],[37.715115,49.1071085],[37.703824,49.110266],[37.6964577,49.1050632],[37.6784489,49.1053093],[37.6789513,49.1176016],[37.6886444,49.1282404],[37.7003972,49.1302842],[37.7095327,49.1268678],[37.7240818,49.1332643],[37.7472985,49.1297186],[37.7536,49.136166],[37.747495,49.137986],[37.745681,49.142893],[37.74892,49.14743],[37.764481,49.163179],[37.7638464,49.1668115],[37.7500095,49.174491],[37.749046,49.178692],[37.755336,49.181574],[37.759911,49.185634],[37.776544,49.182906],[37.783937,49.188134],[37.79455,49.185673],[37.794786,49.183885],[37.805966,49.180848],[37.814419,49.185799],[37.839223,49.186051],[37.842278,49.1906],[37.8839,49.192806],[37.892682,49.200398],[37.88074,49.208092],[37.883474,49.213581],[37.884149,49.220472],[37.878299,49.221606],[37.876396,49.226102],[37.895111,49.226009],[37.898306,49.224458],[37.91873,49.226813],[37.915586,49.242748],[37.919478,49.245847],[37.935564,49.239305],[37.9510069,49.2363778],[37.9564918,49.2402874],[37.9491714,49.2417166],[37.9502621,49.2441543],[37.953817,49.2454436],[37.9500332,49.2466768],[37.9500259,49.2479101],[37.9559195,49.2482486],[37.9670076,49.2438865],[37.997876,49.252128],[38.009803,49.261509],[38.014016,49.268431],[38.006727,49.273896],[38.012922,49.285051],[38.008788,49.28801],[38.002595,49.288282],[37.999277,49.28581],[37.997847,49.283115],[37.98938,49.283586],[37.983734,49.28089],[37.967716,49.286555],[37.962008,49.303265],[37.969614,49.303038],[37.969378,49.311145],[37.961584,49.311489],[37.961857,49.317318],[37.966392,49.322245],[37.964944,49.332475],[37.962823,49.334169],[37.957295,49.334845],[37.950047,49.337701],[37.941789,49.338838],[37.942329,49.341848],[37.941177,49.344568],[37.943867,49.346904],[37.941921,49.349687],[37.947628,49.351399],[37.949573,49.353118],[37.954308,49.361588],[37.949072,49.362706],[37.938519,49.379198],[37.93251,49.38069],[37.916074,49.378557],[37.916373,49.382798],[37.890612,49.382054],[37.875647,49.377602],[37.86223,49.380416],[37.847139,49.381273],[37.846639,49.386656],[37.829959,49.401199],[37.82396,49.394644],[37.815689,49.390963],[37.768932,49.405279],[37.7645106,49.3973763],[37.7115087,49.4170643],[37.684216,49.4121845],[37.6767368,49.4212577],[37.7084009,49.4307764],[37.7125011,49.4417663],[37.7432773,49.4599297],[37.7579254,49.4579104],[37.7717094,49.4682359],[37.7783498,49.4823508],[37.7435195,49.4910765],[37.728931,49.501997],[37.733753,49.510818],[37.723574,49.514624],[37.713266,49.513489],[37.706303,49.507389],[37.697626,49.502403],[37.695034,49.502686],[37.696716,49.508826],[37.700764,49.514862],[37.696968,49.525332],[37.692828,49.526886],[37.695323,49.530318],[37.696021,49.541136],[37.70085,49.544334],[37.701752,49.552933],[37.715368,49.556361],[37.731829,49.557172],[37.759603,49.556177],[37.760668,49.559201],[37.753838,49.56178],[37.753832,49.563496],[37.761252,49.569586],[37.77057,49.572138],[37.772164,49.574912],[37.79249,49.580292],[37.796328,49.590543],[37.790625,49.592201],[37.790894,49.594665],[37.804075,49.594326],[37.803024,49.603214],[37.789024,49.603152],[37.787941,49.607704],[37.808735,49.607885],[37.8166923,49.6149658],[37.810056,49.6241761],[37.7989986,49.6273681],[37.8012187,49.6408989],[37.7782176,49.6426777],[37.7784403,49.6513703],[37.7701087,49.6542929],[37.7699749,49.6572755],[37.7727358,49.6577081],[37.7778114,49.6731791],[37.7708693,49.6892205],[37.7756004,49.6953775],[37.7695729,49.7040325],[37.7768543,49.7327184],[37.7494416,49.7414791],[37.733444,49.740142],[37.7192914,49.7369807],[37.700727,49.7369691],[37.6746149,49.7547544],[37.6691991,49.7517112],[37.6620531,49.7516757],[37.6557653,49.7530816],[37.6466529,49.7588812],[37.6381151,49.7738941],[37.6232738,49.7767237],[37.611246,49.78401],[37.612197,49.79171],[37.605703,49.795738],[37.605246,49.802153],[37.600134,49.80926],[37.600514,49.811768],[37.609756,49.815873],[37.617078,49.824791],[37.628233,49.828063],[37.633392,49.840982],[37.632287,49.850879],[37.634142,49.851668],[37.647909,49.851347],[37.647907,49.857949],[37.63646,49.862767],[37.640691,49.868973],[37.65001,49.871535],[37.649624,49.890778],[37.655369,49.889578],[37.663524,49.882537],[37.677931,49.882439],[37.682886,49.888812],[37.694024,49.891022],[37.696636,49.89027],[37.70199,49.890135],[37.732928,49.900517],[37.738516,49.897712],[37.744348,49.900549],[37.749238,49.908269],[37.747178,49.91257],[37.753528,49.913556],[37.76859,49.912578],[37.771121,49.913478],[37.775018,49.921524],[37.773713,49.929327],[37.752736,49.93996],[37.748912,49.953199],[37.734898,49.95601],[37.727291,49.961004],[37.734732,49.966041],[37.75069,49.972173],[37.761756,49.969747],[37.768273,49.979852],[37.775992,49.982118],[37.7804197,49.993807],[37.7784475,50.0057746],[37.7756265,50.0226981],[37.764934,50.0389538],[37.7631735,50.0400768],[37.7624942,50.0504253],[37.7699218,50.0547732],[37.7682598,50.0580093],[37.7631645,50.0615758],[37.7580371,50.0636944],[37.7581438,50.0658],[37.7623754,50.0667488],[37.7628568,50.0689224],[37.751458,50.0702956],[37.7416187,50.0692409],[37.7322256,50.0728064],[37.7331311,50.0801181],[37.7232675,50.0824024],[37.7169277,50.0858695],[37.7069926,50.0866344],[37.7088078,50.0905767],[37.6990433,50.0933948],[37.6891233,50.0919803],[37.6855701,50.09044],[37.6809715,50.0909977],[37.6762369,50.0879259],[37.6720905,50.0826595],[37.6635078,50.0995096],[37.6653963,50.1009414],[37.6621347,50.1079881],[37.656813,50.116574],[37.6509762,50.1189414],[37.6565558,50.1285712],[37.6617049,50.1316527],[37.663164,50.1401243],[37.6528645,50.1448553],[37.647028,50.1424351],[37.6364713,50.1403441],[37.626944,50.137374],[37.617846,50.137814],[37.6035117,50.1484849],[37.604885,50.159264],[37.615614,50.165312],[37.62763,50.167402],[37.626257,50.176417],[37.639132,50.178726],[37.639237165543506,50.17912283445649],[37.63899,50.17937],[37.63899,50.17988],[37.63933,50.18057],[37.639514527739394,50.18137891811339],[37.614861,50.178036],[37.60279,50.167464],[37.5945072,50.1518309],[37.598865,50.1477397],[37.600773,50.137281],[37.612229,50.13034],[37.6284447,50.1321176],[37.6432717,50.1363722],[37.6483517,50.1410936],[37.6578438,50.1377879],[37.6549761,50.1318418],[37.6471805,50.1266604],[37.6496851,50.1224694],[37.6450024,50.1186537],[37.649604,50.111127],[37.6556012,50.0933352],[37.6715642,50.0772197],[37.684517,50.0788407],[37.6892921,50.0837878],[37.7020507,50.0864761],[37.7213925,50.0789072],[37.729174,50.071146],[37.726324,50.068878],[37.7363536,50.0653945],[37.7471445,50.0656977],[37.7580788,50.0568235],[37.7528215,50.0516387],[37.7572989,50.0313233],[37.7669154,50.0208659],[37.7656588,50.0051126],[37.7593581,49.9909979],[37.741427,49.970256],[37.723481,49.964117],[37.726825,49.95469],[37.744289,49.949866],[37.753285,49.929935],[37.759997,49.926],[37.755638,49.920631],[37.745617,49.91625],[37.737906,49.903005],[37.729163,49.901427],[37.720493,49.90261],[37.710149,49.902345],[37.709912,49.896518],[37.701435,49.894755],[37.681256,49.89759],[37.671273,49.885082],[37.663166,49.891862],[37.644603,49.892198],[37.644494,49.872124],[37.633314,49.871547],[37.627162,49.863371],[37.620242,49.831936],[37.616135,49.83053],[37.610638,49.82416],[37.606386,49.826107],[37.597208,49.826494],[37.592846,49.822236],[37.59202,49.810838],[37.594148,49.797455],[37.589094,49.789718],[37.6129042,49.7770229],[37.6211396,49.7740164],[37.6249691,49.7717753],[37.6249692,49.7615191],[37.628317,49.7565282],[37.6216966,49.7492823],[37.6268228,49.7417393],[37.619943,49.73697],[37.6240903,49.7282187],[37.6201562,49.7257847],[37.6165154,49.7257605],[37.6150203,49.7272898],[37.6023832,49.7254305],[37.5931655,49.7204694],[37.6008585,49.7161458],[37.6096735,49.7125747],[37.6095143,49.7095109],[37.6168622,49.7098785],[37.6219251,49.708671],[37.6237334,49.714144],[37.623658,49.7208424],[37.6341256,49.7382572],[37.6498743,49.7507249],[37.654653,49.751657],[37.6619124,49.7472127],[37.6731106,49.7443801],[37.6851327,49.7395451],[37.6871229,49.7317233],[37.7028104,49.7209199],[37.7223094,49.7195513],[37.7308234,49.7255058],[37.7580617,49.7209233],[37.7408699,49.6953195],[37.7403095,49.6843409],[37.759313,49.6793585],[37.7591599,49.6660646],[37.7360941,49.6630318],[37.6946207,49.6716898],[37.6773475,49.6702324],[37.6645325,49.6622853],[37.6642504,49.6575601],[37.6916641,49.6613325],[37.7071795,49.6580984],[37.6984734,49.6344566],[37.6986339,49.6315746],[37.7042874,49.6322504],[37.7372311,49.6527197],[37.7565296,49.6472726],[37.7678424,49.6391533],[37.7866012,49.6390858],[37.7882815,49.6285082],[37.7856169,49.6254598],[37.791781,49.611058],[37.776128,49.605085],[37.78271,49.597044],[37.770143,49.573801],[37.760918,49.571969],[37.739396,49.572306],[37.723184,49.565966],[37.713214,49.563771],[37.707792,49.560963],[37.701465,49.559861],[37.699033,49.556859],[37.692556,49.542023],[37.69053,49.526754],[37.693722,49.512905],[37.690427,49.501074],[37.696588,49.498335],[37.710562,49.506967],[37.71964,49.507401],[37.723474,49.492968],[37.7422374,49.4800924],[37.751935,49.4713033],[37.7366809,49.4636252],[37.6850251,49.4669086],[37.6614262,49.4465151],[37.6513219,49.4396275],[37.666622,49.4191209],[37.6779749,49.4080459],[37.7109544,49.4130493],[37.7655493,49.3953382],[37.7694306,49.4003537],[37.814782,49.384433],[37.84331,49.38449],[37.843661,49.372868],[37.853662,49.370241],[37.857654,49.370409],[37.862893,49.372979],[37.874924,49.372197],[37.902268,49.375326],[37.908238,49.371913],[37.929778,49.376402],[37.934023,49.374131],[37.935199,49.370826],[37.938992,49.369784],[37.935243,49.36184],[37.94581,49.361937],[37.949442,49.359486],[37.949033,49.357045],[37.936281,49.34811],[37.936248,49.344945],[37.941002,49.335679],[37.946512,49.3337],[37.957687,49.332292],[37.961284,49.329427],[37.961914,49.322194],[37.957845,49.317449],[37.959013,49.311026],[37.955726,49.302584],[37.949093,49.302465],[37.949082,49.299019],[37.956642,49.286681],[37.972763,49.276573],[37.98164,49.279834],[37.993373,49.279225],[37.997265,49.281103],[38.00273,49.280419],[38.003059,49.282344],[38.00592,49.284274],[38.007708,49.283992],[38.008605,49.281031],[37.999282,49.269851],[38.006649,49.265902],[37.993996,49.256464],[37.9832,49.257987],[37.974464,49.256484],[37.9696888,49.2508738],[37.9435413,49.2505301],[37.934856,49.246172],[37.918025,49.248896],[37.911384,49.244321],[37.913841,49.228596],[37.88615,49.230819],[37.87403,49.227311],[37.87531,49.221353],[37.880908,49.21741],[37.874873,49.205245],[37.884114,49.201147],[37.883657,49.196095],[37.865991,49.198138],[37.851759,49.197487],[37.836973,49.20173],[37.806265,49.203982],[37.77901,49.210822],[37.771324,49.203977],[37.800585,49.194774],[37.812294,49.186468],[37.805704,49.181754],[37.795972,49.184165],[37.796255,49.186043],[37.783406,49.188819],[37.776945,49.183698],[37.759846,49.18666],[37.754069,49.182456],[37.746763,49.178811],[37.7452961,49.1707599],[37.76123,49.162937],[37.750486,49.15421],[37.747388,49.147149],[37.74131,49.140806],[37.745097,49.137323],[37.745165,49.134192],[37.7410466,49.1321328],[37.7226363,49.134989],[37.7163289,49.1308804],[37.6986477,49.1367112],[37.6808834,49.1270976],[37.6729482,49.114513],[37.6758028,49.1007745],[37.680884,49.0915408],[37.6874258,49.0874358],[37.7095367,49.0855519],[37.716627,49.0871531],[37.71306,49.079168],[37.7060963,49.0682547],[37.7053929,49.0593557],[37.7255964,49.0483269],[37.7315781,49.0520369],[37.7272603,49.0586718],[37.756338,49.060232],[37.781019,49.065942],[37.8210429,49.0659738],[37.8408763,49.0731336],[37.856155,49.074966],[37.8686,49.06818],[37.890314,49.075562],[37.913369,49.078324],[37.918429,49.071037],[37.936457,49.056052],[37.939205,49.049626],[37.919981,49.040808],[37.91526,49.035048],[37.918909,49.025077],[37.8597928,49.0182889],[37.8468586,49.0240407],[37.837014,49.0194348],[37.8537172,49.0059445],[37.9173282,49.0046278],[37.9199287,48.9830795],[37.8908546,48.9822552],[37.8791218,48.9748926],[37.8649036,48.9724882],[37.8368577,48.9711694],[37.8410988,48.9689486],[37.8488942,48.9683382],[37.8539832,48.9646572],[37.8604697,48.9557719],[37.8705467,48.9512797],[37.861652,48.9408098],[37.8442347,48.92487],[37.8442415,48.9115211],[37.8801558,48.90441],[37.902432,48.8991602],[37.9161388,48.8975402],[37.9120854,48.8878266],[37.903653,48.884807],[37.899683,48.887912],[37.894621,48.888816],[37.889696,48.886751],[37.883162,48.885913],[37.882264,48.88515],[37.882761,48.882511],[37.884674,48.8811],[37.884206,48.879011],[37.8802,48.877317],[37.873813,48.877204],[37.8920192,48.8622332],[37.8885803,48.8538056],[37.8711483,48.8465522],[37.8435938,48.842621],[37.8354563,48.8492069],[37.8326397,48.8475461],[37.8354069,48.8368405],[37.8307263,48.8292254],[37.8347986,48.8185687],[37.8324532,48.8166821],[37.8575708,48.8064295],[37.8742782,48.8011504],[37.8846328,48.8017491],[37.8965469,48.8014641],[37.8914655,48.7945077],[37.9055251,48.7901226],[37.8933943,48.7845583],[37.8710779,48.789325],[37.8594053,48.7836604],[37.8545134,48.7708166],[37.8460587,48.7678743],[37.8274223,48.7690627],[37.8185282,48.762047],[37.8270037,48.7582556],[37.817495,48.7573846],[37.8082199,48.7601094],[37.8146126,48.7680885],[37.8119076,48.7705234],[37.8042656,48.7621548],[37.7945605,48.7670853],[37.7927518,48.7629635],[37.8054002,48.7532005],[37.8020836,48.7481907],[37.8035329,48.7419921],[37.7939998,48.7396851],[37.7906472,48.7371512],[37.810392,48.7319166],[37.8142047,48.7215249],[37.7925662,48.7235421],[37.7719574,48.722158],[37.7750434,48.7163995],[37.7952945,48.7174352],[37.8059278,48.7154296],[37.806578,48.7101271],[37.7989365,48.6940061],[37.8096645,48.6802276],[37.811807,48.6723028],[37.7907403,48.6572094],[37.7913051,48.6495162],[37.7819024,48.6447567],[37.7741891,48.6332167],[37.7826119,48.6265549],[37.7785837,48.6235806],[37.7528914,48.6204931],[37.7454405,48.6080071],[37.7487315,48.5992637],[37.7787421,48.5939242],[37.7765813,48.5873279],[37.7777827,48.5802588],[37.7909142,48.5806986],[37.7951206,48.5868162],[37.8040242,48.5891611],[37.808794,48.586617],[37.813714,48.586386],[37.815831,48.582636],[37.82151,48.57971],[37.8135964,48.5774767],[37.8207944,48.570221],[37.8245567,48.5700798],[37.8216478,48.5617316],[37.8159215,48.5501703],[37.8014959,48.5453616],[37.7902476,48.5448714],[37.7531445,48.5495908],[37.7460751,48.558775],[37.737974,48.5604598],[37.7208893,48.5554763],[37.7132503,48.5617579],[37.7054375,48.5580404],[37.7032036,48.5457762],[37.6977519,48.543014],[37.716373,48.5352161],[37.7280856,48.5351806],[37.7381617,48.5310342],[37.7353891,48.528222],[37.7365647,48.5252962],[37.7429225,48.5303122],[37.7475634,48.5258356],[37.7421668,48.5200649],[37.7184947,48.5159425],[37.7040951,48.5156892],[37.6842912,48.5197557],[37.6836035,48.5214164],[37.6904916,48.5272862],[37.6839311,48.5337555],[37.6797734,48.5311305],[37.6783251,48.5254252],[37.6728531,48.5294758],[37.671501,48.5260232],[37.675878,48.5170433],[37.6630026,48.5145495],[37.6467187,48.5079231],[37.6407346,48.5208132],[37.6254791,48.5155091],[37.62799,48.4988878],[37.6129947,48.4946616],[37.6112257,48.4890452],[37.6254517,48.482989],[37.6301311,48.4743035],[37.6269702,48.4689246],[37.6135143,48.4662666],[37.610048,48.47831],[37.6043317,48.4850469],[37.5968991,48.4765358],[37.6067532,48.4698682],[37.5993062,48.4604937],[37.5750923,48.4503748],[37.530983,48.448522],[37.5100541,48.4571884],[37.4813813,48.4706271],[37.4690325,48.4919878],[37.4435462,48.495796],[37.4381478,48.4921499],[37.42263,48.496074],[37.4165504,48.4930904],[37.3841031,48.5016006],[37.3656838,48.5022795],[37.3523037,48.4786336],[37.3471827,48.473211],[37.3393595,48.4721198],[37.3327268,48.4787429],[37.3169985,48.483451],[37.3162906,48.4889549],[37.3055233,48.487631],[37.2633857,48.4763909],[37.2652128,48.4741448],[37.2649575,48.4662751],[37.2531407,48.4659473],[37.2502787,48.4651778],[37.2473007,48.4702397],[37.2327627,48.4700045],[37.2319744,48.460045],[37.2247277,48.4523392],[37.2310425,48.4407624],[37.2137538,48.4361634],[37.2075565,48.4428873],[37.2029035,48.4416395],[37.2016957,48.4373995],[37.1918187,48.4384547],[37.1902611,48.436465],[37.204312,48.4333971],[37.2076942,48.422933],[37.1987012,48.4171776],[37.1995986,48.4139547],[37.2228075,48.414484],[37.2118136,48.3948175],[37.1886387,48.392592],[37.1949237,48.3759591],[37.1733751,48.3795573],[37.1747792,48.3704843],[37.1792752,48.3608994],[37.1775751,48.3600131],[37.17621,48.3548077],[37.1810404,48.3512776],[37.1775372,48.3448717],[37.1661955,48.346199],[37.1606939,48.3661846],[37.1503652,48.3726927],[37.1245472,48.3825857],[37.1133293,48.3876518],[37.1101239,48.3844846],[37.118591,48.3794931],[37.1177852,48.3757164],[37.1224556,48.3512541],[37.1165187,48.3500029],[37.1038227,48.3590958],[37.1021628,48.36616],[37.0935143,48.3784411],[37.0828036,48.3781787],[37.089194,48.3632849],[37.0733072,48.3612078],[37.0692025,48.3627795],[37.0638925,48.3616163],[37.0623317,48.3537552],[37.0499638,48.3536168],[37.0465518,48.3558459],[37.0531227,48.362562],[37.0499773,48.3757681],[37.0468074,48.3753533],[37.0483642,48.3683656],[37.011381,48.3669704],[37.0104121,48.3645305],[37.0228685,48.3608545],[37.0260541,48.3569499],[37.0226615,48.351711],[37.0302838,48.3409385],[37.0352458,48.3316475],[37.0462451,48.3203528],[37.043345,48.3163059],[37.0428502,48.30792],[37.029055,48.2959128],[36.998074,48.2805872],[36.985762,48.2796198],[36.9727213,48.2902461],[36.9589909,48.2899623],[36.9663755,48.2718575],[36.9473036,48.2750283],[36.935098,48.2724844],[36.9424927,48.2643423],[36.9567513,48.2600844],[36.9665618,48.2549393],[36.9689927,48.2439204],[36.9588405,48.2419105],[36.9489031,48.2447209],[36.9142474,48.245587],[36.9135766,48.2419722],[36.9161849,48.2370173],[36.9260463,48.2295404],[36.9199332,48.2220702],[36.9168248,48.2131917],[36.9197712,48.2006342],[36.925205,48.191393],[36.924615,48.184537],[36.919489,48.181091],[36.9110995,48.1790763],[36.9037544,48.1728468],[36.8860968,48.1688318],[36.899549,48.134183],[36.8860351,48.1338274],[36.889728,48.113227],[36.8863733,48.1026195],[36.8542833,48.0929889],[36.845181,48.0929937],[36.8299858,48.098566],[36.8087898,48.1302127],[36.7913182,48.136027],[36.7831882,48.1376021],[36.7719688,48.1272618],[36.7613506,48.1305557],[36.7514076,48.135138],[36.742579,48.1346795],[36.7401532,48.1299954],[36.7490821,48.1173751],[36.7417879,48.110483],[36.7268576,48.0999046],[36.7189666,48.0957403],[36.7152144,48.1051513],[36.7006158,48.1123095],[36.6843866,48.1090936],[36.6787795,48.0969445],[36.6765871,48.0896905],[36.6687765,48.0896905],[36.6660299,48.0871678],[36.6528978,48.0877411],[36.6515245,48.0860784],[36.6447871,48.0902352],[36.6387358,48.0906077],[36.6348734,48.0873971],[36.6337576,48.0820647],[36.6177072,48.0765598],[36.620285,48.073034],[36.624837,48.0702964],[36.6219757,48.0652883],[36.6201138,48.0562353],[36.6169451,48.052067],[36.621072,48.034531],[36.6149859,48.0329712],[36.612361,48.01887],[36.617989,48.001574],[36.5925906,48.0005687],[36.5870567,47.9987963],[36.5904494,47.995186],[36.623667,47.989112],[36.6188719,47.9783766],[36.6046954,47.9721317],[36.618827,47.962732],[36.593034,47.958488],[36.5734189,47.9778092],[36.5622122,47.9707513],[36.5462665,47.9754105],[36.533754,47.970874],[36.530105,47.965724],[36.532218,47.96168],[36.5467938,47.9625087],[36.5463647,47.9675236],[36.550314,47.968013],[36.551173,47.9614043],[36.5638779,47.9580695],[36.5550373,47.9433529],[36.5428495,47.9362805],[36.5381287,47.9275969],[36.5115212,47.9214427],[36.5005048,47.9255445],[36.4924767,47.9235013],[36.4853609,47.9177878],[36.453527,47.916328],[36.4560374,47.896725],[36.4033715,47.8904188],[36.3781472,47.884037],[36.3432041,47.8846379],[36.3316073,47.8831619],[36.3111684,47.88019],[36.3048995,47.8756558],[36.2817538,47.8760677],[36.2407207,47.8846835],[36.233161,47.8738391],[36.2329763,47.8611306],[36.2417186,47.8527965],[36.2685702,47.8533313],[36.2830025,47.8480805],[36.289244,47.808387],[36.264705,47.8099415],[36.2084673,47.8115079],[36.1961306,47.8028123],[36.1582064,47.812087],[36.1444825,47.8280937],[36.1256181,47.8232131],[36.1274332,47.80836],[36.1691532,47.7829991],[36.1614874,47.7773606],[36.1689468,47.7660876],[36.1645669,47.7653519],[36.1659822,47.7498947],[36.1430214,47.746843],[36.1273481,47.7398252],[36.1301821,47.7241878],[36.1264778,47.7089973],[36.1349853,47.6992196],[36.1238371,47.6915785],[36.1374077,47.6845112],[36.1461984,47.6704597],[36.1386926,47.6601878],[36.1376368,47.6560606],[36.1202731,47.6554019],[36.1181097,47.6473325],[36.125182,47.6380638],[36.1261027,47.6288433],[36.1018141,47.6223425],[36.0791559,47.6080511],[36.082356,47.592317],[36.0676218,47.5855499],[36.0401532,47.5850221],[36.0377524,47.5759575],[36.0483955,47.5562382],[36.057075,47.537115],[36.034005,47.532602],[36.021299,47.526801],[36.0049425,47.5309661],[35.9891004,47.5311884],[35.9735728,47.5272646],[35.966768,47.5231218],[35.9510656,47.5291893],[35.9396937,47.5362492],[35.9269468,47.5362964],[35.912106,47.5273193],[35.9032024,47.5289574],[35.9021524,47.5268572],[35.9124548,47.5242507],[35.9344298,47.5204559],[35.93649,47.514805],[35.927564,47.501528],[35.916712,47.495457],[35.914422,47.487795],[35.891493,47.477653],[35.839104,47.480344],[35.82707,47.486131],[35.81246,47.484956],[35.799415,47.48026],[35.797483,47.491193],[35.776928,47.490931],[35.740898,47.492205],[35.737339,47.503048],[35.720042,47.515514],[35.692865,47.52342],[35.674118,47.519805],[35.650152,47.512245],[35.632248,47.516686],[35.610172,47.512113],[35.608242,47.527894],[35.596226,47.540875],[35.582977,47.551259],[35.559492,47.552853],[35.559809,47.55529],[35.542487,47.553111],[35.531475,47.550872],[35.5054868,47.551685],[35.5036471,47.5701889],[35.5067851,47.5860809],[35.4770138,47.584224],[35.4465148,47.5664903],[35.4239056,47.5666365],[35.4086302,47.5777697],[35.4313682,47.5908487],[35.4472439,47.6056625],[35.4336583,47.6050245],[35.4269836,47.6067025],[35.4117008,47.6062373],[35.396395,47.593953],[35.3903724,47.5867035],[35.3829034,47.5881169],[35.3763788,47.5957528],[35.3594765,47.6028867],[35.3599704,47.6093535],[35.3547776,47.6107712],[35.3459789,47.6082825],[35.3350366,47.6144743],[35.3379548,47.6175987],[35.3143513,47.6273176],[35.3001704,47.6268912],[35.2978679,47.6296413],[35.2787392,47.6301934]]],[[[35.3256951735635,50.946754498383406],[35.32572194274142,50.946762731469704],[35.3257181,50.9467691],[35.3256951735635,50.946754498383406]]],[[[36.1813488,50.3977293],[36.1897449,50.3883613],[36.214289,50.383524],[36.21368373892604,50.3842414741202],[36.21076,50.38673],[36.20756753206022,50.39147052583412],[36.2013254,50.3892445],[36.1983428,50.391406],[36.1917884,50.390381],[36.1876685,50.3943208],[36.1897284,50.3984791],[36.19792799859236,50.40009109221012],[36.19789,50.40012],[36.19411,50.40184],[36.19370560087893,50.40265831351559],[36.192104734231215,50.40338814228233],[36.19205,50.40338],[36.18879,50.40476],[36.18759,50.40527],[36.184874418406416,50.40617519386453],[36.1813488,50.3977293]]],[[[36.1949808,50.3566988],[36.2059201,50.3493644],[36.2173733,50.3493406],[36.24184067868292,50.35832596005404],[36.2417540417767,50.35838156000264],[36.2238491,50.358275],[36.2190902,50.3649557],[36.2303407,50.3717829],[36.2208993,50.3778043],[36.2130035,50.3671023],[36.2051072,50.3606824],[36.1949808,50.3566988]]],[[[36.3593441,50.2587785],[36.391696,50.26417],[36.400655,50.253404],[36.405602,50.253458],[36.428055,50.247111],[36.445819,50.243322],[36.451698,50.247353],[36.460157,50.246224],[36.466916,50.242394],[36.468899,50.237302],[36.466444,50.230549],[36.464715,50.229073],[36.458867,50.228366],[36.459014,50.222558],[36.47563,50.216064],[36.481944,50.214951],[36.49337,50.210498],[36.5182,50.223591],[36.530919,50.233554],[36.534777,50.235131],[36.540338,50.234994],[36.569525,50.230051],[36.578435,50.224435],[36.588201,50.221893],[36.613489,50.223726],[36.60012873988085,50.22826598821825],[36.59683,50.22932],[36.596896618595736,50.22936430460008],[36.5963787,50.2295403],[36.5981604,50.2309131],[36.586776,50.23514],[36.58516097435446,50.23596395497359],[36.58413,50.23636],[36.583170105571725,50.236979657875786],[36.578034,50.2396],[36.576406,50.241576],[36.57516845092317,50.24208496287827],[36.57194,50.2434],[36.571229511320745,50.243704918058185],[36.569199,50.24454],[36.532801,50.242425],[36.505396,50.238677],[36.485493,50.242206],[36.481032,50.241639],[36.466356,50.251404],[36.448247,50.253593],[36.443985,50.248337],[36.423299,50.25399],[36.418364,50.256871],[36.415918,50.259725],[36.405358,50.261131],[36.389385,50.27628],[36.37869149305407,50.292772032321096],[36.3705172,50.2897725],[36.3656399690309,50.28829868668292],[36.363798,50.287487],[36.365344,50.2696333],[36.3593441,50.2587785]]],[[[36.704035,50.264214],[36.74297,50.256961],[36.761082,50.244326],[36.777128,50.238494],[36.80304,50.242051],[36.829471,50.244615],[36.8424251,50.2420138],[36.8404487,50.2324275],[36.8438826,50.2278474],[36.8663947,50.2330157],[36.8813909,50.2350842],[36.8876013,50.2281568],[36.8911319,50.2206214],[36.8901692,50.212531],[36.8979702,50.2127697],[36.8986478,50.2193794],[36.8938042,50.2282419],[36.8919396,50.2384297],[36.9041738,50.2375567],[36.9109623,50.2499731],[36.9222662,50.2498434],[36.9268096,50.2546691],[36.9315195,50.2543849],[36.9299834,50.2480292],[36.9248431,50.2466131],[36.9260636,50.2438907],[36.9372584,50.2453618],[36.9387048,50.2421566],[36.9280658,50.2390488],[36.9309022,50.2357765],[36.9393207,50.2364782],[36.9518668,50.2435893],[36.9532713,50.2541874],[36.9800561,50.2777961],[36.9943329,50.2845288],[36.9931624,50.294113],[37.0129089,50.30209],[37.0267541,50.3035033],[37.0369172,50.3097476],[37.054636,50.315551],[37.057507,50.320256],[37.056773,50.324852],[37.0471515,50.329552],[37.0515056,50.3330154],[37.0531983,50.3368624],[37.0598043,50.3370779],[37.080015,50.3154913],[37.0729763,50.2871247],[37.084454,50.2779884],[37.0911252,50.2868409],[37.1065365,50.312436],[37.1312582,50.315009],[37.1235703,50.3027889],[37.1216054,50.2872862],[37.1357277,50.2847978],[37.1428336,50.3177565],[37.1540678,50.3242296],[37.1482964,50.3355846],[37.1847358,50.3405501],[37.217072,50.3586516],[37.223336,50.377942],[37.2207153,50.3753732],[37.20622286077295,50.37236440374651],[37.1985861,50.3698908],[37.1876963,50.3656801],[37.1816705,50.3630587],[37.17943038886096,50.362580722391435],[37.1629631,50.3519389],[37.1433612,50.3458564],[37.1383816,50.3609458],[37.10779412975223,50.35787451328109],[37.1025852,50.3573197],[37.102753307716135,50.35705306666152],[37.1056048,50.3534083],[37.105509,50.351607],[37.0834722,50.3476026],[37.0831985,50.3334258],[37.0760596,50.3321779],[37.0731263,50.3358047],[37.0751195,50.3385725],[37.0808896,50.3394776],[37.0804141,50.3474233],[37.0701921,50.3464436],[37.0595111,50.3471917],[37.045141543688864,50.34506430203045],[37.0445293,50.3449561],[37.03768339751718,50.34867206119157],[37.032995,50.348824],[37.031315,50.33909],[37.0381007,50.3344226],[37.0488748,50.3356774],[37.0467832,50.3338956],[37.0489831,50.3332094],[37.0443708,50.3313439],[37.04059,50.32723],[37.053801,50.322568],[37.053025,50.319278],[37.043667,50.317522],[37.0220957,50.3063194],[37.0130603,50.3047678],[37.0060585,50.3016586],[36.9980172,50.3036544],[36.9888344,50.301066],[36.9816698,50.3027815],[36.9765848,50.3011443],[36.9738615,50.2990686],[36.9760529,50.2974386],[36.9624032,50.2911245],[36.9498712,50.2878203],[36.9548707,50.2786885],[36.9557768,50.2745336],[36.9514481,50.270159],[36.9471687,50.2629888],[36.942632,50.2630609],[36.94258,50.265355],[36.9355754,50.2679782],[36.9336067,50.2674978],[36.9285799,50.2714992],[36.9226951,50.2794497],[36.9151097,50.2813232],[36.8963769,50.274672],[36.8967261,50.2678202],[36.904454,50.2683996],[36.906,50.2673178],[36.9080605,50.2672708],[36.9091764,50.2641749],[36.909048,50.2621882],[36.9060119,50.26235],[36.9053791,50.2605364],[36.8988242,50.2630026],[36.894431,50.2581996],[36.8939941,50.2520663],[36.8992776,50.2540704],[36.900233,50.2568212],[36.9048364,50.2568556],[36.9086357,50.2545098],[36.9048187,50.2519582],[36.9042273,50.2492157],[36.8887974,50.2482311],[36.8809403,50.2504327],[36.8684253,50.2600501],[36.8559298,50.2572236],[36.8443,50.264233],[36.837776,50.261353],[36.837605,50.258828],[36.823421,50.249979],[36.789252,50.2458],[36.772227,50.255269],[36.739773,50.265659],[36.727123,50.267794],[36.72017439170985,50.27738],[36.72002866118368,50.27738],[36.71741579186126,50.275696633489005],[36.71717,50.2755],[36.71339,50.27309],[36.71327336740545,50.27302783618506],[36.710503,50.271243],[36.70642107192993,50.269375642477534],[36.70566,50.26897],[36.70412,50.26451],[36.7041177833729,50.26450966395158],[36.704035,50.264214]]],[[[37.3758137,50.4290728],[37.3899555,50.4235022],[37.4215695,50.4294867],[37.4579078,50.4157914],[37.46347318853198,50.416052100286926],[37.46239820000001,50.4184776],[37.46256513447079,50.4186117149647],[37.4624306,50.4189023],[37.4404727,50.4335986],[37.432518,50.443688],[37.43109918795223,50.44258217236969],[37.4306661,50.4418208],[37.4212579,50.4348524],[37.4126951,50.4332798],[37.4081011,50.4327675],[37.405348935138896,50.432466402261],[37.396863,50.431144],[37.389170403142124,50.431763654602605],[37.3775669,50.4326307],[37.376932789373726,50.43273196246169],[37.3758137,50.4290728]]]]}},{"type":"Feature","id":"fase-5-controllo-ucraino-in-russia","properties":{"id":"fase-5-controllo-ucraino-in-russia","stato":"controllo-ucraino-in-russia","data":"2026-07-15","origineControllo":"non-applicabile","sourceId":"deepstate-history-1784114834","note":"Solo area blu esterna al confine ucraino non coperta da riconquista russa o stato ignoto; escluse massime avanzate e presenze discontinue."},"geometry":{"type":"MultiPolygon","coordinates":[[[[34.237876,51.2924714],[34.2435334,51.2845465],[34.25454673278138,51.282069336152624],[34.2605642,51.282635],[34.2802462,51.2937062],[34.2998425,51.3070753],[34.3038384,51.3198622],[34.3055179,51.3222945],[34.3119171,51.3262166],[34.3107225204556,51.3315621612206],[34.3100686,51.3321342],[34.310458562999905,51.332743330566466],[34.31011415768012,51.33428449183132],[34.30911865123747,51.33511227347986],[34.3042296,51.3360878],[34.2993505,51.3342295],[34.292015800000016,51.3379478],[34.289037174454165,51.338747783685506],[34.28758342047467,51.33883366147407],[34.2814564,51.3346262],[34.2897191,51.3219593],[34.2856958,51.3210943],[34.28228459339167,51.31952878915687],[34.2808742,51.3179984],[34.2812721,51.3143044],[34.2824687,51.3108729],[34.282029995635156,51.31103999384078],[34.2821878,51.3106562],[34.2772508,51.3109448],[34.2772675,51.3128016],[34.27277902805739,51.314425186593745],[34.2697647,51.3059248],[34.2666251,51.29872870000001],[34.2662283,51.2985435],[34.2640682,51.29885520000001],[34.258561526816614,51.30231309791658],[34.2559651,51.3013653],[34.2546741,51.29899080000001],[34.24984394441389,51.29886162155762],[34.2499091,51.2968648],[34.2492322,51.2964366],[34.24506827372635,51.29605341480194],[34.2447424,51.2940462],[34.2418876,51.2932738],[34.23950230000001,51.2934652],[34.237876,51.2924714]]]]}}]}
