{"type":"FeatureCollection","name":"Frontiera — controllo territoriale, Fase 4","metadata":{"dataCartografica":"2025-03-13","crs":"EPSG:4326","criterio":"controllo territoriale consolidato, non semplice presenza o massima avanzata rivendicata","procedura":"Digitalizzazione manuale su cartografia storica datata; import, riparazione topologica, dissoluzione, separazione delle categorie e ritaglio sul confine nazionale. Nessuna deduzione da testi, percentuali o linee di contatto.","creatoIl":"2026-07-20","revisionatoIl":"2026-07-20","fonti":[{"id":"deepstate-history-1741873398","titolo":"DeepStateMap — revisione storica 1741873398","autore":"DeepStateUA","url":"https://deepstatemap.live/api/history/1741873398/geojson","ruolo":"base vettoriale primaria datata per controllo russo, stato ignoto e controllo ucraino in Russia"},{"id":"deepstate-history-index","titolo":"DeepStateMap — indice pubblico delle revisioni storiche","autore":"DeepStateUA","url":"https://deepstatemap.live/api/history/public","ruolo":"riscontro dell'identificativo e del timestamp UTC della revisione 1741873398"},{"id":"isw-2025-03-13","titolo":"Russian Offensive Campaign Assessment, March 13, 2025","url":"https://www.criticalthreats.org/analysis/russian-offensive-campaign-assessment-march-13-2025","ruolo":"verifica coeva del fronte in Ucraina e del ripiegamento ucraino nell'oblast di Kursk"},{"id":"viina-2","titolo":"VIINA 2.0 — Territorial Control Data","autori":"Yuri M. Zhukov e Natalie Ayers","url":"https://github.com/zhukovyuri/VIINA","licenza":"ODbL 1.0","ruolo":"verifica indipendente giornaliera dell'attribuzione presso i centri abitati e delle località contese"}],"incertezza":"Alta nella stretta fascia residua a sud e ovest di Sudža, media sulle altre fasce grigie. Il perimetro ucraino in Russia è la sola parte blu non coperta da riconquista russa o stato ignoto nella revisione del giorno.","note":"Il perimetro di Kursk esclude Sudža, già perduta, le direttrici di ritirata e le massime rivendicate. Le aree a stato ignoto sono separate dal controllo territoriale."},"features":[{"type":"Feature","id":"fase-4-controllo-russo-pre-2022","properties":{"id":"fase-4-controllo-russo-pre-2022","stato":"controllo-russo","data":"2025-03-13","origineControllo":"pre-2022","sourceId":"deepstate-history-1741873398","note":"Crimea e porzioni del Donbas già controllate prima del 24 febbraio 2022; perimetro identico alla geometria approvata di Fase 3."},"geometry":{"type":"MultiPolygon","coordinates":[[[[32.478939,45.389163],[32.507445,45.381957],[32.513458,45.372038],[32.510377,45.360884],[32.489453,45.346136],[32.551846,45.332385],[32.569816,45.332888],[32.578538,45.327642],[32.65299,45.313322],[32.675688,45.320614],[32.685502,45.332102],[32.712159,45.341307],[32.735393,45.354972],[32.76522,45.363836],[32.84671,45.365264],[32.907019,45.359436],[32.966765,45.336694],[32.991848,45.322499],[33.035244,45.29016],[33.062776,45.27566],[33.107907,45.23151],[33.138912,45.216317],[33.148825,45.202143],[33.185236,45.183717],[33.201984,45.183225],[33.225292,45.174695],[33.257295,45.147804],[33.284289,45.148276],[33.300138,45.162027],[33.29792,45.165633],[33.305239,45.17277],[33.350015,45.173699],[33.380282,45.185909],[33.376436,45.191845],[33.391196,45.197375],[33.432652,45.184093],[33.509265,45.13445],[33.56149,45.081073],[33.58086,45.050881],[33.602595,44.997973],[33.604377,44.980471],[33.597652,44.97655],[33.610962,44.925721],[33.6052,44.866386],[33.594636,44.847578],[33.569694,44.838843],[33.55297,44.841655],[33.548513,44.834598],[33.549545,44.810828],[33.533513,44.792608],[33.540722,44.761758],[33.539777,44.744321],[33.547583,44.724445],[33.546363,44.677979],[33.535667,44.64599],[33.508271,44.631916],[33.494615,44.617766],[33.450155,44.615946],[33.373305,44.584056],[33.403694,44.553239],[33.46013,44.522891],[33.486243,44.494968],[33.506071,44.500846],[33.554048,44.486877],[33.601948,44.491739],[33.627013,44.479579],[33.63834,44.458687],[33.64553,44.421924],[33.673869,44.412807],[33.702892,44.416926],[33.733092,44.383332],[33.759005,44.386932],[33.778737,44.381452],[33.846027,44.401142],[33.882423,44.400268],[33.939412,44.389646],[33.963406,44.38885],[34.034986,44.403674],[34.057232,44.416521],[34.128936,44.427878],[34.171984,44.491011],[34.260362,44.507556],[34.308946,44.552088],[34.334843,44.545507],[34.349035,44.546767],[34.349805,44.57185],[34.354354,44.585681],[34.375816,44.591703],[34.377892,44.612309],[34.389678,44.628884],[34.403924,44.639751],[34.412176,44.658807],[34.432149,44.682765],[34.474964,44.715071],[34.625628,44.773956],[34.677858,44.787856],[34.728811,44.807825],[34.747987,44.807058],[34.763731,44.815057],[34.912095,44.81577],[34.920318,44.82153],[34.920988,44.828751],[34.967823,44.838027],[34.988701,44.828075],[35.0007,44.83203],[35.029503,44.828249],[35.047274,44.814837],[35.043666,44.799459],[35.081062,44.790612],[35.09398,44.801375],[35.111022,44.80702],[35.118455,44.81723],[35.133101,44.822812],[35.130569,44.829311],[35.139391,44.861252],[35.169311,44.900247],[35.190556,44.907887],[35.216612,44.909005],[35.243653,44.916792],[35.25652,44.938423],[35.249825,44.952823],[35.271282,44.967596],[35.283641,44.96616],[35.294987,44.959711],[35.301518,44.965776],[35.322807,44.966441],[35.322466,44.95921],[35.344315,44.964188],[35.351803,44.954952],[35.382973,44.943891],[35.394038,44.954933],[35.356103,44.97733],[35.358416,44.985552],[35.366739,44.992559],[35.428693,45.012912],[35.412652,45.025778],[35.385966,45.035246],[35.389399,45.049444],[35.414638,45.07541],[35.451063,45.097366],[35.541346,45.125861],[35.58496,45.129359],[35.62977,45.122303],[35.692135,45.104626],[35.748793,45.081465],[35.777878,45.066304],[35.804886,45.045558],[35.814483,45.033306],[35.810165,45.021418],[35.82978,45.014076],[35.834113,45.0091],[35.828278,45.004552],[35.842096,44.998366],[35.870587,45.004186],[35.907658,45.018079],[35.925851,45.019111],[35.954083,45.011219],[35.984215,45.022859],[35.994952,45.03511],[36.012561,45.044932],[36.035405,45.049216],[36.07129,45.048252],[36.201045,45.033023],[36.225684,45.026816],[36.24793,45.04068],[36.249153,45.047687],[36.282137,45.05499],[36.372884,45.057475],[36.440096,45.083327],[36.456018,45.095623],[36.454606,45.105555],[36.43318,45.117691],[36.425628,45.128893],[36.417779,45.164294],[36.407778,45.172889],[36.403912,45.214162],[36.423049,45.23723],[36.423707,45.245262],[36.435783,45.258066],[36.43962,45.271622],[36.436333,45.276239],[36.426012,45.27864],[36.421663,45.286584],[36.435179,45.295073],[36.484438,45.305478],[36.499502,45.318675],[36.47329,45.330744],[36.472041,45.341233],[36.477812,45.349132],[36.518286,45.351539],[36.535225,45.349918],[36.534981,45.345637],[36.54435,45.344735],[36.596554,45.345031],[36.60599,45.347733],[36.612025,45.355938],[36.630569,45.360521],[36.633217,45.362811],[36.630106,45.373786],[36.648733,45.38292],[36.611273,45.407542],[36.607593,45.412573],[36.61553,45.422271],[36.598276,45.438662],[36.57528,45.442252],[36.565672,45.436625],[36.56594,45.428443],[36.554467,45.424368],[36.532672,45.42719],[36.495456,45.450514],[36.470548,45.458514],[36.461093,45.456435],[36.447174,45.460135],[36.432474,45.447875],[36.415458,45.446825],[36.376602,45.463689],[36.372894,45.47138],[36.357563,45.471617],[36.344848,45.484307],[36.33933,45.482513],[36.336302,45.474221],[36.322868,45.471297],[36.293683,45.483861],[36.265345,45.478566],[36.17039,45.472361],[36.12387,45.463618],[36.068785,45.445463],[36.068942,45.404374],[36.04285,45.384009],[35.99701,45.371491],[35.941221,45.380044],[35.886842,45.407774],[35.846507,45.446506],[35.87606,45.463856],[35.867831,45.473251],[35.841775,45.474473],[35.823649,45.46632],[35.817747,45.458869],[35.818368,45.451418],[35.826475,45.440129],[35.748929,45.396331],[35.745726,45.39066],[35.748889,45.384633],[35.760985,45.381258],[35.753728,45.366548],[35.724851,45.351594],[35.71557,45.338458],[35.632903,45.324584],[35.525825,45.291193],[35.498759,45.306176],[35.467835,45.307544],[35.382064,45.352514],[35.311256,45.411424],[35.201458,45.523343],[35.109867,45.599025],[35.050056,45.667202],[34.977053,45.765285],[34.958219,45.760037],[34.800881,45.804735],[34.796134,45.892053],[34.782879,45.904975],[34.752716,45.910231],[34.700883,45.959179],[34.651415,45.973908],[34.556042,45.988691],[34.478552,45.946947],[34.436726,45.968164],[34.382464,46.034692],[34.227754,46.060816],[34.160772,46.08043],[34.122582,46.108122],[34.038334,46.116935],[33.82395,46.187069],[33.740532,46.185128],[33.6897,46.204334],[33.60668,46.146878],[33.612528,46.138238],[33.616561,46.11536],[33.633038,46.097381],[33.637282,46.081351],[33.623699,46.071722],[33.611338,46.054819],[33.629384,45.977458],[33.627758,45.958848],[33.616479,45.949068],[33.617606,45.944243],[33.634992,45.941326],[33.647501,45.945166],[33.640135,45.949356],[33.659761,45.954586],[33.692314,45.95526],[33.744939,45.95033],[33.747278,45.946685],[33.751076,45.9488],[33.757987,45.934494],[33.749506,45.928276],[33.730928,45.930188],[33.701995,45.911004],[33.691971,45.913471],[33.680094,45.90854],[33.675115,45.898868],[33.684191,45.850098],[33.661598,45.86426],[33.662233,45.871524],[33.642234,45.876325],[33.616272,45.892143],[33.593725,45.885292],[33.581653,45.871206],[33.568716,45.874008],[33.548213,45.843531],[33.542129,45.840258],[33.527171,45.849723],[33.507622,45.841072],[33.50089,45.848355],[33.520062,45.857708],[33.544102,45.880335],[33.540593,45.884913],[33.517951,45.867777],[33.432207,45.838576],[33.373494,45.797187],[33.32241,45.775037],[33.23866,45.752804],[33.21192,45.757728],[33.182114,45.773902],[33.172486,45.786603],[33.185831,45.807952],[33.182338,45.80993],[33.175838,45.805742],[33.165737,45.78827],[33.159184,45.749182],[33.152919,45.733355],[33.1378,45.719814],[33.127908,45.719842],[33.114638,45.712775],[33.095704,45.715503],[33.0691,45.706833],[33.017154,45.687009],[33.006337,45.679383],[32.999393,45.681147],[32.908691,45.640338],[32.820181,45.586841],[32.821299,45.58301],[32.841008,45.582406],[32.843141,45.570597],[32.833962,45.560234],[32.825974,45.55733],[32.793178,45.56389],[32.772105,45.557869],[32.736877,45.543007],[32.72322,45.533026],[32.59058,45.48558],[32.538208,45.454884],[32.524271,45.438872],[32.500388,45.424663],[32.48807,45.407956],[32.479703,45.404263],[32.478939,45.389163]]],[[[36.50714,45.295558],[36.533319,45.279798],[36.549112,45.261314],[36.578294,45.249048],[36.547052,45.279677],[36.519242,45.293988],[36.50714,45.295558]]],[[[37.521854,47.94582],[37.542839,47.932477],[37.5350299,47.918015],[37.644034,47.886626],[37.634262,47.838423],[37.634549,47.802538],[37.623169,47.77311],[37.637589,47.751994],[37.67268,47.724717],[37.764495,47.684702],[37.803977,47.660196],[37.8312754,47.6567292],[37.8523854,47.641694],[37.8458595,47.6237619],[37.8159936,47.5852213],[37.819427,47.546303],[37.892555,47.469773],[37.878478,47.441684],[37.863715,47.426588],[37.855819,47.403124],[37.856849,47.392898],[37.850326,47.384298],[37.83831,47.378022],[37.841643,47.369022],[37.851599,47.365534],[37.837623,47.352442],[37.848609,47.350116],[37.859152,47.354371],[37.861212,47.347858],[37.856849,47.343603],[37.829283,47.342507],[37.824577,47.321498],[37.834876,47.30823],[37.827666,47.302643],[37.833846,47.285412],[37.833503,47.249301],[37.8005435,47.1732715],[37.818054,47.119099],[37.829283,47.112742],[37.83831,47.099704],[37.895473,47.110921],[37.983964,47.083576],[37.99023,47.091466],[37.975882,47.095683],[37.993063,47.099003],[38.032545,47.08907],[38.040012,47.091875],[38.054332,47.108302],[38.062671,47.110804],[38.08885,47.105956],[38.122869,47.080622],[38.132826,47.06402],[38.131796,47.053729],[38.106046,47.047179],[38.080408,47.026545],[38.084988,47.020418],[38.163265,47.065455],[38.186556,47.093712],[38.229843336512495,47.11924399633516],[38.22979830000001,47.1193016],[38.228514,47.1226068],[38.2290997,47.1271667],[38.22952110719179,47.12756772352162],[38.233806332211984,47.13511432928259],[38.2339764,47.135572900000014],[38.2362181,47.13955330000001],[38.23627854540636,47.14090499711579],[38.234781,47.202589],[38.23501562916667,47.20301460775794],[38.2346853,47.2030824],[38.2342438,47.203242],[38.2339954,47.2035677],[38.2339781,47.2037756],[38.2341398,47.2039875],[38.2344806,47.2042034],[38.2346366,47.2044781],[38.2352719,47.2050784],[38.2370507,47.2074504],[38.2371195,47.207661],[38.2370787,47.2080439],[38.2372421,47.208315800000015],[38.2374708,47.2084212],[38.23803674806358,47.208494794464684],[38.240855333782726,47.213607594230915],[38.2408806,47.2138558],[38.2412734,47.2144522],[38.24134298416097,47.21449217216763],[38.24271547484496,47.216981814402246],[38.242694904068074,47.21720956956315],[38.24116106311484,47.21870266168711],[38.2405847,47.2185649],[38.2402555,47.2186943],[38.240036,47.2191063],[38.240154623836105,47.21968236336815],[38.233869,47.225801],[38.23390650152714,47.22621916218971],[38.2339052,47.226294],[38.23391977947653,47.226367218464084],[38.233991581618284,47.22716785094798],[38.2339134,47.2277251],[38.2336193,47.22801910000001],[38.2328515,47.228363],[38.23290870000001,47.228951],[38.2335867,47.2298718],[38.234302922691946,47.23063947130701],[38.234334,47.230986],[38.23740990681838,47.231407181596936],[38.23763,47.2316856],[38.23803030000001,47.23231790000001],[38.2386429,47.23259520000001],[38.2390677,47.2326451],[38.2406278,47.2323234],[38.2424494,47.2324787],[38.2435354,47.23283830000001],[38.2455019,47.2338365],[38.2464107,47.2339642],[38.2470887,47.233881],[38.247733,47.2334845],[38.2480758,47.23343220000001],[38.2488776,47.2334484],[38.2505893,47.2333641],[38.25197876073125,47.23340208375713],[38.25291120957125,47.233529763272365],[38.25371089481913,47.23373071134175],[38.25509765852991,47.23466704081175],[38.25515220000001,47.2348152],[38.255514823479444,47.23494870655845],[38.26009589211441,47.23804179987612],[38.2603084,47.23825520000001],[38.26041351498903,47.23825625577481],[38.260502,47.238316],[38.288189,47.23856],[38.288176134518004,47.24014086813062],[38.2879737,47.2567529],[38.3244901,47.25695],[38.3244943,47.2573352],[38.3247638,47.257557],[38.32520809340776,47.25776096330829],[38.33080081588136,47.2650918826303],[38.3305089,47.265271],[38.3294115,47.26565510000001],[38.3290765,47.2659687],[38.3290533,47.2665017],[38.3293075,47.26697990000001],[38.3299544,47.2673719],[38.3329001,47.268336],[38.333525950183216,47.26918450937683],[38.32705545361128,47.276814451858044],[38.3265053,47.2770976],[38.3261336,47.2775521],[38.32614615787578,47.27788668396313],[38.32407015986119,47.28033467930109],[38.3239812,47.2803451],[38.3235524,47.2803506],[38.3233155,47.2805086],[38.3228581,47.2811929],[38.3228295,47.2814922],[38.3232093,47.2819743],[38.3239363,47.2828914],[38.3249247,47.2840079],[38.3254066,47.2844789],[38.3258723,47.2847117],[38.326822609828945,47.284918617280965],[38.328733537024746,47.28702907904339],[38.3288263,47.2874399],[38.32949316002231,47.28786802010496],[38.32970922365787,47.28810664460207],[38.3298025,47.288584],[38.3293519,47.2889405],[38.3292942,47.289156],[38.3297562,47.289583],[38.3304609,47.29011580000002],[38.3310327,47.2907466],[38.3320782,47.29144],[38.332829,47.292215700000014],[38.3330968,47.29271220000002],[38.3332982,47.2936248],[38.3332218,47.29535360000001],[38.3332391,47.2962036],[38.33329737815651,47.29628684224344],[38.33329047526843,47.296793367803616],[38.333216,47.2968617],[38.3326096,47.2970615],[38.33181,47.29717],[38.3276423,47.2975747],[38.3269549,47.2978449],[38.3268392,47.29817710000001],[38.3270003,47.2994985],[38.3274395,47.2997679],[38.3278496,47.3003359],[38.3282482,47.3005944],[38.3288142,47.3007315],[38.3304546,47.3007981],[38.3318062,47.30106439999999],[38.3327707,47.30149139999999],[38.3339952,47.3022865],[38.3340588,47.3024784],[38.3342436,47.302592],[38.3345902,47.3026939],[38.3348039,47.3030111],[38.3347634,47.3031443],[38.3345728,47.3032618],[38.3345497,47.3037905],[38.334827,47.3043154],[38.3355952,47.3054042],[38.336015019615736,47.30560214282136],[38.336091579901534,47.30581564055086],[38.3360168,47.3059565],[38.3360399,47.3062541],[38.3109722,47.30606739999999],[38.2327288409887,47.30548474536996],[38.220978,47.30538],[38.22097838780752,47.305397243303844],[38.220892,47.3053966],[38.2209024,47.3058861],[38.22090270000001,47.3062067],[38.22110414837007,47.310989005968594],[38.22119384919068,47.314977424034986],[38.2212454,47.319523],[38.2210564,47.320618],[38.221104,47.3208129],[38.2212676,47.3214821],[38.2213018,47.3223915],[38.2212163,47.3228781],[38.2211821,47.32551930000001],[38.22117330000001,47.3258003],[38.2211335,47.3270782],[38.22137520000001,47.3272625],[38.2218828,47.3276925],[38.2220942,47.3278727],[38.2222997,47.3280734],[38.22245070000001,47.3282044],[38.2226924,47.3283232],[38.2229764,47.328401],[38.2232664,47.3284665],[38.22361080000001,47.3285648],[38.2240217,47.3286344],[38.2245836,47.3287778],[38.2257618,47.3291341],[38.22596621460925,47.3291960654042],[38.22630279696753,47.329334696069004],[38.22639020000001,47.3294003],[38.226644,47.3295395],[38.2268857,47.3297647],[38.22691564593727,47.32989261476517],[38.222079,47.332853],[38.22256336150611,47.33320121758384],[38.222626,47.3333152],[38.22271660000001,47.3334953],[38.2228495,47.3336059],[38.2230489,47.3337738],[38.2232785,47.33388439999999],[38.2235444,47.3339704],[38.22372408877511,47.334035688614286],[38.22397406253808,47.3342153999635],[38.2240036,47.3343471],[38.2239915,47.334515],[38.2240459,47.3347566],[38.2241546,47.3349613],[38.2242755,47.3351538],[38.2245534,47.3354363],[38.2248676,47.3357066],[38.2250972,47.3359482],[38.225357,47.3361938],[38.22573410000001,47.3365272],[38.2260241,47.3366746],[38.2263746,47.3368548],[38.2267734,47.3370595],[38.227148,47.3372643],[38.2275226,47.3374772],[38.2278609,47.3376491],[38.22835640000001,47.3378539],[38.2287794,47.3380422],[38.229335200000016,47.3381733],[38.22957245086702,47.338240198038335],[38.230493,47.338902],[38.230693,47.343169],[38.2311752238234,47.343416958021905],[38.2311962,47.3435205],[38.2314621,47.3439627],[38.2319092,47.3443148],[38.232332100000015,47.3444212],[38.232912200000015,47.3445932],[38.2333835,47.3447405],[38.2339514,47.3448552],[38.233990845925526,47.34486474233487],[38.24637984616291,47.35123512853956],[38.2463776,47.35126779999999],[38.2462447,47.3514111],[38.2460332,47.35160339999999],[38.2458942,47.3517549],[38.245725,47.3519432],[38.2456042,47.3522175],[38.2456767,47.3524344],[38.24575530000001,47.3525654],[38.24590030000001,47.3527455],[38.2460634,47.3530116],[38.2461842,47.3532449],[38.2463534,47.3537157],[38.2464018,47.3539572],[38.2464864,47.3541578],[38.2466193,47.354342],[38.2470966,47.35466119999999],[38.247435,47.3549969],[38.2478096,47.3553162],[38.248508,47.355825],[38.2487601,47.3559582],[38.249324,47.3564357],[38.24933260000001,47.3565689],[38.24933260000001,47.3567773],[38.2492941,47.3569914],[38.2491532,47.3571333],[38.2489823,47.3572577],[38.2489221,47.3573738],[38.2488327,47.35769759999999],[38.2488028,47.3578626],[38.2487857,47.3580131],[38.2487515,47.3582012],[38.24870880000001,47.3584212],[38.2486533,47.3585051],[38.2486704,47.3586267],[38.2487345,47.3586354],[38.2488455,47.3586267],[38.2489395,47.3586296],[38.2489865,47.35868749999999],[38.2489609,47.358809],[38.24877290000001,47.3589508],[38.2486533,47.3590174],[38.2484055,47.3591013],[38.248226,47.3591361],[38.2479953,47.3591824],[38.2477732,47.359301],[38.2475894,47.359466],[38.247504,47.359602],[38.2472391,47.3598046],[38.2470597,47.3600767],[38.246987,47.3602966],[38.2469742,47.3604731],[38.2470426,47.3606381],[38.2471878,47.3608581],[38.2472776,47.3611156],[38.24731561066847,47.361229265511376],[38.24633973533991,47.36232020733115],[38.2457201,47.3626205],[38.2452247,47.3628907],[38.2448259,47.3631444],[38.2448259,47.36348],[38.244983,47.3637092],[38.2454664,47.3639302],[38.2459981,47.3641757],[38.246421,47.364454],[38.2466561,47.3647584],[38.2468193,47.3649794],[38.2472241,47.3654214],[38.2474477,47.3656956],[38.2476893,47.3659452],[38.2478404,47.3661539],[38.2482331,47.3663872],[38.2484869,47.3665345],[38.2488978,47.3666655],[38.2491938,47.3667882],[38.249502,47.3670051],[38.2496712,47.3672261],[38.249792,47.3674757],[38.249798,47.3676108],[38.2500458,47.3679668],[38.250227,47.3681919],[38.2505113,47.368543],[38.2508738,47.3688622],[38.2514055,47.3690913],[38.2520339,47.3693369],[38.2525777,47.3696479],[38.2531335,47.3699998],[38.2534719,47.3703517],[38.2537136,47.3706873],[38.2538223,47.37122739999999],[38.2543057,47.3715875],[38.2552483,47.37184939999999],[38.2557317,47.3721195],[38.2562996,47.3725205],[38.2568918,47.3729379],[38.2572543,47.3732126],[38.25857498530715,47.373231898559226],[38.258732,47.373353],[38.286492,47.37356],[38.286416,47.391477],[38.302085,47.39287],[38.30202212171789,47.47496208860244],[38.2954668,47.4747341],[38.2952714,47.4748451],[38.29523570000001,47.4749881],[38.29558030000001,47.4757519],[38.295320900000014,47.4758904],[38.2896636,47.4760172],[38.288368,47.4760923],[38.2878407,47.47682],[38.2878956,47.4775032],[38.2877857,47.4783275],[38.2870496,47.4794933],[38.28595520000001,47.4834921],[38.2866045,47.4838655],[38.2869516,47.4848242],[38.2869809,47.4850752],[38.2869125,47.4853856],[38.2868245,47.4859207],[38.2868441,47.4862179],[38.2868147,47.4865218],[38.2871177,47.4868718],[38.2879193,47.4870436],[38.2882027,47.4874399],[38.2883494,47.4877173],[38.2882223,47.4881202],[38.2883689,47.4884769],[38.28851550000001,47.4888006],[38.2888576,47.4891374],[38.2893912,47.4893223],[38.2903432,47.4896732],[38.291493,47.4901578],[38.29187904110208,47.49043233455131],[38.292016058403334,47.491188950371836],[38.2909242,47.4932738],[38.2906399,47.4964313],[38.29035550000001,47.4972332],[38.290330800000014,47.4975757],[38.290541,47.4978012],[38.2906028,47.49803510000001],[38.29061520000001,47.4983024],[38.2900394,47.4989951],[38.2902337,47.4992161],[38.2906943,47.4994639],[38.2915936,47.4997083],[38.29208230000001,47.4999064],[38.292512400000014,47.5001771],[38.29243420000001,47.5004875],[38.29273720000001,47.5008243],[38.2935974,47.5013658],[38.29375380000001,47.5016629],[38.2936813,47.5018606],[38.2937802,47.5021613],[38.29361690000001,47.5023299],[38.2934507,47.5026402],[38.2934587,47.5029046],[38.29332270000001,47.5031719],[38.293298,47.5035143],[38.293372200000015,47.5037983],[38.2934507,47.5041854],[38.2934312,47.5043439],[38.2934019,47.5046476],[38.29319910000001,47.504859],[38.29272930000001,47.505026],[38.29223480000001,47.5052264],[38.291765,47.5055271],[38.2915671,47.5058445],[38.2915919,47.5060199],[38.2919161,47.5064304],[38.2925417,47.5069454],[38.2931575,47.5074802],[38.2934507,47.5078104],[38.2934312,47.5080877],[38.29338220324317,47.50811587097483],[38.284908,47.508376],[38.28490620157575,47.509000070507135],[38.284896,47.509034],[38.2848209,47.5200836],[38.2848134,47.5211814],[38.2848114,47.5214805],[38.2847389,47.5224516],[38.284752,47.5233025],[38.2847646,47.5241255],[38.284851794627926,47.527879804545904],[38.28481728141007,47.53985622300048],[38.2847269,47.5443096],[38.284804277907924,47.54436856327856],[38.284804,47.544465],[38.28493407670219,47.54446747216185],[38.2849391,47.5444713],[38.286217,47.5444989],[38.2868775,47.5446132],[38.294278,47.5446642],[38.29608384377966,47.54467937812403],[38.305114,47.544851],[38.30534497563385,47.545186519277266],[38.3052734,47.54531570000001],[38.3054133,47.5455967],[38.3055917,47.545722],[38.30576848592447,47.54580171779087],[38.30671195614095,47.54717221925842],[38.3061402,47.5476779],[38.3059379,47.5478824],[38.3059738,47.5480853],[38.3060754,47.5482879],[38.3062786,47.548445],[38.3066129,47.54851890000001],[38.3074046,47.5487126],[38.307944593351166,47.54896276979837],[38.30846260258692,47.54971523914547],[38.3084811,47.5497559],[38.3085506,47.5499445],[38.3085194,47.5502187],[38.3085821,47.5504383],[38.3088315,47.5507692],[38.3090942,47.550964],[38.3092862,47.5510945],[38.30950891556625,47.5512351318232],[38.30957438135087,47.55133022857595],[38.3096391,47.5515418],[38.3096394,47.5517966],[38.3095542,47.55213280000001],[38.3096967,47.5522808],[38.3101864,47.5525427],[38.310446,47.5527096],[38.31054321569227,47.552737574418465],[38.31115,47.553619],[38.31107937416412,47.562411524200556],[38.3107926,47.5761448],[38.32396,47.5761775],[38.33049,47.5761937],[38.336649,47.5761946],[38.3399839,47.5761951],[38.3462209,47.5761959],[38.34855001155973,47.576196210879814],[38.3507160303701,47.576205906138405],[38.35069622516175,47.578881344857415],[38.35012,47.616689],[38.38248269580753,47.61678465957116],[38.3991765,47.6169367],[38.4300784,47.6170692],[38.4416586,47.6170533],[38.45668638798145,47.6171103580957],[38.456275,47.644253],[38.567990341592235,47.64467377726761],[38.5913144,47.6448461],[38.5919874,47.6447978],[38.59225880000001,47.6447765],[38.592404899539716,47.6447657350134],[38.61647895780774,47.64485641026278],[38.6165171,47.6451077],[38.6171346,47.6456343],[38.6174891,47.6463459],[38.6189101,47.6474397],[38.6195963,47.647781],[38.6206692,47.6483146],[38.62211090000002,47.6496315],[38.623349,47.6507623],[38.62502590000001,47.6522352],[38.6260863,47.6534589],[38.6272301,47.6534513],[38.6295870323811,47.65343558025567],[38.629274,47.669278],[38.62927644172244,47.6692780093366],[38.6292721,47.669396],[38.6359091,47.6695014],[38.6375104,47.6695984],[38.6382436,47.6695817],[38.6437274,47.66955870000001],[38.6532488,47.66954830000001],[38.65572863251943,47.66937915665345],[38.665887,47.669418],[38.66569118872709,47.68947456573221],[38.6656445,47.6907115],[38.665678172337834,47.69080780902704],[38.66564541014566,47.694163576298216],[38.6655304,47.6961887],[38.6653895,47.69651380000001],[38.6647428,47.6970558],[38.665261390782845,47.697335231476714],[38.6592,47.700057],[38.727703078959216,47.698832401168424],[38.7322014,47.6994668],[38.7345363,47.6996145],[38.7348912,47.6996369],[38.7356172,47.6991207],[38.7358819,47.6984873],[38.736127,47.6980585],[38.735578,47.6974713],[38.7354506,47.6971678],[38.7356074,47.6949442],[38.73551170000001,47.6945835],[38.73213720000001,47.6929912],[38.7314019,47.6928658],[38.7307942,47.69252930000001],[38.7306373,47.6923643],[38.7300099,47.6918958],[38.7298727,47.69117],[38.7300295,47.6904441],[38.73021580000001,47.6900878],[38.7308138,47.6895731],[38.7313235,47.6893157],[38.73270570000001,47.6890914],[38.73317630000001,47.6888604],[38.73349,47.6884909],[38.7336076,47.6880026],[38.734137,47.6874086],[38.7346271,47.6872503],[38.7350584,47.6872371],[38.7356662,47.687369],[38.73651910000001,47.6878574],[38.7369406,47.687996],[38.7372935,47.6879762],[38.7377346,47.6877386],[38.7380287,47.6872437],[38.7385091,47.6863132],[38.7392051,47.6858776],[38.739705,47.6850923],[38.7398815,47.6845644],[38.739656,47.6841486],[38.7392541,47.6837526],[38.73892080000001,47.6835744],[38.7374896,47.6833764],[38.7366955,47.6834556],[38.736332800000014,47.6833698],[38.7359211,47.6830795],[38.73556820000001,47.6825911],[38.73534270000001,47.6818915],[38.7352545,47.6813305],[38.73528995107164,47.680989425549825],[38.74481208487939,47.68218982894149],[38.744881,47.6822809],[38.7449202,47.6824657],[38.7444987,47.6832445],[38.7445281,47.6835612],[38.74493,47.684241],[38.7450672,47.6848943],[38.7451947,47.6851781],[38.7459397,47.6856994],[38.7464886,47.6862208],[38.746871,47.686366],[38.7472435,47.6863528],[38.7475572,47.6862934],[38.7478709,47.6860294],[38.7480473,47.6857192],[38.7500961,47.6846568],[38.7507823,47.6844654],[38.7512039,47.6844852],[38.7516842,47.6846106],[38.7519881,47.6848745],[38.7522332,47.6852969],[38.7524096,47.6859436],[38.7527429,47.686333],[38.7530958,47.686498],[38.7534585,47.6865178],[38.7541545,47.6863594],[38.7546153,47.685871],[38.7547035,47.6856005],[38.7551449,47.6853401],[38.764152,47.6855278],[38.77127099059312,47.6855253586452],[38.772608151936055,47.68569392727106],[38.772595371335186,47.69440244810406],[38.77120337062373,47.715549334729346],[38.7707513,47.7175131],[38.771065500981265,47.717643811890326],[38.770912924011725,47.719961718662844],[38.7707635,47.7199518],[38.7706557,47.7200046],[38.7706802,47.720153],[38.7705576,47.7202585],[38.7706361,47.720331],[38.7705331,47.7206113],[38.7704351,47.720763],[38.7704351,47.7208916],[38.7705478,47.7209048],[38.7705331,47.72101030000001],[38.7703714,47.721096],[38.7703175,47.7210004],[38.7702341,47.7209938],[38.77015080000001,47.7210565],[38.7704302,47.721317],[38.7708762,47.7217885],[38.7708664,47.7218742],[38.7713468,47.72254030000001],[38.7714497,47.72251720000001],[38.77214080000001,47.7228172],[38.7724496,47.72333490000001],[38.7725672,47.7244065],[38.7730003,47.7250254],[38.7729464,47.7252232],[38.77251990000001,47.7255694],[38.7726741,47.72751430000001],[38.7730896,47.7278605],[38.7735366,47.72823120000001],[38.7733666,47.72863130000001],[38.773398,47.728900300000014],[38.7737373,47.7290054],[38.7743897,47.7289617],[38.7745145,47.72903630000001],[38.7747779,47.7289011],[38.77505520000001,47.728915100000016],[38.77514530000001,47.7289897],[38.775173,47.729110900000016],[38.775277,47.72923680000001],[38.77639820000001,47.730781],[38.7757882,47.7335504],[38.7775211,47.7357043],[38.7792817,47.7363663],[38.7797592,47.7371867],[38.7890234,47.7375434],[38.78891510000001,47.7502977],[38.7889067,47.7512904],[38.7889398,47.7654411],[38.788961,47.7658336],[38.7891099,47.7685824],[38.7895026,47.76855980000001],[38.7899988,47.7684914],[38.790893,47.768524],[38.7917803,47.76843080000001],[38.7932706,47.768729],[38.793737,47.769166],[38.79373250000001,47.76970280000001],[38.7933971,47.7705936],[38.7930377,47.7714137],[38.79253480000001,47.7720044],[38.79251520000002,47.7723404],[38.7933484,47.7728411],[38.794662,47.772907],[38.7964462,47.7733616],[38.7965442,47.7736581],[38.79619130000001,47.7739875],[38.796318700000015,47.7744486],[38.79576,47.7748835],[38.79554430000001,47.7757794],[38.795995200000014,47.7761615],[38.7959805,47.776458],[38.79547510000001,47.7766374],[38.79343630000001,47.7765084],[38.7928767,47.7765514],[38.79242890000001,47.77693830000001],[38.7920691,47.7776582],[38.79173330000001,47.7778892],[38.79030220000001,47.7778892],[38.7893428,47.7778463],[38.788991,47.77830830000001],[38.7889403,47.7788647],[38.7892107,47.7794951],[38.7896841,47.7798586],[38.7899799,47.7800461],[38.790318,47.7803301],[38.790411,47.7806368],[38.7903264,47.7810173],[38.790411,47.7813808],[38.7904861,47.7818757],[38.79312920000001,47.7837784],[38.7932651,47.7842243],[38.7930973,47.7844216],[38.79269590000001,47.7845926],[38.7919459,47.7845896],[38.7911064,47.7845896],[38.7906427,47.7848206],[38.7890357,47.7848153],[38.7872847,47.7844983],[38.7865412,47.7846165],[38.7859175,47.7849066],[38.78533390000001,47.7859112],[38.7850301,47.7865451],[38.7838686,47.7880408],[38.7837908,47.7891987],[38.7836382,47.7911841],[38.7839709,47.79173020000001],[38.7847023,47.792153],[38.7855098,47.79291040000001],[38.7872127,47.7935818],[38.7880043,47.7940276],[38.7886039,47.7945755],[38.7890031,47.795345800000014],[38.7892915,47.7956443],[38.790067,47.7960256],[38.7904681,47.796407],[38.790333900000014,47.7975221],[38.7907297,47.79881330000001],[38.7906844,47.79936020000001],[38.7901715,47.7997444],[38.7898499,47.8001298],[38.7894068,47.8013471],[38.7895085,47.8032563],[38.7890517,47.8041943],[38.7890436,47.8049278],[38.7890051,47.8084241],[38.788993,47.8095194],[38.78893304018099,47.81496026454078],[38.788677,47.815974],[38.82881854573714,47.81604749556032],[38.8287987,47.8232682],[38.8292331,47.8238186],[38.8314945,47.8246157],[38.8320825,47.8252762],[38.8324104,47.8266805],[38.8321638,47.8273204],[38.8319526,47.8274662],[38.8309645,47.827562],[38.8304368,47.8278303],[38.8304368,47.8283564],[38.8299091,47.8284422],[38.8294294,47.827927],[38.8288538,47.8279055],[38.828422,47.8285711],[38.8288858,47.8293547],[38.8279583,47.8299237],[38.828438,47.8310616],[38.828454,47.83187739999999],[38.8279743,47.8326073],[38.8273136,47.832754],[38.8265367,47.8333811],[38.8261995,47.833798],[38.8260614,47.8341659],[38.8258445,47.8347439],[38.8252904,47.8353662],[38.8257088,47.8359507],[38.8260367,47.8368842],[38.8256975,47.8375141],[38.8264974,47.8387241],[38.8264224,47.8389492],[38.8246912,47.8402008],[38.8247551,47.840442],[38.8249376,47.8406903],[38.8250789,47.8407889],[38.8252428,47.8408497],[38.8252428,47.8409483],[38.8256111,47.8421217],[38.8260624,47.8426397],[38.82631520000001,47.8437366],[38.8260464,47.8451456],[38.8261984,47.8456929],[38.8269019,47.84631],[38.8276611,47.8473966],[38.8273898,47.8477912],[38.8275255,47.8482009],[38.8280343,47.8483982],[38.8293903,47.8481332],[38.8297771,47.8482581],[38.8297913,47.8485645],[38.8293572,47.8491798],[38.829425,47.8495592],[38.8298434,47.8499461],[38.8307219,47.8501002],[38.8329665,47.8499901],[38.8343508,47.8495009],[38.8360547,47.84968459999999],[38.8375233,47.8505432],[38.83824267066356,47.85128166461085],[38.8393994,47.8642544],[38.842935387353535,47.86433681579934],[38.8429626,47.8653254],[38.85785139999999,47.8655194],[38.8594211,47.8655399],[38.8643262,47.8656038],[38.8775668,47.8671032],[38.8785044,47.8705076],[38.8785044,47.8712972],[38.8789302,47.8718265],[38.8796064,47.8724229],[38.8796941,47.8727169],[38.8793059,47.8729353],[38.8789677,47.873389],[38.8789302,47.8735207],[38.8790329,47.8736998],[38.8791362,47.87387],[38.8791934,47.8740351],[38.8792106,47.8741695],[38.8791648,47.8742654],[38.8789931,47.8744036],[38.8786268,47.8745956],[38.8784322,47.8746417],[38.878312,47.8746378],[38.8781575,47.8747069],[38.8780774,47.8748298],[38.878043,47.8749872],[38.8780202,47.8751215],[38.8779858,47.8753442],[38.8779,47.8755438],[38.8778427,47.8757319],[38.8779,47.8758125],[38.8780602,47.8758739],[38.8783693,47.8759315],[38.8786726,47.8759661],[38.8790446,47.8759891],[38.8794395,47.8759814],[38.8798459,47.8759546],[38.8804697,47.8758663],[38.8809448,47.875824],[38.8815228,47.8757357],[38.8820208,47.8755975],[38.8826503,47.8753787],[38.8832627,47.8750755],[38.8836519,47.8748912],[38.8839953,47.8747338],[38.8842242,47.8746762],[38.884447499999986,47.8746378],[38.8846936,47.8746148],[38.8851572,47.8746148],[38.8857009,47.8745956],[38.8861702,47.8745495],[38.8864907,47.8744612],[38.8868799,47.8742616],[38.8871889,47.8741272],[38.887498,47.8740351],[38.8876869,47.8739737],[38.8879215,47.8739122],[38.8881562,47.8738892],[38.8884881,47.8738892],[38.8887571,47.8739468],[38.8890834,47.8741042],[38.88928939999999,47.874181],[38.8895527,47.8742424],[38.8899247,47.8742808],[38.8902853,47.8743],[38.8906172,47.8742616],[38.8908519,47.8742002],[38.8910236,47.8741196],[38.8911552,47.8740082],[38.8913155,47.8738239],[38.8914643,47.8736742],[38.89147,47.8735514],[38.89148139999999,47.8733978],[38.8915043,47.8732826],[38.891573,47.873156],[38.8916531,47.8730907],[38.8918077,47.8730216],[38.8919736,47.8730216],[38.8922198,47.8730792],[38.8924773,47.8731867],[38.8926948,47.8733441],[38.8927978,47.8734938],[38.8929867,47.8738086],[38.8931298,47.8740389],[38.89331290000001,47.8741656],[38.8935018,47.8743077],[38.8937937,47.8744075],[38.8939883,47.8744267],[38.8942286,47.874419],[38.8946121,47.8743537],[38.8950185,47.8743153],[38.8955164,47.8743],[38.8960315,47.8743345],[38.8964722,47.8743998],[38.8967526,47.8744152],[38.8970045,47.8744075],[38.8976455,47.8743806],[38.8979316,47.8743614],[38.8982693,47.8743384],[38.8984296,47.8743],[38.8985097,47.8742117],[38.89857270000001,47.8740812],[38.8986299,47.873943],[38.89875580000001,47.8735322],[38.8988188,47.8733326],[38.8988645,47.8731828],[38.8989847,47.8730139],[38.8991564,47.8729333],[38.8993281,47.8728911],[38.8997288,47.872822],[38.9006102,47.8726146],[38.9009994,47.8725532],[38.9020582,47.8724496],[38.9027564,47.8724189],[38.9034547,47.8723689],[38.9040957,47.8723728],[38.9050572,47.8724496],[38.9056295,47.8725225],[38.9074438,47.8725647],[38.908165,47.8726377],[38.9085999,47.8727529],[38.9091207,47.8729319],[38.9093781,47.873204],[38.909737,47.8741511],[38.909971,47.8743656],[38.9118432,47.8754854],[38.9124361,47.8756267],[38.9135249,47.8752667],[38.9139596,47.8749386],[38.9145987,47.8743224],[38.9169472,47.8739735],[38.9274449,47.8731005],[38.93253530000001,47.8736427],[38.935487,47.8735308],[38.9368361,47.8734797],[38.9414017,47.8732852],[38.94168949999999,47.8731549],[38.9424924,47.8730407],[38.9429181,47.8728367],[38.9433439,47.872698],[38.9440129,47.8726654],[38.9445481,47.872494],[38.9447184,47.8723227],[38.9449982,47.8721432],[38.945947,47.8718249],[38.9465673,47.8716699],[38.9472364,47.8714822],[38.9478689,47.8714006],[38.949061,47.8709682],[38.9497422,47.8708213],[38.9505937,47.8705275],[38.9513965,47.8702093],[38.9525034,47.869834],[38.9528319,47.86963],[38.9533063,47.8695157],[38.9540726,47.8694423],[38.9548024,47.8694015],[38.9555931,47.8693688],[38.985599,47.8699334],[39.0361211,47.8696772],[39.066672852597975,47.86955162575118],[39.082778,47.869927],[39.08278043714751,47.86953181545183],[39.0831103,47.86953230000001],[39.0830608,47.851627],[39.0878969302084,47.85163195975813],[39.109389,47.851752],[39.10939058884856,47.851654002867704],[39.1094853,47.8516541],[39.10947282097682,47.8465820829025],[39.109535,47.842747],[39.149633856425766,47.84258219786509],[39.1499219,47.851505],[39.1622807,47.851569],[39.16261510000001,47.8512521],[39.1644093,47.8503203],[39.1679822,47.8480325],[39.16815380000001,47.847509],[39.1688325,47.847242],[39.1691211,47.8469226],[39.1697374,47.8466138],[39.1705253,47.8467761],[39.1719295,47.8462211],[39.1722727,47.8465876],[39.1721401,47.8471111],[39.17434,47.8485665],[39.1757051,47.849891],[39.175712900000015,47.850336],[39.175908,47.8505768],[39.1765633,47.8508019],[39.1770937,47.851116],[39.1778894,47.8514249],[39.1798709,47.8527231],[39.1809689,47.8536801],[39.2338918261581,47.85364797558382],[39.236213,47.853953],[39.23639093248974,47.85437393393379],[39.2363764,47.854467499999984],[39.2348164,47.8563829],[39.2343639,47.8566394],[39.2341065,47.8569744],[39.2338647,47.8571995],[39.2336384,47.8572937],[39.2335604,47.857435],[39.2336774,47.8576287],[39.2337087,47.85784849999999],[39.2338335,47.8579532],[39.2338179,47.8580788],[39.2341767,47.8586284],[39.2340675,47.8588535],[39.2341377,47.8589425],[39.2340675,47.8590681],[39.2339274,47.8599062],[39.234527,47.860555],[39.23540830000001,47.8604774],[39.23681,47.86091],[39.2371459,47.8614766],[39.2373882,47.8622654],[39.2375271,47.8623757],[39.23751580000001,47.8625442],[39.2370304,47.8629883],[39.2370469,47.8634435],[39.2367932,47.8635989],[39.2367711,47.8637284],[39.2367987,47.8640467],[39.236738,47.8641799],[39.2368814,47.8644501],[39.2369366,47.8646499],[39.241737,47.8670691],[39.35144119999999,47.8669487],[39.34839,47.871448],[39.3541882,47.872621],[39.3554047,47.8727119],[39.3873086,47.8711604],[39.39035041251288,47.866185555138834],[39.39045,47.866185],[39.412529,47.830898],[39.423622804145126,47.83489132261192],[39.4244528,47.8357549],[39.4263563,47.8369279],[39.4301319,47.8373887],[39.4311617,47.8379752],[39.4326103,47.8381751],[39.4327356,47.838212],[39.43279900196515,47.838194384191766],[39.43336195704161,47.83839702534235],[39.4333948,47.8384345],[39.4335547,47.8385131],[39.4336522,47.8386414],[39.4336288,47.8387016],[39.43366,47.8387408],[39.4339175,47.8387513],[39.434015,47.8387147],[39.434205972614194,47.83870083694987],[39.437354,47.839834],[39.43825756592033,47.840931970728285],[39.4332243,47.8443538],[39.4399605,47.8547661],[39.4406843,47.8549593],[39.4414956,47.8549436],[39.441909,47.8550117],[39.4425643,47.8552263],[39.4426657,47.8551896],[39.4427671,47.8550797],[39.443243,47.855064],[39.4433288,47.8551059],[39.4441947,47.8551164],[39.4443819,47.8550797],[39.4445691,47.8552211],[39.4450294,47.8553833],[39.4456067,47.8554357],[39.4459655,47.8554566],[39.4464492,47.8552577],[39.4468158,47.8547447],[39.4469095,47.8546924],[39.4468626,47.8545772],[39.4469251,47.85444109999999],[39.4468704,47.8542317],[39.4469095,47.8538286],[39.4467378,47.8536559],[39.446496,47.8535617],[39.4464258,47.8532947],[39.4462152,47.8530906],[39.4456145,47.8528288],[39.4455053,47.8525775],[39.4457816,47.8525105],[39.4458588,47.8524032],[39.4462687,47.8523184],[39.4464299,47.8524193],[39.4468512,47.8525162],[39.4473114,47.8522754],[39.4481695,47.8521733],[39.4483216,47.8520555],[39.4484114,47.8519482],[39.4486493,47.8519273],[39.4487312,47.8520791],[39.4489028,47.8521053],[39.4489691,47.8521498],[39.4489379,47.8521995],[39.4489769,47.852223],[39.4491642,47.8522361],[39.4493475,47.8523434],[39.4493629,47.8522828],[39.4494333,47.8522806],[39.4494567,47.8523251],[39.4496828,47.8524197],[39.4499531,47.8524734],[39.4499807,47.8524438],[39.4500301,47.8524534],[39.4501042,47.8525162],[39.4500691,47.8525738],[39.449913,47.8526209],[39.4499911,47.8528041],[39.4501744,47.8528538],[39.450346,47.8529611],[39.4504279,47.8529245],[39.4507322,47.8530004],[39.4507712,47.8530528],[39.4508999,47.8531025],[39.450935,47.8532229],[39.45120449999999,47.8534649],[39.4515477,47.8538942],[39.4516491,47.8539072],[39.4516959,47.8539439],[39.451867599999986,47.8539465],[39.4519495,47.8539884],[39.4520119,47.853991],[39.4520236,47.8540329],[39.452164,47.8541323],[39.452281,47.854135],[39.4523824,47.8542213],[39.4525657,47.8543025],[39.4542172,47.855226],[39.4563465,47.8552556],[39.4584426,47.8555592],[39.4599209,47.8569805],[39.4606567,47.8572518],[39.4608127,47.85746109999999],[39.4613042,47.8575135],[39.461468,47.8575763],[39.4615304,47.85766],[39.4615382,47.8577857],[39.4618347,47.858084],[39.4618035,47.8581625],[39.4620141,47.8582829],[39.4621077,47.8582881],[39.4622889,47.8585311],[39.4623716,47.8586199],[39.4622779,47.8586459],[39.4622944,47.8587014],[39.4626088,47.8588124],[39.4627191,47.8587939],[39.4631053,47.8589123],[39.4632377,47.8589086],[39.4633204,47.8589567],[39.4636072,47.8589715],[39.4636293,47.859016],[39.4637176,47.859016],[39.4637396,47.8589271],[39.4638334,47.8589123],[39.4638941,47.8589493],[39.4638665,47.8590308],[39.4639658,47.8590456],[39.4640651,47.8589827],[39.4641478,47.8589827],[39.4641809,47.8590826],[39.4642747,47.859127],[39.464385,47.8592972],[39.4644402,47.8592972],[39.4644898,47.8593713],[39.4647325,47.85946749999999],[39.4647546,47.8595452],[39.4649808,47.8595896],[39.4652786,47.8595563],[39.4653779,47.8595637],[39.4658689,47.8596599],[39.4659902,47.8597377],[39.4661557,47.8597969],[39.4663598,47.8597747],[39.4664812,47.8598487],[39.4665584,47.8598154],[39.466779,47.8596155],[39.4673637,47.8596118],[39.467441,47.85964139999999],[39.467794,47.8596637],[39.4679374,47.8596155],[39.4680919,47.8596562],[39.4682243,47.8596266],[39.4683015,47.8596711],[39.4683732,47.85964139999999],[39.468478,47.8596859],[39.4685997,47.859667399999985],[39.4687245,47.8597197],[39.4688025,47.8596151],[39.4691146,47.8595104],[39.4693564,47.8594842],[39.4695982,47.8593691],[39.4697777,47.8594005],[39.4700897,47.8593219],[39.4702457,47.8593219],[39.4703471,47.8592591],[39.470667,47.8591492],[39.4709868,47.8591859],[39.4716343,47.8591283],[39.472079,47.8589556],[39.4722818,47.85908639999999],[39.4723832,47.8590602],[39.4726796,47.8591492],[39.4728123,47.8592539],[39.4731633,47.8592539],[39.4739512,47.8595837],[39.4749341,47.8596098],[39.4751916,47.8597511],[39.4755582,47.8597564],[39.4763227,47.86006],[39.4764553,47.8600704],[39.4766269,47.8601751],[39.4773758,47.8603478],[39.4778062,47.8606797],[39.5209371,47.8256835],[39.5349572,47.8328253],[39.54245455054172,47.8251226295538],[39.5440521656307,47.82591226167537],[39.5445747,47.8264637],[39.5458622,47.826868],[39.5468001,47.8278994],[39.5478025,47.82806],[39.548628,47.8284604],[39.54931830000001,47.8288152],[39.549824281343845,47.828765169117176],[39.565587,47.836556],[39.56803863823889,47.83643041832643],[39.6216631,47.8363575],[39.6218077,47.8373306],[39.622552800000015,47.8379451],[39.6244949,47.8385568],[39.62570980000001,47.839133],[39.62665,47.83893],[39.6276418,47.8388717],[39.6286247,47.8387251],[39.62953690000001,47.8384799],[39.6305666,47.838527],[39.63129,47.83859],[39.6319942,47.8386003],[39.6328133,47.8384904],[39.6329069,47.8385585],[39.6333438,47.8385532],[39.6335466,47.8384956],[39.6339835,47.8385794],[39.6344203,47.838438],[39.6346075,47.8384642],[39.6348728,47.83837],[39.63513020000001,47.8383909],[39.6353642,47.8383542],[39.6358229,47.8385006],[39.6451077,47.8363677],[39.6480478,47.8353442],[39.6522289,47.8329947],[39.70653870000001,47.829557],[39.7091768,47.82939],[39.72319680000001,47.8285025],[39.729082732307205,47.828181164202825],[39.73773478345895,47.82773797521752],[39.7379636657213,47.827768936095836],[39.7389637065081,47.82851313041087],[39.74098,47.83069],[39.74201,47.83172],[39.7567387,47.8468232],[39.7590272,47.8463423],[39.76289737855317,47.84632370664825],[39.763184,47.846537],[39.762505,47.870145],[39.76344435279575,47.87004908384328],[39.7634486,47.8706904],[39.7638348,47.8707984],[39.764221,47.8709279],[39.7646717,47.8710863],[39.76502570000001,47.8712518],[39.76550850000001,47.8712662],[39.76592590000001,47.8711493],[39.76671010000001,47.8711007],[39.7671822,47.8709567],[39.7676757,47.8710143],[39.7678474,47.87082],[39.7681478,47.8706545],[39.7685877,47.8706545],[39.7690276,47.870712],[39.76943530000001,47.8706401],[39.76972390000001,47.8706455],[39.7700468,47.8704817],[39.7702721,47.8705465],[39.770712,47.8704673],[39.7711197,47.8704961],[39.7714727,47.8705087],[39.7717849,47.8703882],[39.7719351,47.8701867],[39.772332,47.8701291],[39.7726646,47.8699995],[39.7728792,47.8700643],[39.7735015,47.8700715],[39.7740916,47.8700499],[39.77455290000001,47.8698916],[39.7752278,47.8696019],[39.7758618,47.8694813],[39.7762695,47.8694022],[39.7767416,47.869287],[39.7772984,47.869314],[39.7777179,47.8694166],[39.7782114,47.8694166],[39.7796276,47.8692582],[39.7799924,47.869323],[39.7801748,47.8694526],[39.7804849,47.8696955],[39.78084,47.8698268],[39.7810975,47.86987],[39.7814086,47.8698196],[39.781709,47.8697404],[39.7823099,47.8696253],[39.7828034,47.8696325],[39.7832218,47.8695173],[39.7834782,47.8694939],[39.7835866,47.8694382],[39.7838548,47.8694597],[39.7839943,47.8695533],[39.7841552,47.8695317],[39.784402,47.8695317],[39.7845415,47.869431],[39.7848526,47.8693662],[39.7854105,47.869323],[39.7856884,47.8693428],[39.7860006,47.86931580000001],[39.7862999,47.869242],[39.7867838,47.8692078],[39.7870627,47.8691503],[39.787288,47.8692007],[39.7875241,47.869215],[39.7878138,47.8691863],[39.7880176,47.8690423],[39.7882965,47.8690567],[39.7887675,47.8690909],[39.7891978,47.8690207],[39.7896377,47.8689703],[39.7899917,47.8689631],[39.7903565,47.8689056],[39.7909573,47.8688696],[39.7912995,47.8688894],[39.7916547,47.8690207],[39.7920624,47.8690639],[39.79292070000001,47.8692222],[39.7935966,47.8692798],[39.7938755,47.8695173],[39.7939614,47.8698556],[39.7939603,47.8700841],[39.7944227,47.8703954],[39.794866081247996,47.87037766118449],[39.79391779602949,47.915244262882425],[39.7935606,47.915877],[39.7936484,47.9193514],[39.7942688,47.9198203],[39.79451510000001,47.9207495],[39.7964908,47.9219495],[39.7966194,47.9224593],[39.79813280000002,47.9236931],[39.79836680000001,47.9241426],[39.79917810000001,47.9244876],[39.79933410000001,47.9248013],[39.8004731,47.9257318],[39.8010971,47.9265368],[39.801378,47.9271118],[39.8011127,47.9274463],[39.801222,47.9276659],[39.8003639,47.9290145],[39.8004731,47.9304258],[39.80072,47.93129],[39.8005906,47.931505],[39.8006872,47.9320455],[39.8014072,47.9328695],[39.8021212,47.9347411],[39.8034693,47.9347955],[39.8037523,47.9347959],[39.8040889,47.9348045],[39.8045609,47.9349195],[39.8052047,47.9349123],[39.8056553,47.9349052],[39.8061595,47.9349698],[39.8064707,47.9348333],[39.80634773784912,47.93955954858533],[39.805888,47.950562],[39.82173254112051,47.95076242390293],[39.8210691,47.95169139999999],[39.8218965,47.9526519],[39.8221282,47.9535238],[39.8224371,47.9539376],[39.8241581,47.9546543],[39.82474222263744,47.95526196529473],[39.82422092660217,47.95613341669909],[39.82372,47.95601],[39.8229004,47.955962],[39.8224371,47.9561098],[39.8224371,47.9567895],[39.8222495,47.9569816],[39.8223047,47.9571663],[39.82333028308611,47.95762230686965],[39.822157818037496,47.959582318540676],[39.82149,47.96013],[39.8184,47.96013],[39.81789,47.96064],[39.8184,47.96099],[39.8185439,47.9614525],[39.8179927,47.961973],[39.8176802,47.9625313],[39.8178243,47.9630989],[39.8170388,47.963221],[39.8168995,47.963486],[39.8170278,47.9638616],[39.8172734,47.9641316],[39.8180028,47.964566],[39.8182044,47.9650151],[39.8181787,47.9652508],[39.8172,47.96596],[39.81703,47.96648],[39.8171084,47.9667086],[39.8175849,47.9668951],[39.81776030433065,47.96693364914032],[39.81729055311159,47.96771893299413],[39.81686,47.96768],[39.816,47.96802],[39.816534351800236,47.96898307591903],[39.815408,47.970866],[39.822680264430964,47.982956867033714],[39.8225452,47.9830071],[39.8223456,47.9831026],[39.8212492,47.9832292],[39.8209175,47.9832327],[39.8206298,47.9832431],[39.8203006,47.983335],[39.8200725,47.9834252],[39.8199066,47.9834409],[39.8193632,47.9835777],[39.8190003,47.9838483],[39.8183057,47.98406339999999],[39.8178081,47.984112],[39.8175696,47.9839246],[39.8172586,47.9836262],[39.8169475,47.9836401],[39.8166365,47.9834666],[39.8162114,47.9834736],[39.8160559,47.9836401],[39.8158071,47.9846394],[39.8149881,47.9856595],[39.8150192,47.9861452],[39.815185,47.9875122],[39.8150606,47.9884004],[39.8149466,47.9885322],[39.8149984,47.9889347],[39.8151539,47.9891637],[39.8154857,47.9891498],[39.8159834,47.9894204],[39.8163773,47.98958],[39.81730938478238,47.98959925657415],[39.81742266983436,47.99056638400706],[39.8170927,47.9905306],[39.81666759999999,47.9906208],[39.8164188,47.9908289],[39.8163981,47.9912105],[39.8163773,47.9918489],[39.8161907,47.9924178],[39.8159523,47.9930839],[39.8159834,47.9932782],[39.8161492,47.9934447],[39.81771,47.99394],[39.8177044,47.9944368],[39.8177873,47.9945409],[39.8178081,47.9947074],[39.817479506187595,47.99516687630559],[39.81722830215826,47.99539067625899],[39.8171238,47.9954428],[39.8167713,47.9953665],[39.8165121,47.9952833],[39.8162322,47.9952763],[39.81589,47.9953596],[39.8156412,47.9955677],[39.8154339,47.9957689],[39.8152058,47.9959285],[39.8148948,47.9960326],[39.814366,47.9961921],[39.8138373,47.9964488],[39.813267,47.9966153],[39.813039,47.996761],[39.8128109,47.9970108],[39.8128212,47.9972744],[39.812956,47.9974478],[39.8132359,47.9977531],[39.813153,47.9979543],[39.81368169999999,47.9984815],[39.81384364359043,47.99860881389788],[39.8164603,48.00120530170912],[39.8164603,48.0013189],[39.8162011,48.0015339],[39.8157656,48.0015339],[39.8153095,48.0014507],[39.8149777,48.0013813],[39.814563,48.0013813],[39.8143971,48.0014438],[39.8141304,48.0017151],[39.8141068,48.0019918],[39.813858,48.0023664],[39.8136921,48.0024635],[39.8134633,48.0025581],[39.8130908,48.0026786],[39.8122403,48.0026532],[39.8117647,48.0026367],[39.8109124,48.0026904],[39.8104368,48.0027069],[39.80968939999999,48.0028598],[39.8095968,48.0029921],[39.8096029,48.0031037],[39.8103788,48.0033722],[39.8106406,48.0037773],[39.810739324003315,48.00403306074827],[39.80905812538937,48.00475551797052],[39.8077623,48.0046203],[39.8074226,48.0046286],[39.8071441,48.0047457],[39.8064714,48.0053146],[39.8062182,48.005484],[39.8058585,48.0055226],[39.8049334,48.0054634],[39.8044455,48.0055708],[39.8038772,48.0057196],[39.8037475,48.0058849],[39.8037414,48.0062403],[39.8035561,48.0065874],[39.80331657979201,48.007222817817954],[39.8022540114148,48.007679432635435],[39.8021884,48.0076729],[39.8013175,48.0071874],[39.8008134,48.0069615],[39.8006526,48.0069138],[39.8003255,48.0069966],[39.800177,48.0071735],[39.8000692,48.0073148],[39.799761,48.0080551],[39.79930620000001,48.0084636],[39.79885,48.0086717],[39.7980413,48.0087272],[39.79752290000001,48.00871330000001],[39.79671430000001,48.0095456],[39.7934796,48.0108219],[39.7920696,48.0116819],[39.7915512,48.0118206],[39.791095,48.0121674],[39.7909913,48.01318],[39.7907633,48.0134158],[39.7902656,48.01388739999999],[39.7900997,48.0149416],[39.7896021,48.0153716],[39.7885861,48.0157322],[39.7884409,48.0163841],[39.7877774,48.0173134],[39.7877981,48.0182149],[39.7866992,48.018839],[39.7861808,48.0191026],[39.7866577,48.0195741],[39.786637,48.0209194],[39.7855173,48.0217654],[39.7835474,48.0227224],[39.7835267,48.023915],[39.7841902,48.0243727],[39.78457237394675,48.024646560610655],[39.78422113050286,48.02569730935931],[39.7841902,48.025704],[39.7832778,48.0258427],[39.7834023,48.02630030000001],[39.7836303,48.0270907],[39.78370628015405,48.027237490020795],[39.78294648042146,48.029510439543785],[39.7827595,48.0297116],[39.7822826,48.0305852],[39.7822826,48.0309873],[39.7814117,48.0321936],[39.78115,48.03308],[39.78081,48.03394],[39.78046,48.03411],[39.77875,48.03497],[39.77857,48.03617],[39.77857,48.03738],[39.77651,48.03892],[39.7768988,48.0399094],[39.8717802,48.0413098],[39.87730588193722,48.04145118022686],[39.88346189890003,48.04605365061805],[39.88350568796611,48.0486922188816],[39.87896371013251,48.050268763381844],[39.8476919,48.059076],[39.838839638770246,48.06419604051776],[39.832202,48.0665],[39.868584,48.079444],[39.8693743410544,48.08192759131375],[39.87419,48.10896],[39.8704565,48.1166083],[39.8764637,48.118908],[39.88608759999999,48.1282079],[39.889203,48.1306223],[39.8974738,48.1340955],[39.8993645,48.135854],[39.9002671,48.1382678],[39.902495,48.1403415],[39.9067164,48.1488308],[39.9078304,48.1578272],[39.9067751,48.1683862],[39.9098171,48.1798459],[39.9141228,48.1805309],[39.925,48.18191],[39.9370158,48.1809588],[39.9401828,48.2045149],[39.942,48.22861],[39.942140210650166,48.22861231952806],[39.942194,48.230744],[40.00419990048413,48.223691879711104],[40.007214729422714,48.22448979426776],[40.003076,48.239476],[40.01127152788725,48.245974972826254],[40.01947748092112,48.25279212062774],[40.01904011307541,48.256613422803696],[40.013034,48.2662432],[40.0160136,48.2669079],[40.0141427,48.27031280000001],[40.0104012,48.2701893],[40.009028298998004,48.27262729209143],[40.008963,48.272654],[40.00587838899078,48.27822088964519],[40.0043741,48.2808922],[40.0027171,48.2836658],[39.9930339,48.3007003],[39.992892960101486,48.31061496000666],[39.99120368977913,48.31587231731898],[39.9910005,48.3160623],[39.9907168,48.3167575],[39.99041749385307,48.316992814398844],[39.9742217293104,48.313359086950555],[39.9742186,48.3133566],[39.973462,48.31316],[39.9727053,48.3129575],[39.9724708713671,48.312873381238866],[39.971265,48.307302],[39.963063,48.302596],[39.971011,48.302796],[39.970224,48.298747],[39.958283,48.29805],[39.95722743224936,48.30138970449756],[39.9568246,48.3012724],[39.9567202,48.3018452],[39.956668,48.3023601],[39.9566854,48.3028344],[39.95644779226623,48.30320156387941],[39.95208319675019,48.30354224248015],[39.95193268336782,48.30345137675634],[39.9516797316715,48.30279370234588],[39.9516933,48.3026782],[39.9518499,48.3024121],[39.9517629,48.3021518],[39.951702,48.3018972],[39.9518412,48.3015848],[39.9520586,48.3010757],[39.9520673,48.3009021],[39.9519282,48.3003178],[39.9515977,48.29997070000001],[39.9511541,48.2997624],[39.9504671,48.29957730000001],[39.950439707934166,48.299569640628825],[39.94993434495228,48.298255696875934],[39.9500235,48.29817710000001],[39.9505105,48.2978011],[39.9506497,48.2974539],[39.9505105,48.2972051],[39.950267,48.2970373],[39.9498061,48.296939],[39.9493841081487,48.29682508118662],[39.948411,48.294295],[39.9468957755357,48.29400208679108],[39.946449,48.2937914],[39.9461881,48.2935079],[39.945962,48.2930565],[39.9455358,48.2926457],[39.9450053,48.29231590000002],[39.9442487,48.2918761],[39.9439008,48.2918182],[39.9432833,48.2919745],[39.9427876,48.2922001],[39.942431,48.29235640000001],[39.9418831,48.2926515],[39.9414396,48.2927614],[39.9409264,48.2926862],[39.9405177,48.29249530000001],[39.9400567,48.2924432],[39.9395175,48.2924085],[39.938987,48.2922696],[39.9385261,48.29213650000001],[39.9380738,48.29209020000001],[39.93766931729846,48.29206276618147],[39.936215,48.285058],[39.93575773543799,48.284884874912485],[39.9353951,48.2842201],[39.9346298,48.283595],[39.9342645,48.2834504],[39.9336296,48.2834735],[39.9331252,48.2836819],[39.93259411389434,48.28368709511035],[39.930156,48.282764],[39.932225710684946,48.28107777173101],[39.9328208,48.2809154],[39.93336,48.2808055],[39.9338992,48.2806839],[39.9344037,48.2803945],[39.9347342,48.2800762],[39.934882,48.27977520000001],[39.9348907,48.2794395],[39.9347603,48.27915010000001],[39.9346414018328,48.27910966733252],[39.934695,48.279066],[39.92581958292083,48.27219181355975],[39.9257762,48.2720248],[39.92521090000001,48.2715269],[39.9245934,48.2713012],[39.92369869535554,48.27126834922677],[39.9184168031843,48.270321298308595],[39.9181837,48.27021290000001],[39.9172619,48.2699871],[39.9159312,48.2697266],[39.9150354,48.2696282],[39.914444,48.2697266],[39.9143049,48.26995820000001],[39.9143049,48.270259275987286],[39.91324096347453,48.2714392812425],[39.9130786,48.27133590000001],[39.9125394,48.2710986],[39.9121567,48.2710233],[39.9119045,48.2709886],[39.9109043,48.2711738],[39.9104347,48.2713649],[39.9103043,48.2715269],[39.9102956,48.2717295],[39.9104782,48.2719727],[39.9112321,48.27253190000001],[39.9117734,48.2729065],[39.91181594455049,48.27301976069676],[39.90822,48.277008],[39.91205057441486,48.28659],[39.9118917,48.28659],[39.9115841,48.2868232],[39.9112336,48.2867851],[39.9111401,48.2876863],[39.9107537,48.28917],[39.9105092,48.2913213],[39.9103688,48.292556],[39.90947033020639,48.293324521416196],[39.8923926831532,48.30147514988903],[39.8918961,48.3011979],[39.8880904,48.3022353],[39.887978902056595,48.30358170998871],[39.886916,48.304089],[39.887185841525074,48.308559024980696],[39.857534,48.309246],[39.852479,48.3085768],[39.84120926579927,48.31004709866189],[39.841068,48.310051],[39.840394,48.329117],[39.845302278942484,48.33256950549965],[39.845318,48.3328564],[39.8486099,48.3334876],[39.8615202,48.3345414],[39.8656975,48.3345212],[39.876146431290664,48.33400120099089],[39.877934,48.334073],[39.918581,48.341692],[39.918603,48.347207],[39.91932692271136,48.34723339437065],[39.9320741,48.3490683],[39.93637434307083,48.34785494681617],[39.94352325559287,48.348115597634134],[39.94486322082505,48.350364022797336],[39.947221621090115,48.354704749145924],[39.9430693,48.3547111],[39.9420678,48.3547985],[39.9429884,48.3560758],[39.9413191,48.3565464],[39.9417643,48.3570506],[39.9433728,48.3565531],[39.943805,48.3569999],[39.94424030694168,48.35744984021561],[39.943952818089954,48.35789895422366],[39.940613,48.3593093],[39.9395841,48.3597438],[39.934889,48.3617264],[39.9322922,48.3645634],[39.9325014,48.3649491],[39.9367565,48.3674683],[39.9354909,48.3702791],[39.935417415963975,48.37123292747557],[39.934751,48.372274],[39.9421668141716,48.382290175890034],[39.9425366,48.3840439],[39.9422991,48.3849948],[39.9415145,48.3863196],[39.940956125033566,48.386599245543074],[39.93368193645842,48.38065857567677],[39.9327877,48.3792218],[39.9318304,48.3776316],[39.9305819,48.3764654],[39.9291508,48.3755365],[39.9271098,48.3751712],[39.926965828547,48.37517367801759],[39.926845,48.375075],[39.926095496383155,48.375188658059585],[39.923955,48.3752255],[39.9216222,48.3757819],[39.92145857618088,48.37589182124759],[39.92122,48.375928],[39.92109129789046,48.376138556033],[39.9197103,48.3770663],[39.9178786,48.3787359],[39.9166411,48.3814165],[39.91616802954353,48.38419299940034],[39.915459159232554,48.38535270782413],[39.9140481,48.3868763],[39.9104834,48.3879718],[39.9070349,48.3893815],[39.9057201,48.3903787],[39.9060527,48.3916811],[39.9069024,48.3924733],[39.909748,48.3932275],[39.91125127424124,48.39335852133652],[39.918481463661365,48.397517505078824],[39.918482867101865,48.39768875720701],[39.90917765548656,48.40217913300353],[39.9068839,48.402821],[39.9055677,48.4045089],[39.9057823,48.406724],[39.9071503,48.4084437],[39.9090314,48.4104618],[39.9113789,48.4133708],[39.9120869,48.4161243],[39.91220748019874,48.41701633181381],[39.91066583562537,48.42100235200837],[39.909638,48.4220936],[39.9074942,48.423153],[39.8990249,48.4267918],[39.8962258,48.4288049],[39.8942941,48.4312101],[39.8923624,48.4349781],[39.8909918,48.4374517],[39.890065,48.4396466],[39.8897202833926,48.440372833093406],[39.888817,48.441993],[39.88893549143981,48.44202619668341],[39.8892836,48.4430087],[39.8913799,48.4437432],[39.89594930155396,48.44399119292498],[39.895983559231354,48.44400079059105],[39.89680704823957,48.44450528526503],[39.89723598941005,48.447486426399855],[39.8960663,48.4480587],[39.8896869,48.4493582],[39.8879529,48.4504282],[39.87731367134474,48.455824336997054],[39.86967645389562,48.458767562430836],[39.8689017,48.4590183],[39.866658788692924,48.459930508102396],[39.857752,48.463363],[39.85685431962459,48.46417692099221],[39.85466169999999,48.4653637],[39.8527778,48.4663904],[39.8498666,48.46895270000001],[39.84671914863274,48.473366414999106],[39.846338,48.473712],[39.84634095584168,48.47428949474744],[39.8457565,48.4773388],[39.8462754,48.4792249],[39.84637222129867,48.480397953574176],[39.846469,48.499306],[39.84683131302736,48.499877358428684],[39.846882,48.5002486],[39.8472082,48.5015749],[39.8477511,48.5021396],[39.8485752,48.5028537],[39.8512556,48.5033849],[39.8525791,48.5034263],[39.8535999,48.5032213],[39.8550537,48.5024446],[39.855112821518844,48.50239456941511],[39.861803491461316,48.50192911383166],[39.86191748203422,48.50198174020827],[39.866756,48.508883],[39.86619786944122,48.51089743898641],[39.8657411,48.512071],[39.8651147,48.51348439999999],[39.8643249,48.5152338],[39.8632488,48.5179946],[39.8622725,48.52002],[39.8620999,48.5210246],[39.8621115,48.52251430000001],[39.8618755,48.5242979],[39.8556989,48.53515080000001],[39.8551839,48.5369694],[39.8551807,48.539239],[39.8560819,48.5413132],[39.8568115,48.5432169],[39.85704359015344,48.543937624297705],[39.85659372648514,48.545561299793974],[39.8558705,48.5467435],[39.8538106,48.5493572],[39.8527806,48.5519707],[39.8526973,48.5537942],[39.8530638,48.5547924],[39.8548724,48.5580298],[39.8553094,48.5608863],[39.8527714,48.5648251],[39.8504265,48.567896],[39.8479741,48.5700346],[39.84488419999999,48.5715113],[39.8414053,48.5730198],[39.837333,48.5741743],[39.8336855,48.5746746],[39.8296064,48.57571380000001],[39.826331,48.5768417],[39.8248715,48.5770201],[39.8229512,48.5777545],[39.8208913,48.5786063],[39.8204932,48.57911230000001],[39.8212314,48.5797313],[39.822503349047544,48.58023321495894],[39.82494718959369,48.58591082430857],[39.82457090670818,48.5860883418663],[39.81819139098355,48.585242447803914],[39.8133492,48.5839382],[39.8117529,48.5838471],[39.8103263,48.5838708],[39.809176434814745,48.58404710661737],[39.80861,48.583972],[39.80814885847533,48.5842046629212],[39.8072825,48.5843375],[39.8051083,48.5850376],[39.8032705,48.5864837],[39.80287406418939,48.586865991345626],[39.790476903496504,48.593120816528504],[39.78873450358776,48.59329023986969],[39.783746122876344,48.59297605622947],[39.78333,48.5929276],[39.782240322060915,48.592881216238496],[39.77407428387676,48.592366893906004],[39.7734552,48.59232090000001],[39.77338174383348,48.592264702743414],[39.770368,48.587994],[39.76961460169296,48.58776078741652],[39.76917980000001,48.5872618],[39.7654365,48.5858637],[39.76251180000001,48.5848204],[39.7596161,48.5839091],[39.7572997,48.5837082],[39.7545006,48.5828367],[39.7538794,48.5821078],[39.752417,48.5819942],[39.7513784268952,48.582115824589174],[39.751295,48.58209],[39.751293723048825,48.582125744035835],[39.7511199,48.5821461],[39.7504408,48.5832285],[39.7506421,48.5843448],[39.751148622117256,48.58618736596277],[39.751113433508856,48.58717235497634],[39.7508041,48.5883977],[39.7503385,48.5889684],[39.75025937736828,48.58917288478525],[39.74706122394325,48.59052876012376],[39.7465877,48.5904912],[39.7457977,48.5904351],[39.7440645,48.5899802],[39.7416816,48.5884076],[39.7394146,48.5871579],[39.7361573,48.5860053],[39.7332614,48.5857146],[39.7300223,48.5859564],[39.72791174479946,48.58636334527092],[39.721237,48.584834],[39.71584854073559,48.585309702500346],[39.715072,48.5851943],[39.71363120961263,48.58550545232558],[39.69806383870657,48.58687976674468],[39.6975943,48.5866975],[39.69547280000001,48.5866622],[39.6935346,48.5863268],[39.6909749,48.5862177],[39.6903456,48.5867624],[39.6898022,48.5868514],[39.6878882,48.5868018],[39.6871715,48.5871712],[39.6868866,48.5876325],[39.686919702629815,48.587863590345414],[39.6713252,48.5892403],[39.6334311,48.5812628],[39.6236025,48.5870259],[39.6110289,48.5740514],[39.6010726,48.5749594],[39.5968664,48.5795022],[39.6058783,48.5855209],[39.600613,48.5928753],[39.5913857,48.5922505],[39.5743396,48.5817384],[39.5640858,48.5845992],[39.5694136,48.5911155],[39.5635639,48.5990889],[39.549059,48.595854],[39.549314,48.585973],[39.5306906,48.5856913],[39.5292488,48.5912185],[39.5350124,48.5928382],[39.5341908,48.5967686],[39.5245243,48.6026385],[39.5298325,48.6093625],[39.5129236,48.6221295],[39.5175713,48.6266987],[39.5165791,48.6337256],[39.4672186,48.6285546],[39.4654267,48.6335035],[39.4686795,48.6376897],[39.454215,48.639786],[39.449575,48.644557],[39.452373,48.65471],[39.410694,48.657656],[39.408033,48.65981],[39.413526,48.66684],[39.411724,48.670524],[39.390524,48.678799],[39.389599,48.684749],[39.377986,48.686237],[39.355953,48.697214],[39.346855,48.712224],[39.374183,48.718652],[39.353722,48.726891],[39.358871,48.736175],[39.349266,48.742496],[39.343138,48.757361],[39.353893,48.76549],[39.351063,48.768547],[39.33167,48.766602],[39.326603,48.768309],[39.326256,48.775559],[39.311844,48.774069],[39.292617,48.760605],[39.286434,48.748901],[39.272383,48.753887],[39.268663,48.741949],[39.256311,48.74227],[39.259229,48.733835],[39.24978,48.712564],[39.239588,48.709125],[39.232364,48.711412],[39.207173,48.6983],[39.200371,48.699999],[39.196508,48.706513],[39.174249,48.680329],[39.148672,48.675285],[39.141898,48.66665],[39.141984,48.660868],[39.123187,48.660018],[39.103618,48.649869],[39.075894,48.651626],[39.042678,48.646466],[39.012372,48.658336],[39.009633,48.662626],[39.025426,48.661974],[39.026284,48.667274],[39.014354,48.683427],[39.015548,48.694891],[39.001815,48.698007],[38.998986,48.711196],[38.984305,48.711828],[38.999333,48.719624],[38.978812,48.744892],[38.961131,48.746137],[38.961045,48.736515],[38.943707,48.733854],[38.932464,48.736798],[38.936959,48.747117],[38.918028,48.742911],[38.90474,48.750608],[38.863879,48.75138],[38.847148,48.742911],[38.830067,48.717038],[38.808438,48.713414],[38.767067,48.71432],[38.691716,48.729363],[38.674549,48.729363],[38.678412,48.723701],[38.583218,48.71987],[38.577732,48.696742],[38.572231,48.689056],[38.559446,48.686695],[38.548978,48.675294],[38.527284,48.674642],[38.516148,48.670562],[38.515247,48.666367],[38.431476,48.650492],[38.4263261,48.6386961],[38.4362747,48.6292431],[38.4412529,48.6172714],[38.438793,48.6110275],[38.40607,48.60193],[38.402637,48.59194],[38.402637,48.547867],[38.414303,48.520605],[38.405377,48.473366],[38.389247,48.432278],[38.390964,48.415874],[38.321754,48.371053],[38.273689,48.359192],[38.2385206,48.3867172],[38.1890602,48.4165331],[38.163094,48.402117],[38.148548,48.414482],[38.117477,48.420805],[38.113706,48.408013],[38.042123,48.409086],[38.004802,48.393954],[37.978623,48.391275],[37.974959,48.381115],[37.9500832,48.3734333],[37.942023,48.3574628],[37.9292962,48.3594898],[37.9185517,48.3465274],[37.9054956,48.3404377],[37.9006815,48.3232554],[37.9011467,48.2908822],[37.8943398,48.286666],[37.895347,48.268546],[37.89157,48.255061],[37.896571,48.215429],[37.88333,48.199712],[37.856208,48.192846],[37.828593,48.17515],[37.8168038,48.1322916],[37.789283,48.100177],[37.756436,48.08667],[37.7430873,48.0868254],[37.7266508,48.0795824],[37.7257935,48.0733245],[37.693049,48.069307],[37.687749,48.061894],[37.694294,48.056545],[37.691199,48.053406],[37.68785,48.054754],[37.64781,48.028944],[37.616482,48.018095],[37.575455,48.013961],[37.573394,48.006899],[37.556143,48.009855],[37.549621,47.997364],[37.558546,47.986451],[37.5412006,47.9745867],[37.525158,47.957202],[37.521854,47.94582]]]]}},{"type":"Feature","id":"fase-4-controllo-russo-post-2022","properties":{"id":"fase-4-controllo-russo-post-2022","stato":"controllo-russo","data":"2025-03-13","origineControllo":"post-2022","sourceId":"deepstate-history-1741873398","note":"Territorio sotto controllo russo acquisito dal 24 febbraio 2022, al netto del perimetro pre-2022 durante l'importazione."},"geometry":{"type":"MultiPolygon","coordinates":[[[[31.5112956,46.5766899],[31.5216196,46.5616069],[31.5469496,46.5387319],[31.6142447,46.5019459],[31.6942997,46.4403369],[31.7249455,46.4144723],[31.7452095,46.3864323],[31.7738378,46.3711594],[31.7768872,46.3741195],[31.7376658,46.4262219],[31.7202637,46.4333549],[31.7069757,46.4454549],[31.6971237,46.4472639],[31.6969167,46.4575119],[31.7042637,46.4665769],[31.7164527,46.4786779],[31.7420388,46.4853379],[31.7709038,46.4845789],[31.7970178,46.4781389],[31.8921178,46.4568289],[31.9528229,46.4374829],[31.9748439,46.4392309],[32.0022429,46.4534579],[32.0290379,46.4375689],[32.0355679,46.4165919],[32.0090489,46.3641429],[31.9697689,46.3483889],[31.8682748,46.3343839],[31.8234478,46.3371309],[31.7725378,46.3271729],[31.7455888,46.3060499],[31.7477378,46.2981679],[31.7580908,46.2948689],[31.7680158,46.2965449],[31.7745058,46.2939519],[31.7712118,46.2888669],[31.7755438,46.2854899],[31.7751098,46.2822939],[31.7821278,46.2768669],[31.7832868,46.2725389],[31.7771958,46.2681569],[31.7796018,46.2644959],[31.7844068,46.2651129],[31.7845138,46.2688919],[31.7917018,46.2739169],[31.8097238,46.2721229],[31.8143578,46.2694769],[31.8132408,46.2647729],[31.8183038,46.2643399],[31.8346938,46.2661669],[31.8331418,46.2698209],[31.8351908,46.2728569],[31.8476968,46.2679509],[31.8507378,46.2682829],[31.8612198,46.2721719],[31.8708308,46.2658029],[31.8740008,46.2652859],[31.8832878,46.2734449],[31.8950659,46.2807729],[31.9044879,46.2974679],[31.9368189,46.2921709],[31.9437419,46.2855879],[31.9555959,46.2659249],[31.9695109,46.2572369],[32.0285419,46.2456249],[32.0514159,46.2498139],[32.077751,46.2389489],[32.087826,46.2214899],[32.12115,46.2044209],[32.165963,46.1969219],[32.187022,46.1756949],[32.20613,46.1722089],[32.208103,46.1868279],[32.221809,46.1877389],[32.239877,46.1785439],[32.227939,46.1683759],[32.2383866,46.1498051],[32.2260411,46.1318861],[32.3892209,46.0945518],[32.5465374,46.0652942],[32.5748973,46.0637266],[32.6378808,46.0537028],[32.7396149,46.0336126],[32.9120662,46.0104008],[32.9680429,46.0125725],[33.0363766,46.0080341],[33.0700551,46.014197],[33.0496585,46.0277516],[33.0174514,46.0256746],[32.9728824,46.030736],[32.9414071,46.0460889],[32.936279,46.039686],[32.926517,46.031197],[32.9080363,46.0266225],[32.8785745,46.025916],[32.7952785,46.0303099],[32.7193638,46.039073],[32.6200553,46.0603997],[32.5521201,46.0682825],[32.5418471,46.0681868],[32.5396283,46.0734981],[32.5442762,46.0804766],[32.5961414,46.0958488],[32.6466589,46.107865],[32.6770504,46.0998169],[32.7037448,46.1062335],[32.7328476,46.1097869],[32.7584466,46.1190283],[32.8289775,46.111371],[32.8637174,46.1157227],[32.9132757,46.1067933],[33.0296046,46.1132428],[33.0314748,46.1497263],[33.062645,46.1555911],[33.1015746,46.1318733],[33.1404697,46.1276416],[33.1814552,46.1475617],[33.1953058,46.1701366],[33.2228929,46.1570383],[33.2080208,46.1270291],[33.2566584,46.1386509],[33.2840087,46.1250405],[33.3086112,46.1143165],[33.3029958,46.0935952],[33.2780393,46.0945251],[33.2885474,46.0749609],[33.3182342,46.0763028],[33.3183151,46.0991141],[33.3499462,46.093137],[33.3664607,46.0752498],[33.4075754,46.0409617],[33.4370872,46.0401646],[33.4604216,46.0460342],[33.4911413,46.0322404],[33.5101802,46.0284516],[33.4931423,46.0527188],[33.4966987,46.070314],[33.5151162,46.08243],[33.5616884,46.0740552],[33.5139842,46.1075148],[33.5453724,46.1233099],[33.5805716,46.1571784],[33.606399576386515,46.14698863394878],[33.60640914696726,46.14700138196976],[33.606450849080574,46.14703684411166],[33.689516350944224,46.20451915110582],[33.68956826151882,46.204539238525584],[33.689624597475174,46.20455243159083],[33.68968346636793,46.204558287117635],[33.68974289066187,46.20455660840603],[33.68980087416396,46.20454745184758],[33.689855469082254,46.20453112503122],[33.74060964955972,46.18535451243622],[33.82401565410458,46.187288931134944],[33.82408852199686,46.18727207374131],[34.03842935316851,46.117152147336874],[34.12269885861416,46.108331455840315],[34.12276178669613,46.108308812899864],[34.122816102104885,46.1082772207624],[34.16095965499971,46.08061882339317],[34.2278558383709,46.06102993759903],[34.382602615718916,46.034894917307874],[34.38265900001768,46.03487119190511],[34.38270728400705,46.03484002291695],[34.382745461984825,46.03480270510343],[34.43697276302004,45.96831685869211],[34.47854614708464,45.94722797946985],[34.55590443065609,45.988894222850924],[34.55597148236148,45.98891016906666],[34.556041924201566,45.98891557881486],[34.55611236968568,45.98891019202189],[34.65151378645711,45.974122843141586],[34.70106053327622,45.9593666278401],[34.7011053061172,45.95934195057445],[34.70114312478572,45.95931217593069],[34.75290704193672,45.91042922588409],[34.78301111469288,45.905179900398],[34.783060727991085,45.905160592850706],[34.78310470357409,45.90513552773183],[34.78314167720458,45.905105482631555],[34.796427836814395,45.89214578854447],[34.79644802871258,45.89210461176887],[34.79645643392187,45.89206149782716],[34.80119506242087,45.80488831185769],[34.95822018629442,45.76027916070389],[34.976930170641296,45.7654873006033],[34.8959634,45.89884],[34.8524734,46.009247],[34.8346404,46.115559],[34.8337824,46.200162],[34.9030034,46.236419],[35.0248135,46.256333],[35.0798625,46.276666],[35.1177696,46.314272],[35.1380016,46.348282],[35.1783566,46.362948],[35.1931726,46.370951],[35.2182731,46.4304054],[35.2117588,46.447041],[35.2464475,46.4464048],[35.2680364,46.4322011],[35.2549465,46.4049822],[35.2661022,46.355554],[35.2898036,46.356581],[35.3078947,46.348318],[35.3179197,46.337862],[35.3311927,46.3311579],[35.3174417,46.317067],[35.3000922,46.3144917],[35.2943022,46.3064241],[35.2989867,46.299007],[35.2532032,46.2487007],[35.2090226,46.190401],[35.1368332,46.1620333],[35.0293468,46.1450168],[35.0308253,46.1273641],[34.9912944,46.1045909],[34.978187,46.0766593],[35.0664193,46.0993871],[35.1336065,46.1195453],[35.1886302,46.1514651],[35.2658686,46.250892],[35.3602357,46.354693],[35.4578287,46.441261],[35.5657181,46.4754297],[35.6242655,46.5043364],[35.7239866,46.5868415],[35.8739383,46.6456624],[35.9936152,46.6660587],[36.1146898,46.6566385],[36.1898851,46.66706],[36.2290441,46.650535],[36.2598962,46.61865],[36.1908501,46.534705],[36.1665141,46.527707],[36.1550673,46.5279538],[36.1431422,46.5033058],[36.1717045,46.4981772],[36.2328002,46.5559024],[36.3322034,46.6770342],[36.414958,46.7260118],[36.5366359,46.7585761],[36.7110616,46.7814128],[36.7760999,46.7542565],[36.8108785,46.7303716],[36.8182917,46.7021299],[36.7876141,46.6641502],[36.7492259,46.6430472],[36.7503553,46.6311811],[36.7697679,46.6322195],[36.8049875,46.659181],[36.8380535,46.70579],[36.8685205,46.76572],[36.8974913,46.8109338],[37.0061259,46.8692952],[37.036174,46.8706509],[37.2381602,46.9510306],[37.2828449,46.937346],[37.3161731,46.9142709],[37.3240055,46.891819],[37.2978535,46.8727626],[37.2841756,46.8725455],[37.2855691,46.866901],[37.3089232,46.8701227],[37.3418924,46.8950477],[37.4780681,47.0314305],[37.5285478,47.0775291],[37.574156,47.0853587],[37.6204629,47.086602],[37.6273779,47.09413],[37.6758119,47.077916],[37.6840329,47.076706],[37.6858859,47.080525],[37.71388,47.079862],[37.774395,47.087579],[37.794085,47.083807],[37.821989,47.09092],[37.83805181564222,47.09956504458068],[37.8380457685495,47.0995695278563],[37.838011566591625,47.09960826467426],[37.82901569356581,47.11260120721411],[37.817792619121136,47.11896188650324],[37.81775492316018,47.11900404054938],[37.81773166607021,47.11905077909473],[37.80021352529275,47.17326054338949],[37.800215459902255,47.17329811473026],[37.80022658704381,47.173334940271104],[37.833172465011586,47.24933408766236],[37.83351467638557,47.28538579090805],[37.82733519190096,47.30263242106454],[37.82733826967377,47.302675311018376],[37.82735332913921,47.302717019712205],[37.82737981975583,47.302756022290694],[37.82741677305767,47.30279089282994],[37.83447699773751,47.308261858530685],[37.82425795168966,47.32143750580389],[37.82424632302344,47.321484300958836],[37.82424945890808,47.321531707789724],[37.82897112174817,47.342582986910394],[37.82899867664288,47.342622400393665],[37.82903695412528,47.34265746185387],[37.82908451066825,47.342686849029064],[37.8291395527973,47.3427094536479],[37.82920000472713,47.34272442322659],[37.829263586646675,47.34273119321968],[37.85666874297522,47.34382079829819],[37.86085778247599,47.34790616411999],[37.85892467950585,47.35401785360476],[37.84871553908371,47.34990333739109],[37.848647754044485,47.34989296134927],[37.84857826564529,47.34989238862682],[37.848510128115876,47.34990164439665],[37.83746632410134,47.352244089250405],[37.83741412790328,47.35226761236917],[37.83736940195271,47.352297372456256],[37.83733374587491,47.35233230515021],[37.83730843492118,47.352371161090495],[37.83729437435798,47.35241255059956],[37.83729206708736,47.35245499338377],[37.83730159565705,47.352496971475595],[37.837322619304146,47.35253698352368],[37.8373543861387,47.35257359848916],[37.85110474687451,47.36545431842823],[37.84143211143764,47.36884869285028],[37.84138300495448,47.36888261336095],[37.84134553183237,47.368922770709226],[37.841321368819216,47.36896736807058],[37.83797880772449,47.37801021924663],[37.83798163142332,47.378053509024],[37.837996679926874,47.378095625773206],[37.83802339302335,47.378135001531675],[37.838060776234485,47.378170170377665],[37.83810743783599,47.378199823006035],[37.850064771627444,47.38444519578239],[37.85651175019194,47.39294503184925],[37.855484657654344,47.403142156284815],[37.86340978960979,47.42667631499685],[37.86343813983823,47.426711904870295],[37.878177322794755,47.44178363517179],[37.89218884903102,47.4697423437022],[37.81912080369818,47.54621514411466],[37.81910310247911,47.546251648386225],[37.8190948757455,47.5462896547851],[37.81566306888504,47.58524837472691],[37.81567562594858,47.58528791682031],[37.81569849295704,47.58532529895897],[37.84554549314685,47.623841798988074],[37.85201840176556,47.64162860584642],[37.83110743169789,47.656521996198904],[37.80385565458374,47.659986820796455],[37.80380028057683,47.66000555681451],[37.80375101032869,47.66003087065197],[37.764289804554565,47.684523901121764],[37.67245753305356,47.724546554327965],[37.6373049553496,47.75187149682399],[37.62284164511835,47.77306490574574],[37.622834952275404,47.77311584150366],[37.62284557713418,47.77316647445088],[37.63421442027581,47.80256610472562],[37.63392750349595,47.83844013141328],[37.64366784244254,47.88648705110133],[37.53484214810266,47.91782898283588],[37.53479333704128,47.917855941156134],[37.534752954014486,47.91788856631276],[37.53472243776787,47.91792569596742],[37.53470287552985,47.91796600729703],[37.53469496427451,47.918008064121445],[37.534698985886834,47.91805036806984],[37.534714797116095,47.918091411963395],[37.542449197609734,47.93241525356704],[37.52157934463529,47.94569120011518],[37.521546523805995,47.9457304623341],[37.521526047167114,47.945773319233695],[37.52151873682284,47.94581805024376],[37.5215248862954,47.945862859549926],[37.524845677791944,47.95728378501557],[37.52487271445962,47.95732004667609],[37.54093533438434,47.97472639958858],[37.55813229510244,47.98648914711688],[37.54929955407993,47.99729944418876],[37.54928652663885,47.99734552780232],[37.54928808686471,47.99739241708059],[37.549304166749096,47.99743806699946],[37.55585197635638,48.0099669345469],[37.555887867499806,48.010000954040194],[37.555932529599595,48.01002995595662],[37.55598442727217,48.01005294326619],[37.55604177638131,48.010069125708306],[37.556102605374114,48.01007794696033],[37.55616482306131,48.01007910376362],[37.55622629051096,48.01007255634937],[37.57313270699359,48.00717560241369],[37.575145464232236,48.01404794999765],[37.57517835667193,48.014088233537215],[37.57522280575815,48.01412320199427],[37.57527695467042,48.014151394576295],[37.575338541370584,48.01417163354797],[37.57540499309917,48.01418307343207],[37.61637700328627,48.01831153312365],[37.64761214095316,48.0291283855653],[37.6876658391634,48.05494183737034],[37.68772130108777,48.05496144971892],[37.687781251475414,48.05497382717553],[37.68784359951697,48.05497853806767],[37.68790617077999,48.05497541809965],[37.68796678304676,48.054964576082554],[37.68802332242355,48.05494639013939],[37.69109597679344,48.053709621184865],[37.69387747595077,48.05653067789928],[37.68745361794636,48.061786929480846],[37.687428825840584,48.06182582637128],[37.68741538110402,48.06186713944146],[37.68741376026292,48.06190940450319],[37.68742402079097,48.0619511236249],[37.68744579906826,48.06199081822029],[37.692778315739154,48.069440110024786],[37.69282048561244,48.06947167634086],[37.69287076796359,48.06949739653519],[37.69292737773074,48.06951635751577],[37.69298830521513,48.06952788614837],[37.7254820319559,48.073514619954],[37.72632688135435,48.07964242256402],[37.726348093617226,48.07968005109721],[37.72637900938592,48.07971454936725],[37.72641863764699,48.07974481150218],[37.7264657080939,48.07976986742123],[37.74296168262842,48.08703371300033],[37.74302620024613,48.087046238857894],[37.743093158122136,48.08704994472476],[37.7563435077778,48.08689568967998],[37.789033688755524,48.10033822257275],[37.816483203358665,48.13236984544836],[37.828281438959806,48.17523525783047],[37.82831453914401,48.17527630819727],[37.828359633203455,48.17531191825373],[37.85602783383638,48.19303576533265],[37.856088391783864,48.19305594803956],[37.88309606528907,48.19989301198213],[37.8962264847352,48.21547885790111],[37.89123022379893,48.25507323385998],[37.89500845686484,48.268562634851676],[37.89400759873815,48.28670566649719],[37.894027905420415,48.28675181699524],[37.89406251236574,48.286794032844405],[37.89410983288821,48.286830378459626],[37.9008077567456,48.290979092852055],[37.900343646329624,48.32327617534077],[37.90518156806167,48.34052055014376],[37.905211430709905,48.340559178238436],[37.90525192051633,48.340593263411755],[37.90530152329041,48.34062153096972],[37.91829350583451,48.34668133748311],[37.92903543263135,48.359632677182326],[37.92907971680465,48.35966226687941],[37.92913147545608,48.359685901888845],[37.92918892153139,48.359702766168155],[37.9292500716007,48.35971227744618],[37.92931281434196,48.359714107327775],[37.92937498344097,48.359708192632766],[37.94180091415291,48.357729112588224],[37.949790911354334,48.3735461620846],[37.94983117215669,48.373582992550716],[37.94988178551949,48.373613674135036],[37.949940672409824,48.37363694652746],[37.97466823447642,48.38127288037241],[37.97831589824688,48.39136906990228],[37.978349592714544,48.391407189625255],[37.9783938782559,48.39144018871099],[37.9784470393835,48.39146678886109],[37.97850701678273,48.39148595965348],[37.97857148708503,48.39149695845947],[38.00468353260537,48.394169107201066],[38.042004458243824,48.40929634192688],[38.04206652872615,48.409307428200876],[38.042130637668414,48.40931052158615],[38.11342870953135,48.408241792585294],[38.11716265997583,48.42088816396719],[38.11719127756391,48.42092533121572],[38.11722976440927,48.4209583420852],[38.11727679113823,48.42098605633238],[38.11733073338911,48.42100751666536],[38.11738972791993,48.421021981810746],[38.11745173696889,48.42102895211935],[38.11751461864397,48.42102818682545],[38.11757620091006,48.42101971236352],[38.148710498036095,48.414678984206866],[38.148767105815125,48.41465313216627],[38.148814677325966,48.41462022242136],[38.16314531084953,48.402438264876295],[38.188900444623975,48.41673107235415],[38.18896445202721,48.41674850008827],[38.18903246222762,48.41675692297882],[38.18910163202159,48.416755988902075],[38.18916906972612,48.41674573690767],[38.18923195607203,48.416726595585985],[38.1892876620691,48.416699365150016],[38.238762209170154,48.38687502776722],[38.27379339196567,48.3594573336823],[38.32156919600076,48.3712469710909],[38.390615592371375,48.415962171684626],[38.3889099790323,48.432298784159514],[38.388919446719065,48.43233458609928],[38.40504361945922,48.47340842326353],[38.41395800953194,48.52058765066826],[38.40229746516849,48.54783690757511],[38.40229746500627,48.591965418140596],[38.40575899027272,48.60202020524764],[38.405790322465705,48.60205739834555],[38.405831706165166,48.60209001282909],[38.405881654072715,48.602116876544734],[38.405938371086414,48.602137024017935],[38.438506606084054,48.61119150737247],[38.44090123820731,48.6172698371145],[38.435962493833905,48.629146465399266],[38.426017182737716,48.6386024792937],[38.42599700272272,48.63864003969472],[38.42598718848817,48.63867936588025],[38.425988049183786,48.63871921916767],[38.42599955772461,48.63875834426897],[38.43117494289117,48.65059629325952],[38.43121276091423,48.6506340963529],[38.43126129580719,48.65066611452827],[38.43131857165601,48.650691044275014],[38.431382256677374,48.65070787066198],[38.51494129049931,48.66654271395986],[38.515825793320104,48.670633831992745],[38.51585124509335,48.670671682335644],[38.515886788631306,48.670705802732485],[38.51593121522026,48.67073503284744],[38.515983014051756,48.67075837864709],[38.52719131682139,48.67485807867749],[38.52726853661072,48.67486634656836],[38.54878124343071,48.67551289795281],[38.55919324282149,48.68684530652712],[38.55924031936611,48.68687387992245],[38.55929466445243,48.68689613193627],[38.5593543575881,48.68691127620482],[38.571989758297924,48.689244651197754],[38.57740342308811,48.696808686202914],[38.58289809093965,48.71994675019895],[38.58292643420751,48.71998590581173],[38.58296566204034,48.72002073452914],[38.583014310026755,48.7200499361444],[38.58307056207772,48.72007242051656],[38.5831323182237,48.72008734826837],[38.583197273011116,48.72009416212257],[38.67789925646842,48.723905362156785],[38.67421700241987,48.72931321551555],[38.67420863069589,48.7293575732837],[38.674213743354706,48.72940214606114],[38.674232137883415,48.72944516800947],[38.674263085577365,48.72948493472506],[38.67430536040448,48.72951987076324],[38.674357287573706,48.72954859205406],[38.67441680988383,48.72956996073662],[38.67448156922442,48.72958313023957],[38.674549000000006,48.729587578821025],[38.69176604514637,48.729587578821025],[38.70151813927816,48.72764068870164],[38.753516,48.718494],[38.76492484944457,48.7149822898124],[38.76712288159513,48.71454347872032],[38.808401028720944,48.713639512138634],[38.82982152541481,48.71722857850929],[38.846862976854275,48.74303391674829],[38.846898263875794,48.74306369037321],[38.846940621527544,48.74308914099997],[38.86291315729458,48.7511672767776],[38.86095745507976,48.75073654072209],[38.862916818114115,48.751169128243],[38.8637379583579,48.75158442124835],[38.863811616817365,48.75160014050951],[38.86388875651748,48.75160448667414],[38.872324940805505,48.75144440743519],[38.87762,48.752591],[38.879079,48.752478],[38.88024269056814,48.75129416565372],[38.90480823088697,48.7508280268326],[38.90486466757909,48.75081699558662],[38.904917380872064,48.75079972240226],[38.90496479640343,48.750776723170965],[38.906459549608265,48.74991089419385],[38.911137,48.748007],[38.91258157117147,48.7463647411227],[38.91810528497196,48.74316515509454],[38.919143124701634,48.743395482514856],[38.922876216061766,48.74501023260856],[38.91915091323893,48.743397211022305],[38.9369157901146,48.74733976414108],[38.93698301318137,48.747341019944656],[38.937049300033536,48.74733354184091],[38.93711206631204,48.74731762138254],[38.937168864921446,48.74729387926834],[38.93721748143879,48.74726324114275],[38.93725602044965,48.747226901506195],[38.937282979444895,48.747186277143314],[38.93729730739719,48.747142951885095],[38.937298445733845,48.74709861485876],[38.937286350109034,48.747054994633],[38.93723285170988,48.74693218247425],[38.93886,48.745814],[38.93795846306615,48.744073827079],[38.938858,48.745812],[38.937231720431484,48.746929585485475],[38.93287649198315,48.73693162262923],[38.94373360955299,48.734088663394346],[38.94603196180775,48.73444140986255],[38.94607,48.734451],[38.94608989510727,48.7344503013485],[38.96070607152402,48.73669356262359],[38.96079664923587,48.74617976433745],[38.9608143715619,48.74621973506757],[38.96084298116432,48.74625686097434],[38.960881494322955,48.746289865481124],[38.960928586775765,48.746317613723626],[38.960982639252315,48.74633915157312],[38.96104179315266,48.74635373844538],[38.961104014456836,48.746360872766715],[38.961167163667284,48.746360309221316],[38.96362508175335,48.74618664593433],[38.964095,48.746196],[38.96421463120907,48.7461449915371],[38.97891294309408,48.745106487784845],[38.97897391557632,48.74508957537158],[38.97902878018088,48.745065209962185],[38.9790754672836,48.74503431068275],[38.979112215745864,48.7449980431319],[38.97940599020048,48.744636173985064],[38.981218,48.743847],[38.981825748492035,48.741655534059625],[38.98560939384328,48.73699486839024],[38.989543,48.734989],[38.991439,48.730611],[38.998391,48.724269],[38.999209744815616,48.72024205913252],[38.999658964090706,48.71968871423386],[38.999671937046294,48.7196448190925],[38.99967146936044,48.71960009838432],[38.999657579614684,48.71955632551893],[38.9996308186424,48.71951523631448],[38.999592247680326,48.71947846016417],[38.999543396281105,48.719447455423634],[38.99908623437215,48.71921029720751],[38.99804701249958,48.7174736930063],[38.99908529398769,48.719209809371804],[38.98521402780707,48.712013923891476],[38.99665577593183,48.711517848298186],[38.996925,48.711604],[38.99756252413663,48.71147853475547],[38.999073546602034,48.71141302191968],[38.999135617358746,48.71139771493285],[38.99919201662692,48.7113747616785],[38.99924060651139,48.71134503223637],[38.999279545153215,48.711309653546635],[38.999307356547774,48.71126996669035],[38.999322986493006,48.71122747605257],[39.002122690708006,48.69817466534008],[39.015716469374695,48.69508611523197],[39.015768463277276,48.695062053754114],[39.015812777912984,48.69503203410922],[39.015847869712644,48.69499710195289],[39.01587251636802,48.694958474052854],[39.015885859405735,48.69491749590521],[39.015887434086906,48.694875594867106],[39.0156231675929,48.692338448095896],[39.015729,48.688642],[39.01491704591666,48.68555917652117],[39.014699594189366,48.683471484890475],[39.01670274994536,48.68075772631371],[39.019584,48.679141],[39.01997361050407,48.676326555213784],[39.02661200074537,48.66733325132349],[39.02662295506213,48.66729200039184],[39.02662212167577,48.667250123485275],[39.02650597398701,48.666537803706696],[39.02748580790611,48.663249643242864],[39.02650522488092,48.666533209529355],[39.02575109142161,48.66190819990191],[39.025726293108455,48.661868665450406],[39.02569059159795,48.66183295556982],[39.02564528317915,48.66180236683163],[39.025592012944415,48.66177800986418],[39.02553271505803,48.66176076902877],[39.02546954253077,48.661751270310894],[39.02540478904971,48.66174985859262],[39.01015956450603,48.662379244298954],[39.01264174500549,48.658491443609755],[39.01372562751388,48.6580669170596],[39.019155,48.656978],[39.02851,48.653009],[39.032209,48.652876],[39.03426723975527,48.65002134042927],[39.042733530264485,48.646705330553026],[39.07587101944992,48.65185006508354],[39.07592646129441,48.65184955258214],[39.0925992812919,48.65079291777337],[39.098556,48.650892],[39.10200342211537,48.650196933258336],[39.1035150674302,48.65010113320421],[39.12303407742997,48.66021858117967],[39.12309715289842,48.66023459565037],[39.123163777450976,48.66024205436876],[39.126624132441236,48.66039853158454],[39.127309,48.660474],[39.12770097941116,48.66044722659305],[39.141640859156915,48.6610775878066],[39.14156722870138,48.666702090812635],[39.14159606621137,48.666753304685834],[39.14840725213465,48.675425974344535],[39.148455112316164,48.67545798771606],[39.14851167472443,48.67548306032273],[39.14857466990443,48.67550018617073],[39.15081391861615,48.675941785174615],[39.151943,48.676288],[39.15228416185871,48.67623172972074],[39.17401974381678,48.680518172442014],[39.196251377562966,48.70666050097856],[39.19630230522822,48.70669191340058],[39.19636186373496,48.706715818773056],[39.19642755404903,48.706731214038754],[39.19649661983954,48.70673745321944],[39.196566163136715,48.70673427452182],[39.19663326593402,48.70672181132267],[39.196695112631176,48.70670058657219],[39.19674910817943,48.706671490850475],[39.196792986970884,48.706635744997875],[39.19682490790251,48.70659484888762],[39.196985963777145,48.7063232651087],[39.198356,48.705779],[39.199855287225766,48.701484809467885],[39.20063278646731,48.70017373539125],[39.20711341444763,48.69855500671407],[39.229011814603794,48.70994891137484],[39.22678546354894,48.70897720231971],[39.22902198131763,48.70995420119361],[39.23220624175476,48.71161099619128],[39.23226468757712,48.711626805231134],[39.23232655418575,48.711635215433844],[39.23238971060469,48.711635937112426],[39.23245198142919,48.71162894540888],[39.23251122175971,48.71161448115042],[39.23344740868862,48.71131809957988],[39.235993,48.71109],[39.238514476269174,48.709713948313485],[39.239583184606715,48.709375612618175],[39.249494585651014,48.71271993575016],[39.25887731324065,48.73384204858954],[39.25597051526151,48.742265401298624],[39.255976152218196,48.74231094712217],[39.25599565326343,48.742354797587204],[39.25602821100667,48.742395137100075],[39.25607247744648,48.742430295431156],[39.2561266197798,48.74245881687082],[39.25618839628628,48.74247952050376],[39.25625524914596,48.74249154910561],[39.256324410347034,48.742494404637185],[39.257251683428606,48.74247030694944],[39.258537,48.742744],[39.259901981178004,48.74240143182639],[39.26838758753726,48.742180910497304],[39.271944490392535,48.75357274406784],[39.270810757260286,48.75276025933265],[39.27194465458174,48.7535732699231],[39.272070531409064,48.75397642062067],[39.272105053132904,48.754016828982145],[39.27215142811574,48.75405170072842],[39.27220767868087,48.75407954872539],[39.27227140598678,48.75409918537028],[39.27233989232873,48.754109773239634],[39.272410217040694,48.75411086080324],[39.272479381054495,48.75410240168084],[39.272544434803024,48.754084756620166],[39.27332385509635,48.75380817921026],[39.274778,48.753683],[39.275335457448584,48.75309436180891],[39.286243715425535,48.74922356480288],[39.292325699461166,48.76072145285464],[39.29236892370788,48.76075892371519],[39.31165281259593,48.774254903615386],[39.311718985640404,48.77427792070028],[39.311791185954576,48.77429086525651],[39.31321040053379,48.77443719824921],[39.314592,48.774807],[39.324549,48.776051],[39.32568975698006,48.77572392514908],[39.32626714471945,48.77578345869467],[39.3263307109755,48.77577811536222],[39.32639163545853,48.77576502419892],[39.32644776388831,48.77574464810685],[39.32649711157859,48.77571770758174],[39.32653793361671,48.77568515523534],[39.32656878656359,48.77564814211032],[39.326588579492125,48.77560797697867],[39.326596612559484,48.77556608006305],[39.326615457207595,48.775172296533],[39.327974,48.773695],[39.32748300451054,48.772108014610836],[39.327972,48.773692],[39.326615678543945,48.775167671421016],[39.32693722105466,48.768448620782294],[39.32930199720596,48.767651960393174],[39.332378814165445,48.766900107838495],[39.351078208538965,48.768771355002244],[39.35114409460352,48.768765125638936],[39.35120688613484,48.76875057277268],[39.35126418704134,48.76872825173401],[39.35131381075842,48.768699014282305],[39.351353863688225,48.76866397610207],[39.35180187764512,48.7681785274516],[39.354504,48.766831],[39.35402193100086,48.765772973140386],[39.35421454656718,48.765564263198904],[39.35423100519377,48.76551826105491],[39.35423249291601,48.765471007196865],[39.35421894388165,48.76542459458672],[39.354190958241375,48.7653810789203],[39.35414977556036,48.765342387577604],[39.34351454044796,48.75730394831574],[39.34458392747371,48.75470983937512],[39.347029,48.750214],[39.34709325344292,48.74862274015385],[39.34957082152561,48.74261267891357],[39.35646769387164,48.738069776903956],[39.358194,48.737008],[39.35821330426664,48.73691996049826],[39.35915262881583,48.73630123665242],[39.35918364502122,48.73626398398122],[39.359203464677556,48.73622354461164],[39.359211378024966,48.73618136677031],[39.359207101698985,48.73613896093884],[39.35919078887421,48.7360978457599],[39.35861944785267,48.73506769231246],[39.35887499784541,48.7339022248824],[39.35861873317671,48.73506640371972],[39.35413762406721,48.72698676332381],[39.37166117338384,48.71992581923763],[39.372606,48.719872],[39.37349476799477,48.71918699008889],[39.374415690594205,48.71881591326736],[39.37446132453908,48.71878129428455],[39.37449534258975,48.71874127923668],[39.37451632503116,48.71869753815264],[39.37452339619746,48.71865189656298],[39.37451626101264,48.718606259310725],[39.3744952172992,48.71856253105275],[39.37446114334246,48.718522536769854],[39.374415461230406,48.718487945602796],[39.37436007749992,48.71846020119295],[39.37429730356709,48.71844046143427],[39.374095322358635,48.71839295215795],[39.37378708656995,48.717492253588745],[39.37409450042687,48.718392758826184],[39.34730231898799,48.71209080053524],[39.34972489457486,48.708093955792656],[39.350505,48.707639],[39.353673117363044,48.70158004820642],[39.356233685848025,48.697355538249866],[39.35756146380666,48.696694028281264],[39.360313,48.6958],[39.371472908416216,48.68976323143607],[39.37812809388467,48.68644756295278],[39.3897233099956,48.684958046037316],[39.38977868388976,48.68493969135791],[39.38982809612094,48.68491500985482],[39.38986990727069,48.6848848204256],[39.389902730120895,48.684850124711424],[39.38992547567889,48.6848120738632],[39.38993738930678,48.68477193034739],[39.38998501352568,48.684465577881596],[39.390931,48.68376],[39.39028670483024,48.682524887258424],[39.39084482551345,48.67893466254815],[39.403302277495406,48.674069613495355],[39.405823,48.673814],[39.41020545626698,48.67137369274105],[39.41194695171458,48.67069358088591],[39.41198956100375,48.67066428517913],[39.41202348230909,48.67063039999557],[39.412047605894756,48.670593033907785],[39.41240164527545,48.669866467014025],[39.413872,48.668429],[39.41359372279744,48.66742006102225],[39.413863791089234,48.666865821323015],[39.41386490377719,48.66682160766503],[39.413852877196426,48.66677810709562],[39.41382817764878,48.66673700612577],[39.408437389864744,48.65983788030114],[39.41086908627922,48.65786948554467],[39.417298643237096,48.65741428995947],[39.420748,48.658225],[39.432325,48.656751],[39.43430531115005,48.65621026296295],[39.44269324940669,48.65561641917428],[39.446504,48.656303],[39.45128525355353,48.65500812806164],[39.45247739996775,48.65492372725639],[39.452541234360865,48.65490515313074],[39.45259798653238,48.65487836364212],[39.452645267380866,48.65484448655626],[39.452681086533566,48.6548049480052],[39.45270393613437,48.65476141244952],[39.45271285431673,48.6547157126078],[39.452707465690295,48.65466977230376],[39.452601757197456,48.65428620133452],[39.45338419586452,48.65281350815132],[39.452600806245705,48.65428275073681],[39.44993340856161,48.64460390386719],[39.4544249921983,48.63998548367602],[39.46352676866167,48.63866339473913],[39.465815,48.638667],[39.467531344788696,48.63808170545949],[39.468817815370315,48.63789483770566],[39.468877630757426,48.63787216494294],[39.46892928902034,48.63784198008436],[39.4689706633855,48.63780552585179],[39.46900005048203,48.63776430307658],[39.46901624046781,48.637720008908566],[39.46901856683475,48.637674466942805],[39.469006933843524,48.637629552141384],[39.46898182045908,48.63758711364116],[39.46578647516605,48.63347488986318],[39.46747589650774,48.628808938373176],[39.51550000697729,48.63383531044644],[39.5116376,48.6357039],[39.51047913114099,48.63552169671149],[39.511638,48.635704],[39.515500136792625,48.63383532403337],[39.516595122289665,48.63394992906133],[39.5166636790441,48.633943111661914],[39.516728715469505,48.63392724112148],[39.5167875246409,48.63390297799959],[39.5168376588314,48.63387133216854],[39.51687703139247,48.633833620779335],[39.516904003602924,48.633791413438175],[39.51691745287249,48.633746466875635],[39.51790797131629,48.62666841243252],[39.51788886143515,48.62661883013853],[39.51785326808917,48.62657339363495],[39.513351315838236,48.62214751028555],[39.530127411977894,48.609473916342324],[39.530155015415275,48.60943294727959],[39.53016975565799,48.60938916852508],[39.53017104484118,48.60934432614703],[39.53015883158273,48.60930020863051],[39.530133603027,48.609258575545745],[39.524945966650634,48.60268735539263],[39.534460028027056,48.5969054653421],[39.53449157823329,48.59687284101238],[39.534514184594954,48.59683711702965],[39.53452717491676,48.59679935566963],[39.53535153604406,48.59282714395446],[39.53534254523148,48.59278571622999],[39.53532208858805,48.59274611126873],[39.53529087659101,48.59270970453583],[39.53524999324047,48.59267776042034],[39.53520085841031,48.592651388324484],[39.5351451785357,48.59263150413559],[39.52962912549722,48.591081372558435],[39.53097539943824,48.58592024545278],[39.5489687854426,48.58619241578062],[39.548725760328416,48.59589715578338],[39.54874674186394,48.59594224095993],[39.54878150035233,48.59598343294191],[39.54882850226478,48.59601891432052],[39.5488856738744,48.59604711963786],[39.54895049274838,48.59606680445755],[39.550309380249644,48.596369396519655],[39.554981,48.598295],[39.56178255875193,48.59892420163684],[39.56352361072912,48.599311892676404],[39.56359354475593,48.599312621480976],[39.563662221232526,48.59930385995484],[39.563726726859386,48.59928597976765],[39.56378432527367,48.599259739408026],[39.563832573130625,48.59922625200684],[39.563869423752834,48.59918693811604],[39.56974152768895,48.59117372220867],[39.56975223838512,48.59113182167547],[39.56975082416005,48.591089336763766],[39.569737335680074,48.59104778864064],[39.56971225592623,48.591008664927934],[39.564562336451395,48.58470998527225],[39.57426893097063,48.582001852023396],[39.59121280490897,48.59244378374087],[39.59127949159296,48.592463809481075],[39.59135111960939,48.59247391110974],[39.600647935610574,48.593098686961625],[39.60071598769663,48.593089299524486],[39.600779723006795,48.59307094227714],[39.600836470054205,48.593044384671494],[39.600883850277825,48.59301073987953],[39.60091987774172,48.592971418132855],[39.60620819267709,48.58557394505678],[39.606217595087784,48.58552867599882],[39.606212951102314,48.585483085044466],[39.60619445301291,48.58543905960019],[39.60616286664923,48.58539842225761],[39.606119499668736,48.58536285534153],[39.59729494755418,48.579469303837364],[39.60127811067687,48.57516736004244],[39.6108602795893,48.57429348022143],[39.62335685133614,48.58718092272846],[39.62340602211339,48.58720905133051],[39.6234623964435,48.58723046503098],[39.623523907456715,48.58724437872968],[39.62358829994794,48.58725028230188],[39.623653213063015,48.587247959301905],[39.62371626685912,48.58723749489909],[39.62377514956521,48.58721927275509],[39.62382770234261,48.5871939609569],[39.63351194255867,48.58151549770968],[39.671295456062936,48.58946401538638],[39.67137011498604,48.589462905071294],[39.68695175247337,48.58808733116178],[39.6869762,48.588258],[39.68712341881277,48.588927896715745],[39.68711078763716,48.58908571210981],[39.68672595538879,48.58950276863663],[39.686423564741155,48.58974043444029],[39.6851367,48.5900255],[39.6840462,48.590678],[39.6831686,48.5914646],[39.6831728,48.5918393],[39.6833107,48.59217070000001],[39.68327325068345,48.59221644329892],[39.68279015955253,48.59259613176736],[39.68253281665111,48.592651954522545],[39.679509373606216,48.59184722542208],[39.6794177,48.5917485],[39.6795335,48.5910413],[39.6793925,48.590404],[39.6790867,48.5901895],[39.67880235057252,48.59010420049964],[39.678799,48.590094],[39.67878443428978,48.59009882595052],[39.678553,48.5900294],[39.6777623,48.5901408],[39.6772473,48.5904516],[39.67671228566352,48.59078537584005],[39.676478,48.590863],[39.676469171292275,48.59093704598785],[39.6764335,48.5909593],[39.6760741,48.5913555],[39.6758528,48.5917354],[39.6757136,48.5922505],[39.6754562,48.5930898],[39.6753971,48.5934083],[39.6754772,48.5938613],[39.6755433,48.5940947],[39.6759033,48.5945396],[39.67602777160714,48.59463904595576],[39.676018,48.594721],[39.676307396986395,48.59487360331829],[39.6763107,48.5948764],[39.67693580000001,48.595227],[39.67712082056786,48.59530253362352],[39.67770574834231,48.595610974704584],[39.6778859,48.5957731],[39.6780805,48.5958777],[39.678422,48.5958979],[39.679224338214276,48.59558778192799],[39.679307529836684,48.595566138579066],[39.6797259,48.5956754],[39.67998370783201,48.59579603087257],[39.68038985125655,48.59619025394503],[39.6805545,48.5963796],[39.680525067952324,48.596475555631336],[39.678908081496715,48.59790972327757],[39.6784656,48.5980893],[39.678398540962505,48.598102652420835],[39.676244174020326,48.597965482990055],[39.6758665,48.5976281],[39.6756015,48.5971087],[39.6744659,48.5963626],[39.6735361,48.5958187],[39.6717955,48.5954856],[39.67157822424649,48.59550953207773],[39.671427,48.595451],[39.67118879346593,48.59555242636094],[39.6705635,48.5956213],[39.6693064,48.59617030000001],[39.66894882403712,48.59650618671292],[39.668806,48.596567],[39.66879450647789,48.59665114393348],[39.668764,48.5966798],[39.6685425,48.5971431],[39.6682024,48.59837490000001],[39.6682887,48.599276],[39.66823560000001,48.60074],[39.6682356571925,48.60074247265247],[39.668158,48.601311],[39.668476359471576,48.601528915115686],[39.6688895,48.6019863],[39.66981788999796,48.602447184575055],[39.670944,48.603218],[39.670598031814166,48.60450597938747],[39.67039482200692,48.604621640614944],[39.66771899490328,48.605118480588274],[39.666387,48.6051146],[39.6659487,48.60506],[39.6651291,48.6048557],[39.664039,48.6048042],[39.663590590399316,48.60493989955427],[39.663374,48.604922],[39.66316018779758,48.605070149756585],[39.66315870000001,48.6050706],[39.6617967,48.6057258],[39.6611626,48.6062575],[39.661138087037855,48.606471256578196],[39.661023,48.606551],[39.660927073991004,48.607159890342125],[39.6608074,48.6070498],[39.660579,48.6077597],[39.660722556325595,48.60845806622329],[39.660623,48.60909],[39.660729023522535,48.60926594106827],[39.6613922,48.6107661],[39.66188257738764,48.611180209661484],[39.6664525512784,48.61876386722231],[39.6665373,48.6192039],[39.6665531,48.6193912],[39.6666404,48.6195787],[39.6669535,48.62010890000001],[39.6673618,48.62059580000001],[39.6675709,48.6207945],[39.6678117,48.6212312],[39.667967765632916,48.62127829445332],[39.6679888,48.6213132],[39.66835238776913,48.62162261153056],[39.66861330000001,48.6219316],[39.66868928216247,48.62190930712026],[39.66873684905878,48.621949786331726],[39.66881590000001,48.62217180000001],[39.6690625,48.6222685],[39.66916290000001,48.6223407],[39.66939210000001,48.62258880000001],[39.6695675753579,48.6226567306173],[39.66965172463823,48.62272834127044],[39.6696672,48.6227692],[39.6696846,48.6228933],[39.6702473,48.6234024],[39.6709504,48.6239197],[39.671185165444875,48.62403329239173],[39.671535,48.624331],[39.67193996639197,48.62457636366643],[39.67295520000001,48.62537360000001],[39.6733398,48.62559070000001],[39.6736759,48.6258072],[39.6741605,48.626025],[39.6742391,48.626118800000015],[39.6763407,48.6273918],[39.676523,48.6274377],[39.6766627,48.6275257],[39.6766802,48.6275921],[39.6796575,48.6292526],[39.6799849,48.6294661],[39.6807454,48.6298577],[39.6852993,48.632019],[39.6871634,48.632578],[39.687214061021734,48.63258395430205],[39.687768,48.632823],[39.68923823375383,48.63391136370745],[39.6895061,48.6344262],[39.690498,48.63535570000001],[39.69157877378314,48.63564398535152],[39.69424,48.637614],[39.69377071858682,48.64319944728796],[39.69373203061062,48.64323773138794],[39.693173527912734,48.643675058946904],[39.6927904,48.6438594],[39.692055698429826,48.6445503593545],[39.69153,48.644962],[39.69137997604247,48.64566799509425],[39.6913726,48.6456829],[39.69131080000001,48.6458726],[39.691320400424544,48.64594835094332],[39.691241,48.646322],[39.69218767887119,48.64750286135671],[39.692206,48.6476123],[39.692274,48.6477123],[39.6924376,48.6478305],[39.69252398322347,48.6479223582165],[39.693715,48.649408],[39.6953779525673,48.650166290819996],[39.6953794,48.6501677],[39.6961268,48.6505373],[39.696508501082654,48.65068181037095],[39.69794703637208,48.65133776901081],[39.6984507,48.6517454],[39.698551,48.6518042],[39.6986196,48.6518443],[39.6997634,48.65251230000001],[39.7010986,48.6528299],[39.702333157749024,48.65337353234597],[39.70495854138326,48.656056056146994],[39.7053472,48.656543],[39.7055506778191,48.656585883209615],[39.7064362,48.6568874],[39.70651560000001,48.6569221],[39.7070059,48.6565812],[39.70863362023525,48.65506348317566],[39.709150922487204,48.65463410864571],[39.70931355789801,48.654597442319655],[39.71107362556546,48.65543914913158],[39.7113076,48.6558888],[39.71132771354132,48.65617184963539],[39.71088660302084,48.65766093236217],[39.71068,48.6579281],[39.7101784,48.658837],[39.7098313,48.6604276],[39.709721399301,48.66159437908768],[39.709526,48.662254],[39.711308,48.667218],[39.71042159588411,48.66795449112874],[39.7102696,48.6680271],[39.71008222351184,48.66801042409895],[39.70888151999655,48.66770805255434],[39.7086787,48.667604],[39.7074012,48.6669487],[39.70590093291623,48.66695745533541],[39.7045764,48.6666239],[39.704496928473496,48.66665242982237],[39.704439,48.6666156],[39.7037368,48.66673220000001],[39.7030239,48.6671325],[39.70300313750609,48.66718869221518],[39.702902,48.667225],[39.701721,48.669404],[39.70184486540726,48.669515489581535],[39.70261510000001,48.6705704],[39.7037465,48.6713416],[39.70394522418356,48.67140599417214],[39.704033,48.671485],[39.71200363422127,48.67460913348747],[39.7120838,48.6746598],[39.712326038160775,48.674879035613934],[39.71342811543011,48.67605352373635],[39.71352413929572,48.67628142792919],[39.71361265549705,48.67680098505936],[39.7136064,48.6772026],[39.7139704,48.679717],[39.7140824,48.6799759],[39.7141734,48.6801422],[39.7141831410166,48.6801495225573],[39.714196,48.680225],[39.71434885584389,48.68027409439299],[39.7143764,48.6802948],[39.7175014,48.6815789],[39.718858639949715,48.68172255136767],[39.721986,48.682727],[39.722967,48.684162],[39.718497,48.687429],[39.71721785964725,48.68919345296455],[39.7170921,48.6892513],[39.716977006656926,48.68952568685264],[39.716681,48.689934],[39.71681536890783,48.69014582200148],[39.7167321,48.6906511],[39.7171253,48.691296],[39.717702479339074,48.69154428173536],[39.71845057912661,48.69272360213668],[39.7183688,48.6932043],[39.7166484,48.6941957],[39.716272,48.69451080000001],[39.7161447,48.6946174],[39.715897,48.6951845],[39.7164137,48.69571120000001],[39.7175663,48.6962462],[39.71884076324838,48.696559188808415],[39.72010816886812,48.6971546843834],[39.72016118262436,48.69733438132728],[39.71962662138958,48.69874415780855],[39.7185737,48.7003594],[39.71830230000001,48.7009684],[39.7184573,48.7017947],[39.71845042981044,48.70184607975474],[39.718206299241395,48.702489915319696],[39.7179922,48.702715900000015],[39.7172782,48.7027878],[39.7165497,48.702575],[39.7150418,48.7007287],[39.7143256,48.700466],[39.71241590000001,48.70073220000001],[39.71201,48.7008443],[39.7119352,48.700865],[39.711645,48.7012297],[39.7114491,48.7016845],[39.7108951,48.70201880000001],[39.7092085,48.70261820000001],[39.7068535,48.7037883],[39.70509830000001,48.70599520000001],[39.704803018310464,48.70659073975151],[39.704492,48.706805],[39.70464965381438,48.70690005339038],[39.7045168,48.707168],[39.7046708,48.7078084],[39.70551240000001,48.7083479],[39.7067666,48.7096279],[39.7070885,48.7114007],[39.7075831,48.7120502],[39.7088512,48.71211990000001],[39.7105384,48.7116187],[39.7114224,48.7116899],[39.7120505,48.7120362],[39.712164,48.7122807],[39.7120232,48.7135198],[39.711785,48.7139471],[39.7117791,48.714277],[39.712054,48.7148866],[39.7122614,48.71551220000001],[39.712076,48.7158043],[39.7112782,48.7159194],[39.7109194,48.7160424],[39.70991390000001,48.7160237],[39.7089403,48.7164134],[39.7073948,48.717203],[39.7073245,48.7180007],[39.7072716,48.7183421],[39.7071094,48.718629],[39.7066229,48.71893090000001],[39.7046294,48.7197926],[39.7043076,48.7205075],[39.704575,48.7209425],[39.70514572287939,48.721233078285024],[39.704838,48.721463],[39.70994667276174,48.722856769776016],[39.7098083,48.72341870000001],[39.7100575,48.724195],[39.7104122,48.7245497],[39.7118296,48.72561910000001],[39.7129405,48.7259047],[39.713367,48.7264592],[39.713684,48.7265236],[39.7157011,48.7278396],[39.7195731,48.728725],[39.7207211,48.7284985],[39.7216223,48.7278103],[39.7218267,48.7269645],[39.7216057,48.7266843],[39.7204255,48.72594820000001],[39.720403863948206,48.725709745039346],[39.72463391355579,48.72686380511895],[39.7247055,48.7269602],[39.72527090000001,48.7273469],[39.726003141430496,48.72815996766007],[39.72648013642156,48.72910484836284],[39.7260949,48.7294437],[39.72529280000001,48.7298056],[39.72454,48.7301646],[39.7236014,48.7304398],[39.72313350000001,48.7308121],[39.72283980000001,48.7314049],[39.72284006265806,48.73179978011708],[39.722706,48.731886],[39.72284029894618,48.73215501569068],[39.7228403,48.73215660000001],[39.72300580000001,48.7328289],[39.72327880000001,48.7334658],[39.723535800000015,48.7338573],[39.72389709283218,48.734271891103525],[39.725599,48.737681],[39.72556724032076,48.73783067018908],[39.7254433,48.7378936],[39.7252973,48.738018300000014],[39.72527090000001,48.7381801],[39.725333,48.738403],[39.7252497,48.738955300000015],[39.72525282408938,48.73931238341552],[39.725180514745524,48.73965314734721],[39.72510970000001,48.739886],[39.72510578536588,48.74000531590332],[39.725011,48.740452],[39.72586157071433,48.74066272005038],[39.7262228,48.7407739],[39.72652211987402,48.74082636423642],[39.73147186816032,48.742052612907706],[39.73168352749259,48.742245930276916],[39.73188934537998,48.74309072773398],[39.7319204,48.7437225],[39.7320738,48.7441501],[39.732163297436784,48.74421518782767],[39.732192,48.744333],[39.732487959756234,48.74445130146245],[39.73274220000001,48.7446362],[39.733696,48.74517380000001],[39.7346863,48.7449206],[39.73523185559185,48.744158011202835],[39.73720634480322,48.74323593922393],[39.737437747404094,48.7432157408074],[39.739365,48.743631],[39.738736,48.747477],[39.736921,48.748898],[39.73684267007347,48.74937013542874],[39.7366883,48.7494842],[39.7366287,48.7502681],[39.73667700914613,48.75036866046787],[39.736610233228774,48.750771153841264],[39.7347975,48.7513494],[39.7346047,48.7514151],[39.7342783,48.7515746],[39.7338557,48.7526062],[39.7335887,48.7527316],[39.7330392,48.75273230000001],[39.7326544,48.7526657],[39.7323275,48.7525557],[39.7320993,48.75233830000001],[39.7319179,48.7519523],[39.7317831,48.7515361],[39.7316098,48.7513814],[39.731421,48.7512811],[39.7308502,48.7511116],[39.73055820000001,48.7510517],[39.7302633,48.75088739999999],[39.7301824,48.7505971],[39.7302799,48.7502776],[39.730671,48.7498939],[39.7309881,48.749485],[39.7312675,48.749005],[39.7313581,48.74879220000001],[39.731239,48.74851370000001],[39.7309271,48.7483466],[39.73045,48.74838],[39.7300239,48.7484989],[39.7296774,48.7486748],[39.7291964,48.7489672],[39.728502800000015,48.7491774],[39.727682,48.7493166],[39.72670270000001,48.7498791],[39.7262636,48.7511251],[39.72555120000001,48.7523718],[39.7259686,48.7529211],[39.72708,48.75355],[39.7274261,48.7539422],[39.7277699,48.7542813],[39.7286755,48.7542092],[39.72948,48.75423],[39.7305755,48.7546378],[39.7313046,48.7547814],[39.732092,48.7550601],[39.73223690000001,48.7556486],[39.7319767,48.7558435],[39.730847,48.7562198],[39.7301845,48.756728],[39.7300375,48.7574625],[39.7302515,48.758121],[39.730767,48.7592074],[39.7329364,48.759881],[39.7336,48.75973],[39.73446,48.75973],[39.7357841,48.7597818],[39.7360231,48.7602941],[39.7362956,48.760554],[39.7362557,48.760746],[39.7360022,48.7608266],[39.7357584,48.7609292],[39.7357535,48.7610931],[39.7358901,48.7613213],[39.7360412,48.7613438],[39.7362118,48.7614531],[39.7365225,48.7614646],[39.7367002,48.7615785],[39.7367314,48.7617541],[39.7366606,48.7620231],[39.7366861,48.7621445],[39.73675590000001,48.76230270000001],[39.7369918,48.7626006],[39.7368506,48.7628576],[39.736636,48.7629991],[39.736519,48.76315980000001],[39.736497,48.763332100000014],[39.7367409,48.7638473],[39.7368278,48.7640307],[39.7366995,48.7642192],[39.7364657,48.7644328],[39.7366325,48.7646905],[39.7369855,48.7647881],[39.7374908,48.7651661],[39.7378765,48.7656976],[39.738671,48.7662548],[39.739267,48.7665625],[39.7401076,48.7664822],[39.7402579846775,48.76643602510428],[39.743213845289354,48.766738777005855],[39.7433482,48.7668262],[39.744413,48.7673025],[39.7454011,48.7674427],[39.7446035,48.768312],[39.743588,48.76951620000001],[39.74373,48.7702],[39.74441,48.77054],[39.7451,48.77071],[39.74596,48.77071],[39.74647,48.77088],[39.7471805,48.7713148],[39.7478414,48.7723765],[39.749175,48.7728131],[39.7509539,48.7727346],[39.7525825,48.7718992],[39.7531651,48.7712444],[39.7533298,48.77055],[39.7527805,48.7702255],[39.75214,48.77003],[39.75025,48.76917],[39.75008,48.769],[39.74974,48.76865],[39.74939,48.76814],[39.749445619644355,48.76737706202126],[39.75031990786736,48.76746661036498],[39.7503563,48.76748],[39.7522317,48.7677438],[39.75255861779915,48.76769590862288],[39.752741287970494,48.76771461848407],[39.7542208,48.76811570000002],[39.755077,48.76812560000001],[39.755673,48.767929],[39.75591886296586,48.767527421127454],[39.76093229816345,48.76386762232702],[39.7609942547965,48.76386586503585],[39.76590102431747,48.76421541643599],[39.76635894867743,48.76437385922808],[39.7684560732629,48.76622615546399],[39.768550800000014,48.7664281],[39.76855618918902,48.76645372625356],[39.768646781272224,48.76896287762252],[39.7684613304914,48.76945786261571],[39.76656540006746,48.77068761626722],[39.76543510000001,48.7710118],[39.764451479191756,48.771032975711734],[39.76363,48.771034],[39.763658523141885,48.77114434900305],[39.7630887,48.7715492],[39.76258820000001,48.7724146],[39.76299130000001,48.7734087],[39.7636892,48.7743906],[39.7639812,48.7745896],[39.76464512707249,48.774961276345806],[39.765451,48.778079],[39.76556443334041,48.77816840419918],[39.765779,48.7785666],[39.7666502,48.7793744],[39.767433491823105,48.779641530850135],[39.77069350900364,48.78221096259114],[39.7707786,48.7825073],[39.7721176,48.783795],[39.7729298,48.7841778],[39.773399926299035,48.78434406622773],[39.773495,48.784419],[39.77980787423846,48.785986145821546],[39.780337690654854,48.786413960954576],[39.78563028160512,48.798641155171126],[39.7855874,48.7998957],[39.7853956,48.8007795],[39.7807889,48.805724],[39.7802673,48.8067571],[39.7800297,48.8072136],[39.7800642,48.8076447],[39.7799178,48.8080843],[39.7800857,48.8088983],[39.7799694,48.8092386],[39.7797347,48.8099531],[39.7801138,48.8121202],[39.7816748,48.8135238],[39.7825562,48.8140447],[39.7840046,48.815869],[39.7843847,48.8161525],[39.7846204,48.8163851],[39.7847621,48.8164835],[39.78510590000001,48.8163876],[39.7853232,48.8161182],[39.7856147,48.8160484],[39.7861111,48.8162107],[39.7865527,48.8165435],[39.7864148,48.8171741],[39.7870049,48.8175668],[39.7872388,48.8178341],[39.7874453,48.8183853],[39.7872168,48.8190546],[39.7869678,48.8196356],[39.7863944,48.8207924],[39.7861148,48.8211715],[39.7855377,48.8217188],[39.785077,48.8223767],[39.785077,48.8232455],[39.78561230000001,48.8242621],[39.7862684,48.8247516],[39.787117,48.8249953],[39.7881888,48.824895],[39.7887666,48.8246305],[39.7892106,48.824392],[39.7895906,48.8244977],[39.7900567,48.8236158],[39.7902241,48.8231422],[39.7910931,48.8226908],[39.7917948,48.8227463],[39.79222864476269,48.822581087010384],[39.79375064937354,48.82817356278864],[39.79351250000001,48.8282472],[39.793113900000016,48.82801030000001],[39.79210590000002,48.8280908],[39.7916349,48.8284443],[39.791489,48.8291665],[39.7918721,48.8300002],[39.792012600000014,48.8317104],[39.7919112,48.8327511],[39.792125800000015,48.8335166],[39.7922175,48.8346469],[39.7918527,48.8347349],[39.791555,48.8351893],[39.7916478,48.8359079],[39.7922497,48.8363912],[39.793373,48.8368075],[39.7947077,48.8368044],[39.7954346,48.8370374],[39.796057,48.8375009],[39.7962907,48.8377347],[39.7962462,48.8387131],[39.79631060000001,48.8396774],[39.7969012,48.8403097],[39.79708695925097,48.84043254810651],[39.797126,48.840576],[39.79757197168816,48.840753301227736],[39.7985813,48.8414208],[39.7998736,48.8422279],[39.8001048,48.8426021],[39.8011107,48.8428655],[39.8026347,48.842982],[39.80302115876167,48.84291968887954],[39.8034896083666,48.843105926464325],[39.8035633,48.8432937],[39.8039018,48.8435465],[39.8046217,48.8436902],[39.8050267,48.843604],[39.8057246,48.8430957],[39.8064257,48.8417435],[39.80632413002567,48.841569142175224],[39.80732912114235,48.84034837004772],[39.808284,48.8399319],[39.80796572329502,48.8395750834471],[39.808044,48.83948],[39.807503,48.838581],[39.827832,48.831465],[39.82867365650555,48.83213942287691],[39.829879,48.8337707],[39.88243,48.82204],[39.88672,48.82084],[39.8917,48.81895],[39.90774554253762,48.812367577539014],[39.936737,48.800795],[39.976403,48.793903],[40.078831,48.869867],[40.0762801368035,48.87227011936391],[40.07246,48.8744],[40.06231040060058,48.895802102710846],[40.055495,48.910098],[40.05447297454923,48.91033786054098],[40.0540438,48.9101725],[40.05323,48.9102621],[40.0521419,48.9105771],[40.0515263,48.9106277],[40.05083,48.91027],[40.0487751,48.9101255],[40.0482173,48.910317],[40.0478325,48.9107361],[40.0472389,48.9108878],[40.0468101,48.9108155],[40.0461266,48.9111551],[40.0458965,48.9116757],[40.0450679,48.9122662],[40.0449042,48.9124713],[40.04495395203215,48.91257189286258],[40.038429092467936,48.91410322101463],[40.0379863,48.9132121],[40.0370662,48.9130778],[40.036728,48.9130638],[40.0362502,48.9132982],[40.03599230000001,48.9136382],[40.0360963,48.9142311],[40.036352431813405,48.914590595323794],[40.03352459290235,48.915254264678104],[40.03298,48.91491],[40.03229,48.91474],[40.02991220000001,48.9147396],[40.02957855422826,48.91490959385846],[40.02935192012012,48.91478461407911],[40.02951920000001,48.9146095],[40.0295257,48.914459],[40.02911240000001,48.9141363],[40.02815050000001,48.914111],[40.02805601622377,48.91406997414979],[40.027468476720976,48.913745969268],[40.027282,48.9134716],[40.027271,48.9131032],[40.0275569,48.9128647],[40.02954,48.91199],[40.02834,48.91165],[40.0256,48.91199],[40.02525,48.91182],[40.02508,48.91165],[40.02457,48.91079],[40.02371,48.90976],[40.02302,48.90959],[40.02233,48.90959],[40.01976,48.90942],[40.01959,48.90924],[40.01959,48.9089],[40.021333,48.9070098],[40.0215199,48.9059332],[40.0210692,48.9053768],[40.0207174,48.9052684],[40.0201677,48.9052973],[40.0195509,48.9050748],[40.0179332,48.9030188],[40.0173639,48.9026243],[40.0174727,48.9021756],[40.00497987784791,48.90134439322952],[40.00398,48.900793],[39.99343,48.868286],[39.99326521328186,48.86831363137896],[39.9932321,48.8682063],[39.9742253,48.8707036],[39.962058,48.8721057],[39.9535752,48.8746491],[39.9527783,48.8750545],[39.9520637,48.8751846],[39.951926175461075,48.87524534670666],[39.950652,48.875459],[39.95001465061636,48.87615113074321],[39.94921,48.87628],[39.94749,48.87714],[39.94697,48.87783],[39.94629,48.87852],[39.94474,48.87955],[39.94220196690479,48.88463532908493],[39.94151653314926,48.88537967714082],[39.93736,48.8883],[39.937287123456905,48.88839859767595],[39.93377273132662,48.890384505355655],[39.9324973,48.8906808],[39.9321864,48.8910896],[39.9311758,48.8913861],[39.93100761020965,48.89194701604255],[39.930371962396435,48.89230620699992],[39.92917030000001,48.8927047],[39.9286572,48.8926638],[39.92792,48.89328],[39.9272846704891,48.89405076949636],[39.92720730421816,48.89409448751812],[39.92631290000001,48.8945031],[39.92608716588135,48.89472745368778],[39.924336,48.895717],[39.91582088649647,48.89512121123642],[39.8761781,48.8920256],[39.875971709580384,48.89233302857338],[39.87160404643262,48.89202743022458],[39.87179,48.89173],[39.85239,48.89053],[39.8453251,48.9029125],[39.844088,48.9019289],[39.8437692,48.9015025],[39.84312,48.90118],[39.8422851,48.9009533],[39.8417904,48.90104],[39.8410758,48.9014591],[39.8404162,48.9026154],[39.83964362106972,48.903007342109085],[39.83842280496311,48.90302644064132],[39.83711,48.90289],[39.83674111438755,48.90280297688057],[39.835578073906674,48.89675473078434],[39.8356452,48.89634],[39.835881,48.8958393],[39.8361586,48.8950115],[39.8360171,48.8936806],[39.8358472,48.8929639],[39.8342694,48.8913323],[39.8336064,48.8901435],[39.83265,48.88813],[39.8320593,48.887623],[39.8315948,48.8872832],[39.8308289,48.8869516],[39.8284752,48.8866323],[39.826994,48.8864598],[39.8267868,48.8870067],[39.82698,48.88779],[39.82703870445802,48.888321793325574],[39.818786,48.895506],[39.818782421738604,48.89574965353453],[39.81857,48.89585],[39.81823,48.89654],[39.81823,48.89723],[39.818747465195486,48.89812993947041],[39.818635,48.905788],[39.81079275108827,48.911143537912714],[39.81016,48.9113],[39.80982,48.91147],[39.8084359,48.9127168],[39.808418415116655,48.91276499196967],[39.80653490271868,48.914051258469236],[39.8056913,48.9144406],[39.8045867,48.9146693],[39.8028493,48.9146977],[39.8011848,48.9145074],[39.79913480000001,48.914339],[39.79807010000001,48.9140457],[39.7976046,48.9135297],[39.7975872,48.9126594],[39.79802280000001,48.912167],[39.7978834,48.9115257],[39.7971688,48.9107675],[39.7954811,48.9105759],[39.79433680000001,48.9108285],[39.7932486,48.9112967],[39.7931218,48.911961],[39.793335700000014,48.9124647],[39.7937006,48.913073],[39.794001,48.9136247],[39.7939979,48.9141366],[39.79352830000001,48.9147048],[39.7928832,48.9150707],[39.792176300000015,48.9152245],[39.7911425,48.9150939],[39.79031190000001,48.91486159999999],[39.7891853,48.9147077],[39.7851639,48.9148809],[39.7831811,48.9151287],[39.7822091,48.9154452],[39.7818292,48.9159881],[39.7817718,48.9166882],[39.7802503,48.9179725],[39.77807230000001,48.9198732],[39.7765041,48.9206861],[39.7759296,48.9215436],[39.7748004,48.9232286],[39.7745822,48.9241424],[39.7739964,48.924514],[39.77445,48.92504],[39.77514,48.92538],[39.77566,48.92555],[39.77806,48.92589],[39.77892,48.92641],[39.77926,48.92778],[39.77923530000001,48.9279299],[39.77892,48.92984],[39.77875,48.93019],[39.77857,48.93087],[39.77909,48.93225],[39.77978,48.9331],[39.78012,48.93345],[39.78081,48.93413],[39.78184,48.93431],[39.78184,48.93465],[39.78166,48.93516],[39.78166,48.93551],[39.78149,48.93602],[39.78132,48.93654],[39.78115,48.93688],[39.77978,48.93774],[39.77789,48.93825],[39.77651,48.93843],[39.776,48.93928],[39.77566,48.93997],[39.77516230000001,48.9404168],[39.77377,48.94117],[39.77308,48.94117],[39.7719727,48.9432951],[39.7726179,48.9442968],[39.7724295,48.9460761],[39.7729116,48.9463818],[39.77377,48.94958],[39.7748,48.94976],[39.776249554194884,48.95059778126723],[39.775979474835296,48.95255984666852],[39.7755347,48.952503],[39.7743316,48.9529346],[39.7740753,48.9532272],[39.77377,48.95319],[39.7728945,48.9530005],[39.7714462,48.9525249],[39.7706887,48.9526566],[39.7700314,48.9530517],[39.7697974,48.9535052],[39.7698197,48.954266],[39.7693741,48.9548513],[39.7677365,48.9560217],[39.76652220000001,48.9566947],[39.7646395,48.9579473],[39.7645087,48.9581272],[39.7647649,48.9585668],[39.76604,48.95868],[39.7660203,48.9593289],[39.766711,48.9599287],[39.7665996,48.960748],[39.7660314,48.9610186],[39.7653296,48.9611356],[39.7632575,48.9610771],[39.7628787,48.9612307],[39.762745,48.9616696],[39.76313490000001,48.9624156],[39.76299010000001,48.9628984],[39.762344,48.9632568],[39.7610294,48.9634616],[39.7606075,48.9637941],[39.7606061,48.9643978],[39.76083266734649,48.96464569278226],[39.75779,48.966535],[39.74944532569927,48.977864109959164],[39.7493256,48.9779188],[39.74875930000001,48.978791],[39.74875712403191,48.97879844389271],[39.748412,48.979267],[39.74854343296677,48.97952947177796],[39.74853980000001,48.9795419],[39.74873620000001,48.9820447],[39.749626,48.9830988],[39.75056617344746,48.98356888672373],[39.752040355919945,48.9865128307289],[39.75185269675773,48.98663073413522],[39.74837101815155,48.98722403763835],[39.7479504,48.9872698],[39.7469104,48.9872167],[39.74690935728137,48.98721640488594],[39.74449194551748,48.98589800664415],[39.7444531,48.9858588],[39.744259468036205,48.98577121901651],[39.733052213369255,48.979659051834666],[39.7329265,48.9794327],[39.7321444,48.9789456],[39.7312348,48.9786356],[39.73104998066619,48.97856708226837],[39.7303802,48.9782018],[39.7302425067676,48.97824661624804],[39.7300095,48.977994],[39.7299809,48.977713],[39.7301579,48.9772971],[39.7302914,48.9769101],[39.7300912,48.9765479],[39.72869020000001,48.9758783],[39.7274233,48.9756649],[39.7272664,48.9756365],[39.7264818,48.9757146],[39.7258866,48.9761266],[39.7260336,48.9764766],[39.7260856,48.9771266],[39.7248492,48.9778432],[39.72467,48.9781927],[39.72471980000001,48.9784677],[39.725332500000015,48.9786664],[39.7242489,48.9797155],[39.7217508,48.9793946],[39.71678,48.98237],[39.71729,48.98392],[39.71643,48.98512],[39.7166,48.98666],[39.71455,48.98804],[39.71392801346998,48.98909281992518],[39.71239257863526,48.99018730592965],[39.7122957,48.9902194],[39.71218236166886,48.990337152424225],[39.709189779189025,48.992470319894004],[39.7090221,48.9924534],[39.708542,48.9923675],[39.7080473,48.9924391],[39.7077127,48.9927207],[39.7076035,48.9931264],[39.70768,48.99353],[39.70768836195837,48.993540557528746],[39.707619,48.99359],[39.70645878259064,48.99600706989345],[39.7063395,48.9960692],[39.7058868,48.9965957],[39.70573250000001,48.9971627],[39.70584440640722,48.99728699395267],[39.705804253122,48.997370644909864],[39.70573250000001,48.9974395],[39.7053415,48.9974935],[39.7053827,48.997723],[39.70499072106773,48.99799808397848],[39.699770234784644,49.00071868816735],[39.6991417,49.000886],[39.698927912798865,49.0008702117542],[39.69764357644697,49.0005142933234],[39.6970028,49.0001902],[39.6964492,48.9994684],[39.69590390000001,48.999128],[39.6951649,48.9989675],[39.69330080000001,48.9992783],[39.69326221380861,48.999292470858514],[39.6927157241302,48.99852509234506],[39.6928155,48.99835],[39.6930613,48.998192300000014],[39.693218,48.9979105],[39.6931687,48.9976758],[39.69214280000001,48.996902],[39.69129102741703,48.99652453919818],[39.691124,48.99629],[39.69026119901783,48.99587957078825],[39.6901856,48.9957457],[39.6899144,48.995648],[39.68980930471248,48.99566460739881],[39.6872369643215,48.99444096062412],[39.6872165,48.9944256],[39.68714595760452,48.99439766927897],[39.68608417621731,48.99389258629134],[39.6849883,48.9929848],[39.6831155,48.991936],[39.681291,48.9911626],[39.6804837,48.9906435],[39.67833630000001,48.9890861],[39.67695550413811,48.98955013216433],[39.67693,48.989538],[39.676888784524465,48.989572554049836],[39.6761858,48.9898088],[39.67133355029632,48.994229926987316],[39.663411,49.000872],[39.670277,49.003148],[39.676015149886396,49.00940744926557],[39.6780790867432,49.01330140251531],[39.677226463098876,49.01361625524225],[39.6766757,49.0136747],[39.6760317,49.01367],[39.6751475,49.0138394],[39.6745726,49.0140757],[39.6739795,49.0144146],[39.6735392,49.0149825],[39.6729424,49.0163309],[39.672826,49.0166841],[39.672957,49.0170015],[39.673219,49.0174191],[39.6734628,49.017715],[39.6736629,49.0181207],[39.6737939,49.0185144],[39.6740122,49.0191683],[39.674256,49.0194761],[39.67444382918824,49.01961918808787],[39.675663,49.026888],[39.67742759558477,49.0274240907054],[39.6775407,49.0275654],[39.6778947,49.0277149],[39.6784633,49.0279241],[39.6788147,49.0281616],[39.679319,49.0283796],[39.6798152,49.02847290000001],[39.6804544,49.0285682],[39.6809473,49.0287036],[39.6814064,49.02903280000001],[39.681873426056086,49.02934285604089],[39.68240330352984,49.031694294971],[39.6823791,49.0317196],[39.6818578,49.0320397],[39.6815386,49.0323985],[39.6813991,49.0324583],[39.6808976,49.03273260000001],[39.680683,49.0329471],[39.6806401,49.03313880000001],[39.6807581,49.0333498],[39.6810102,49.0334747],[39.68251230000001,49.033647],[39.682824919472914,49.03356530136625],[39.68356323803929,49.03684173998799],[39.68334677290234,49.03697957994885],[39.68088459534114,49.037550881158175],[39.67867,49.03644],[39.675341532096056,49.038837042962754],[39.673217,49.03933],[39.673460516555636,49.03950701062526],[39.6731244,49.039729],[39.67265230000001,49.0402143],[39.672392,49.0404015],[39.680674963265844,49.04475114575084],[39.682089,49.045779],[39.6873627606751,49.04800551188917],[39.6910872,49.0496956],[39.6931571,49.0504795],[39.69320607087813,49.05047248004352],[39.693366,49.05054],[39.69603834456147,49.05006647470393],[39.7079803,49.0483546],[39.7151007447169,49.0466887184043],[39.74032,49.04222],[39.74888180781406,49.041540341606826],[39.7575453,49.0412095],[39.7606373,49.0407901],[39.7634326,49.0404109],[39.76406253559454,49.04033525627033],[39.7665888379446,49.04013471187209],[39.76677185695398,49.04019896022708],[39.78675229901696,49.04918674952367],[39.78787599807499,49.04981484403812],[39.79024544721099,49.0512717370609],[39.7984647,49.0567621],[39.79971470000001,49.0574369],[39.802362,49.0588658],[39.80294047754545,49.059077475887406],[39.803143,49.059202],[39.80331128716528,49.05921316214862],[39.8052017,49.0599049],[39.8112419,49.0603862],[39.81217825372575,49.059801290176104],[39.879686170000284,49.06427895425289],[39.8802205,49.064336],[39.880289504631115,49.064318972223404],[39.880305,49.06432],[39.910263,49.057462],[39.91161524989462,49.057404125970635],[39.9216316,49.0572304],[39.93798926295053,49.05640287266197],[39.94232282181247,49.07065887179958],[39.94234,49.07146],[39.942153458665054,49.07234050832603],[39.940064508677864,49.07782310431578],[39.938341,49.08187739999999],[39.93832845737497,49.08237949291754],[39.938169,49.082798],[39.93831398683063,49.08295876223387],[39.9383119,49.0830423],[39.938596869599984,49.083272424279805],[39.957538713879856,49.104275250447536],[39.958792063876295,49.105692536793846],[39.95882044459831,49.10573259622425],[39.96775,49.1185],[39.97152,49.12382],[39.97192252203678,49.124226197585145],[39.972108,49.124488],[39.97315053190138,49.12546542077283],[39.9776199,49.1299756],[39.9968867,49.148189],[39.998266864398225,49.149013117574356],[40.00944820786489,49.159496132394295],[40.0104794,49.160684],[40.0125820963405,49.162434294470415],[40.031575,49.180241],[40.07613,49.186828],[40.080543764979396,49.19012940287871],[40.0935212,49.202979],[40.0954044,49.2042492],[40.107967,49.2110502],[40.10875330000001,49.2116939],[40.1230483,49.2308421],[40.13705259894495,49.23971120343521],[40.137226,49.239885],[40.188228,49.238626],[40.2122554253078,49.244380560089205],[40.2133405,49.2451024],[40.21461302867413,49.245894322569406],[40.21910597513892,49.264517007293215],[40.2185692,49.2647696],[40.2184595,49.2648299],[40.1859301,49.2812231],[40.1843747,49.2957464],[40.1835497,49.2990257],[40.1840333,49.3009179],[40.18426256438992,49.3014138265172],[40.18404,49.303985],[40.184482480117815,49.30432608253397],[40.1840826,49.3045311],[40.184796,49.3052276],[40.1862684,49.3067729],[40.1876037,49.3089338],[40.1879579,49.3105662],[40.1884444,49.3129756],[40.1892637,49.3186619],[40.1911078,49.3246588],[40.1922455,49.3291582],[40.19275180000001,49.3316306],[40.19277430000001,49.3322677],[40.1933045,49.3333713],[40.1936832,49.3341383],[40.1938623,49.3342884],[40.19431260000001,49.3344117],[40.1944508,49.3344884],[40.19446678627454,49.33452705035997],[40.19564367366449,49.339892481106745],[40.1957924,49.34114],[40.1958921,49.3422043],[40.1958973,49.3426914],[40.19585030000001,49.3431782],[40.1958925,49.3437406],[40.1958878,49.344299],[40.195434,49.3453072],[40.1952348,49.3457034],[40.1949546,49.3460954],[40.19463552912708,49.34644520790986],[40.19062462733707,49.34868627592007],[40.1882007,49.3494113],[40.18365,49.3509609],[40.1823814,49.35147149999999],[40.1813105,49.3520243],[40.1804325,49.3525142],[40.1797269,49.3530532],[40.1770865,49.3551434],[40.1758631,49.356123],[40.1755347,49.3563677],[40.17519090000001,49.35638439999999],[40.1748476,49.3563624],[40.1722065,49.3562065],[40.1710439,49.3561617],[40.1706628,49.3561704],[40.1700288,49.35629],[40.1695669,49.3565262],[40.1693396,49.3565797],[40.1689431,49.3566522],[40.1688561,49.3571372],[40.1689141,49.3573703],[40.1688464,49.3574963],[40.1687061,49.3576072],[40.1680963,49.3579442],[40.167762,49.3581169],[40.1675117,49.3582703],[40.1673134,49.3583436],[40.1671055,49.3584727],[40.1668328,49.3586543],[40.1665905,49.3588464],[40.1660284,49.3591948],[40.1650846,49.3604372],[40.1648195,49.3609835],[40.16457,49.3615264],[40.1616422,49.3642125],[40.16019220000001,49.3655642],[40.158669,49.3668953],[40.1591618,49.3671196],[40.16030014232976,49.366339895603225],[40.16073678425759,49.36662375967282],[40.1606672,49.3666951],[40.1613727,49.3672896],[40.161249,49.3674153],[40.1616504,49.3677729],[40.1622634,49.3680702],[40.16188090215744,49.368449458623004],[40.160708452276204,49.3694438903987],[40.1605839,49.3695177],[40.1592521,49.3706195],[40.1582682,49.371363],[40.156779,49.3703353],[40.155749,49.3706753],[40.1553482,49.3709128],[40.1541435,49.3714613],[40.1549726,49.372219],[40.1552346,49.3721266],[40.1557598,49.3725546],[40.15063943840284,49.374945005394906],[40.13347168582285,49.381180306346586],[40.1328425,49.3813608],[40.13213240000001,49.3815687],[40.1305364,49.3820124],[40.13037830000001,49.3820635],[40.1294948,49.3823151],[40.12812020000001,49.3826428],[40.1270633,49.3828896],[40.1211604,49.3840458],[40.1191913,49.3845812],[40.1163798,49.385012],[40.1143938,49.3857125],[40.1101637,49.388945],[40.108415808462375,49.39028056191136],[40.105631,49.391292],[40.10278410517882,49.39390070578578],[40.1014762,49.3945575],[40.0977709,49.3968083],[40.0914254,49.4010885],[40.0814736,49.4082222],[40.0800962,49.4084303],[40.0782576,49.4098928],[40.0743074,49.4156582],[40.0733246,49.4169703],[40.0722874,49.4174473],[40.070613,49.4197178],[40.0688099,49.4222743],[40.06388313114975,49.42954698090179],[40.0475347,49.4445276],[40.02919,49.453599],[40.032158886676996,49.46434651148368],[40.033187,49.4682688],[40.03458404224868,49.473125690412395],[40.04176,49.499103],[40.040602712576515,49.50488582146334],[40.0395728,49.5086705],[40.0392059,49.5100185],[40.0390389,49.5105204],[40.0392685,49.5109773],[40.039306551377294,49.511362577929155],[40.0391612693867,49.51208853398501],[40.03761,49.51658],[40.037592,49.5177066],[40.0377719,49.5186212],[40.037827962284865,49.51875090391085],[40.037599,49.519895],[40.038865831651535,49.520369698772114],[40.0392048,49.5207179],[40.0407383,49.5213214],[40.0605335,49.52911010000001],[40.14799,49.56173],[40.15039,49.56241],[40.15297,49.56327],[40.155521673634524,49.5640822038094],[40.168435,49.568921],[40.16682210339292,49.57122208916127],[40.15983,49.57735],[40.15846,49.57872],[40.13941,49.59589],[40.13566137684727,49.6156785098619],[40.135258,49.616254],[40.09485376070873,49.60666503517879],[40.0649602,49.5989679],[40.06450437164418,49.59946234483764],[40.063538,49.599233],[40.056729,49.606573],[39.952223,49.596549],[39.934601,49.572783],[39.92096478583053,49.568350777155274],[39.91934,49.56774],[39.91908566368553,49.56774],[39.910052202739124,49.5648038249388],[39.90766,49.56396],[39.90457,49.56293],[39.89118,49.5583],[39.86853,49.55967],[39.84916704729673,49.56248710015584],[39.838914,49.563518],[39.81915349464449,49.560302404402],[39.81462,49.5595],[39.80604,49.55795],[39.80576751914249,49.55812412590534],[39.805312,49.55805],[39.79951600252307,49.56211908907835],[39.78939,49.56859],[39.77669,49.57735],[39.7678056,49.5842712],[39.767688550785536,49.584463601264964],[39.76499660743517,49.58635348429719],[39.764238,49.5866144],[39.7619929573656,49.588462201518325],[39.750232,49.596719],[39.71703432522649,49.60582115202937],[39.7163287,49.60599530000001],[39.7143375,49.6063269],[39.70998926001183,49.60591074870896],[39.696747,49.604291],[39.686926,49.611558],[39.659995,49.614811],[39.658428911593475,49.61628094669134],[39.6579,49.61666],[39.6559462,49.6184785],[39.64794,49.62593],[39.64485,49.62885],[39.63884,49.63451],[39.638724727366004,49.63477549673719],[39.638379,49.6351],[39.61342749695999,49.69108713663702],[39.6052,49.70129],[39.60297,49.70421],[39.59129,49.71828],[39.59129,49.71914],[39.59198,49.71983],[39.59318,49.72069],[39.60297,49.72824],[39.60336060258311,49.72851993185123],[39.610054038324414,49.73375501328013],[39.604,49.73408],[39.59902,49.73442],[39.5732713,49.7361664],[39.5652,49.73682],[39.54494,49.73905],[39.5397232,49.7399713],[39.535606759531234,49.74068423640172],[39.533835,49.740848],[39.478761,49.756475],[39.471705030993945,49.75708926594084],[39.44916,49.7588],[39.44723855253577,49.75921922490129],[39.440659882100604,49.75979193903606],[39.436222990279234,49.75948423646563],[39.42610018693532,49.75681402226248],[39.42598,49.75674],[39.42566035779869,49.756698003214424],[39.413370394222774,49.753456130960096],[39.406881966548525,49.7509434410581],[39.40291074598845,49.7492817037902],[39.40212,49.74867],[39.39285,49.74472],[39.38976,49.74335],[39.37878,49.73854],[39.37798825827781,49.738853014169244],[39.376963,49.738424],[39.37288152685132,49.739288310569876],[39.36521,49.73991],[39.35783,49.74111],[39.30857,49.75279],[39.28522,49.75536],[39.27715,49.76515],[39.273713543826155,49.76809962488255],[39.271951607159416,49.76817347948939],[39.26514,49.76789],[39.25913,49.77081],[39.25089,49.77648],[39.25025323203601,49.77801627999079],[39.247706806148315,49.78264952741442],[39.24368,49.78695],[39.2410406,49.7922688],[39.23784,49.79879],[39.22771,49.80738],[39.22897013269494,49.80864013269494],[39.225656,49.840184],[39.216095456637866,49.85199657334226],[39.2140958,49.854297],[39.20952,49.85956],[39.20645836745472,49.86390372322588],[39.201078945515576,49.87055029275526],[39.195453,49.873309],[39.1888238,49.8850217],[39.1878548,49.8854342],[39.18428503751496,49.88695367449824],[39.178470833529666,49.88798874593723],[39.1742113,49.8856346],[39.1713971,49.8840792],[39.1649455,49.8805133],[39.15515820000001,49.8751031],[39.1535204,49.8741977],[39.15072905557985,49.87265442942561],[39.130738,49.861568],[39.12569669229646,49.855679627881116],[39.1234068,49.8524667],[39.1206358,49.8489328],[39.1189235,49.8466319],[39.11819,49.84548],[39.11665,49.84394],[39.1105476,49.8379094],[39.11043200965115,49.837850100905605],[39.110366,49.837773],[39.109384019415664,49.83731247062318],[39.10858,49.8369],[39.10755,49.83639],[39.10429927252722,49.83492782539377],[39.0702940170529,49.81898003644364],[39.0699105,49.8186571],[39.068693,49.8172063],[39.0684175,49.8167046],[39.0668401,49.8156292],[39.06656358591083,49.81566572565168],[39.066233,49.815349],[39.06187015031935,49.81628569693091],[39.0553944,49.8171411],[39.0485,49.81836],[39.04627,49.81888],[39.03600418343099,49.821839079140474],[39.033522,49.822372],[39.02166,49.82091],[38.984906,49.807783],[38.97199334911761,49.80725591474463],[38.9710867,49.8071077],[38.968625302391814,49.80595353709997],[38.95682983358941,49.80000362930094],[38.9531187,49.7978518],[38.9515209,49.796951],[38.9491109,49.796014],[38.94896071558924,49.79617549173126],[38.94108507455012,49.800485705340556],[38.9405849,49.8005654],[38.93985916005265,49.80069804693504],[38.93360342998675,49.79827710482138],[38.9337511,49.7980371],[38.9337585,49.7978722],[38.9336886,49.79771560000001],[38.9333198,49.7974191],[38.9316261,49.7968484],[38.9306914,49.7968326],[38.9301579,49.7969737],[38.9297117,49.7972772],[38.9295898,49.7974015],[38.929568,49.7975863],[38.929595731095525,49.797725492523476],[38.927811,49.798576],[38.92789636021435,49.79908604888485],[38.9274139,49.7996235],[38.9270973,49.8002457],[38.9267202,49.8008467],[38.9268212,49.8012299],[38.9270328,49.8014958],[38.927269,49.8016369],[38.9273848,49.8020843],[38.9277718,49.8023707],[38.927914,49.8026036],[38.9280086,49.8029314],[38.9281742,49.8029956],[38.9283425,49.8031141],[38.9283591,49.8032892],[38.92814890000001,49.8034668],[38.928161,49.8037809],[38.92793110650879,49.80398550561114],[38.924968287813726,49.80436122923326],[38.9240421,49.8039938],[38.9235164,49.8039938],[38.9228609,49.8040756],[38.9224042,49.8041531],[38.9222023,49.80418739999999],[38.9216396,49.8043271],[38.9212889,49.804481],[38.9212031,49.8045187],[38.92063970893171,49.80491014886135],[38.920357,49.804946],[38.9169130254234,49.81133303725723],[38.9163805,49.81189649999999],[38.9159344,49.8124863],[38.9158958,49.8127896],[38.9160263,49.8129434],[38.9163674,49.8131832],[38.9169183,49.8133356],[38.9174518,49.8135867],[38.917551706995155,49.81363432768578],[38.91846277904669,49.81423155526161],[38.91844,49.8144078],[38.9183197,49.814697399999986],[38.9174387,49.8153136],[38.9169402,49.815339],[38.9163935,49.815394],[38.9156677,49.8159653],[38.91534478837518,49.81641083145711],[38.909372,49.81917],[38.90892568157471,49.82125327014472],[38.90671,49.8278],[38.90747557113378,49.8280219169604],[38.907392,49.828412],[38.90902171498035,49.82847009940568],[38.9102326,49.8288211],[38.9134224,49.8296618],[38.9139061,49.8304828],[38.9140898,49.8309398],[38.9141204,49.8312613],[38.9140329,49.8317436],[38.9138711,49.832178],[38.9135913,49.8324008],[38.9131715,49.8325672],[38.9123538,49.8327111],[38.9119372,49.8328314],[38.9115757,49.8330349],[38.9113334,49.8332586],[38.9111432,49.833512],[38.910926,49.8340038],[38.9108419,49.8345594],[38.9112203,49.8349405],[38.9117374,49.8350891],[38.91231,49.83517290000001],[38.91235643335185,49.83517835921838],[38.913419016271895,49.83583176202204],[38.9136349,49.8362411],[38.9136257,49.8364842],[38.9134717,49.837166],[38.9131378,49.8378679],[38.9131162,49.8383266],[38.9131649,49.838841],[38.912299,49.841884399999984],[38.9120833,49.8440001],[38.91137287910547,49.84442755592175],[38.91036618786328,49.8445605289088],[38.908875,49.8446556],[38.9069305,49.8448773],[38.9064974,49.8451124],[38.9055017,49.8458342],[38.9050812,49.8463965],[38.9050197,49.8471895],[38.9046101,49.8481731],[38.9044964,49.848362],[38.9044439,49.8486355],[38.9045252,49.8491908],[38.9052825,49.8499369],[38.9058415,49.8504028],[38.9072608,49.85064769999999],[38.90738538137064,49.85065193590046],[38.911432096305646,49.85325620140981],[38.9114582,49.8533432],[38.9114397,49.8537539],[38.9112783,49.854071],[38.9109752,49.8543977],[38.9108462,49.8547712],[38.9108549,49.8552082],[38.9111127,49.8555536],[38.911255,49.8556903],[38.9115634,49.856134],[38.9119197,49.856326],[38.9122301,49.856441],[38.9131462,49.8563455],[38.9136317,49.8563355],[38.913947,49.8562119],[38.9146551,49.8562498],[38.9148839,49.8561481],[38.91502,49.8559448],[38.9152086,49.8559029],[38.9154096,49.8559229],[38.915577912633495,49.855924243672284],[38.91732723663504,49.85705002204686],[38.9175954,49.8573328],[38.917967,49.8577133],[38.9182819,49.8580065],[38.91827699413105,49.85824781800214],[38.9165473595269,49.859869350443525],[38.91646139999999,49.85988949999999],[38.9158317,49.8598049],[38.9154603,49.859815],[38.9148697,49.8597598],[38.9140782,49.8597655],[38.9136322,49.8599177],[38.913243,49.8599149],[38.9129806,49.8598557],[38.9123728,49.859602],[38.9115945,49.85943],[38.9113277,49.8591904],[38.9110173,49.8591058],[38.9100815,49.8595174],[38.9093834,49.859667399999985],[38.908809,49.8598387],[38.9082712,49.8600784],[38.90814,49.8603574],[38.9080263,49.8605914],[38.9077246,49.8608338],[38.9076983,49.8610932],[38.9076109,49.8615949],[38.90731435028385,49.86202277734548],[38.9048547154959,49.86435616098711],[38.903956,49.864899],[38.9031875,49.8655117],[38.9028672,49.8657108],[38.9028847,49.8660828],[38.90283899990438,49.86626841146041],[38.89869523414096,49.87019948094051],[38.8985866,49.8702305],[38.8977297,49.8702342],[38.89723650602887,49.870360588430756],[38.89441729175257,49.870233633654266],[38.8941678,49.8700624],[38.8938806,49.8697224],[38.8935406,49.8695241],[38.8925976,49.8694375],[38.8920948,49.8695662],[38.89148896109841,49.87010176515218],[38.889577606595736,49.870015693091],[38.8895557,49.8699933],[38.8894428,49.8697525],[38.8888772,49.8697039],[38.8884729,49.869439],[38.8881042,49.8693677],[38.8874483,49.8690677],[38.8858395,49.869053],[38.8836858,49.8690719],[38.8815206,49.8690365],[38.8805714,49.8694079],[38.88001382456664,49.86958501713277],[38.878720809503584,49.86952679011551],[38.8786674,49.8694978],[38.8782097,49.8693403],[38.8774622,49.8694044],[38.8769166,49.8692916],[38.8765655,49.8690773],[38.8758633,49.8686866],[38.87581,49.86866],[38.87546,49.86832],[38.8752149,49.868063],[38.875148,49.8678485],[38.8752457,49.8676665],[38.8753868,49.8670019],[38.8748903,49.8665482],[38.8739916,49.866131],[38.8719552,49.8653144],[38.8714336826751,49.86591947534934],[38.869398,49.864488],[38.86512535971202,49.86605457863456],[38.8640071,49.8660254],[38.86353290000001,49.8659294],[38.8632411,49.8659211],[38.863013,49.866044],[38.8626828,49.8661875],[38.8625736,49.8663605],[38.8624398,49.8664278],[38.8616088,49.8664937],[38.8595255,49.8670803],[38.8590796,49.8671951],[38.8586711,49.867426],[38.8583255,49.8677015],[38.8579327,49.8678757],[38.8574048,49.8682301],[38.85741739999999,49.868467],[38.8572289,49.8686959],[38.85662459999999,49.8688949],[38.8561888,49.8688336],[38.8554586,49.8684515],[38.8551154,49.8682451],[38.8547525,49.8678719],[38.8547997,49.8675985],[38.8547522,49.8674154],[38.8543126,49.8670962],[38.8536899,49.8669035],[38.8533651,49.8667525],[38.8530243,49.8666597],[38.8516003,49.8660212],[38.8516,49.86591],[38.8516,49.86471],[38.84937,49.86471],[38.84783,49.86437],[38.8475596558337,49.865376934068685],[38.84329088439821,49.866134124048195],[38.84165,49.86557],[38.83941166413259,49.86682221586988],[38.836346,49.867366],[38.83506575159617,49.87012707536696],[38.83461,49.8710279],[38.8337207,49.871936],[38.8329975,49.8730325],[38.8328568,49.8733399],[38.8311416,49.8744055],[38.8312319,49.875073],[38.8307904,49.8754597],[38.8292806,49.8761223],[38.82841590000001,49.8763795],[38.8280025,49.8763764],[38.8270191,49.8774113],[38.82587377438634,49.87779726307368],[38.79548697031511,49.883215676818814],[38.7909714,49.8783727],[38.79028586823362,49.87864564216334],[38.79015,49.87851],[38.78886881515935,49.87920983707105],[38.7812054,49.882261],[38.77865859236413,49.884787090398675],[38.777683,49.88532],[38.768232,49.896044],[38.743847,49.897307],[38.733846,49.905025],[38.723247,49.927005],[38.6929,49.934766],[38.6853,49.960344],[38.68635113589234,49.961115848577954],[38.6860461,49.9622391],[38.68973,49.96513],[38.71067,49.98024],[38.7150000491341,49.982152731731325],[38.715315,49.982384],[38.71520523768332,49.98564988881916],[38.71445,49.9859],[38.71427,49.98642],[38.71427,49.98728],[38.71445,49.98762],[38.71393,49.98814],[38.71101,49.98968],[38.7093,49.99123],[38.70312,49.99294],[38.7026,49.99363],[38.7026,49.99466],[38.70277,49.99517],[38.70243,49.99672],[38.70106,49.99706],[38.70088,49.99706],[38.70088,49.99723],[38.70106,49.9974],[38.70088,49.99809],[38.69947173424197,49.99931597755077],[38.696378644044685,50.00160771186802],[38.6947,50.00187],[38.69333,50.00221],[38.6923,50.00273],[38.69161,50.00376],[38.69161,50.00427],[38.69058,50.00547],[38.68801,50.00599],[38.68698,50.0077],[38.686423275254754,50.00779458915574],[38.679984562214635,50.005744874055615],[38.67788,49.99878],[38.68029,49.97852],[38.67977,49.97766],[38.68011,49.97492],[38.67977,49.97406],[38.67891,49.97372],[38.67771,49.9732],[38.67685,49.97303],[38.67479,49.97269],[38.67393,49.97269],[38.6693,49.97234],[38.66794756971774,49.97234],[38.66725818856825,49.972213981772676],[38.66535,49.97063],[38.66278,49.96874],[38.65969,49.96616],[38.6475,49.95586],[38.646719182377204,49.9563460380803],[38.646196,49.955937],[38.61750847091935,49.97351356464989],[38.61746,49.97354],[38.61557,49.97423],[38.61474902713047,49.97450653737983],[38.582211562304764,49.97735974152271],[38.58209,49.97732],[38.57986,49.97646],[38.5766,49.97509],[38.56665,49.97097],[38.53832,49.96221],[38.53157076539497,49.959965715677455],[38.526715,49.958271],[38.51614933276747,49.961504654546005],[38.51412,49.96204],[38.50983,49.96324],[38.48871,49.96324],[38.48840444571304,49.96361680461396],[38.487706,49.963602],[38.48719080182279,49.965113450666955],[38.48648,49.96599],[38.48528,49.96736],[38.4827,49.97045],[38.48287,49.97269],[38.48287,49.97423],[38.48316440578761,49.97668618542805],[38.47762540259317,49.98314803638655],[38.46502,49.98299],[38.4654737,49.9842963],[38.46657363973994,49.98746273758464],[38.46804,49.995247],[38.46404147579833,49.995926908136454],[38.46159,49.9962],[38.45455,49.9974],[38.45266,49.99775],[38.44322,49.99946],[38.44116,49.99981],[38.44100257966598,49.999844436740844],[38.434095,50.001019],[38.416008,49.981338],[38.397563,49.990585],[38.349575,50.006444],[38.35253954232889,50.014586316738594],[38.3537935,50.0189515],[38.353046727666985,50.02496343681579],[38.3512,50.034741],[38.34231754524167,50.047299380067045],[38.337902,50.0531125],[38.3342019,50.0579856],[38.333022,50.0594948],[38.332734,50.0636113],[38.3329655566565,50.06498026991734],[38.33137759167264,50.07423242496335],[38.3311499,50.0750573],[38.330927052357694,50.076857457403335],[38.32945600511208,50.085428400298674],[38.31759717226375,50.08757114292813],[38.314020500270054,50.08819352700582],[38.3131708,50.0882189],[38.3123251,50.0881539],[38.3017552,50.0870909],[38.3007472,50.0866397],[38.295274936076545,50.082452623476435],[38.291493,50.079436],[38.28505722352102,50.076979984485234],[38.2838043,50.0764534],[38.2766408,50.0736612],[38.27599127187537,50.07352024377321],[38.275781,50.07344],[38.25406,50.072508],[38.2432742701677,50.07357397162983],[38.2404138,50.0738261],[38.2282966,50.0750332],[38.2161636,50.0761766],[38.2038244,50.0774161],[38.201351236294116,50.07771729483931],[38.19150771968321,50.07869014596836],[38.1915076,50.0786788],[38.178569846752794,50.0799621003974],[38.18163646607127,50.06850498787132],[38.1829949,50.0640259],[38.1839421,50.0599623],[38.18399329330569,50.05969971012893],[38.185066,50.055692],[38.183827,50.045832],[38.187923,50.04072],[38.188081662366,50.03228576484833],[38.1885627,50.02845820000001],[38.1888049,50.027258],[38.1889001,50.0236761],[38.18703138299532,50.0230766632319],[38.186281013671945,50.02275123357573],[38.189683258287864,50.01819168532107],[38.20483259437573,50.001073273835964],[38.2048455,50.0010692],[38.204845956099845,50.00105817538609],[38.217126,49.987182],[38.21689253477059,49.986986382769445],[38.2170852,49.9865653],[38.2171493,49.986303],[38.217157,49.9860808],[38.2169994,49.9858711],[38.2167499,49.985582],[38.2166194,49.9852511],[38.2166808,49.9850338],[38.2169112,49.98482139999999],[38.2171493,49.9846337],[38.2174412,49.9844016],[38.2175207,49.9842168],[38.2174383,49.9840227],[38.2171003,49.9836799],[38.216938,49.9834062],[38.2169139,49.98306739999999],[38.2208166,49.9805331],[38.2218479,49.9791376],[38.21595590000001,49.9772298],[38.2140116,49.9767204],[38.21213130000001,49.9763074],[38.2034317,49.9727688],[38.203235,49.9726829],[38.19611320000001,49.9695724],[38.195575300000016,49.9693375],[38.1956317,49.9663921],[38.1968151,49.9639216],[38.1976824,49.96211090000001],[38.1829934,49.9575303],[38.17629,49.95535],[38.1718601,49.9538413],[38.1708624,49.9542027],[38.1695749,49.9541206],[38.167167,49.9532823],[38.16251314935832,49.951379610379455],[38.171565,49.941901],[38.126682,49.92215],[38.12510784177313,49.94117605221841],[38.1245543,49.9423882],[38.122243948151166,49.94177730642139],[38.056464,49.923247],[38.04267492609999,49.91193950675972],[38.0423243,49.9115344],[38.03964,49.90831],[38.0355984,49.9034437],[38.033825,49.9007057],[38.032974,49.9001506],[38.0223745,49.9094742],[38.02275581993955,49.91187638059341],[38.012367,49.918497],[38.02216857803008,49.92300347265751],[38.02093,49.9257507],[38.0266271,49.9277094],[38.04365635695862,49.9329244710859],[38.01812827137262,49.95581006600442],[38.0143438,49.9584899],[38.0110839,49.9609561],[38.0076154,49.9637746],[38.008503479690866,49.96443856589179],[38.007677533755384,49.965179015622745],[38.005131520182175,49.96710528065161],[37.999075,49.963601],[37.99890596985556,49.963721456689655],[37.9987263,49.9636068],[37.9805614,49.9766803],[37.9645788,49.9789248],[37.9628077,49.9816424],[37.9624186,49.9822394],[37.9623659,49.9823202],[37.9619996,49.9828822],[37.96092024484506,49.98453807548352],[37.94356547899942,50.00962475971154],[37.9390981,50.0155363],[37.93905,50.0156],[37.939048762811304,50.0156012371887],[37.9305715,50.0160342],[37.9238385,50.0154807],[37.9221125,50.0162524],[37.9131768,50.0148177],[37.9123006,50.0078667],[37.9134054,50.0068228],[37.910757,50.003572],[37.8952055,50.0075726],[37.8925795,50.0043596],[37.8955754,50.0034912],[37.892271,49.995688],[37.891372,49.989483],[37.886912,49.988883],[37.88546,49.981438],[37.879411,49.980971],[37.874907,49.981938],[37.855187,49.974597],[37.854856,49.971257],[37.829987,49.973632],[37.817461,49.959572],[37.819181,49.957566],[37.817811,49.956443],[37.808376,49.953692],[37.808337,49.950742],[37.802781,49.948025],[37.801907,49.946959],[37.804638,49.946003],[37.802204,49.943098],[37.793004,49.940646],[37.788634,49.937398],[37.786309,49.938492],[37.780202,49.93554],[37.773713,49.929327],[37.775018,49.921524],[37.771121,49.913478],[37.7685905,49.9125778],[37.7535285,49.913556],[37.7471775,49.9125705],[37.7492381,49.9082686],[37.7443477,49.9005486],[37.738516,49.8977124],[37.7329278,49.9005174],[37.7082321,49.8926171],[37.7063677,49.8941717],[37.7018286,49.8929519],[37.7010675,49.8957096],[37.7035231,49.8975993],[37.7020473,49.8991662],[37.6989405,49.8996274],[37.6940245,49.8910215],[37.6859762,49.8847201],[37.6794752,49.8748788],[37.6832967,49.8639353],[37.6763857,49.864074],[37.6706764,49.8627186],[37.6707119,49.8592157],[37.6727219,49.8562383],[37.6813764,49.8550976],[37.6845516,49.8510757],[37.6801793,49.8485128],[37.6750869,49.8487189],[37.6731845,49.8515059],[37.6660965,49.8531483],[37.6487652,49.8550717],[37.6489959,49.8531052],[37.6595824,49.8497977],[37.6648749,49.8436605],[37.6691368,49.8429473],[37.6726954,49.8394004],[37.6748668,49.8315227],[37.6667879,49.828848],[37.6338847,49.8248755],[37.6297118,49.8230344],[37.6268686,49.8203864],[37.622395,49.8205625],[37.6230829,49.8241867],[37.6170778,49.8247906],[37.6157104,49.8234517],[37.6183822,49.8177283],[37.6169933,49.8111039],[37.6096666,49.8025407],[37.6121405,49.7985356],[37.6243994,49.7936988],[37.6314957,49.7854541],[37.6264601,49.7781724],[37.633269,49.7761005],[37.6467386,49.7804454],[37.6579446,49.7793822],[37.666195,49.774498],[37.6720404,49.7671743],[37.677727,49.7634893],[37.689569,49.763034],[37.700237,49.767259],[37.709672,49.764685],[37.717219,49.760289],[37.731469,49.758221],[37.746953,49.757894],[37.759173,49.753462],[37.763958,49.749679],[37.7778709,49.7470144],[37.785384,49.73968],[37.794385,49.736725],[37.804329,49.735322],[37.81084,49.740881],[37.831842,49.740466],[37.843778,49.733858],[37.840488,49.731728],[37.843161,49.728888],[37.840806,49.725637],[37.842632,49.724289],[37.885402,49.705914],[37.901884,49.703209],[37.903211,49.693762],[37.894796,49.685008],[37.892407,49.67743],[37.881858,49.674164],[37.883661,49.662999],[37.885536,49.659628],[37.889758,49.658469],[37.890805,49.650614],[37.885241,49.6509],[37.879635,49.649599],[37.878999,49.648504],[37.873369,49.648036],[37.873472,49.647149],[37.884046,49.643734],[37.8754319,49.6238223],[37.847763,49.607847],[37.787941,49.607704],[37.789024,49.603152],[37.803024,49.603214],[37.804075,49.594326],[37.790894,49.594665],[37.790625,49.592201],[37.796328,49.590543],[37.79249,49.580292],[37.7721643,49.5749122],[37.7705703,49.5721381],[37.7612521,49.5695864],[37.7538315,49.5634959],[37.7538385,49.5617803],[37.7606685,49.5592012],[37.7596029,49.5561771],[37.7318293,49.5571717],[37.7153675,49.5563607],[37.7017524,49.5529328],[37.7008501,49.5443336],[37.6960211,49.5411357],[37.6953232,49.530318],[37.6928279,49.5268861],[37.6969683,49.5253315],[37.7007644,49.5148622],[37.6967156,49.5088257],[37.695034,49.502686],[37.6976259,49.5024027],[37.7063034,49.5073888],[37.713266,49.513489],[37.7235744,49.5146237],[37.7337532,49.5108184],[37.7289311,49.5019971],[37.7483262,49.4952016],[37.7625573,49.5037586],[37.7733578,49.5056254],[37.7991651,49.5046294],[37.8082886,49.4913692],[37.7989061,49.4775791],[37.7906522,49.468416],[37.7981455,49.4600918],[37.8010122,49.4516611],[37.7986045,49.4447114],[37.7700665,49.4363492],[37.7726215,49.4341817],[37.8086348,49.4314464],[37.8115875,49.4084649],[37.8495282,49.4072309],[37.846639,49.3866555],[37.8471391,49.3812728],[37.8622302,49.3804157],[37.8756474,49.3776019],[37.8906119,49.3820535],[37.9163733,49.3827975],[37.9157302,49.3725213],[37.9252775,49.3678854],[37.9228116,49.3637004],[37.926805,49.3618147],[37.9341414,49.3680762],[37.949072,49.362706],[37.954308,49.361588],[37.949573,49.353118],[37.947628,49.351399],[37.941921,49.349687],[37.943867,49.346904],[37.941177,49.344568],[37.942329,49.341848],[37.941789,49.338838],[37.950047,49.337701],[37.957295,49.334845],[37.962823,49.334169],[37.964944,49.332475],[37.966392,49.322245],[37.961857,49.317318],[37.961584,49.311489],[37.969378,49.311145],[37.969614,49.303038],[37.962008,49.303265],[37.967716,49.286555],[37.983734,49.28089],[37.98938,49.283586],[37.997847,49.283115],[37.999277,49.28581],[38.002595,49.288282],[38.008788,49.28801],[38.012922,49.285051],[38.006727,49.273896],[38.014016,49.268431],[38.009803,49.261509],[37.9978763,49.2521276],[37.9898521,49.2500146],[37.9743888,49.2400204],[37.9673353,49.2404595],[37.9614703,49.2396706],[37.9575295,49.2340801],[37.9520438,49.2330285],[37.9522658,49.2307164],[37.97143,49.2194694],[37.9649976,49.2002374],[37.9581815,49.1983637],[37.9544302,49.1964174],[37.9569319,49.1952759],[37.9630385,49.1953683],[37.9760129,49.1916208],[37.9762814,49.1752103],[37.9704665,49.1598],[37.963664,49.157664],[37.9647264,49.1479234],[37.9586644,49.1390226],[37.9495153,49.1304535],[37.9334074,49.1202578],[37.9386735,49.1169696],[37.9368466,49.1153365],[37.9204039,49.1151053],[37.9087715,49.1038594],[37.9158514,49.0972198],[37.9197957,49.0907963],[37.9166936,49.0884334],[37.9177115,49.0817984],[37.9321057,49.0822442],[37.9442432,49.0872946],[37.954786,49.1007655],[37.9679569,49.095683],[37.9647186,49.0833132],[37.9874952,49.0757447],[37.993809,49.074533],[37.998925,49.07085],[37.998026,49.066145],[38.002696,49.061513],[38.001823,49.053481],[38.008232,49.039704],[38.003003,49.03906],[38.008864,49.02066],[38.006339,49.018375],[38.00967,49.015013],[38.041265,49.014787],[38.058477,49.013686],[38.05921,49.00791],[38.072416,49.00747],[38.085682,49.004997],[38.091616,48.99911],[38.098026,48.99471],[38.102926,48.985722],[38.105879,48.976208],[38.157073,48.976912],[38.169416,48.97551],[38.200339,48.974727],[38.202165,48.957348],[38.203698,48.957331],[38.203931,48.954594],[38.200313,48.954295],[38.201772,48.949913],[38.205763,48.945023],[38.207094,48.9414],[38.206063,48.939688],[38.21117,48.939329],[38.218938,48.942542],[38.227438,48.943041],[38.23465,48.944666],[38.2405791,48.9414079],[38.2414749,48.9344051],[38.2456348,48.9269435],[38.2510398,48.9203019],[38.2582657,48.9186979],[38.2612003,48.9135404],[38.2668335,48.9105725],[38.270354,48.90747],[38.267509,48.903563],[38.261915,48.901493],[38.262502,48.900157],[38.2531846,48.891694],[38.238919,48.8902996],[38.233854,48.882038],[38.235014,48.877435],[38.228545,48.868924],[38.2294311,48.8643291],[38.242558,48.865034],[38.244884,48.856618],[38.252486,48.842491],[38.2399546,48.8313143],[38.2420494,48.8206943],[38.241633,48.8079385],[38.2316466,48.7957738],[38.2249439,48.7935166],[38.2060917,48.7901739],[38.1915251,48.7865335],[38.1880228,48.7896102],[38.184606,48.790764],[38.1758628,48.7885075],[38.174168,48.7862337],[38.1771302,48.7830476],[38.1782569,48.7730725],[38.1593018,48.7647511],[38.1421778,48.7676056],[38.1290239,48.7674481],[38.1088325,48.7653364],[38.0924818,48.7678926],[38.0822474,48.7711945],[38.0706388,48.7717801],[38.0695618,48.7693353],[38.0699675,48.765454],[38.0741493,48.7611201],[38.060568,48.7490694],[38.0582375,48.7482236],[38.053961,48.747843],[38.0513581,48.7485092],[38.048427,48.747183],[38.042234,48.747044],[38.034627,48.750284],[38.029467,48.750722],[38.027522,48.74731],[38.026323,48.741013],[37.998693,48.738288],[37.99097,48.725148],[37.988396,48.716876],[37.979729,48.707306],[37.962794,48.7011],[37.93865,48.702072],[37.934579,48.703062],[37.9295206,48.7026555],[37.9190656,48.6975365],[37.9123888,48.6956746],[37.910438,48.690366],[37.915522,48.688725],[37.9107748,48.6846255],[37.911087,48.6834025],[37.9012812,48.6790533],[37.8871049,48.6785062],[37.8832782,48.6752424],[37.8889641,48.6716469],[37.8940485,48.6634029],[37.8856742,48.6543223],[37.8697595,48.6516372],[37.8652311,48.6459388],[37.8499208,48.6478501],[37.8456999,48.6360879],[37.835466,48.6359546],[37.83477,48.6317756],[37.8459177,48.6275963],[37.8468251,48.6191209],[37.8438657,48.6183991],[37.8410562,48.6132006],[37.8435921,48.6079352],[37.8386755,48.6053626],[37.8244724,48.6007811],[37.8169431,48.5997278],[37.8133931,48.5976688],[37.813675,48.5953943],[37.8085588,48.5936042],[37.8086354,48.5921262],[37.8279529,48.5945309],[37.8385736,48.5881642],[37.8365728,48.5847599],[37.8370608,48.5823265],[37.8487066,48.5752082],[37.8545943,48.5684716],[37.8532328,48.5554899],[37.8583943,48.5545789],[37.8570198,48.5472424],[37.8646376,48.5471554],[37.865217,48.5430908],[37.8794223,48.5374031],[37.8892734,48.5379419],[37.9143486,48.5289861],[37.9188495,48.5172863],[37.9361822,48.5131335],[37.9382367,48.4984033],[37.9505746,48.4945111],[37.9502938,48.4889329],[37.9410757,48.4866748],[37.9444342,48.4778618],[37.956586,48.460819],[37.956943,48.458893],[37.940427,48.452091],[37.940228,48.449226],[37.952923,48.429599],[37.951222,48.42725],[37.9407248,48.4240612],[37.9397575,48.4222287],[37.9411077,48.4196409],[37.9316411,48.4184117],[37.928969,48.4148738],[37.9120523,48.4108804],[37.9111501,48.4100892],[37.909132,48.4105799],[37.9084863,48.4098805],[37.9027746,48.4113302],[37.9001258,48.4080151],[37.8919066,48.4070316],[37.8901821,48.4018788],[37.886192,48.4010281],[37.8744667,48.3997357],[37.8683863,48.4006494],[37.866623,48.3999402],[37.8617484,48.4024519],[37.8580756,48.4030261],[37.8553224,48.4007447],[37.8549836,48.3985512],[37.8520685,48.3981251],[37.850139,48.3987141],[37.84685,48.3974974],[37.8447731,48.3996107],[37.8426252,48.4002973],[37.8474881,48.4045982],[37.8456571,48.4053726],[37.84678,48.4064578],[37.8494747,48.4056038],[37.85138,48.4065015],[37.8494658,48.4065019],[37.846601,48.407981],[37.8418797,48.4040556],[37.8361734,48.4054272],[37.8373066,48.4073709],[37.8362256,48.4077258],[37.8344928,48.4055297],[37.8316811,48.4068302],[37.8295769,48.4058984],[37.8319329,48.4024706],[37.834246,48.4010086],[37.8324353,48.3998083],[37.8382033,48.3966151],[37.8380918,48.395673],[37.8454919,48.3919368],[37.8434259,48.3891943],[37.8398654,48.388983],[37.8339795,48.3962687],[37.8243208,48.4016361],[37.8229712,48.4033544],[37.8246148,48.4046356],[37.82225,48.4038636],[37.8187497,48.4067495],[37.8172079,48.4097701],[37.8164017,48.4094341],[37.8178793,48.4069674],[37.8176071,48.4046581],[37.8162324,48.404007],[37.8170475,48.4035594],[37.8194075,48.4042513],[37.8206942,48.4023303],[37.8172394,48.3996054],[37.8262082,48.3962639],[37.8252607,48.3904458],[37.8319421,48.3872347],[37.8316988,48.3831842],[37.8422271,48.3824397],[37.8420215,48.3803306],[37.8395883,48.3805444],[37.8399705,48.3774234],[37.8384685,48.3754707],[37.8402833,48.3740261],[37.838901,48.372225],[37.8462977,48.3705559],[37.851891,48.3646574],[37.8705267,48.3543096],[37.8599687,48.3490018],[37.8521984,48.3489622],[37.8511228,48.3508618],[37.8385432,48.3531159],[37.8301972,48.3621841],[37.8212606,48.3617706],[37.8157144,48.3592468],[37.8221541,48.3490654],[37.8091859,48.3400242],[37.8043922,48.3394407],[37.799766,48.3485667],[37.7831052,48.3479085],[37.7842125,48.3443855],[37.7908126,48.3423455],[37.7886663,48.3321821],[37.794666,48.327944],[37.7967536,48.3120743],[37.7884667,48.3048727],[37.7887635,48.2991548],[37.7935612,48.2955236],[37.8053483,48.2961362],[37.8090843,48.2727003],[37.788929,48.27134],[37.7818166,48.2663306],[37.7701003,48.2668012],[37.7640276,48.2629127],[37.760959,48.2575949],[37.7546493,48.2563026],[37.7487912,48.2513746],[37.7395,48.2464744],[37.7263291,48.2458096],[37.7232417,48.2541568],[37.735645,48.2642152],[37.7348512,48.2662726],[37.7096093,48.2658049],[37.690753,48.2645265],[37.6706937,48.2718296],[37.6583772,48.2722153],[37.643657,48.273901],[37.6329988,48.2704582],[37.6327003,48.2740225],[37.6158136,48.2766628],[37.6175286,48.2865592],[37.6062298,48.2883881],[37.6028704,48.2880469],[37.5992533,48.2856924],[37.5713905,48.2969714],[37.578493,48.3042877],[37.5785577,48.3203934],[37.5821251,48.3243909],[37.5797608,48.3293767],[37.5774744,48.3304376],[37.5735573,48.3278464],[37.5681264,48.3284843],[37.5536195,48.3147515],[37.5315345,48.3249982],[37.5207877,48.3313762],[37.4948776,48.3204134],[37.4960792,48.3182445],[37.4911406,48.3166185],[37.4846183,48.3229767],[37.4786955,48.3272229],[37.4752563,48.3289209],[37.4705477,48.3276497],[37.473472,48.3251309],[37.477941,48.3237533],[37.4824515,48.3200952],[37.4772004,48.3155236],[37.4788067,48.3133602],[37.4839072,48.3138284],[37.4837721,48.2968265],[37.4797539,48.294703],[37.475903,48.2879191],[37.4608985,48.2850247],[37.4553543,48.2868793],[37.4477497,48.2856495],[37.4212214,48.2886363],[37.4197822,48.2823961],[37.4126114,48.2815673],[37.4016367,48.2754269],[37.401306,48.2733991],[37.3937056,48.2659467],[37.3838713,48.2660899],[37.3734146,48.2636904],[37.3661341,48.262948],[37.3531066,48.258296],[37.3470471,48.2584789],[37.3404044,48.2538758],[37.3360486,48.2573047],[37.3315209,48.2575905],[37.3299331,48.2532472],[37.3251098,48.2527453],[37.3229129,48.2543519],[37.3172581,48.253964],[37.3173921,48.2524698],[37.3153442,48.2502959],[37.3163862,48.2467503],[37.3120319,48.2453175],[37.3133549,48.2363496],[37.3082945,48.2349453],[37.3091993,48.2316827],[37.3082838,48.230975],[37.3061234,48.2322111],[37.3049113,48.2313626],[37.3063171,48.2300567],[37.3026646,48.2239285],[37.2857036,48.2206925],[37.2796179,48.2212416],[37.2771002,48.2154686],[37.2594774,48.2159288],[37.2508465,48.2115223],[37.2363859,48.213725],[37.2316071,48.2109691],[37.2221076,48.2103866],[37.2177861,48.2149981],[37.2174262,48.2164062],[37.2197914,48.2166919],[37.219801,48.2174493],[37.2165973,48.2167605],[37.2169373,48.2148984],[37.211254,48.2139266],[37.2075265,48.2163793],[37.1863602,48.2177387],[37.1820382,48.218837],[37.1748204,48.224716],[37.1712075,48.226478],[37.1591744,48.2254271],[37.1557943,48.2259559],[37.1462131,48.2231887],[37.1449157,48.2262748],[37.1377816,48.226759],[37.134074,48.2327741],[37.1234561,48.2377877],[37.118949,48.2358256],[37.1222536,48.2319533],[37.1052446,48.231265],[37.1033483,48.2333239],[37.104027,48.2385843],[37.1140974,48.2475234],[37.1112929,48.2490887],[37.1005062,48.2478247],[37.0983025,48.2490751],[37.1041727,48.2547211],[37.1006879,48.2566525],[37.0886819,48.2535761],[37.0828572,48.2475839],[37.0743816,48.2487863],[37.0693383,48.2524457],[37.0790073,48.2587337],[37.0784632,48.26085],[37.0726105,48.2649967],[37.0596296,48.2641376],[37.0616639,48.2562165],[37.0494001,48.2498003],[37.0462899,48.2494034],[37.0404211,48.246768],[37.0377389,48.2472699],[37.0331575,48.2461208],[37.0191496,48.2454951],[37.0152528,48.2431417],[37.0075369,48.2405024],[37.0076247,48.2382363],[37.0058223,48.2372645],[36.9931941,48.2221279],[36.9933141,48.2208493],[37.0186683,48.2220854],[37.0221267,48.2129488],[37.0263875,48.2125844],[37.0290989,48.2075414],[37.0283086,48.2039828],[37.0290076,48.1979701],[37.0277326,48.196448],[37.0320022,48.1777619],[37.0254757,48.1751975],[37.0288139,48.1412495],[37.0123936,48.1434518],[37.0091055,48.1413012],[37.0073331,48.1375629],[37.0000235,48.1379098],[37.0007891,48.1312094],[36.9779511,48.1290914],[36.9786956,48.1262336],[37.0043519,48.1290917],[37.0070493,48.1217207],[37.0065329,48.1128017],[37.0089925,48.1084496],[37.0045373,48.1062013],[36.9864311,48.1046328],[36.9852413,48.1063649],[36.9835305,48.1059772],[36.9846708,48.1004385],[36.9865926,48.1004491],[36.9869052,48.1025088],[37.0043738,48.1044685],[37.0134022,48.0987678],[37.022661,48.1002629],[37.0278088,48.098638],[37.0299378,48.0931995],[37.0442373,48.093966],[37.0521838,48.083187],[37.0969467,48.0869795],[37.1031157,48.0659706],[37.0787191,48.0654147],[37.0798967,48.0612364],[37.0908709,48.0586023],[37.0928639,48.0390223],[37.0841612,48.0383564],[37.0841014,48.0362444],[37.0814106,48.0336961],[37.0678817,48.0328083],[37.0668814,48.0351259],[37.0422289,48.0339034],[37.0276417,48.0311791],[37.0182015,48.0268103],[37.0184595,48.0251141],[37.0310919,48.0262379],[37.0321444,48.0209458],[37.0350611,48.0204435],[37.0408849,48.0214349],[37.0377824,48.0263873],[37.0493443,48.0292025],[37.065082,48.0304133],[37.0731071,48.0302841],[37.0805315,48.0272706],[37.0778278,48.0264956],[37.0703177,48.0218028],[37.0630104,48.0215081],[37.0619742,48.0200037],[37.0594296,48.0195209],[37.0498922,48.0210707],[37.0479307,48.0189131],[37.0530823,48.0170444],[37.0565416,48.0192121],[37.0591778,48.018218],[37.0588006,48.016989],[37.0614276,48.0176258],[37.0650841,48.0164006],[37.064964,48.015118],[37.0694538,48.0142729],[37.0715057,48.0179841],[37.0759776,48.0176489],[37.0756431,48.0184618],[37.0819048,48.0183582],[37.0859469,48.0128235],[37.094593,48.0119654],[37.0909733,48.0034259],[37.0640485,47.9987754],[37.0624682,47.9966756],[37.0495419,47.9959888],[37.0435472,47.9935756],[37.0422793,47.9912661],[37.0491065,47.9891854],[37.0617606,47.9837382],[37.06111,47.9710658],[37.0523045,47.9593053],[37.0499384,47.9394975],[37.0235317,47.9381781],[37.0161025,47.9365672],[37.0073989,47.9368534],[37.0069348,47.9389794],[36.9859135,47.9408473],[36.9830793,47.9312261],[36.9715877,47.9218886],[36.9233783,47.9240148],[36.9162051,47.9108163],[36.8904299,47.9089562],[36.8778214,47.892893],[36.8549457,47.8942337],[36.8540275,47.8989324],[36.8320697,47.9016138],[36.8273563,47.9121313],[36.8139171,47.9179696],[36.8096973,47.9182682],[36.8065628,47.9213507],[36.8006816,47.9209242],[36.7999056,47.9183455],[36.8002426,47.9097364],[36.7982294,47.9063482],[36.787746,47.9074858],[36.7811984,47.911057],[36.7643722,47.9088066],[36.7661666,47.8957253],[36.7576564,47.8925922],[36.7422682,47.889887],[36.7427619,47.887958],[36.7479253,47.8832298],[36.7491403,47.8785589],[36.7277997,47.8767635],[36.72458,47.8736684],[36.7237777,47.8703474],[36.7164484,47.8690386],[36.7155228,47.8680331],[36.7311807,47.8683256],[36.7487636,47.8699463],[36.7523188,47.8638787],[36.7488604,47.8585502],[36.7306585,47.8507308],[36.7310792,47.848147],[36.7010427,47.8428942],[36.7029639,47.8338345],[36.6984346,47.8245607],[36.7027215,47.7995928],[36.6907329,47.7967126],[36.6915537,47.7902188],[36.665946,47.7803767],[36.6285169,47.777943],[36.6208578,47.7843013],[36.6088594,47.7834382],[36.6038158,47.7642894],[36.5912836,47.7618547],[36.593688,47.7513358],[36.5852542,47.74822],[36.5779377,47.7359256],[36.5811244,47.7198943],[36.5738421,47.7175424],[36.555749,47.70034],[36.5537424,47.6878145],[36.5531092,47.6710131],[36.538214,47.668917],[36.521186,47.668959],[36.5076589,47.6544507],[36.4832921,47.6428385],[36.4170491,47.6378498],[36.4030818,47.6436789],[36.3861042,47.6411535],[36.3852517,47.6403692],[36.3860706,47.6361207],[36.3767226,47.6351407],[36.3727825,47.6327431],[36.373645,47.629057],[36.367813,47.628263],[36.3499941,47.6407896],[36.3426187,47.6377224],[36.3460583,47.6330359],[36.3408192,47.6266576],[36.338205,47.618398],[36.310331,47.6057183],[36.2707665,47.5950414],[36.2225906,47.5875224],[36.2243629,47.5780835],[36.2133627,47.5766493],[36.2105165,47.5771254],[36.2046516,47.5821304],[36.128116,47.574827],[36.116706,47.57794],[36.105724,47.578503],[36.087362,47.573854],[36.08291,47.551831],[36.0737337,47.5329318],[36.0671355,47.5262561],[36.0316841,47.5261243],[36.0300099,47.5222894],[36.020784,47.515904],[36.018983,47.5113156],[35.9951705,47.5126051],[35.971276,47.5100656],[35.9680573,47.5067029],[35.9614617,47.4899143],[35.9419428,47.4925534],[35.941736,47.4854486],[35.9232632,47.4847921],[35.9214927,47.4752318],[35.9116146,47.4689173],[35.8961111,47.4659602],[35.8957318,47.4634724],[35.8554209,47.4617802],[35.8490339,47.4593942],[35.8464078,47.4554322],[35.8194384,47.4583628],[35.8019409,47.4585724],[35.8028043,47.4681927],[35.7993754,47.4735194],[35.7906815,47.4808849],[35.7822566,47.4856684],[35.7451416,47.4868222],[35.7463914,47.4898851],[35.731603,47.4907137],[35.7185298,47.4947885],[35.7115039,47.505541],[35.6995239,47.506848],[35.6870634,47.5097609],[35.6704842,47.5022091],[35.654663,47.500962],[35.6346285,47.5004876],[35.6329032,47.502978],[35.6408407,47.5074928],[35.6369349,47.5109636],[35.6236289,47.5058463],[35.6211815,47.507665],[35.6165026,47.5062368],[35.6161569,47.5043081],[35.6131342,47.5043006],[35.592551,47.519323],[35.5672797,47.5284839],[35.5479326,47.52628],[35.539021,47.519038],[35.5152972,47.512315],[35.5094445,47.5069227],[35.4988711,47.5108643],[35.4869806,47.5111117],[35.4882243,47.5019664],[35.471171,47.4965074],[35.454356,47.4999972],[35.4456078,47.5039494],[35.43765,47.5035079],[35.4312031,47.5059976],[35.4226959,47.5058198],[35.4169025,47.5088946],[35.4143695,47.5164307],[35.3841959,47.5154398],[35.3760556,47.5202236],[35.376455,47.5246886],[35.3649692,47.5318681],[35.3659289,47.5351931],[35.3582509,47.5367048],[35.3482117,47.537082],[35.3415297,47.536044],[35.3347217,47.525284],[35.3264255,47.5168163],[35.3135036,47.512683],[35.2993806,47.510983],[35.2808956,47.503398],[35.2736536,47.493721],[35.2807956,47.472193],[35.2644226,47.473907],[35.2026416,47.445003],[35.1486616,47.445686],[35.1022275,47.4510382],[35.0624315,47.448694],[35.0461575,47.437757],[35.0288205,47.418144],[34.9686925,47.389233],[34.9354434,47.391632],[34.8837134,47.406118],[34.8633714,47.420884],[34.8747414,47.437558],[34.8741834,47.449528],[34.8599234,47.451254],[34.8252014,47.464803],[34.7923044,47.467747],[34.7491533,47.492601],[34.7089813,47.490582],[34.6894133,47.494893],[34.6801983,47.510731],[34.6420713,47.544419],[34.6283773,47.54583],[34.6180343,47.544491],[34.5990392,47.53467],[34.5862482,47.521809],[34.5445292,47.532707],[34.5331372,47.530459],[34.5006222,47.499673],[34.4358392,47.496913],[34.4052178,47.500758],[34.3869481,47.513875],[34.3741314,47.5071964],[34.3383711,47.467761],[34.3349111,47.447001],[34.2961021,47.428688],[34.2696791,47.439549],[34.199289,47.412104],[34.145724,47.424467],[34.118345,47.420566],[34.064873,47.424317],[34.0466769,47.417654],[34.0422339,47.410429],[33.9827319,47.230662],[33.9678599,47.211277],[33.9448439,47.197252],[33.9298141,47.1772162],[33.9031259,47.159977],[33.8499508,47.137794],[33.8407868,47.098524],[33.8023168,47.059017],[33.6976678,46.995131],[33.6956098,46.95542],[33.6881588,46.920449],[33.6784458,46.900926],[33.6568158,46.904678],[33.6338217,46.899514],[33.6340277,46.866257],[33.63746,46.8471761],[33.6202977,46.829034],[33.5634722,46.8182091],[33.4702657,46.820961],[33.4029376,46.773597],[33.3895301,46.7827267],[33.3771844,46.7763058],[33.3724696,46.776123],[33.3714076,46.777142],[33.3705596,46.776837],[33.3716106,46.775729],[33.3574455,46.7670354],[33.3588964,46.7640157],[33.3401572,46.7570422],[33.3133962,46.7514766],[33.2863056,46.749398],[33.2543812,46.752574],[33.239884,46.7635404],[33.1978698,46.7675023],[33.153349,46.7627951],[33.1414551,46.7593674],[33.1401905,46.756687],[33.1371655,46.755756],[33.1320618,46.7551279],[33.0904107,46.743645],[33.0819791,46.7380097],[33.0733123,46.7384001],[33.0621896,46.7322653],[33.0541727,46.7314321],[33.0484378,46.7376035],[33.0441725,46.7384806],[33.04052,46.7292259],[33.0248939,46.7245733],[33.0195804,46.717745],[32.9910914,46.714538],[32.9798474,46.710469],[32.9542314,46.711542],[32.9427764,46.713303],[32.9333934,46.717207],[32.9285594,46.718374],[32.9233554,46.718326],[32.9053064,46.711285],[32.8917669,46.698237],[32.8910233,46.6932022],[32.8857311,46.68905],[32.8799589,46.6864742],[32.8750452,46.6868421],[32.8459334,46.6632763],[32.8336319,46.6549499],[32.8170258,46.6458912],[32.8035754,46.6408897],[32.7987104,46.6321159],[32.7843919,46.6280188],[32.7675244,46.6355784],[32.7511208,46.6303085],[32.7199882,46.6317615],[32.6844589,46.6212449],[32.6787383,46.6141517],[32.6890771,46.6064164],[32.6917769,46.6012578],[32.6665008,46.5825337],[32.5823333,46.5551263],[32.5538035,46.541271],[32.5318552,46.5368679],[32.5206882,46.5403559],[32.5145852,46.5410099],[32.5089902,46.5400139],[32.5002652,46.5334449],[32.4891291,46.5273829],[32.4647821,46.5080599],[32.4570671,46.5038109],[32.4483221,46.5028689],[32.4377211,46.5033619],[32.4326891,46.4947589],[32.4316761,46.4891869],[32.4282591,46.4853879],[32.4178411,46.4850379],[32.417638,46.4794622],[32.4013006,46.4719945],[32.3439201,46.4624858],[32.3020961,46.4677989],[32.2564424,46.4771961],[32.2369329,46.4802785],[32.2084966,46.4781547],[32.126377,46.4986617],[32.0788785,46.4992337],[32.0463952,46.4889388],[31.999388,46.4880276],[31.9109057,46.5115562],[31.9049095,46.517962],[31.8987539,46.5186059],[31.8649138,46.5176219],[31.8070708,46.5294639],[31.7569208,46.5479549],[31.6976507,46.5450339],[31.6628557,46.5364049],[31.6314977,46.5405179],[31.5816717,46.5372479],[31.5540826,46.5454649],[31.5305176,46.5576319],[31.5134156,46.5808289],[31.5112956,46.5766899]]],[[[31.5114791,46.349257],[31.5147417,46.3212872],[31.5185179,46.3123958],[31.5233274,46.3018998],[31.5404905,46.2827451],[31.5621271,46.2669054],[31.5909589,46.2512384],[31.6373218,46.2342125],[31.7010797,46.221792],[31.9043024,46.1882149],[31.9661349,46.1800629],[32.0222124,46.1740427],[32.0798197,46.165498],[32.0827105,46.1663447],[32.0828546,46.1673698],[32.0778235,46.1669051],[32.0677548,46.1681586],[32.0590588,46.1702435],[32.0538818,46.1705301],[32.0502496,46.1725997],[32.0409807,46.1724429],[32.0403514,46.1735991],[32.0328561,46.1754894],[32.0071353,46.1768614],[31.9145042,46.1883018],[31.849782,46.1997302],[31.6977437,46.2237408],[31.6771159,46.2291677],[31.664569,46.2302172],[31.6556264,46.2325719],[31.6517271,46.2357454],[31.6559317,46.239308],[31.6632269,46.2418017],[31.6742346,46.2450221],[31.6797495,46.2444429],[31.6808237,46.2488642],[31.6713823,46.2499326],[31.6458899,46.2447732],[31.6277803,46.2451878],[31.6098417,46.2466681],[31.5927674,46.2530201],[31.5768906,46.2605568],[31.5636705,46.268092],[31.5523352,46.2782367],[31.5418638,46.2900999],[31.5358566,46.3056349],[31.5328516,46.3193318],[31.5363707,46.3372901],[31.5360288,46.3563672],[31.5345483,46.3615353],[31.5351277,46.3679473],[31.5326921,46.369628],[31.5276814,46.3694727],[31.5215226,46.3669706],[31.516114,46.3607517],[31.5114791,46.349257]]],[[[32.48025640043358,45.38859626668623],[32.488644,45.384988],[32.50484335368229,45.38237642396622],[32.48025640043358,45.38859626668623]]],[[[32.54355613288507,45.45831126480298],[32.58422800312408,45.48214957321622],[32.562144,45.470223],[32.54355613288507,45.45831126480298]]],[[[32.602734410850296,45.490179998462395],[32.71944650978829,45.53192837961268],[32.691784,45.523882],[32.602734410850296,45.490179998462395]]],[[[32.612597114403535,45.32086132940007],[32.622109,45.317634],[32.64857871565379,45.31393795991389],[32.612597114403535,45.32086132940007]]],[[[32.797826984278444,45.56319365447909],[32.82500494271275,45.55775739931619],[32.820317,45.559825],[32.797826984278444,45.56319365447909]]],[[[32.82191164413636,45.58818377184484],[32.87890684795174,45.62263257473427],[32.82504,45.590611],[32.82191164413636,45.58818377184484]]],[[[33.139726001911086,45.214644961791265],[33.143404,45.20709],[33.147842803652644,45.20303931531643],[33.139726001911086,45.214644961791265]]],[[[33.17438207940761,45.78907426309816],[33.180625,45.797211],[33.184617867776204,45.805449070069955],[33.17438207940761,45.78907426309816]]],[[[33.258300451858815,45.14760040091305],[33.268036,45.145629],[33.27516,45.145901],[33.283363796518515,45.14803529912712],[33.258300451858815,45.14760040091305]]],[[[33.32828958864633,45.173023571156115],[33.331548,45.171883],[33.34711931129427,45.17341424499433],[33.32828958864633,45.173023571156115]]],[[[33.379577025778595,45.80179405902279],[33.43012276726118,45.837421861463476],[33.41709,45.830205],[33.379577025778595,45.80179405902279]]],[[[33.51008369327229,45.84242687593438],[33.524867078933696,45.84896543705165],[33.517655,45.846594],[33.51008369327229,45.84242687593438]]],[[[33.51629098091677,44.63631305286117],[33.52267656897063,44.63959349347807],[33.52105,44.640258],[33.51629098091677,44.63631305286117]]],[[[33.52844637410254,45.849219390738995],[33.54148614234208,45.840968182666984],[33.537116,45.845796],[33.52844637410254,45.849219390738995]]],[[[33.535059406011506,44.79478947499713],[33.54248345893239,44.8032267895763],[33.540633,44.802652],[33.535059406011506,44.79478947499713]]],[[[33.545774,44.707798],[33.546695886202016,44.70269391182517],[33.54716616705541,44.72060916913841],[33.545774,44.707798]]],[[[33.54650897375964,44.807801721261534],[33.549043617856846,44.81068230277439],[33.547143,44.81013],[33.54650897375964,44.807801721261534]]],[[[33.54885342691048,45.845011735777895],[33.56677067997867,45.871635620839406],[33.55864,45.86172],[33.551715,45.851628],[33.54885342691048,45.845011735777895]]],[[[33.557994485288475,44.84104098178677],[33.56870336951651,44.83924037284198],[33.561031,44.842318],[33.557994485288475,44.84104098178677]]],[[[33.58287138653146,44.84370836816195],[33.58961439855698,44.846069857275516],[33.586864,44.847],[33.58287138653146,44.84370836816195]]],[[[33.61229391241324,46.04934457010999],[33.618724,46.01252],[33.622873,45.997617],[33.62539403232675,45.993164954728776],[33.61229391241324,46.04934457010999]]],[[[33.612647367780745,46.13570873863179],[33.612957,46.129148],[33.615558492601345,46.1191953418459],[33.612647367780745,46.13570873863179]]],[[[33.62026971764494,45.89000575519307],[33.64040889575008,45.87773543015824],[33.634096,45.882614],[33.62026971764494,45.89000575519307]]],[[[33.62035049990011,45.943555182364314],[33.624497,45.942516],[33.63076383520411,45.941805420305585],[33.62035049990011,45.943555182364314]]],[[[33.6377615794852,45.94193525277514],[33.642079,45.942885],[33.645351392189326,45.944261674028745],[33.6377615794852,45.94193525277514]]],[[[33.643792908682975,45.87618803578069],[33.66129784531189,45.87198218873688],[33.654663,45.875233],[33.643792908682975,45.87618803578069]]],[[[33.662055801295885,45.954408834781965],[33.682856,45.952803],[33.69137421947705,45.955015863740236],[33.662055801295885,45.954408834781965]]],[[[33.66529150140568,45.862246970977175],[33.68122358410877,45.85226024820132],[33.674126,45.857432],[33.66529150140568,45.862246970977175]]],[[[33.67536257603796,45.900013743156585],[33.6792298483388,45.90751860837159],[33.676214,45.903954],[33.67536257603796,45.900013743156585]]],[[[33.679077,45.867314],[33.68127595052965,45.86402824771009],[33.679678219508226,45.872622027028086],[33.679077,45.867314]]],[[[33.68204699893788,45.90961123733903],[33.69092242940902,45.913291409181774],[33.687773,45.912752],[33.68204699893788,45.90961123733903]]],[[[33.695427680041036,45.954741696718784],[33.722964,45.950158],[33.74270660687252,45.95031252688883],[33.695427680041036,45.954741696718784]]],[[[33.70568260244761,45.91375863842215],[33.72879744434878,45.92908084491056],[33.720244,45.924636],[33.70568260244761,45.91375863842215]]],[[[34.37854552771082,44.612730813833615],[34.38342,44.615877],[34.38893802020218,44.62734598190632],[34.37854552771082,44.612730813833615]]],[[[34.4888371105332,44.72023681653523],[34.544614,44.741006],[34.609488075574276,44.767391572742646],[34.4888371105332,44.72023681653523]]],[[[34.83770980968122,44.81518793954559],[34.845166,44.813296],[34.90511140612041,44.815511854633144],[34.83770980968122,44.81518793954559]]],[[[34.923184701424056,44.828952903854365],[34.935034,44.830042],[34.9391050428059,44.832106037713466],[34.923184701424056,44.828952903854365]]],[[[35.17022281504107,44.90032303976801],[35.177573,44.900936],[35.18912312530334,44.9071198497253],[35.17022281504107,44.90032303976801]]],[[[35.3038942,51.0773414],[35.30481823344087,51.076403847209846],[35.304995,51.0762875],[35.30497183517422,51.07624799816012],[35.3052065,51.0760099],[35.3045802,51.0744471],[35.30455509923897,51.07441463073812],[35.3103165,51.0757482],[35.32716469971595,51.07132877669135],[35.3262629733649,51.073551695237526],[35.3258518,51.0741304],[35.3279976,51.0770425],[35.3123764,51.0773121],[35.3116898,51.078768],[35.30763176401013,51.078827318848916],[35.3042104,51.0783467],[35.3038942,51.0773414]]],[[[35.369479494850125,44.99321167744649],[35.395224,44.999343],[35.42547277529804,45.01160645669184],[35.369479494850125,44.99321167744649]]],[[[35.77871464804775,45.06532953920496],[35.785327,45.057628],[35.802689582596194,45.046913425025],[35.77871464804775,45.06532953920496]]],[[[35.82898232392774,45.00397551901729],[35.834801,44.999213],[35.841295035271834,44.998458997549655],[35.82898232392774,45.00397551901729]]],[[[35.84862658876981,45.44745755140373],[35.86369,45.45422],[35.87453384881555,45.46266715660361],[35.84862658876981,45.44745755140373]]],[[[35.88824380422027,50.4373704394835],[35.8944919,50.4356341],[35.8975389,50.4362901],[35.9040191,50.4350054],[35.9033325,50.4339393],[35.9129455,50.4315883],[35.9247473,50.431643],[35.9275796,50.4302762],[35.9352186,50.4287452],[35.9413125,50.431151],[35.94363,50.4333926],[35.937607929301436,50.4333926],[35.937538959938394,50.433337903236335],[35.9376218,50.4318071],[35.93743352983283,50.43167431908025],[35.9374312,50.4316268],[35.9369921,50.4310991],[35.936170931905295,50.43078384919536],[35.9352186,50.4301122],[35.93308940993325,50.430710544506645],[35.93289,50.4305983],[35.9323485,50.4305782],[35.9318921,50.4307954],[35.9315936,50.4312251],[35.9315243,50.4322503],[35.93148073663554,50.432289316952016],[35.931099356828035,50.432454712944484],[35.9307495,50.4323794],[35.9304475,50.4324478],[35.9302319,50.432604],[35.92992058765206,50.432965919080516],[35.9281804,50.4337206],[35.9281036672327,50.43389169514497],[35.9279428,50.4339655],[35.9277109,50.4344957],[35.9275414,50.43466439999999],[35.9258792,50.4352248],[35.9248128,50.43555880000001],[35.9232653,50.4357662],[35.92233430000001,50.4363965],[35.9212403,50.4369583],[35.92038238549689,50.43695596382729],[35.919357398222346,50.4359041062151],[35.9192638,50.4357543],[35.918788,50.4354956],[35.9177859,50.4352473],[35.9168777,50.4351919],[35.9161933,50.4351525],[35.91551442428098,50.43525673798557],[35.913721716082435,50.43499722240332],[35.913183,50.4346721],[35.9122196,50.4343311],[35.9117778,50.4343357],[35.911413,50.4344347],[35.9110982,50.4346276],[35.9107746,50.4350646],[35.9105572,50.4351874],[35.9103396,50.435258],[35.9098914,50.4351933],[35.9094778,50.4353274],[35.909139,50.4352972],[35.9089754,50.4353118],[35.9088997,50.4353852],[35.9088965,50.4356397],[35.90871210000001,50.4357659],[35.9086911,50.4358567],[35.9089669,50.4361763],[35.9089249,50.4363788],[35.9088162,50.4364175],[35.9083467,50.4364123],[35.9082678,50.4364561],[35.9082911,50.4366129],[35.90841202611356,50.436721948040095],[35.90776509089682,50.437118737082244],[35.9077416,50.4371221],[35.90765643107105,50.43718538212965],[35.90645531269341,50.43792207198395],[35.9063462,50.4379709],[35.9052053,50.438154],[35.90263,50.43789],[35.9016414250019,50.438137864285245],[35.9011438,50.4381488],[35.900975323861935,50.43830487506669],[35.8992,50.43875],[35.89534463759948,50.43840838561008],[35.8941915,50.4378208],[35.89352826579543,50.43797374541538],[35.89319,50.43789],[35.89182,50.43789],[35.88976,50.43857],[35.88824380422027,50.4373704394835]]],[[[35.89494770197166,45.01306139159295],[35.900286,45.014189],[35.90599560357203,45.01720179949745],[35.89494770197166,45.01306139159295]]],[[[36.08186236667896,45.0467834933006],[36.160037,45.035925],[36.19615977940504,45.033368710840975],[36.08186236667896,45.0467834933006]]],[[[36.20267826770675,45.03237313054695],[36.213493,45.02807],[36.22408446741874,45.0269805323482],[36.20267826770675,45.03237313054695]]],[[[36.37423534107108,50.29981106269907],[36.375992325157284,50.297081989945056],[36.37934,50.29301],[36.378752641264526,50.29279447047354],[36.3893847,50.27628],[36.4053581,50.2611313],[36.415918,50.2597248],[36.4183642,50.2568714],[36.4232993,50.2539903],[36.4439846,50.2483374],[36.4484309,50.2442774],[36.4439571,50.2400796],[36.4503072,50.2354798],[36.4620648,50.2341678],[36.4655829,50.2370277],[36.485493,50.2422065],[36.5053965,50.2386766],[36.5328009,50.2424247],[36.5691994,50.2445395],[36.559931,50.250796],[36.56865,50.257768],[36.56954793253134,50.25734903185361],[36.57769841456331,50.258465536241545],[36.57783029508197,50.258579803278685],[36.57537,50.26022],[36.57560077213583,50.26031230885433],[36.575109,50.260672],[36.58036217818492,50.262582973494965],[36.5752012,50.2724906],[36.57417,50.27447],[36.57423807095716,50.274473100864256],[36.5739434,50.2750449],[36.5926044,50.2757183],[36.5926628,50.278079],[36.589552,50.279346],[36.588033,50.281698],[36.588464667676206,50.28295206283303],[36.58499,50.2858],[36.584349686565616,50.2858730558952],[36.571219,50.285748],[36.560789,50.284236],[36.55965178615683,50.283535763198905],[36.55804,50.28219],[36.55632,50.28133],[36.55031,50.2815],[36.54911,50.28202],[36.54877,50.28202],[36.54533,50.28253],[36.54362,50.28288],[36.53932,50.28374],[36.53572,50.28374],[36.53503,50.28408],[36.53297,50.28477],[36.53263,50.28477],[36.52971,50.28494],[36.5264502709823,50.28602657633924],[36.523917,50.2864244],[36.52390626980498,50.28645089969556],[36.5237,50.28648],[36.52353,50.28734],[36.52285,50.28837],[36.52285,50.289059503567216],[36.5228153,50.2891452],[36.523569239551904,50.289660530111306],[36.52388,50.28992],[36.52473,50.2906],[36.5249,50.29095],[36.52508,50.29129],[36.52525,50.29163],[36.52559,50.29198],[36.52593,50.29249],[36.52611,50.29283],[36.52611,50.29352],[36.51632,50.29489],[36.51581,50.29558],[36.51546,50.29558],[36.51272,50.29541],[36.51149005871556,50.29541],[36.511151,50.295369],[36.511040556844556,50.29541],[36.51083,50.29541],[36.5019,50.29867],[36.50145284745573,50.29896926162496],[36.500702,50.299248],[36.495276209958185,50.30282807072596],[36.49521,50.30279],[36.48937,50.30622],[36.48783,50.3112],[36.474542200352616,50.31294160480815],[36.47316197122694,50.313075998375716],[36.460874639537,50.31238235868354],[36.440317,50.31098],[36.44023725845825,50.31121734523555],[36.43993,50.3112],[36.43346281672816,50.330611468808286],[36.425543,50.32827],[36.409299,50.312446],[36.40847579349027,50.311932857567896],[36.4068,50.31034],[36.40277021244061,50.30837630680962],[36.400835,50.30717],[36.3963317949229,50.30601859332056],[36.37423534107108,50.29981106269907]]],[[[36.40456230350156,45.2106300795172],[36.40777051799568,45.176377484513594],[36.407734,45.193404],[36.40456230350156,45.2106300795172]]],[[[36.41882340594911,45.16103742261195],[36.42179680115857,45.14762631875074],[36.421428,45.152916],[36.41882340594911,45.16103742261195]]],[[[36.424505356558754,45.13540973964611],[36.425667770881944,45.13016682435235],[36.4258,45.134402],[36.424505356558754,45.13540973964611]]],[[[36.43282630791561,45.4485174573383],[36.43630811037496,45.45141959022065],[36.43401,45.450676],[36.43282630791561,45.4485174573383]]],[[[36.433867788915435,45.1175892929108],[36.45306110261109,45.10671281804716],[36.439699,45.116727],[36.433867788915435,45.1175892929108]]],[[[36.47352192015963,45.45780551789145],[36.49202535366895,45.451860491545645],[36.482062,45.455771],[36.47352192015963,45.45780551789145]]],[[[36.47735949430335,45.32913787553577],[36.49675557122877,45.32020285390527],[36.488837,45.324608],[36.47735949430335,45.32913787553577]]],[[[36.552366413941606,45.25968758901251],[36.571599,45.250076],[36.57731393397784,45.249198486612514],[36.552366413941606,45.25968758901251]]],[[[36.57844300151743,45.441987788747014],[36.59528718794162,45.43935548948828],[36.587036,45.44127],[36.57844300151743,45.441987788747014]]],[[[36.5846418,50.2300206],[36.5873883,50.2277145],[36.5905641,50.227536],[36.5952204,50.2298559],[36.59759523503795,50.22982891844757],[36.59817634502318,50.23021538479697],[36.59467047260033,50.23231091601329],[36.59188181963562,50.23338216684729],[36.586776,50.2351401],[36.5846418,50.2300206]]],[[[36.608319418364616,45.41300978113191],[36.611498,45.414921],[36.61477986561146,45.42090356752089],[36.608319418364616,45.41300978113191]]],[[[36.635278740641944,45.376048642033425],[36.643211,45.377813],[36.6481026052295,45.382336981873785],[36.635278740641944,45.376048642033425]]],[[[36.63615733329061,45.391489490170166],[36.64791932494265,45.38375657114338],[36.641199,45.390666],[36.63615733329061,45.391489490170166]]],[[[36.72017438864308,50.27738],[36.7271229,50.2677935],[36.7397726,50.2656587],[36.7722271,50.2552691],[36.7892518,50.2458],[36.8218329,50.2495541],[36.8376054,50.2588282],[36.8377765,50.2613528],[36.8442995,50.2642334],[36.8542986,50.2663323],[36.8589338,50.2732857],[36.8477329,50.2846122],[36.8526253,50.2930574],[36.8776878,50.3002948],[36.896141,50.2928395],[36.9156678,50.2978277],[36.9212469,50.2976632],[36.9223413,50.2941403],[36.9279417,50.2901511],[36.9354734,50.2914667],[36.9352803,50.2923167],[36.9365893,50.2926732],[36.9344647,50.2978139],[36.946095,50.2999385],[36.9453224,50.3024947],[36.9488415,50.3037899],[36.9539485,50.3011995],[36.9576398,50.3045128],[36.9739926,50.306923],[36.9786677,50.3096491],[36.9871195,50.3080991],[36.9915809,50.3080833],[37.0021369,50.3128909],[37.0097012,50.3093503],[37.0124104,50.3098545],[37.0167508,50.3141956],[37.0140277,50.3218578],[37.0166478,50.3342198],[37.0064244,50.3332825],[37.0137259,50.3486323],[36.957421,50.34918],[36.937645,50.350224],[36.915294,50.346287],[36.89634869983841,50.34072141073471],[36.8905045,50.338946],[36.88880446408618,50.33850512927391],[36.882156,50.336552],[36.872241,50.335704],[36.85274522498652,50.32791431499878],[36.85226,50.32768],[36.84593531451493,50.322920992200764],[36.8333579,50.3131381],[36.8328950431901,50.31310884374129],[36.83287,50.31309],[36.83252828275886,50.31308566154362],[36.8284851,50.3128301],[36.82660384836549,50.313010444676785],[36.81948,50.31292],[36.8151436838885,50.312313181504315],[36.807214338658135,50.31055726392115],[36.80368,50.30914],[36.80156404401684,50.30732380444779],[36.8003327,50.3060231],[36.783490198278436,50.303840426418745],[36.78068,50.30296],[36.77562300503738,50.30282089172433],[36.77219697914145,50.30237690208815],[36.768279224238135,50.30167416578262],[36.76643685698886,50.29720711910981],[36.76609,50.2961],[36.76504508259702,50.29383259040558],[36.7642754,50.2919664],[36.764153244275676,50.291897403624134],[36.76403,50.29163],[36.76437,50.29146],[36.76935,50.29009],[36.77004,50.28992],[36.77158,50.2894],[36.77107,50.28889],[36.7694904,50.2891914],[36.763,50.29043],[36.76266,50.29009],[36.7606,50.28957],[36.7551,50.29043],[36.75321,50.2894],[36.75167,50.28906],[36.74841,50.28786],[36.74858,50.28734],[36.74909,50.287],[36.74921066420577,50.28673817038846],[36.750267,50.286309],[36.75060335481195,50.28371616698573],[36.75115,50.28253],[36.74978,50.28082],[36.74892,50.28013],[36.74703,50.28013],[36.74446,50.28047],[36.74475339459992,50.28180753420552],[36.7423255,50.2816186],[36.739936,50.282955],[36.728862,50.27733],[36.725031298245604,50.27738],[36.72017438864308,50.27738]]],[[[37.87433275038616,47.10654070913963],[37.87958,47.106667],[37.89220498604775,47.1100462670136],[37.87433275038616,47.10654070913963]]],[[[38.19252038393671,47.09693280558051],[38.211502,47.107183],[38.225666295431004,47.11648307429379],[38.19252038393671,47.09693280558051]]],[[[38.22301016756015,47.33258506878066],[38.22693953008592,47.330174859255884],[38.22645906767327,47.33098860017309],[38.2260216,47.33142739999999],[38.2258645,47.3317304],[38.225647,47.3319843],[38.225541376598294,47.332165184675766],[38.22515071316549,47.33224279157036],[38.225103200000014,47.3322505],[38.2246924,47.3322464],[38.2241667,47.3322914],[38.2239673,47.3323324],[38.2236773,47.3323979],[38.22339330000001,47.3324798],[38.22310330000001,47.3325658],[38.22301016756015,47.33258506878066]]],[[[38.2302909909979,47.12830036767478],[38.2318183,47.12975380000001],[38.233140003743785,47.133317641460295],[38.2302909909979,47.12830036767478]]],[[[38.23456098124473,47.22551961984288],[38.239954865314296,47.220264555550244],[38.240047,47.221361],[38.239117756523406,47.22190444149748],[38.23910030000001,47.221906],[38.2386593,47.22210010000001],[38.23862161535758,47.22219459548285],[38.238255,47.222409],[38.23849588273357,47.22354078108788],[38.23835480458259,47.223688619541996],[38.236442,47.224262],[38.23614552785624,47.22560560776265],[38.23614088018108,47.22560834935196],[38.23611621098514,47.225610441247746],[38.2358003,47.2255895],[38.2355634,47.22552850000001],[38.2348364,47.2254231],[38.23456098124473,47.22551961984288]]],[[[38.23543762336039,47.345326750456024],[38.23565530000001,47.3453956],[38.2362354,47.3455184],[38.236755,47.3455839],[38.23807570000001,47.3457166],[38.2384805,47.3458108],[38.238976,47.3459786],[38.2392781,47.346081],[38.23955,47.3462284],[38.2398038,47.346388],[38.2400877,47.3466009],[38.2404926,47.3469407],[38.2408672,47.3471249],[38.2411209,47.3472723],[38.2413385,47.3474033],[38.2416406,47.3475466],[38.2419789,47.3477513],[38.24217830000001,47.3479314],[38.2426738,47.3482139],[38.2432176,47.348656],[38.24339731136324,47.3487409413468],[38.24579281602809,47.35065134534189],[38.23543762336039,47.345326750456024]]],[[[38.238417017094335,47.20854424369432],[38.23898941422513,47.20861867677951],[38.23918370489916,47.20864612811651],[38.23991310000001,47.2090205],[38.24030384270997,47.20936123078445],[38.241055,47.210114],[38.241186978235994,47.21064670523725],[38.2408117,47.21091830000001],[38.2407136,47.2111402],[38.240779,47.2113733],[38.2409211,47.211592],[38.2414294,47.2118274],[38.24149022486788,47.21187070302578],[38.24165144620987,47.21252144254047],[38.2411752,47.2128554],[38.2409268,47.2130633],[38.24091679399987,47.21307868753165],[38.238417017094335,47.20854424369432]]],[[[38.24185964701921,47.214788965778304],[38.2419652,47.2148496],[38.2422886,47.215191],[38.24235210000001,47.2155598],[38.24235714964978,47.21569140540491],[38.24185964701921,47.214788965778304]]],[[[38.28904193697482,47.391483943448016],[38.300409,47.391514],[38.30067306970777,47.39172765067049],[38.3006955,47.391967],[38.30146090801064,47.3923650663857],[38.301770480072996,47.392615531610375],[38.28904193697482,47.391483943448016]]],[[[38.324493617905276,47.280285075707766],[38.32616303420447,47.27831504327142],[38.3268238,47.2790622],[38.3271016,47.279439],[38.32709428229303,47.27958240920851],[38.32579405422264,47.2801269140017],[38.3253372,47.2801179],[38.3245489,47.2802786],[38.324493617905276,47.280285075707766]]],[[[38.326360847967905,47.2587900740914],[38.330785,47.263449],[38.330997,47.264575],[38.33087438035473,47.26470251384903],[38.326360847967905,47.2587900740914]]],[[[38.327363118501225,47.285086474318994],[38.3276081,47.2851854],[38.3280737,47.2853766],[38.3286935,47.2861074],[38.3288379,47.2864095],[38.32879106451206,47.2866635121409],[38.327363118501225,47.285086474318994]]],[[[38.32769055397214,47.276512459044255],[38.33289993293083,47.270365013660594],[38.3325776,47.2712172],[38.33267494705678,47.271472704370886],[38.332074745884604,47.27290785206257],[38.331552,47.2730777],[38.3313898,47.2736115],[38.331402,47.2738526],[38.3312836,47.2741076],[38.3311488,47.2741879],[38.331063,47.27518830000001],[38.3308956,47.2757175],[38.3307651,47.2758756],[38.3298786,47.2759226],[38.3287705,47.2760822],[38.32769055397214,47.276512459044255]]],[[[38.662108475560544,47.6997803486941],[38.670796,47.698954],[38.714494329183076,47.698843870141445],[38.662108475560544,47.6997803486941]]],[[[38.70160247919875,48.72762385123516],[38.76489827807233,48.71498759447224],[38.753514,48.718492],[38.70160247919875,48.72762385123516]]],[[[38.872334559831394,48.751444224911154],[38.88023864921854,48.75129424233959],[38.879077,48.752476],[38.877618,48.752589],[38.872334559831394,48.751444224911154]]],[[[38.906475890673654,48.74990142870625],[38.91257390676628,48.74636918069446],[38.911135,48.748005],[38.906475890673654,48.74990142870625]]],[[[38.97940959582973,48.74463173259828],[38.98182186836273,48.7416603135735],[38.981216,48.743845],[38.97940959582973,48.74463173259828]]],[[[38.985613577282045,48.73698971526208],[38.99920653406949,48.720246014105264],[38.998389,48.724267],[38.991437,48.730608],[38.989541,48.734987],[38.985613577282045,48.73698971526208]]],[[[39.01373924651011,48.658061582878595],[39.034261907427215,48.65002342895346],[39.032206,48.652874],[39.028508,48.653006],[39.019153,48.656975],[39.01373924651011,48.658061582878595]]],[[[39.014918009677864,48.68556842931589],[39.015727,48.68864],[39.015621540666814,48.692322828445434],[39.014918009677864,48.68556842931589]]],[[[39.01670668411026,48.680752396536576],[39.01997080807008,48.6763303517879],[39.019582,48.679139],[39.01670668411026,48.680752396536576]]],[[[39.092636361564054,48.650790567822604],[39.101983703679885,48.650198182908085],[39.098554,48.650889],[39.092636361564054,48.650790567822604]]],[[[39.19698652542832,48.706322318012866],[39.19984809716239,48.70149693386004],[39.198354,48.705777],[39.19698652542832,48.706322318012866]]],[[[39.233460202806306,48.71131404917009],[39.238500265201814,48.709718447306514],[39.23599,48.711088],[39.233460202806306,48.71131404917009]]],[[[39.313225378483786,48.77443874260218],[39.32568290898435,48.77572321906297],[39.324546,48.776049],[39.31459,48.774804],[39.313225378483786,48.77443874260218]]],[[[39.3445955567992,48.75468162906725],[39.34709094674139,48.748628335728625],[39.347027,48.750212],[39.3445955567992,48.75468162906725]]],[[[39.34972809267765,48.70808867945767],[39.35365093924746,48.70161663838968],[39.350503,48.707637],[39.34972809267765,48.70808867945767]]],[[[39.35180334902501,48.768176933127656],[39.35402184138782,48.765773070241224],[39.354502,48.766828],[39.35180334902501,48.768176933127656]]],[[[39.35757675528887,48.69668640993827],[39.37140077619024,48.68979916830806],[39.360311,48.695798],[39.35757675528887,48.69668640993827]]],[[[39.403311005005904,48.674066205112425],[39.41018229063524,48.671382739690216],[39.405821,48.673812],[39.403311005005904,48.674066205112425]]],[[[39.41730364581235,48.65741393579041],[39.43429272278565,48.656211154185776],[39.432323,48.656749],[39.420746,48.658223],[39.41730364581235,48.65741393579041]]],[[[39.442699426217814,48.65561598187243],[39.4512682334254,48.65500933304158],[39.446501,48.656301],[39.442699426217814,48.65561598187243]]],[[[39.550309786868006,48.59636948706393],[39.56178162825489,48.59892399443719],[39.5549814,48.5982948],[39.550309786868006,48.59636948706393]]],[[[39.69853936272942,48.58706435688486],[39.711697928605055,48.5859026959285],[39.70404992375359,48.587469833878956],[39.7018903,48.5876379],[39.70067626180205,48.58753809224845],[39.699307233827334,48.587362431065735],[39.69853936272942,48.58706435688486]]],[[[39.721903377585335,48.585224246322525],[39.7272544356871,48.58644949025674],[39.72571825328648,48.58654820165015],[39.72380006742817,48.58627579655785],[39.7228278,48.5857881],[39.721903377585335,48.585224246322525]]],[[[39.78348384296935,48.0289323250308],[39.783915357393674,48.02764141724012],[39.7841902,48.02817240000001],[39.78348384296935,48.0289323250308]]],[[[39.78459203757393,48.025617077687905],[39.78484996227051,48.02484547659774],[39.7853514,48.0252048],[39.7848952,48.0255515],[39.78459203757393,48.025617077687905]]],[[[39.79117039910022,48.59305338405122],[39.802259746256986,48.58745839097941],[39.799909911849994,48.589724385456705],[39.79698962110482,48.591359520181975],[39.79504069859976,48.592114553754676],[39.791312811554505,48.59303953648746],[39.79117039910022,48.59305338405122]]],[[[39.80967629298214,48.004753296434096],[39.81063840480389,48.004339613460964],[39.8105447,48.0045654],[39.81013,48.0047041],[39.80967629298214,48.004753296434096]]],[[[39.81602923075331,47.97043130652428],[39.81670797378461,47.969295999262954],[39.81686,47.96957],[39.81671120521984,47.96995410888134],[39.81602923075331,47.97043130652428]]],[[[39.81763234472472,47.967749839682554],[39.81807722503315,47.967005705568035],[39.8182374,47.9670522],[39.8189656,47.9675343],[39.81874,47.96785],[39.81763234472472,47.967749839682554]]],[[[39.81928813842076,48.58561382355147],[39.824199410853986,48.58626360106432],[39.82405702075991,48.58633077590197],[39.82310469324656,48.586502060374826],[39.82157818032542,48.58640725297054],[39.82113097617422,48.58627640870494],[39.81928813842076,48.58561382355147]]],[[[39.820088790530164,47.97804699502693],[39.82272073404353,47.97949256248132],[39.82280669198277,47.9796844051116],[39.82294596246726,47.98207830335351],[39.82284633948828,47.982631646339115],[39.820088790530164,47.97804699502693]]],[[[39.822859164304916,47.959007140384855],[39.823511134114,47.957916615658576],[39.82338,47.95858],[39.822859164304916,47.959007140384855]]],[[[39.822933208391454,48.58041188228861],[39.82486310086764,48.5813455736055],[39.8253344,48.5817643],[39.82572539052783,48.58239719123318],[39.82601385803727,48.58328869154584],[39.82618322118343,48.5844042458716],[39.82563557649422,48.58524961803074],[39.82521387154479,48.585710302214736],[39.822933208391454,48.58041188228861]]],[[[39.84084070456781,48.32603807665203],[39.8412699965252,48.31389207713353],[39.8418874,48.3188237],[39.84084070456781,48.32603807665203]]],[[[39.840917771935764,48.32915848473553],[39.84513366168535,48.32949239928754],[39.84528364473957,48.332229448838035],[39.840917771935764,48.32915848473553]]],[[[39.84672724530465,48.483564275747575],[39.84710393523147,48.484312226528175],[39.847741980646155,48.49314251093478],[39.84764709999999,48.495799],[39.846817,48.4977041],[39.84680012647974,48.497784799444716],[39.84672724530465,48.483564275747575]]],[[[39.85722157251611,48.544535010350174],[39.85722822534878,48.544510983699304],[39.857231,48.5445196],[39.85722157251611,48.544535010350174]]],[[[39.86256767832867,48.50238645277479],[39.866135,48.504775],[39.86665344120442,48.50820455952937],[39.86256767832867,48.50238645277479]]],[[[39.88726065158143,48.30420092297301],[39.88795508481867,48.303869318585406],[39.88789909622627,48.30454541715507],[39.8878393,48.3045909],[39.887851420823914,48.30512112856269],[39.8877705,48.3060983],[39.88788072322422,48.30640296960817],[39.887912300467214,48.30778432423264],[39.8876056,48.3085493],[39.88752329377684,48.30855120687379],[39.88726065158143,48.30420092297301]]],[[[39.897172679093806,48.44472928196294],[39.897475426903746,48.444914754575386],[39.897791232470205,48.44522402866842],[39.8982635,48.4461857],[39.8975876,48.4473144],[39.89755232176318,48.44733165996955],[39.897172679093806,48.44472928196294]]],[[[39.90899990332359,48.27657948439819],[39.91189615901862,48.27336724740459],[39.91197967838377,48.273455647498395],[39.9120549,48.2736559],[39.9120333,48.2741027],[39.9117085,48.2745494],[39.911511989985286,48.27504643872545],[39.911385,48.275269],[39.90899990332359,48.27657948439819]]],[[[39.91102088010854,48.40156534065123],[39.91823958976012,48.398078550620426],[39.91605,48.40061],[39.91102088010854,48.40156534065123]]],[[[39.91208838855337,48.39354292912344],[39.91668027814054,48.39463728210046],[39.91783183572835,48.39577494501622],[39.91846770637563,48.39721245404208],[39.91208838855337,48.39354292912344]]],[[[39.91903862540447,48.27066537684231],[39.92272904684081,48.2713270747869],[39.92255830000001,48.2713475],[39.9216365,48.2715212],[39.9211842,48.2715964],[39.92077952422528,48.271568054329244],[39.91981430452128,48.27126147332711],[39.9195057,48.2710754],[39.91903862540447,48.27066537684231]]],[[[39.92578724702229,48.272999726223034],[39.9257936,48.27297990000001],[39.92587895823136,48.27258237919457],[39.93420338872876,48.2790298463137],[39.9338471,48.2790575],[39.933073,48.2791212],[39.9324208,48.2789707],[39.9321859,48.2786755],[39.9319598,48.27832830000001],[39.9317859,48.27803890000001],[39.931438,48.2778768],[39.9308205,48.2778305],[39.93022726311827,48.27783462118087],[39.928099755295904,48.27670456858406],[39.9275733181118,48.2760731915651],[39.927109769180895,48.27527551806719],[39.9270547,48.2751448],[39.9269797391745,48.275051762853614],[39.92578724702229,48.272999726223034]]],[[[39.934128248286655,48.38137566786532],[39.94069073306054,48.38673215924244],[39.9400517,48.3870522],[39.938707,48.3870734],[39.9376154,48.3866652],[39.9360629,48.3852006],[39.9346545,48.3822212],[39.934128248286655,48.38137566786532]]],[[[39.94247726898349,48.22861789554002],[39.942582389749084,48.22861963457029],[39.9426232,48.2289716],[39.945800027827076,48.22867286449113],[39.9549419,48.2288241],[39.9614093,48.2278298],[39.97379269559104,48.22692235738806],[39.94252448388585,48.23047858760993],[39.94247726898349,48.22861789554002]]],[[[39.95754334385862,48.301481697759414],[39.95855175607826,48.298291129123896],[39.9699240151477,48.29895493154519],[39.97062500519103,48.30256154756196],[39.963011877703366,48.30237401079226],[39.9629498295472,48.30238441442429],[39.962891846788715,48.30240241886328],[39.962840012336436,48.302427377339356],[39.962796188241725,48.30245839327297],[39.962761948809245,48.30249435248167],[39.96273852404258,48.3025339632037],[39.96272675545674,48.30257580250092],[39.96272706584511,48.30261836737445],[39.962739444087376,48.30266012875667],[39.962763445544766,48.302699586440276],[39.962798208028964,48.30273532297112],[39.96284248277168,48.3027660545687],[39.97022134024663,48.30699977903028],[39.970218,48.3069996],[39.9695483,48.3070401],[39.96907306379333,48.30706583481263],[39.96801040537612,48.30695134109542],[39.9675045,48.3067856],[39.9672175,48.3067509],[39.9664174,48.3067162],[39.96629608436474,48.3066653540549],[39.965664679841716,48.3058615590877],[39.9655651,48.3054435],[39.9654259,48.3050675],[39.9653737,48.3046799],[39.9650954,48.3044196],[39.964791,48.3043848],[39.9646258,48.3042402],[39.9644692,48.3040088],[39.9642605,48.3036617],[39.963779564691784,48.30346175671879],[39.9637437,48.3034161],[39.963620008711416,48.303381007035114],[39.9631821,48.3031237],[39.95754334385862,48.301481697759414]]],[[[39.97461575475124,48.313684002825404],[39.98995673062935,48.31712248997854],[39.9895862,48.3171855],[39.9887426,48.31726649999999],[39.987525,48.3174342],[39.9869771,48.3174053],[39.98648139999999,48.3173069],[39.98636150790648,48.317272283072654],[39.98467977626401,48.31658607887279],[39.984368,48.3163816],[39.9838462,48.316023],[39.9833592,48.3158553],[39.9827243,48.3156991],[39.9821068,48.31566439999999],[39.98161808974649,48.31570623858272],[39.97902864469237,48.31571267998833],[39.978789840836065,48.315665862604945],[39.97493544106349,48.31401655483709],[39.9749057,48.3139986],[39.97461575475124,48.313684002825404]]],[[[39.99171849515517,48.315344846360766],[39.992876976683036,48.31173934111754],[39.9928447,48.3140099],[39.992172,48.3147364],[39.9918052,48.31525],[39.99171849515517,48.315344846360766]]],[[[40.00343636896397,48.239412587750685],[40.00752871874368,48.22457289571562],[40.00944018212599,48.22507878991006],[40.005778,48.2410291],[40.00657559325015,48.24170717125857],[40.006544651415794,48.241877413273485],[40.00343636896397,48.239412587750685]]],[[[40.019466222444805,48.25583084000957],[40.01978130264446,48.25304452246148],[40.02073791940887,48.253839237937605],[40.019466222444805,48.25583084000957]]]]}},{"type":"Feature","id":"fase-4-conteso","properties":{"id":"fase-4-conteso","stato":"conteso","data":"2025-03-13","origineControllo":"non-applicabile","sourceId":"deepstate-history-1741873398","note":"Solo poligoni a stato ignoto della revisione DeepState, al netto delle aree di controllo consolidato; non sono raid, infiltrazioni o semplici presenze."},"geometry":{"type":"MultiPolygon","coordinates":[[[[32.3422656,46.5334579],[32.3462567,46.5333102],[32.3478446,46.5336645],[32.3478446,46.5346388],[32.3513851,46.5353768],[32.3529086,46.5349192],[32.3557678,46.5362883],[32.3541692,46.5364137],[32.3543248,46.5371481],[32.3576293,46.5376647],[32.3655472,46.5376499],[32.3644528,46.5366167],[32.3671994,46.5348454],[32.3702035,46.5347273],[32.3742375,46.5373252],[32.3744092,46.5412218],[32.376555,46.5423435],[32.3814044,46.5406167],[32.3823056,46.5395687],[32.382134,46.5343731],[32.3808894,46.5333398],[32.3730359,46.5318931],[32.3698602,46.5323065],[32.3632512,46.535613],[32.3611913,46.535613],[32.3576722,46.5347273],[32.3568139,46.5333102],[32.3527799,46.5328969],[32.3500333,46.5334874],[32.3483167,46.532956],[32.3532948,46.531716],[32.3616204,46.5315388],[32.3641095,46.5305941],[32.3666844,46.5278778],[32.370461,46.5276416],[32.3771558,46.5291769],[32.3830781,46.5315979],[32.392777,46.5389193],[32.398946,46.5417421],[32.4026635,46.5427069],[32.3954377,46.5391997],[32.4109731,46.5444687],[32.4161656,46.5469776],[32.4283109,46.5552118],[32.4228177,46.5580448],[32.4171529,46.5581628],[32.4138483,46.5574841],[32.4031625,46.5527328],[32.4046002,46.5495275],[32.4027119,46.5458676],[32.3994504,46.542975],[32.3874341,46.5364217],[32.3845158,46.5376025],[32.3805676,46.5431521],[32.3742162,46.5437424],[32.3733792,46.5454133],[32.3623071,46.5442326],[32.3539385,46.5383436],[32.3599682,46.5411111],[32.3574736,46.5391573],[32.3506553,46.5360559],[32.3422656,46.5334579]]],[[[32.4580101,46.5617576],[32.4693426,46.5526571],[32.4784407,46.5505849],[32.4920025,46.5551224],[32.496466,46.5527336],[32.4961284,46.5482],[32.5073315,46.5482653],[32.5089902,46.5400139],[32.5145852,46.5410099],[32.5206882,46.5403559],[32.5318552,46.5368679],[32.5538035,46.541271],[32.5823333,46.5551263],[32.6665008,46.5825337],[32.6917769,46.6012578],[32.6890771,46.6064164],[32.6787383,46.6141517],[32.6844589,46.6212449],[32.7199882,46.6317615],[32.7511208,46.6303085],[32.7675244,46.6355784],[32.7843919,46.6280188],[32.7987104,46.6321159],[32.8035754,46.6408897],[32.8170258,46.6458912],[32.8336319,46.6549499],[32.8459334,46.6632763],[32.8750452,46.6868421],[32.8799589,46.6864742],[32.8857311,46.68905],[32.8910233,46.6932022],[32.8917669,46.698237],[32.9053064,46.711285],[32.9233554,46.718326],[32.9285594,46.718374],[32.9333934,46.717207],[32.9427764,46.713303],[32.9542314,46.711542],[32.9798474,46.710469],[32.9910914,46.714538],[33.0195804,46.717745],[33.0248939,46.7245733],[33.04052,46.7292259],[33.0441725,46.7384806],[33.0484378,46.7376035],[33.0541727,46.7314321],[33.0621896,46.7322653],[33.0733123,46.7384001],[33.0819791,46.7380097],[33.0904107,46.743645],[33.1320618,46.7551279],[33.1371655,46.755756],[33.1401905,46.756687],[33.1414551,46.7593674],[33.153349,46.7627951],[33.1978698,46.7675023],[33.1899139,46.7688783],[33.1732019,46.7735451],[33.1543651,46.7807595],[33.1448424,46.7816668],[33.130411,46.7790074],[33.0929874,46.7627627],[33.0679333,46.7489795],[33.0470086,46.7406022],[33.0322538,46.7374211],[33.0094257,46.7362153],[32.9831642,46.7378279],[32.9598261,46.733988],[32.9363386,46.7314754],[32.9127348,46.7258281],[32.8939712,46.7174207],[32.8714832,46.7024132],[32.8392109,46.6855762],[32.824662,46.6786573],[32.8269328,46.6775767],[32.8254773,46.6755221],[32.8075431,46.6731134],[32.7972636,46.6687564],[32.7804632,46.6646922],[32.7583542,46.6620291],[32.7362233,46.6563831],[32.7288982,46.6560977],[32.725937,46.6590433],[32.7221565,46.658665],[32.7192047,46.6610793],[32.6980223,46.6586251],[32.672038,46.6505105],[32.6583549,46.6438222],[32.6543354,46.6437608],[32.644467,46.6382337],[32.6195098,46.6189142],[32.5893838,46.5923015],[32.5671217,46.5947857],[32.5587134,46.5967383],[32.5473853,46.5931728],[32.5390621,46.5914937],[32.5128926,46.5910264],[32.4828751,46.5741231],[32.4806505,46.5707888],[32.4721618,46.5687521],[32.4580101,46.5617576]]],[[[34.2248822,51.2652541],[34.23769284400086,51.26410924673445],[34.2307912,51.2654069],[34.2307825,51.2660422],[34.2311278,51.2669298],[34.2319169,51.2679905],[34.2325665,51.268372800000016],[34.2332202,51.2686742],[34.2338579,51.269135700000014],[34.2342959,51.2693918],[34.2343602,51.2695511],[34.2342444,51.26963230000001],[34.233759,51.26974230000001],[34.2318595,51.2706375],[34.2314578,51.2708522],[34.2311318,51.27119290000001],[34.2309307,51.2714804],[34.230847,51.2717631],[34.2308887125406,51.27190315438904],[34.2308093,51.27185],[34.2248822,51.2652541]]],[[[34.23465312136942,51.274422842713705],[34.2348826,51.2745104],[34.2362694,51.2747837],[34.2385455,51.2750874],[34.2399011,51.2752915],[34.2409856,51.27550880000001],[34.2432316,51.2758904],[34.244830842317455,51.2761032826536],[34.2355759,51.2750405],[34.23465312136942,51.274422842713705]]],[[[34.24562654161562,51.27619465603904],[34.2466792,51.2762442],[34.24693769786824,51.276221193154164],[34.246523,51.2762976],[34.24562654161562,51.27619465603904]]],[[[34.250372796347385,51.27558828650085],[34.251825,51.27520590000001],[34.2551586,51.2819222],[34.25454673278138,51.282069336152624],[34.2545272,51.2820675],[34.2508498,51.2755004],[34.250372796347385,51.27558828650085]]],[[[34.257056166101535,51.258097509847815],[34.2577662,51.2570133],[34.2603781014236,51.256640248141125],[34.257056166101535,51.258097509847815]]],[[[34.309967,51.334943],[34.31011415768011,51.33428449183132],[34.3109828,51.3335622],[34.3104585629999,51.33274333056646],[34.31072252045559,51.33156216122061],[34.3113384,51.3310234],[34.31360246798399,51.33052563028609],[34.309967,51.334943]]],[[[34.971929028843974,51.23256357709],[34.9789352,51.2327467],[34.982145974255765,51.23190944818102],[34.981925,51.2335415],[34.9794435,51.23505380000001],[34.9773406,51.2339211],[34.97535280000001,51.2336848],[34.9737047,51.2330074],[34.971929028843974,51.23256357709]]],[[[34.9948968659441,51.22858448466468],[34.9951246,51.2285251],[35.0016811,51.2299057],[35.005507,51.2318185],[35.00700917960749,51.231793737456265],[35.00533630000001,51.2319588],[35.0017982,51.2300349],[34.9948968659441,51.22858448466468]]],[[[35.01025,51.2160163],[35.0172008,51.2143397],[35.0310486,51.2152418],[35.031764714448855,51.21980896192907],[35.0291612,51.2196638],[35.0264643,51.2198216],[35.0230102,51.2210057],[35.0212555,51.2238713],[35.0154915,51.22676530000001],[35.013221646697055,51.22889841734727],[35.0138589,51.2276585],[35.01025,51.2160163]]],[[[35.010497318194844,51.23144956383757],[35.0105153225403,51.231441712545504],[35.0105081,51.2314485],[35.010497318194844,51.23144956383757]]],[[[35.0319613073689,51.21981992319242],[35.03306282315382,51.21946122112471],[35.0320416,51.2198244],[35.0319613073689,51.21981992319242]]],[[[35.0339596,51.2025426],[35.0379935,51.2028925],[35.0405674,51.1918195],[35.0586343,51.18681],[35.0841255,51.1827806],[35.0863009,51.1908052],[35.0952513,51.2057717],[35.1045739,51.2041988],[35.1122818,51.2131452],[35.1228372,51.2189155],[35.1394025,51.2174373],[35.13946511671332,51.21745908959485],[35.1394819,51.2175262],[35.1428897,51.2194629],[35.1484354,51.2207066],[35.14896691886254,51.2207655617519],[35.1502168,51.2212005],[35.150303,51.2233506],[35.15048208278797,51.22340866962603],[35.150481,51.2234332],[35.1199718,51.2309726],[35.1173238,51.22943280000001],[35.1138561,51.23077520000001],[35.10657123663413,51.232392363385934],[35.10540233950514,51.2326006711194],[35.084728,51.2299066],[35.0758303,51.2320706],[35.06931280000001,51.23051860000001],[35.0663239,51.2290479],[35.0651516,51.226530900000014],[35.0620622,51.2236288],[35.0614598,51.22217410000001],[35.0632207,51.2178191],[35.0621371,51.2155668],[35.056916,51.2128825],[35.0544039,51.21063],[35.0507589,51.208932800000014],[35.0478036,51.2084391],[35.0397748,51.2044273],[35.03817165386121,51.21555176556205],[35.03838,51.2059841],[35.0341956,51.2052314],[35.0339596,51.2025426]]],[[[35.28696043704958,51.06751233434263],[35.3096281,51.0581597],[35.336667223022125,51.06713969296016],[35.3274411,51.0706474],[35.32716469971595,51.07132877669135],[35.3103165,51.0757482],[35.30455509923897,51.07441463073812],[35.304276,51.0740536],[35.3024474,51.07409],[35.3013114,51.0734191],[35.3013055,51.0726818],[35.3015023,51.0723445],[35.3011265,51.0717936],[35.2996234,51.0721646],[35.2981715,51.072139],[35.2984065,51.0706129],[35.2972372,51.0699438],[35.2950424,51.0692748],[35.291714,51.069421],[35.2884392,51.0692756],[35.2879024,51.06819530000001],[35.28696043704958,51.06751233434263]]],[[[35.30481823344087,51.076403847209846],[35.30497183517422,51.07624799816012],[35.304995,51.0762875],[35.30481823344087,51.076403847209846]]],[[[35.3370097,47.5409137],[35.3415297,47.536044],[35.3482117,47.537082],[35.3582509,47.5367048],[35.3659289,47.5351931],[35.3649692,47.5318681],[35.376455,47.5246886],[35.3760556,47.5202236],[35.3841959,47.5154398],[35.4143695,47.5164307],[35.4169025,47.5088946],[35.4226959,47.5058198],[35.4312031,47.5059976],[35.43765,47.5035079],[35.4456078,47.5039494],[35.454356,47.4999972],[35.471171,47.4965074],[35.4882243,47.5019664],[35.4869806,47.5111117],[35.4988711,47.5108643],[35.5094445,47.5069227],[35.5152972,47.512315],[35.539021,47.519038],[35.5479326,47.52628],[35.5672797,47.5284839],[35.592551,47.519323],[35.6131342,47.5043006],[35.6161569,47.5043081],[35.6165026,47.5062368],[35.6211815,47.507665],[35.6236289,47.5058463],[35.6369349,47.5109636],[35.6408407,47.5074928],[35.6329032,47.502978],[35.6346285,47.5004876],[35.654663,47.500962],[35.6704842,47.5022091],[35.6870634,47.5097609],[35.6995239,47.506848],[35.7115039,47.505541],[35.7185298,47.4947885],[35.731603,47.4907137],[35.7463914,47.4898851],[35.7451416,47.4868222],[35.7822566,47.4856684],[35.7906815,47.4808849],[35.7993754,47.4735194],[35.8028043,47.4681927],[35.8019409,47.4585724],[35.8194384,47.4583628],[35.8464078,47.4554322],[35.8490339,47.4593942],[35.8554209,47.4617802],[35.8957318,47.4634724],[35.8961111,47.4659602],[35.9116146,47.4689173],[35.9214927,47.4752318],[35.9232632,47.4847921],[35.941736,47.4854486],[35.9419428,47.4925534],[35.9614617,47.4899143],[35.9680573,47.5067029],[35.971276,47.5100656],[35.9646424,47.5095292],[35.9629258,47.5019339],[35.9603509,47.4995564],[35.9519395,47.4946853],[35.9304818,47.4936414],[35.9144216,47.487795],[35.8984847,47.4803564],[35.8899481,47.4657014],[35.857582,47.4687007],[35.8524936,47.4640407],[35.8343391,47.4580962],[35.8243292,47.4593076],[35.8149894,47.4616972],[35.8061052,47.4604138],[35.809198,47.4696987],[35.799415,47.4802599],[35.7974832,47.4911933],[35.776928,47.4909312],[35.7408983,47.4922049],[35.7373387,47.5030481],[35.7200416,47.515514],[35.682358,47.510877],[35.665363,47.503572],[35.656037,47.504789],[35.6501519,47.5122452],[35.6322479,47.5166856],[35.6101721,47.5121134],[35.595024,47.523373],[35.5962256,47.5408747],[35.5491596,47.5401354],[35.51,47.528718],[35.479216,47.526399],[35.4769521,47.5118862],[35.4745488,47.5044651],[35.4611598,47.5021141],[35.4523631,47.5066031],[35.4376853,47.5059948],[35.4203698,47.5093643],[35.4197045,47.5197047],[35.4035681,47.5268044],[35.3840963,47.5244061],[35.3815692,47.5329139],[35.3835052,47.5369014],[35.3663791,47.5402301],[35.3445063,47.5433207],[35.3370097,47.5409137]]],[[[35.971276,47.5100656],[35.9951705,47.5126051],[36.018983,47.5113156],[36.020784,47.515904],[36.0300099,47.5222894],[36.0316841,47.5261243],[36.0671355,47.5262561],[36.0737337,47.5329318],[36.08291,47.551831],[36.087362,47.573854],[36.105724,47.578503],[36.116706,47.57794],[36.128116,47.574827],[36.2046516,47.5821304],[36.2105165,47.5771254],[36.2133627,47.5766493],[36.2243629,47.5780835],[36.2225744,47.587526],[36.2707665,47.5950414],[36.310331,47.6057183],[36.338205,47.618398],[36.3408192,47.6266576],[36.3460583,47.6330359],[36.3426187,47.6377224],[36.3499941,47.6407896],[36.367813,47.628263],[36.373645,47.629057],[36.3727825,47.6327431],[36.3767226,47.6351407],[36.3860706,47.6361207],[36.3852517,47.6403692],[36.3861042,47.6411535],[36.4030818,47.6436789],[36.4170491,47.6378498],[36.4832921,47.6428385],[36.5076589,47.6544507],[36.521186,47.668959],[36.503716,47.670158],[36.479327,47.662613],[36.4633978,47.659759],[36.402282,47.655905],[36.400261,47.653332],[36.389356,47.650495],[36.381899,47.650402],[36.3776487,47.6475815],[36.3746859,47.6484036],[36.3511757,47.6452376],[36.3386572,47.6458199],[36.3204841,47.621824],[36.2960259,47.6107683],[36.2969298,47.6049792],[36.2629409,47.597687],[36.215025,47.593004],[36.170908,47.586057],[36.136919,47.581889],[36.12722,47.58461],[36.099497,47.58212],[36.092287,47.579804],[36.081698,47.578255],[36.06539,47.558671],[36.057075,47.5371146],[36.034005,47.532602],[36.021299,47.526801],[36.0121027,47.5208137],[35.9952883,47.5223963],[35.9784414,47.5161662],[35.9730967,47.5129497],[35.971276,47.5100656]]],[[[36.378424678650106,50.29267412557575],[36.3842349,50.275896],[36.391696,50.2641701],[36.4006552,50.2534037],[36.4056021,50.2534582],[36.4280554,50.2471106],[36.4374524,50.2449146],[36.431914,50.2390399],[36.4278374,50.2315433],[36.4350944,50.2283272],[36.4463301,50.233357],[36.4592085,50.2312084],[36.4628905,50.2321417],[36.4664441,50.230549],[36.4647154,50.229073],[36.458867,50.2283656],[36.4590143,50.2225581],[36.4756301,50.216064],[36.4819444,50.2149511],[36.4933695,50.2104981],[36.5182004,50.2235914],[36.5309189,50.2335545],[36.5347766,50.2351306],[36.5403378,50.2349938],[36.5695253,50.2300514],[36.5784346,50.2244349],[36.5882007,50.2218926],[36.613489,50.223726],[36.6043613,50.2267398],[36.60363126087751,50.22714686439229],[36.59683,50.22932],[36.59759523503795,50.22982891844757],[36.5952204,50.2298559],[36.5905641,50.227536],[36.5873883,50.2277145],[36.5846418,50.2300206],[36.586776,50.2351401],[36.585161247409204,50.23596385008061],[36.58413,50.23636],[36.58317044867646,50.236979436385234],[36.5780335,50.2396],[36.5764063,50.2415758],[36.57513743019685,50.24209759847585],[36.57194,50.2434],[36.57124415085721,50.24369863525712],[36.5691994,50.2445395],[36.5328009,50.2424247],[36.5053965,50.2386766],[36.485493,50.2422065],[36.4655829,50.2370277],[36.4620648,50.2341678],[36.4503072,50.2354798],[36.4439571,50.2400796],[36.4484309,50.2442774],[36.4439846,50.2483374],[36.4232993,50.2539903],[36.4183642,50.2568714],[36.415918,50.2597248],[36.4053581,50.2611313],[36.3893847,50.27628],[36.37869112512542,50.29277189731078],[36.378424678650106,50.29267412557575]]],[[[36.5640644,47.7295625],[36.5738421,47.7175424],[36.5811244,47.7198943],[36.5779377,47.7359256],[36.5852542,47.74822],[36.593688,47.7513358],[36.5912836,47.7618547],[36.6038158,47.7642894],[36.6088594,47.7834382],[36.6208578,47.7843013],[36.6285169,47.777943],[36.665946,47.7803767],[36.6915537,47.7902188],[36.6907329,47.7967126],[36.7027215,47.7995928],[36.6984346,47.8245607],[36.7029639,47.8338345],[36.7010427,47.8428942],[36.7310792,47.848147],[36.7306585,47.8507308],[36.7488604,47.8585502],[36.7523188,47.8638787],[36.7487636,47.8699463],[36.7311807,47.8683256],[36.7155228,47.8680331],[36.7164484,47.8690386],[36.7237777,47.8703474],[36.72458,47.8736684],[36.7277997,47.8767635],[36.7491403,47.8785589],[36.7479253,47.8832298],[36.7427619,47.887958],[36.7422682,47.889887],[36.7576564,47.8925922],[36.7661666,47.8957253],[36.7643722,47.9088066],[36.7811984,47.911057],[36.787746,47.9074858],[36.7982294,47.9063482],[36.8002426,47.9097364],[36.7999056,47.9183455],[36.8006816,47.9209242],[36.8065628,47.9213507],[36.8096973,47.9182682],[36.8139171,47.9179696],[36.8273563,47.9121313],[36.8320697,47.9016138],[36.8540275,47.8989324],[36.8549457,47.8942337],[36.8778214,47.892893],[36.8904299,47.9089562],[36.9162051,47.9108163],[36.9233783,47.9240148],[36.9715877,47.9218886],[36.9830793,47.9312261],[36.9859135,47.9408473],[37.0069348,47.9389794],[37.0073989,47.9368534],[37.0161025,47.9365672],[37.0235317,47.9381781],[37.0499384,47.9394975],[37.0523045,47.9593053],[37.06111,47.9710658],[37.0617606,47.9837382],[37.0491065,47.9891854],[37.0422793,47.9912661],[37.0435472,47.9935756],[37.0495419,47.9959888],[37.0624682,47.9966756],[37.0640485,47.9987754],[37.0790104,48.0014152],[37.0909733,48.0034259],[37.094593,48.0119654],[37.0859469,48.0128235],[37.0819048,48.0183582],[37.0756431,48.0184618],[37.0759776,48.0176489],[37.0715057,48.0179841],[37.0694538,48.0142729],[37.064964,48.015118],[37.0650841,48.0164006],[37.0614276,48.0176258],[37.0588006,48.016989],[37.0591778,48.018218],[37.0565416,48.0192121],[37.0530823,48.0170444],[37.0479307,48.0189131],[37.0498922,48.0210707],[37.0594296,48.0195209],[37.0619742,48.0200037],[37.0630104,48.0215081],[37.0703177,48.0218028],[37.0778278,48.0264956],[37.0805315,48.0272706],[37.0731071,48.0302841],[37.065082,48.0304133],[37.0493443,48.0292025],[37.0377824,48.0263873],[37.0408849,48.0214349],[37.0350611,48.0204435],[37.0321444,48.0209458],[37.0310919,48.0262379],[37.0184595,48.0251141],[37.0182015,48.0268103],[37.0276417,48.0311791],[37.0422289,48.0339034],[37.0668814,48.0351259],[37.0678817,48.0328083],[37.0814106,48.0336961],[37.0841014,48.0362444],[37.0841612,48.0383564],[37.0928639,48.0390223],[37.0908709,48.0586023],[37.0798967,48.0612364],[37.0787191,48.0654147],[37.1031157,48.0659706],[37.0969467,48.0869795],[37.0521838,48.083187],[37.0442373,48.093966],[37.0299378,48.0931995],[37.0278088,48.098638],[37.022661,48.1002629],[37.0134022,48.0987678],[37.0043738,48.1044685],[36.9869052,48.1025088],[36.9865926,48.1004491],[36.9846708,48.1004385],[36.9835305,48.1059772],[36.9852413,48.1063649],[36.9864311,48.1046328],[37.0045373,48.1062013],[37.0089925,48.1084496],[37.0065329,48.1128017],[37.0070493,48.1217207],[37.0043519,48.1290917],[36.9786956,48.1262336],[36.9779511,48.1290914],[37.0007891,48.1312094],[37.0000235,48.1379098],[37.0073331,48.1375629],[37.0091055,48.1413012],[37.0123936,48.1434518],[37.0288139,48.1412495],[37.0254757,48.1751975],[37.0320022,48.1777619],[37.0277326,48.196448],[37.0290076,48.1979701],[37.0283086,48.2039828],[37.0290989,48.2075414],[37.0263875,48.2125844],[37.0221267,48.2129488],[37.0186683,48.2220854],[36.9933141,48.2208493],[36.9931941,48.2221279],[37.0058223,48.2372645],[37.0076247,48.2382363],[37.0075369,48.2405024],[37.0152528,48.2431417],[37.0191496,48.2454951],[37.0331575,48.2461208],[37.0377389,48.2472699],[37.0404211,48.246768],[37.0462899,48.2494034],[37.0494001,48.2498003],[37.0616639,48.2562165],[37.0596296,48.2641376],[37.0726105,48.2649967],[37.0784632,48.26085],[37.0790073,48.2587337],[37.0693383,48.2524457],[37.0743816,48.2487863],[37.0828572,48.2475839],[37.0886819,48.2535761],[37.1006879,48.2566525],[37.1041727,48.2547211],[37.0983025,48.2490751],[37.1005062,48.2478247],[37.1112929,48.2490887],[37.1140974,48.2475234],[37.104027,48.2385843],[37.1033483,48.2333239],[37.1052446,48.231265],[37.1222536,48.2319533],[37.118949,48.2358256],[37.1234561,48.2377877],[37.134074,48.2327741],[37.1377816,48.226759],[37.1449157,48.2262748],[37.1462131,48.2231887],[37.1557943,48.2259559],[37.1591744,48.2254271],[37.1712075,48.226478],[37.1748204,48.224716],[37.1820382,48.218837],[37.1863602,48.2177387],[37.2075265,48.2163793],[37.211254,48.2139266],[37.2169373,48.2148984],[37.2165973,48.2167605],[37.219801,48.2174493],[37.2197914,48.2166919],[37.2174262,48.2164062],[37.2177861,48.2149981],[37.2221076,48.2103866],[37.2316071,48.2109691],[37.2363859,48.213725],[37.2508465,48.2115223],[37.2594774,48.2159288],[37.2771002,48.2154686],[37.2796179,48.2212416],[37.2857036,48.2206925],[37.3026646,48.2239285],[37.3063171,48.2300567],[37.3049113,48.2313626],[37.3061234,48.2322111],[37.3082838,48.230975],[37.3091993,48.2316827],[37.3082945,48.2349453],[37.3133549,48.2363496],[37.3120319,48.2453175],[37.3163862,48.2467503],[37.3153442,48.2502959],[37.3173921,48.2524698],[37.3172581,48.253964],[37.3229129,48.2543519],[37.3251098,48.2527453],[37.3299331,48.2532472],[37.3315209,48.2575905],[37.3360486,48.2573047],[37.3404044,48.2538758],[37.3470471,48.2584789],[37.3531066,48.258296],[37.3661341,48.262948],[37.3734146,48.2636904],[37.3838713,48.2660899],[37.3937056,48.2659467],[37.401306,48.2733991],[37.4016367,48.2754269],[37.4126114,48.2815673],[37.4197822,48.2823961],[37.4212214,48.2886363],[37.4477497,48.2856495],[37.4553543,48.2868793],[37.4608985,48.2850247],[37.475903,48.2879191],[37.4797539,48.294703],[37.4837721,48.2968265],[37.4839072,48.3138284],[37.4788067,48.3133602],[37.4772004,48.3155236],[37.4824515,48.3200952],[37.477941,48.3237533],[37.473472,48.3251309],[37.4705477,48.3276497],[37.4752563,48.3289209],[37.4786955,48.3272229],[37.4846183,48.3229767],[37.4911406,48.3166185],[37.4960792,48.3182445],[37.4948776,48.3204134],[37.5207877,48.3313762],[37.5315345,48.3249982],[37.5536195,48.3147515],[37.5681264,48.3284843],[37.5735573,48.3278464],[37.5774744,48.3304376],[37.5797608,48.3293767],[37.5821251,48.3243909],[37.5785577,48.3203934],[37.578493,48.3042877],[37.5713905,48.2969714],[37.5992533,48.2856924],[37.6028704,48.2880469],[37.6062298,48.2883881],[37.6175286,48.2865592],[37.6158136,48.2766628],[37.6327003,48.2740225],[37.6329988,48.2704582],[37.643657,48.273901],[37.6583772,48.2722153],[37.6706937,48.2718296],[37.690753,48.2645265],[37.7096093,48.2658049],[37.7348512,48.2662726],[37.735645,48.2642152],[37.7232417,48.2541568],[37.7263291,48.2458096],[37.7395,48.2464744],[37.7436043403875,48.248639038450015],[37.748791,48.251375],[37.754649,48.256303],[37.760959,48.257595],[37.7640276,48.2629127],[37.7701003,48.2668012],[37.7818166,48.2663306],[37.788929,48.27134],[37.8090843,48.2727003],[37.8053483,48.2961362],[37.7935612,48.2955236],[37.7887635,48.2991548],[37.7884667,48.3048727],[37.7967536,48.3120743],[37.794666,48.327944],[37.7886663,48.3321821],[37.7908126,48.3423455],[37.7842125,48.3443855],[37.7831052,48.3479085],[37.799766,48.3485667],[37.8043922,48.3394407],[37.8091859,48.3400242],[37.8221541,48.3490654],[37.8157144,48.3592468],[37.8212606,48.3617706],[37.8301972,48.3621841],[37.8385432,48.3531159],[37.8511228,48.3508618],[37.8521984,48.3489622],[37.8599687,48.3490018],[37.8705267,48.3543096],[37.851891,48.3646574],[37.8462977,48.3705559],[37.838901,48.372225],[37.8402833,48.3740261],[37.8384685,48.3754707],[37.8399705,48.3774234],[37.8395883,48.3805444],[37.8420215,48.3803306],[37.8422271,48.3824397],[37.8316988,48.3831842],[37.8319421,48.3872347],[37.8252607,48.3904458],[37.8262082,48.3962639],[37.8172394,48.3996054],[37.8206942,48.4023303],[37.8194075,48.4042513],[37.8170475,48.4035594],[37.8162324,48.404007],[37.8176071,48.4046581],[37.8178793,48.4069674],[37.8164017,48.4094341],[37.8172079,48.4097701],[37.8187497,48.4067495],[37.82225,48.4038636],[37.8246148,48.4046356],[37.8229712,48.4033544],[37.8243208,48.4016361],[37.8339795,48.3962687],[37.8398654,48.388983],[37.8434259,48.3891943],[37.8454919,48.3919368],[37.8380918,48.395673],[37.8382033,48.3966151],[37.8324353,48.3998083],[37.834246,48.4010086],[37.8319329,48.4024706],[37.8295769,48.4058984],[37.8316811,48.4068302],[37.8344928,48.4055297],[37.8362256,48.4077258],[37.8373066,48.4073709],[37.8361734,48.4054272],[37.8418797,48.4040556],[37.846601,48.407981],[37.8494658,48.4065019],[37.85138,48.4065015],[37.8494747,48.4056038],[37.84678,48.4064578],[37.8456571,48.4053726],[37.8474881,48.4045982],[37.8426252,48.4002973],[37.8447731,48.3996107],[37.84685,48.3974974],[37.850139,48.3987141],[37.8520685,48.3981251],[37.8549836,48.3985512],[37.8553224,48.4007447],[37.8580756,48.4030261],[37.8617484,48.4024519],[37.866623,48.3999402],[37.8683863,48.4006494],[37.8744667,48.3997357],[37.886192,48.4010281],[37.8901821,48.4018788],[37.8919066,48.4070316],[37.9001258,48.4080151],[37.9027746,48.4113302],[37.9084863,48.4098805],[37.909132,48.4105799],[37.9111501,48.4100892],[37.9120523,48.4108804],[37.928969,48.414874],[37.931641,48.418412],[37.94110767016544,48.41964095718108],[37.9397575,48.4222287],[37.9407248,48.4240612],[37.951222,48.42725],[37.952923,48.429599],[37.940228,48.449226],[37.940427,48.452091],[37.956943,48.458893],[37.956586,48.460819],[37.9444342,48.4778618],[37.9410757,48.4866748],[37.9502938,48.4889329],[37.9505746,48.4945111],[37.9382367,48.4984033],[37.9361822,48.5131335],[37.9188495,48.5172863],[37.9143486,48.5289861],[37.8892734,48.5379419],[37.8794223,48.5374031],[37.865217,48.5430908],[37.8646376,48.5471554],[37.8570198,48.5472424],[37.8583943,48.5545789],[37.8532328,48.5554899],[37.8545943,48.5684716],[37.8487066,48.5752082],[37.8370608,48.5823265],[37.8365728,48.5847599],[37.8385736,48.5881642],[37.8279529,48.5945309],[37.8086354,48.5921262],[37.8085588,48.5936042],[37.813675,48.5953943],[37.8133931,48.5976688],[37.8169431,48.5997278],[37.8244724,48.6007811],[37.8386755,48.6053626],[37.8435921,48.6079352],[37.8410562,48.6132006],[37.8438657,48.6183991],[37.8468251,48.6191209],[37.8459177,48.6275963],[37.83477,48.6317756],[37.835466,48.6359546],[37.8456999,48.6360879],[37.8499208,48.6478501],[37.8652311,48.6459388],[37.8697595,48.6516372],[37.8856742,48.6543223],[37.88663379972999,48.655362833693346],[37.894048,48.663403],[37.8889641,48.6716469],[37.8832782,48.6752424],[37.8871049,48.6785062],[37.9012812,48.6790533],[37.91108688549471,48.68340244921308],[37.91099953017241,48.683745150862066],[37.9107748,48.6846255],[37.915522,48.688725],[37.910438,48.690366],[37.909116,48.690306],[37.908195,48.686898],[37.900065,48.681508],[37.8963358,48.6824112],[37.8896509,48.6818103],[37.8786754,48.6772507],[37.877822,48.659992],[37.86897,48.6544741],[37.8534391,48.6555083],[37.8467518,48.6523515],[37.8393228,48.6460044],[37.8424624,48.6392712],[37.8320848,48.6377256],[37.8318783,48.6304122],[37.8417554,48.623297],[37.8409802,48.6190862],[37.833382,48.6114147],[37.8226922,48.6032184],[37.8126172,48.6030737],[37.8025173,48.5990895],[37.8002708,48.5968648],[37.8032173,48.5911488],[37.80758,48.5914219],[37.8091743,48.5893032],[37.8087945,48.5866168],[37.8137145,48.5863857],[37.8147155,48.5889669],[37.8187637,48.5910371],[37.824816,48.5894655],[37.829459,48.5868604],[37.830111,48.584823],[37.8280162,48.5779306],[37.833154,48.5761839],[37.8421269,48.5700187],[37.8406778,48.5632934],[37.8418185,48.5610503],[37.848623,48.5563632],[37.8543687,48.5481179],[37.8517024,48.5446444],[37.861441,48.5370832],[37.8664435,48.5349264],[37.8685273,48.5302687],[37.8750156,48.5258687],[37.8821902,48.5277209],[37.8866199,48.5240447],[37.8904299,48.5272662],[37.898667,48.5285294],[37.9219049,48.5031274],[37.9101454,48.4939971],[37.942738,48.474903],[37.946801,48.471616],[37.954296,48.46046],[37.952493,48.458753],[37.943309,48.455338],[37.93773,48.451922],[37.941121,48.444493],[37.9361,48.443724],[37.945943,48.433007],[37.942886,48.427554],[37.937377,48.424757],[37.935931,48.422724],[37.931096,48.422002],[37.926796,48.418272],[37.9189695,48.4152467],[37.9112326,48.4139511],[37.9096786,48.4126529],[37.9016445,48.4137189],[37.8982825,48.4094942],[37.8874098,48.4118782],[37.8815955,48.4141689],[37.8717272,48.4130134],[37.8594126,48.4074694],[37.8583833,48.4106021],[37.8549162,48.412264],[37.850975,48.4086261],[37.8463141,48.4106719],[37.8446445,48.4090058],[37.8400467,48.4106298],[37.8298449,48.4077844],[37.8242471,48.4076736],[37.8148631,48.412835],[37.8126817,48.4115815],[37.8110798,48.4067955],[37.8079337,48.4053134],[37.8121555,48.4018079],[37.8161628,48.396507],[37.8202748,48.3948389],[37.8224121,48.3910622],[37.8300064,48.3847456],[37.829583,48.3801904],[37.8346528,48.3779437],[37.8373755,48.3753412],[37.8335534,48.3723821],[37.8440785,48.3697809],[37.8442773,48.3623851],[37.8345643,48.3612049],[37.8321358,48.3657519],[37.820669,48.3684588],[37.8107301,48.3666474],[37.8083449,48.3613624],[37.808128,48.3544206],[37.7975481,48.3581073],[37.7843076,48.3578587],[37.7779254,48.3484763],[37.7821437,48.339863],[37.7825641,48.3323548],[37.7873188,48.3274426],[37.7883812,48.3133718],[37.7822653,48.3030645],[37.7828736,48.2995304],[37.7771696,48.2953653],[37.7782229,48.2926118],[37.7891465,48.2918282],[37.795684,48.2902417],[37.7971712,48.2858684],[37.7892231,48.2853129],[37.787378,48.275175],[37.765062,48.266919],[37.7434767,48.2628437],[37.7355694,48.2721797],[37.6983365,48.2703899],[37.6844546,48.2743631],[37.6715057,48.2803568],[37.6661652,48.2815052],[37.6616831,48.2797974],[37.6504878,48.281808],[37.6317741,48.2819409],[37.625184,48.2844445],[37.6228636,48.2891244],[37.6120913,48.28957],[37.6092537,48.2961785],[37.6053857,48.2977619],[37.5919011,48.3066394],[37.5917614,48.3154426],[37.5880897,48.327145],[37.5760926,48.3344525],[37.5566036,48.3354382],[37.5391753,48.3406529],[37.5250391,48.3330636],[37.5179411,48.3349455],[37.51753,48.3391923],[37.5139432,48.3410426],[37.5157546,48.3442355],[37.5094052,48.3452335],[37.5045151,48.3442346],[37.5065396,48.3398229],[37.500231,48.3360287],[37.4846187,48.3292478],[37.4815731,48.3326864],[37.4796765,48.3301217],[37.4776085,48.3289549],[37.4739996,48.3303688],[37.4671719,48.3298424],[37.4649835,48.3274675],[37.4719356,48.3156196],[37.4804114,48.310351],[37.4767045,48.3007877],[37.4759815,48.2943584],[37.4714522,48.2934699],[37.4698773,48.2887178],[37.4606803,48.2884932],[37.4511406,48.2899237],[37.4358799,48.2937671],[37.4340135,48.2965464],[37.426997,48.2970414],[37.4201743,48.2917497],[37.3974816,48.2858368],[37.3907535,48.2757536],[37.3927986,48.2716674],[37.38831,48.2672103],[37.3839798,48.2680743],[37.3795187,48.2664922],[37.373994,48.2668953],[37.3596958,48.2641514],[37.3446715,48.26334],[37.333939,48.2667285],[37.327974,48.2640519],[37.3249487,48.2640565],[37.3244125,48.2592898],[37.3165163,48.2586657],[37.311796,48.2565843],[37.310466,48.249907],[37.3062859,48.2421065],[37.2955205,48.2406864],[37.294798,48.235893],[37.2835247,48.2282201],[37.2693549,48.2262592],[37.2788524,48.2243319],[37.2716196,48.2178469],[37.2602446,48.2191733],[37.2407415,48.2178423],[37.2302469,48.2129226],[37.2253744,48.2125209],[37.2222234,48.2194848],[37.2133801,48.2183055],[37.1994661,48.2177343],[37.1883348,48.2208947],[37.183158,48.2233077],[37.1846876,48.2283582],[37.1814111,48.2328367],[37.1678192,48.2285289],[37.1587112,48.2348918],[37.1437032,48.2355993],[37.1398721,48.2341389],[37.1212903,48.2390683],[37.1134427,48.2334891],[37.109335,48.2342643],[37.1098855,48.2359175],[37.10685,48.2375501],[37.1102307,48.2412978],[37.1165303,48.2452739],[37.1144925,48.2498234],[37.1022878,48.2600197],[37.082872,48.2585617],[37.077976,48.2691956],[37.0599151,48.2683711],[37.0556588,48.2674222],[37.0589811,48.2565337],[37.0485333,48.2507689],[37.0458642,48.251185],[37.0408521,48.249704],[37.0344068,48.2501624],[37.027789,48.2558212],[37.0176428,48.2551937],[37.0182618,48.2484579],[37.0087618,48.2471187],[37.0068166,48.2429373],[36.9953446,48.2390693],[36.9880354,48.2349155],[36.9905116,48.2179542],[37.0130791,48.2091242],[37.0215167,48.2097098],[37.0239248,48.208963],[37.025986,48.1995375],[37.0239585,48.1990475],[37.0241249,48.1983162],[37.0262654,48.1983859],[37.0267594,48.1974917],[37.0217839,48.1967754],[37.0220801,48.1944991],[37.0181241,48.1777458],[37.0190645,48.1619357],[37.0110533,48.1474722],[37.0086408,48.1453241],[37.0030573,48.1457819],[37.0012957,48.1402549],[36.9886776,48.1402975],[36.9861458,48.1377988],[36.9675417,48.133657],[36.9646766,48.1274619],[36.9652518,48.1207288],[36.9725131,48.1183218],[36.9826927,48.1180348],[36.9859287,48.1218727],[36.990289,48.1223235],[36.9932823,48.1112764],[36.9797352,48.1074762],[36.9797555,48.1026397],[36.9899443,48.0897619],[36.9984171,48.0905347],[37.0035009,48.0987318],[37.0105624,48.0973779],[37.0179103,48.0971775],[37.0234954,48.093443],[37.0266942,48.0888834],[37.0320157,48.0870789],[37.0385695,48.0819418],[37.060105,48.080344],[37.0692454,48.0766544],[37.0710908,48.0682545],[37.0691609,48.0619181],[37.0603929,48.0559454],[37.0289135,48.0533418],[37.0312431,48.0377749],[37.0232731,48.0352333],[37.0181408,48.0319846],[37.0141633,48.0437303],[37.0112145,48.0428515],[37.0154336,48.0269629],[37.0057839,48.0260211],[36.9841363,48.0220773],[36.9864013,48.0195322],[37.0020388,48.0202114],[37.0157895,48.0218073],[37.0249564,48.0239515],[37.0293593,48.0231679],[37.025833,48.0200566],[37.0263403,48.0165002],[37.0428122,48.0173355],[37.0520213,48.0145747],[37.0463589,48.0100338],[37.0446594,48.0061],[37.0460495,48.0048077],[37.0375861,47.996278],[37.0329424,47.9930891],[37.0416877,47.9886078],[37.0437121,47.9782642],[37.0391057,47.9614729],[37.0381051,47.9425727],[37.0127132,47.9466355],[36.9866284,47.9550619],[36.9806465,47.9463936],[36.9731397,47.93124],[36.9492149,47.9255733],[36.9140195,47.9316314],[36.8965944,47.927875],[36.8833539,47.9139386],[36.8437186,47.9161308],[36.8228282,47.9240353],[36.8085073,47.9255809],[36.7987354,47.9249414],[36.7927273,47.9218067],[36.787041,47.9116822],[36.7794865,47.9167736],[36.7698713,47.9163419],[36.7605149,47.9239055],[36.7579823,47.9227404],[36.7563083,47.9172037],[36.7505574,47.9129742],[36.7540766,47.8972383],[36.7332468,47.8937942],[36.7290361,47.8906663],[36.7157729,47.8890739],[36.7176825,47.8794705],[36.7148712,47.8759693],[36.6990557,47.8771356],[36.7011906,47.8724222],[36.7074448,47.8704722],[36.711005,47.8680266],[36.7015195,47.8620111],[36.7040511,47.8548438],[36.699587,47.8511668],[36.6910524,47.8475473],[36.6842982,47.8480269],[36.6763288,47.8436297],[36.6810624,47.8375037],[36.678371,47.820935],[36.689319,47.814797],[36.6954627,47.8153445],[36.6948674,47.8078207],[36.691653,47.8023681],[36.6840166,47.79705],[36.6671977,47.7885971],[36.6363861,47.7819532],[36.632182,47.7837641],[36.6219692,47.7860359],[36.61098,47.785981],[36.5938222,47.7832622],[36.5947481,47.767277],[36.5811184,47.7636456],[36.5808806,47.7505515],[36.568057,47.7392387],[36.5640644,47.7295625]]],[[[36.7040349,50.2642144],[36.7429696,50.2569608],[36.7610822,50.2443255],[36.7771282,50.2384938],[36.8030396,50.2420508],[36.8294713,50.2446146],[36.8359896,50.2519551],[36.8399358,50.2548568],[36.8458556,50.2561398],[36.8492041,50.258367],[36.8525124,50.2574946],[36.8642492,50.2571124],[36.8671463,50.2618427],[36.8659885,50.2697118],[36.907789,50.2888356],[36.9221278,50.2916647],[36.9326905,50.2859547],[36.9388496,50.2875526],[36.9383463,50.2891876],[36.9407711,50.2896264],[36.9398772,50.2931682],[36.9422101,50.2938865],[36.9449416,50.2934176],[36.9496715,50.2951256],[36.9507616,50.2937842],[36.9727022,50.3011069],[36.9771347,50.3057983],[36.9809117,50.3068009],[36.9863623,50.3054244],[37.0035289,50.309502],[37.011352,50.3072763],[37.0159133,50.3075718],[37.0181707,50.313151],[37.0326546,50.3206877],[37.0191703,50.3330588],[37.03785907185391,50.348576705024975],[37.03770070300252,50.34866266776067],[37.0137259,50.3486323],[37.0064244,50.3332825],[37.0166478,50.3342198],[37.0140277,50.3218578],[37.0167508,50.3141956],[37.0124104,50.3098545],[37.0097012,50.3093503],[37.0021369,50.3128909],[36.9915809,50.3080833],[36.9871195,50.3080991],[36.9786677,50.3096491],[36.9739926,50.306923],[36.9576398,50.3045128],[36.9539485,50.3011995],[36.9488415,50.3037899],[36.9453224,50.3024947],[36.946095,50.2999385],[36.9344647,50.2978139],[36.9365893,50.2926732],[36.9352803,50.2923167],[36.9354734,50.2914667],[36.9279417,50.2901511],[36.9223413,50.2941403],[36.9212469,50.2976632],[36.9156678,50.2978277],[36.896141,50.2928395],[36.8776878,50.3002948],[36.8526253,50.2930574],[36.8477329,50.2846122],[36.8589338,50.2732857],[36.8542986,50.2663323],[36.8442995,50.2642334],[36.8377765,50.2613528],[36.8376054,50.2588282],[36.8234212,50.2499793],[36.822328804600936,50.24984568781801],[36.8218329,50.2495541],[36.7892518,50.2458],[36.7722271,50.2552691],[36.7397726,50.2656587],[36.7271229,50.2677935],[36.72017438864308,50.27738],[36.72002865637751,50.27738],[36.717416334556134,50.275697067644906],[36.71717,50.2755],[36.71339,50.27309],[36.71327144677909,50.273026812513564],[36.710503,50.2712433],[36.706421601682486,50.269375924829475],[36.70566,50.26897],[36.70412,50.26451],[36.704117605309655,50.26450963695657],[36.7040349,50.2642144]]],[[[37.6032632,49.77932],[37.617792,49.7732358],[37.6236807,49.7681419],[37.6435668,49.7738566],[37.6484152,49.7741222],[37.6609919,49.7738399],[37.6604856,49.7674419],[37.6639418,49.7658379],[37.6713905,49.7640217],[37.681058,49.7589944],[37.687694,49.7596409],[37.6958754,49.7630042],[37.7043526,49.7638435],[37.7118262,49.7589004],[37.7241157,49.7536881],[37.7369821,49.7517832],[37.7481289,49.7415585],[37.7533112,49.739708],[37.7798292,49.7407075],[37.7912176,49.7338594],[37.8054375,49.7333897],[37.8192415,49.7313683],[37.832014,49.727792],[37.8337147,49.7229915],[37.8434828,49.7167477],[37.8558069,49.7156908],[37.8666756,49.7115492],[37.8708199,49.705691],[37.883384,49.7010812],[37.8925137,49.7017463],[37.8976079,49.7000218],[37.8982383,49.6943006],[37.887755,49.6853881],[37.8692958,49.68071],[37.8668457,49.6777225],[37.8648912,49.6703134],[37.8729782,49.6678479],[37.8796268,49.6520466],[37.8789488,49.6496295],[37.8611906,49.6491852],[37.8601846,49.6472402],[37.8511838,49.6444891],[37.8534272,49.6412378],[37.851829,49.629752],[37.8380797,49.6167709],[37.8311933,49.6132819],[37.7917808,49.6110575],[37.7761283,49.6050846],[37.7827096,49.5970435],[37.7701428,49.5738011],[37.7609175,49.5719694],[37.7393963,49.5723056],[37.7231842,49.5659659],[37.7132141,49.5637709],[37.7077916,49.5609632],[37.7014653,49.5598606],[37.6990326,49.5568593],[37.6925564,49.5420229],[37.6905302,49.5267544],[37.6937224,49.5129053],[37.6904266,49.5010743],[37.6965882,49.4983353],[37.7105618,49.5069669],[37.71964,49.5074012],[37.7234738,49.4929681],[37.7444688,49.4883453],[37.7687791,49.5012851],[37.7999317,49.4938938],[37.7860586,49.4823753],[37.7636078,49.4801148],[37.7566682,49.4612423],[37.7692962,49.4495102],[37.7638324,49.4356537],[37.7801701,49.4138688],[37.7989228,49.4061068],[37.8240518,49.3979524],[37.8433096,49.3844902],[37.8436609,49.3728675],[37.8536621,49.370241],[37.8576544,49.3704088],[37.8628931,49.3729794],[37.8749243,49.372197],[37.9022683,49.3753257],[37.9086675,49.3700689],[37.9193086,49.3670035],[37.9145005,49.3617029],[37.9196462,49.3551265],[37.9244438,49.3558376],[37.9352432,49.3618399],[37.9458097,49.3619374],[37.9482231,49.3609487],[37.9494421,49.3594865],[37.9490329,49.3570452],[37.9362807,49.3481098],[37.9362475,49.3449454],[37.9410025,49.3356789],[37.9465124,49.3337],[37.9576868,49.3322922],[37.9612841,49.329427],[37.9619141,49.3221936],[37.9578452,49.3174491],[37.9590127,49.3110256],[37.9557263,49.3025838],[37.9490932,49.3024647],[37.9490815,49.299019],[37.956642,49.2866812],[37.9727631,49.2765726],[37.9816395,49.2798345],[37.9933733,49.2792249],[37.9972653,49.2811034],[38.0027302,49.2804187],[38.0030591,49.2823438],[38.0059201,49.2842737],[38.0077081,49.2839919],[38.0086051,49.2810306],[37.9992818,49.2698511],[38.0066487,49.2659024],[37.9939962,49.2564643],[37.980386,49.2504338],[37.9685726,49.2421887],[37.9578749,49.2430216],[37.9509918,49.2383272],[37.9468637,49.2297306],[37.9633887,49.2187204],[37.9622087,49.203705],[37.9462901,49.197662],[37.9584156,49.1913317],[37.9712257,49.1893753],[37.9718897,49.1809681],[37.9659436,49.1732878],[37.9487118,49.1666455],[37.9444345,49.1532063],[37.9528593,49.1491975],[37.9501692,49.1351351],[37.9271922,49.1277953],[37.8980246,49.1300783],[37.8856263,49.1318291],[37.8786547,49.1301206],[37.8770051,49.127064],[37.8884269,49.1160723],[37.9022795,49.0962976],[37.9124587,49.0884916],[37.9133687,49.0783239],[37.9184294,49.0710372],[37.9298854,49.0699799],[37.933789,49.07477],[37.9546328,49.0715778],[37.9636593,49.0680413],[37.9888985,49.0697096],[37.9905274,49.0670086],[37.9963601,49.0624494],[37.9959599,49.0544745],[38.0004127,49.0416614],[37.9990768,49.0369799],[38.0012979,49.0235141],[38.0007869,49.0183106],[38.0094919,49.0136015],[38.0369946,49.0133438],[38.0554844,49.0124049],[38.0557572,49.0086799],[38.057727,49.0038562],[38.0680926,49.0013781],[38.0869682,49.0005821],[38.0882267,48.9925926],[38.0966915,48.9859852],[38.0962566,48.9744338],[38.19676,48.9710994],[38.1990761,48.9495628],[38.2041393,48.9428546],[38.202787,48.9415261],[38.2038787,48.9368084],[38.205471,48.9364578],[38.2123174,48.9382421],[38.2163746,48.9382502],[38.2241419,48.9412381],[38.2289054,48.9409285],[38.2307476,48.9391045],[38.236201,48.938814],[38.2386807,48.9238749],[38.2430757,48.9185581],[38.2542501,48.9157785],[38.259636,48.9002303],[38.247994,48.8970061],[38.2385143,48.895549],[38.2298942,48.8850053],[38.228834,48.877085],[38.2246026,48.870513],[38.2200286,48.8678361],[38.2192747,48.8572217],[38.2115358,48.8491303],[38.225082,48.840813],[38.2234179,48.8282676],[38.2306748,48.823972],[38.2334362,48.8137429],[38.2261571,48.8132357],[38.2187859,48.8167435],[38.2108152,48.8170079],[38.2063139,48.8156302],[38.2002016,48.8057161],[38.1818814,48.8044559],[38.1834788,48.7934089],[38.1742352,48.7945843],[38.1673524,48.7907271],[38.1692886,48.7871458],[38.1668903,48.7822636],[38.1591761,48.7780971],[38.1595095,48.7730605],[38.1541788,48.7711359],[38.1395091,48.7718826],[38.1084862,48.7715642],[38.1028723,48.7690393],[38.0850032,48.775814],[38.0687631,48.7743745],[38.064526,48.7633605],[38.0642799,48.7590214],[38.0577174,48.752682],[38.0314012,48.7522524],[38.0271971,48.7508159],[38.0260857,48.7447607],[38.0166037,48.7425535],[38.0146746,48.7461191],[38.003514,48.744471],[37.9951122,48.7396808],[37.9822484,48.7186184],[37.9599546,48.7045754],[37.9410022,48.7060691],[37.9268866,48.7081362],[37.9239683,48.7033783],[37.9131108,48.6991581],[37.9082091,48.6928282],[37.9106124,48.6916101],[37.9123888,48.6956746],[37.9190656,48.6975365],[37.9295206,48.7026555],[37.9345792,48.7030624],[37.93865,48.7020722],[37.9627936,48.7011004],[37.97155516165704,48.704310615249106],[37.979729,48.707306],[37.98638561058678,48.714656151530576],[37.9883958,48.716876],[37.9909698,48.725148],[37.9986928,48.738288],[38.0263226,48.7410133],[38.0275218,48.74731],[38.0294668,48.750722],[38.034627,48.750284],[38.042233989988276,48.74704400426423],[38.0484268,48.747183],[38.0513581,48.7485092],[38.053961,48.747843],[38.0582375,48.7482236],[38.060568,48.7490694],[38.0741493,48.7611201],[38.0699675,48.765454],[38.0695618,48.7693353],[38.0706388,48.7717801],[38.0822474,48.7711945],[38.0924818,48.7678926],[38.1088325,48.7653364],[38.1290239,48.7674481],[38.1421778,48.7676056],[38.1593018,48.7647511],[38.1782569,48.7730725],[38.1771302,48.7830476],[38.174168,48.7862337],[38.1758628,48.7885075],[38.184606,48.790764],[38.1880228,48.7896102],[38.1915251,48.7865335],[38.2060917,48.7901739],[38.2249439,48.7935166],[38.2316466,48.7957738],[38.241633,48.8079385],[38.2420494,48.8206943],[38.2399546,48.8313143],[38.2524855,48.8424914],[38.244884,48.856618],[38.242558,48.865034],[38.2294311,48.8643291],[38.228545,48.868924],[38.2350138,48.877435],[38.2338538,48.882038],[38.238919,48.8902996],[38.2531846,48.891694],[38.2625016,48.900157],[38.262219661081616,48.90079959760641],[38.261915,48.901493],[38.267509,48.903563],[38.270354,48.90747],[38.2668335,48.9105725],[38.2612003,48.9135404],[38.2582657,48.9186979],[38.2510398,48.9203019],[38.2456348,48.9269435],[38.2414749,48.9344051],[38.2405791,48.9414079],[38.23465,48.944666],[38.2274378,48.9430408],[38.225009428571425,48.942898428571425],[38.218938,48.942542],[38.21576321095517,48.94122884382067],[38.2111703,48.9393287],[38.2060632,48.9396878],[38.207093892254605,48.94139982108622],[38.20593959721226,48.9445423],[38.20576305176209,48.94502285910289],[38.2017722,48.9499126],[38.200313,48.954295],[38.20393068521047,48.954593973985055],[38.20371534826152,48.9571272137692],[38.203698,48.957331],[38.20312007056412,48.95733740887176],[38.2021654,48.9573475],[38.20033862001088,48.97472700962169],[38.169416,48.97551],[38.16020199243623,48.976556588236605],[38.1570733,48.9769118],[38.105879,48.9762076],[38.10474805079118,48.97985170158236],[38.102926,48.985722],[38.098026,48.99471],[38.091616,48.99911],[38.08685167286905,49.003836591476215],[38.08568187785297,49.00499702277021],[38.08251493852863,49.00558739220705],[38.072416,49.0074698],[38.0592099,49.00791],[38.05901434137166,49.00945177931417],[38.05847702313283,49.01368581771457],[38.04658137924314,49.01444692717019],[38.041265,49.014787],[38.03345176756463,49.01484288829025],[38.0096703,49.0150127],[38.0063386,49.0183748],[38.006829458303635,49.01881884048468],[38.008864,49.02066],[38.004021332356764,49.03586305146485],[38.0030029,49.0390602],[38.0082318,49.039704],[38.0018228,49.0534811],[38.00212436248242,49.056253672919595],[38.002696,49.061513],[37.998026,49.066145],[37.99892498320347,49.07084991209381],[37.99809448810967,49.071447884146224],[37.993809,49.074533],[37.9874952,49.0757447],[37.9647186,49.0833132],[37.9679569,49.095683],[37.954786,49.1007655],[37.9442432,49.0872946],[37.9321057,49.0822442],[37.9177115,49.0817984],[37.9166936,49.0884334],[37.9197957,49.0907963],[37.9158514,49.0972198],[37.9087715,49.1038594],[37.9204039,49.1151053],[37.9368466,49.1153365],[37.9386735,49.1169696],[37.9334074,49.1202578],[37.9495153,49.1304535],[37.9586644,49.1390226],[37.9647264,49.1479234],[37.963664,49.157664],[37.9704665,49.1598],[37.9762814,49.1752103],[37.9760129,49.1916208],[37.9630385,49.1953683],[37.9569319,49.1952759],[37.9544302,49.1964174],[37.9581815,49.1983637],[37.9649976,49.2002374],[37.97143,49.2194694],[37.9522658,49.2307164],[37.9520438,49.2330285],[37.9575295,49.2340801],[37.9614703,49.2396706],[37.9673353,49.2404595],[37.9743888,49.2400204],[37.9898521,49.2500146],[37.9978763,49.2521276],[38.00980309967359,49.26150916376468],[38.01401598954356,49.26843098281997],[38.01335277846131,49.268928256922614],[38.006727,49.273896],[38.008478225815516,49.277049337202925],[38.01292173767472,49.285051187765],[38.008788,49.28801],[38.00663700617685,49.288104472843514],[38.0025948,49.2882816],[38.001311528448035,49.28732577887991],[37.999277,49.28581],[37.998012084462154,49.28342612071713],[37.9978469,49.2831147],[37.994679096237114,49.28329122329896],[37.98938,49.283586],[37.985949335506014,49.28194783643716],[37.9837335,49.2808895],[37.9677155,49.2865549],[37.9620075,49.3032654],[37.968237964848996,49.3030790675755],[37.969614,49.303038],[37.96944848413944,49.30872375034548],[37.9693778,49.3111446],[37.96535025736897,49.31132277052413],[37.961584,49.311489],[37.961857,49.317318],[37.96352157894453,49.31912646316641],[37.9663918,49.3222453],[37.9649438,49.3324748],[37.9637123380927,49.33345870356953],[37.962823,49.334169],[37.96091796657984,49.334401959947904],[37.9572947,49.3348448],[37.9500466,49.3377009],[37.9417892,49.3388375],[37.942329,49.341848],[37.941177,49.344568],[37.94386659583015,49.34690364901831],[37.9419212,49.3496866],[37.947628,49.351399],[37.948680403125316,49.35232911875188],[37.9495732594999,49.35311846419518],[37.95067301623237,49.35508571647058],[37.954307939513434,49.3615880129152],[37.949072,49.362706],[37.9341414,49.3680762],[37.926805,49.3618147],[37.9228116,49.3637004],[37.9252775,49.3678854],[37.9157302,49.3725213],[37.9163733,49.3827975],[37.8906119,49.3820535],[37.8756474,49.3776019],[37.8622302,49.3804157],[37.8471391,49.3812728],[37.846639,49.3866555],[37.8495282,49.4072309],[37.8115875,49.4084649],[37.8086348,49.4314464],[37.7726215,49.4341817],[37.7700665,49.4363492],[37.7986045,49.4447114],[37.8010122,49.4516611],[37.7981455,49.4600918],[37.7906522,49.468416],[37.7989061,49.4775791],[37.8082886,49.4913692],[37.7991651,49.5046294],[37.7733578,49.5056254],[37.7625573,49.5037586],[37.7483262,49.4952016],[37.7289311,49.5019971],[37.7337532,49.5108184],[37.7235744,49.5146237],[37.713266,49.513489],[37.7063034,49.5073888],[37.6976259,49.5024027],[37.695034,49.502686],[37.6967156,49.5088257],[37.7007644,49.5148622],[37.6969683,49.5253315],[37.6928279,49.5268861],[37.6953232,49.530318],[37.6960211,49.5411357],[37.7008501,49.5443336],[37.7017524,49.5529328],[37.7153675,49.5563607],[37.7318293,49.5571717],[37.7596029,49.5561771],[37.7606685,49.5592012],[37.7538385,49.5617803],[37.7538315,49.5634959],[37.7612521,49.5695864],[37.7705703,49.5721381],[37.7721643,49.5749122],[37.79249,49.580292],[37.79509526722751,49.58725046647972],[37.7963276,49.5905428],[37.7906252,49.5922007],[37.790894,49.594665],[37.80407498813896,49.59432610030534],[37.80381225,49.596548],[37.803024,49.6032137],[37.7890245,49.6031516],[37.787941,49.607704],[37.8477634,49.6078474],[37.8754319,49.6238223],[37.8840455,49.6437335],[37.876543126971725,49.64615714274556],[37.873472,49.647149],[37.8733686,49.6480364],[37.8789992,49.6485045],[37.8796348,49.6495991],[37.8852413,49.6509002],[37.8908049703985,49.65061422208192],[37.88975800244604,49.65846898164887],[37.885536,49.6596275],[37.8836608,49.6629987],[37.88301823402221,49.66697930068887],[37.881858,49.674164],[37.892407,49.67743],[37.894796,49.685008],[37.903210875993004,49.693761870997356],[37.90294091926301,49.69568472247351],[37.901884,49.703209],[37.88932903379034,49.70526950137102],[37.8854023,49.7059138],[37.87288392913439,49.711292058268775],[37.842632,49.724289],[37.840806,49.725637],[37.843161,49.728888],[37.840488,49.731728],[37.84294352713955,49.73331774857363],[37.84377791674684,49.73385804609056],[37.83867540275072,49.736682896332375],[37.8318423,49.7404657],[37.8108397,49.7408806],[37.809668825,49.73988106729765],[37.804329,49.735322],[37.7974104478493,49.73629813924652],[37.7943846,49.7367249],[37.7853839,49.73968],[37.7778709,49.7470144],[37.763958,49.749679],[37.759173,49.753462],[37.746953,49.757894],[37.731469,49.758221],[37.717219,49.760289],[37.713161089001325,49.76265266460185],[37.7096719,49.7646846],[37.700236836836005,49.76725893537984],[37.689569,49.763034],[37.677727,49.7634893],[37.6720404,49.7671743],[37.666195,49.774498],[37.6579446,49.7793822],[37.6467386,49.7804454],[37.633269,49.7761005],[37.6264601,49.7781724],[37.6314957,49.7854541],[37.6243994,49.7936988],[37.6121405,49.7985356],[37.6096666,49.8025407],[37.6169933,49.8111039],[37.6183822,49.8177283],[37.6157104,49.8234517],[37.6170778,49.8247906],[37.6230829,49.8241867],[37.622395,49.8205625],[37.6268686,49.8203864],[37.6297118,49.8230344],[37.6338847,49.8248755],[37.6667879,49.828848],[37.6748668,49.8315227],[37.6726954,49.8394004],[37.6691368,49.8429473],[37.6648749,49.8436605],[37.6595824,49.8497977],[37.6489959,49.8531052],[37.6487652,49.8550717],[37.6660965,49.8531483],[37.6731845,49.8515059],[37.6750869,49.8487189],[37.6801793,49.8485128],[37.6845516,49.8510757],[37.6813764,49.8550976],[37.6727219,49.8562383],[37.6707119,49.8592157],[37.6706764,49.8627186],[37.6763857,49.864074],[37.6832967,49.8639353],[37.6794752,49.8748788],[37.6859762,49.8847201],[37.6940245,49.8910215],[37.6989405,49.8996274],[37.7020473,49.8991662],[37.7035231,49.8975993],[37.7010675,49.8957096],[37.7018286,49.8929519],[37.7063677,49.8941717],[37.7082321,49.8926171],[37.7329278,49.9005174],[37.738516,49.8977124],[37.7443477,49.9005486],[37.7492381,49.9082686],[37.7471775,49.9125705],[37.7535285,49.913556],[37.7685905,49.9125778],[37.77112107539573,49.91347815566694],[37.7629933,49.9155349],[37.7456174,49.91625],[37.737906,49.9030051],[37.7291632,49.9014267],[37.7204934,49.9026101],[37.7031315,49.9025719],[37.6968857,49.9039599],[37.6812557,49.8975902],[37.6685264,49.8754589],[37.6667844,49.8622813],[37.669002,49.8554642],[37.6612543,49.8564641],[37.6456956,49.8567436],[37.6443003,49.8520713],[37.6552755,49.8469402],[37.6609424,49.8418447],[37.66642,49.8412265],[37.6649043,49.8392468],[37.6433258,49.8288466],[37.6318292,49.8314373],[37.6294338,49.82669],[37.6194823,49.82826],[37.612198,49.8261946],[37.6106377,49.8241603],[37.6098082,49.8165767],[37.6045513,49.8068498],[37.6065076,49.7986738],[37.6059167,49.7856174],[37.6032632,49.77932]]],[[[37.8853397,50.0025411],[37.89227094916639,49.99568764914062],[37.8955754,50.0034912],[37.8925795,50.0043596],[37.8952055,50.0075726],[37.910757,50.003572],[37.9134054,50.0068228],[37.9123006,50.0078667],[37.9131768,50.0148177],[37.9221125,50.0162524],[37.9238385,50.0154807],[37.9305715,50.0160342],[37.9265003,50.0190657],[37.9136739,50.0184566],[37.8993517,50.010111],[37.8894269,50.0102979],[37.8853397,50.0025411]]]]}},{"type":"Feature","id":"fase-4-controllo-ucraino-in-russia","properties":{"id":"fase-4-controllo-ucraino-in-russia","stato":"controllo-ucraino-in-russia","data":"2025-03-13","origineControllo":"non-applicabile","sourceId":"deepstate-history-1741873398","note":"Solo area blu esterna al confine ucraino non coperta da riconquista russa o stato ignoto; escluse massime avanzate e presenze discontinue."},"geometry":{"type":"MultiPolygon","coordinates":[[[[34.237876,51.2924714],[34.2435334,51.2845465],[34.25454673278138,51.282069336152624],[34.2605642,51.282635],[34.2802462,51.2937062],[34.2998425,51.3070753],[34.3038384,51.3198622],[34.3055179,51.3222945],[34.3119171,51.3262166],[34.3107225204556,51.3315621612206],[34.3100686,51.3321342],[34.310458562999905,51.332743330566466],[34.31011415768012,51.33428449183132],[34.30911865123747,51.33511227347986],[34.3042296,51.3360878],[34.2993505,51.3342295],[34.292015800000016,51.3379478],[34.289037174454165,51.338747783685506],[34.28758342047467,51.33883366147407],[34.2814564,51.3346262],[34.2897191,51.3219593],[34.2856958,51.3210943],[34.28228459339167,51.31952878915687],[34.2808742,51.3179984],[34.2812721,51.3143044],[34.2824687,51.3108729],[34.282029995635156,51.31103999384078],[34.2821878,51.3106562],[34.2772508,51.3109448],[34.2772675,51.3128016],[34.27277902805739,51.314425186593745],[34.2697647,51.3059248],[34.2666251,51.29872870000001],[34.2662283,51.2985435],[34.2640682,51.29885520000001],[34.258561526816614,51.30231309791658],[34.2559651,51.3013653],[34.2546741,51.29899080000001],[34.24984394441389,51.29886162155762],[34.2499091,51.2968648],[34.2492322,51.2964366],[34.24506827372635,51.29605341480194],[34.2447424,51.2940462],[34.2418876,51.2932738],[34.23950230000001,51.2934652],[34.237876,51.2924714]]],[[[35.1234099,51.1652493],[35.125335493339534,51.1611275650217],[35.13006100591105,51.15771332033651],[35.1331704,51.1566702],[35.137615,51.154263],[35.14043,51.1521989],[35.1403884,51.1508755],[35.1394254,51.1501097],[35.137182951990205,51.149607598356745],[35.1353152,51.1483999],[35.137151,51.1459642],[35.13622824863308,51.145464717996745],[35.1365134513418,51.14454787542387],[35.13772761287314,51.143607560465696],[35.1440031,51.1405924],[35.1439057,51.1366703],[35.141975660393264,51.13462437557644],[35.1541036,51.1312809],[35.1685196,51.1263453],[35.1747126,51.1214939],[35.170752448343066,51.120123582825],[35.16795451230389,51.11878900891034],[35.1643882763247,51.11316838060732],[35.1637751,51.1082216],[35.1665589,51.1055491],[35.16469083481609,51.10519449596775],[35.16486214983946,51.100994360421524],[35.1685432,51.1007778],[35.1696857,51.1031999],[35.1700228,51.1032315],[35.1769683,51.0987167],[35.1739384,51.0873709],[35.1563817,51.09071020000001],[35.14851581913922,51.082768096010405],[35.1517279,51.0822439],[35.1532509,51.0815482],[35.154141,51.0806827],[35.1577427,51.0819724],[35.1590150470758,51.081019542065896],[35.1632511,51.0835558],[35.1636884,51.0833321],[35.1665515,51.0806048],[35.1657512,51.0775156],[35.1679544,51.0756379],[35.1708441,51.0747307],[35.1727617,51.0720837],[35.1766849,51.0706908],[35.1787404,51.0671726],[35.1831345,51.0635511],[35.1831705,51.0619214],[35.18806936879616,51.05751033818247],[35.1904161,51.0564513],[35.19032689816914,51.053958711791424],[35.1965375,51.0515647],[35.1968956,51.0511976],[35.19636940023706,51.050549313707485],[35.1967617,51.050389],[35.1997041,51.0529863],[35.2037141,51.0512498],[35.2054877,51.0486594],[35.2083265,51.0480722],[35.2095529,51.0467781],[35.21327542608737,51.04652057819272],[35.2208024,51.0510745],[35.2211654006945,51.05074991407414],[35.22259320000001,51.0523984],[35.226263273620724,51.052605857703234],[35.22570790000001,51.0535102],[35.2269621,51.0547625],[35.24281563934095,51.061398419311985],[35.243837,51.0636073],[35.2484334,51.0645979],[35.24927541910182,51.06410875092447],[35.2496452,51.0642639],[35.25390236115876,51.06164333529546],[35.2559681,51.0621209],[35.2577452,51.0614821],[35.257815358577425,51.05894468275119],[35.2612944,51.0613928],[35.2658263,51.0630636],[35.26621590000001,51.0618647],[35.2649434,51.0597115],[35.2668731,51.0579522],[35.27333492793885,51.058117949525624],[35.2725243,51.0591764],[35.2728018,51.0595104],[35.2756866,51.059001],[35.2761348,51.0623787],[35.2746798,51.0633494],[35.2738256,51.064428],[35.2739155,51.0658032],[35.2750569,51.0663693],[35.2758915,51.0661637],[35.277101902412895,51.06413835603801],[35.280138,51.0669886],[35.2813064,51.0676221],[35.2829039,51.067015],[35.2840908,51.0675206],[35.2868929,51.0675402],[35.2826514,51.0739631],[35.2920816,51.0814726],[35.2893964,51.096549],[35.2974184,51.098943],[35.2955948,51.1029424],[35.2843206,51.1082932],[35.2761411,51.1158548],[35.2682601,51.1156826],[35.2408076,51.1211112],[35.2134454,51.1169676],[35.1852587,51.1160265],[35.1768277,51.118897],[35.1809422,51.1289074],[35.1905513,51.1287904],[35.1980149,51.1344901],[35.2120031,51.1352337],[35.2221479,51.1385255],[35.2446536,51.1387991],[35.2526212,51.1416218],[35.2701039,51.1403177],[35.2727558,51.1492116],[35.2728309,51.1618199],[35.2576366,51.163414],[35.2520527,51.1736186],[35.2591337,51.1889197],[35.2554763,51.1940995],[35.2637496,51.1988482],[35.2612148,51.2015063],[35.2551905,51.2058692],[35.2443635,51.2082903],[35.2349176,51.2059252],[35.1885078,51.2299571],[35.1720182,51.230392],[35.15048208278797,51.22340866962603],[35.1505908,51.2209457],[35.14896691886254,51.2207655617519],[35.13946511671332,51.21745908959485],[35.1393677,51.2143319],[35.1380074,51.2093592],[35.1424377,51.2073915],[35.142282947174486,51.206470478198014],[35.1436083,51.2058233],[35.1434366,51.2029732],[35.13655391606606,51.19841852861205],[35.1340739,51.1962768],[35.1304323,51.1943675],[35.1308297,51.17382],[35.134436,51.170816],[35.1234099,51.1652493]]]]}}]}
