{"type":"FeatureCollection","name":"Frontiera — controllo territoriale, Fase 1","metadata":{"dataCartografica":"2022-11-13","crs":"EPSG:4326","criterio":"controllo territoriale consolidato, non semplice presenza o massima avanzata rivendicata","procedura":"Digitalizzazione manuale su cartografia storica datata; import, riparazione topologica, dissoluzione, separazione delle categorie e ritaglio sul confine nazionale. Nessuna deduzione da testi, percentuali o linee di contatto.","creatoIl":"2026-07-20","revisionatoIl":"2026-07-20","fonti":[{"id":"deepstate-history-1668381004","titolo":"DeepStateMap — revisione storica 1668381004","autore":"DeepStateUA","url":"https://deepstatemap.live/api/history/1668381004/geojson","ruolo":"base vettoriale primaria datata per controllo russo, stato ignoto e controllo ucraino in Russia"},{"id":"deepstate-history-index","titolo":"DeepStateMap — indice pubblico delle revisioni storiche","autore":"DeepStateUA","url":"https://deepstatemap.live/api/history/public","ruolo":"riscontro dell'identificativo e del timestamp UTC della revisione 1668381004"},{"id":"isw-2022-11-13","titolo":"Russian Offensive Campaign Assessment, November 13, 2022","url":"https://understandingwar.org/wp-content/uploads/2022/11/Russian20Offensive20Campaign20Assessment2C20November20132C202022.pdf","ruolo":"verifica coeva della ritirata dalla riva destra di Kherson e della configurazione del fronte"},{"id":"viina-2","titolo":"VIINA 2.0 — Territorial Control Data","autori":"Yuri M. Zhukov e Natalie Ayers","url":"https://github.com/zhukovyuri/VIINA","licenza":"ODbL 1.0","ruolo":"verifica indipendente giornaliera dell'attribuzione presso i centri abitati e delle località contese"}],"incertezza":"Media lungo la fascia grigia; bassa nelle aree consolidate. La revisione DeepState cade alle 23:10 UTC del giorno richiesto, dopo il completamento della ritirata russa dalla riva destra del Dnipro.","note":"I raid e le presenze non consolidate non sono inclusi. La fascia grigia DeepState è conservata solo dove non si sovrappone al controllo consolidato."},"features":[{"type":"Feature","id":"fase-1-controllo-russo-pre-2022","properties":{"id":"fase-1-controllo-russo-pre-2022","stato":"controllo-russo","data":"2022-11-13","origineControllo":"pre-2022","sourceId":"deepstate-history-1668381004","note":"Crimea e porzioni del Donbas già controllate prima del 24 febbraio 2022; perimetro identico alla geometria approvata di Fase 3."},"geometry":{"type":"MultiPolygon","coordinates":[[[[32.478939,45.389163],[32.507445,45.381957],[32.513458,45.372038],[32.510377,45.360884],[32.489453,45.346136],[32.551846,45.332385],[32.569816,45.332888],[32.578538,45.327642],[32.65299,45.313322],[32.675688,45.320614],[32.685502,45.332102],[32.712159,45.341307],[32.735393,45.354972],[32.76522,45.363836],[32.84671,45.365264],[32.907019,45.359436],[32.966765,45.336694],[32.991848,45.322499],[33.035244,45.29016],[33.062776,45.27566],[33.107907,45.23151],[33.138912,45.216317],[33.148825,45.202143],[33.185236,45.183717],[33.201984,45.183225],[33.225292,45.174695],[33.257295,45.147804],[33.284289,45.148276],[33.300138,45.162027],[33.29792,45.165633],[33.305239,45.17277],[33.350015,45.173699],[33.380282,45.185909],[33.376436,45.191845],[33.391196,45.197375],[33.432652,45.184093],[33.509265,45.13445],[33.56149,45.081073],[33.58086,45.050881],[33.602595,44.997973],[33.604377,44.980471],[33.597652,44.97655],[33.610962,44.925721],[33.6052,44.866386],[33.594636,44.847578],[33.569694,44.838843],[33.55297,44.841655],[33.548513,44.834598],[33.549545,44.810828],[33.533513,44.792608],[33.540722,44.761758],[33.539777,44.744321],[33.547583,44.724445],[33.546363,44.677979],[33.535667,44.64599],[33.508271,44.631916],[33.494615,44.617766],[33.450155,44.615946],[33.373305,44.584056],[33.403694,44.553239],[33.46013,44.522891],[33.486243,44.494968],[33.506071,44.500846],[33.554048,44.486877],[33.601948,44.491739],[33.627013,44.479579],[33.63834,44.458687],[33.64553,44.421924],[33.673869,44.412807],[33.702892,44.416926],[33.733092,44.383332],[33.759005,44.386932],[33.778737,44.381452],[33.846027,44.401142],[33.882423,44.400268],[33.939412,44.389646],[33.963406,44.38885],[34.034986,44.403674],[34.057232,44.416521],[34.128936,44.427878],[34.171984,44.491011],[34.260362,44.507556],[34.308946,44.552088],[34.334843,44.545507],[34.349035,44.546767],[34.349805,44.57185],[34.354354,44.585681],[34.375816,44.591703],[34.377892,44.612309],[34.389678,44.628884],[34.403924,44.639751],[34.412176,44.658807],[34.432149,44.682765],[34.474964,44.715071],[34.625628,44.773956],[34.677858,44.787856],[34.728811,44.807825],[34.747987,44.807058],[34.763731,44.815057],[34.912095,44.81577],[34.920318,44.82153],[34.920988,44.828751],[34.967823,44.838027],[34.988701,44.828075],[35.0007,44.83203],[35.029503,44.828249],[35.047274,44.814837],[35.043666,44.799459],[35.081062,44.790612],[35.09398,44.801375],[35.111022,44.80702],[35.118455,44.81723],[35.133101,44.822812],[35.130569,44.829311],[35.139391,44.861252],[35.169311,44.900247],[35.190556,44.907887],[35.216612,44.909005],[35.243653,44.916792],[35.25652,44.938423],[35.249825,44.952823],[35.271282,44.967596],[35.283641,44.96616],[35.294987,44.959711],[35.301518,44.965776],[35.322807,44.966441],[35.322466,44.95921],[35.344315,44.964188],[35.351803,44.954952],[35.382973,44.943891],[35.394038,44.954933],[35.356103,44.97733],[35.358416,44.985552],[35.366739,44.992559],[35.428693,45.012912],[35.412652,45.025778],[35.385966,45.035246],[35.389399,45.049444],[35.414638,45.07541],[35.451063,45.097366],[35.541346,45.125861],[35.58496,45.129359],[35.62977,45.122303],[35.692135,45.104626],[35.748793,45.081465],[35.777878,45.066304],[35.804886,45.045558],[35.814483,45.033306],[35.810165,45.021418],[35.82978,45.014076],[35.834113,45.0091],[35.828278,45.004552],[35.842096,44.998366],[35.870587,45.004186],[35.907658,45.018079],[35.925851,45.019111],[35.954083,45.011219],[35.984215,45.022859],[35.994952,45.03511],[36.012561,45.044932],[36.035405,45.049216],[36.07129,45.048252],[36.201045,45.033023],[36.225684,45.026816],[36.24793,45.04068],[36.249153,45.047687],[36.282137,45.05499],[36.372884,45.057475],[36.440096,45.083327],[36.456018,45.095623],[36.454606,45.105555],[36.43318,45.117691],[36.425628,45.128893],[36.417779,45.164294],[36.407778,45.172889],[36.403912,45.214162],[36.423049,45.23723],[36.423707,45.245262],[36.435783,45.258066],[36.43962,45.271622],[36.436333,45.276239],[36.426012,45.27864],[36.421663,45.286584],[36.435179,45.295073],[36.484438,45.305478],[36.499502,45.318675],[36.47329,45.330744],[36.472041,45.341233],[36.477812,45.349132],[36.518286,45.351539],[36.535225,45.349918],[36.534981,45.345637],[36.54435,45.344735],[36.596554,45.345031],[36.60599,45.347733],[36.612025,45.355938],[36.630569,45.360521],[36.633217,45.362811],[36.630106,45.373786],[36.648733,45.38292],[36.611273,45.407542],[36.607593,45.412573],[36.61553,45.422271],[36.598276,45.438662],[36.57528,45.442252],[36.565672,45.436625],[36.56594,45.428443],[36.554467,45.424368],[36.532672,45.42719],[36.495456,45.450514],[36.470548,45.458514],[36.461093,45.456435],[36.447174,45.460135],[36.432474,45.447875],[36.415458,45.446825],[36.376602,45.463689],[36.372894,45.47138],[36.357563,45.471617],[36.344848,45.484307],[36.33933,45.482513],[36.336302,45.474221],[36.322868,45.471297],[36.293683,45.483861],[36.265345,45.478566],[36.17039,45.472361],[36.12387,45.463618],[36.068785,45.445463],[36.068942,45.404374],[36.04285,45.384009],[35.99701,45.371491],[35.941221,45.380044],[35.886842,45.407774],[35.846507,45.446506],[35.87606,45.463856],[35.867831,45.473251],[35.841775,45.474473],[35.823649,45.46632],[35.817747,45.458869],[35.818368,45.451418],[35.826475,45.440129],[35.748929,45.396331],[35.745726,45.39066],[35.748889,45.384633],[35.760985,45.381258],[35.753728,45.366548],[35.724851,45.351594],[35.71557,45.338458],[35.632903,45.324584],[35.525825,45.291193],[35.498759,45.306176],[35.467835,45.307544],[35.382064,45.352514],[35.311256,45.411424],[35.201458,45.523343],[35.109867,45.599025],[35.050056,45.667202],[34.977053,45.765285],[34.958219,45.760037],[34.800881,45.804735],[34.796134,45.892053],[34.782879,45.904975],[34.752716,45.910231],[34.700883,45.959179],[34.651415,45.973908],[34.556042,45.988691],[34.478552,45.946947],[34.436726,45.968164],[34.382464,46.034692],[34.227754,46.060816],[34.160772,46.08043],[34.122582,46.108122],[34.038334,46.116935],[33.82395,46.187069],[33.740532,46.185128],[33.6897,46.204334],[33.60668,46.146878],[33.612528,46.138238],[33.616561,46.11536],[33.633038,46.097381],[33.637282,46.081351],[33.623699,46.071722],[33.611338,46.054819],[33.629384,45.977458],[33.627758,45.958848],[33.616479,45.949068],[33.617606,45.944243],[33.634992,45.941326],[33.647501,45.945166],[33.640135,45.949356],[33.659761,45.954586],[33.692314,45.95526],[33.744939,45.95033],[33.747278,45.946685],[33.751076,45.9488],[33.757987,45.934494],[33.749506,45.928276],[33.730928,45.930188],[33.701995,45.911004],[33.691971,45.913471],[33.680094,45.90854],[33.675115,45.898868],[33.684191,45.850098],[33.661598,45.86426],[33.662233,45.871524],[33.642234,45.876325],[33.616272,45.892143],[33.593725,45.885292],[33.581653,45.871206],[33.568716,45.874008],[33.548213,45.843531],[33.542129,45.840258],[33.527171,45.849723],[33.507622,45.841072],[33.50089,45.848355],[33.520062,45.857708],[33.544102,45.880335],[33.540593,45.884913],[33.517951,45.867777],[33.432207,45.838576],[33.373494,45.797187],[33.32241,45.775037],[33.23866,45.752804],[33.21192,45.757728],[33.182114,45.773902],[33.172486,45.786603],[33.185831,45.807952],[33.182338,45.80993],[33.175838,45.805742],[33.165737,45.78827],[33.159184,45.749182],[33.152919,45.733355],[33.1378,45.719814],[33.127908,45.719842],[33.114638,45.712775],[33.095704,45.715503],[33.0691,45.706833],[33.017154,45.687009],[33.006337,45.679383],[32.999393,45.681147],[32.908691,45.640338],[32.820181,45.586841],[32.821299,45.58301],[32.841008,45.582406],[32.843141,45.570597],[32.833962,45.560234],[32.825974,45.55733],[32.793178,45.56389],[32.772105,45.557869],[32.736877,45.543007],[32.72322,45.533026],[32.59058,45.48558],[32.538208,45.454884],[32.524271,45.438872],[32.500388,45.424663],[32.48807,45.407956],[32.479703,45.404263],[32.478939,45.389163]]],[[[36.50714,45.295558],[36.533319,45.279798],[36.549112,45.261314],[36.578294,45.249048],[36.547052,45.279677],[36.519242,45.293988],[36.50714,45.295558]]],[[[37.521854,47.94582],[37.542839,47.932477],[37.5350299,47.918015],[37.644034,47.886626],[37.634262,47.838423],[37.634549,47.802538],[37.623169,47.77311],[37.637589,47.751994],[37.67268,47.724717],[37.764495,47.684702],[37.803977,47.660196],[37.8312754,47.6567292],[37.8523854,47.641694],[37.8458595,47.6237619],[37.8159936,47.5852213],[37.819427,47.546303],[37.892555,47.469773],[37.878478,47.441684],[37.863715,47.426588],[37.855819,47.403124],[37.856849,47.392898],[37.850326,47.384298],[37.83831,47.378022],[37.841643,47.369022],[37.851599,47.365534],[37.837623,47.352442],[37.848609,47.350116],[37.859152,47.354371],[37.861212,47.347858],[37.856849,47.343603],[37.829283,47.342507],[37.824577,47.321498],[37.834876,47.30823],[37.827666,47.302643],[37.833846,47.285412],[37.833503,47.249301],[37.8005435,47.1732715],[37.818054,47.119099],[37.829283,47.112742],[37.83831,47.099704],[37.895473,47.110921],[37.983964,47.083576],[37.99023,47.091466],[37.975882,47.095683],[37.993063,47.099003],[38.032545,47.08907],[38.040012,47.091875],[38.054332,47.108302],[38.062671,47.110804],[38.08885,47.105956],[38.122869,47.080622],[38.132826,47.06402],[38.131796,47.053729],[38.106046,47.047179],[38.080408,47.026545],[38.084988,47.020418],[38.163265,47.065455],[38.186556,47.093712],[38.229843336512495,47.11924399633516],[38.22979830000001,47.1193016],[38.228514,47.1226068],[38.2290997,47.1271667],[38.22952110719179,47.12756772352162],[38.233806332211984,47.13511432928259],[38.2339764,47.135572900000014],[38.2362181,47.13955330000001],[38.23627854540636,47.14090499711579],[38.234781,47.202589],[38.23501562916667,47.20301460775794],[38.2346853,47.2030824],[38.2342438,47.203242],[38.2339954,47.2035677],[38.2339781,47.2037756],[38.2341398,47.2039875],[38.2344806,47.2042034],[38.2346366,47.2044781],[38.2352719,47.2050784],[38.2370507,47.2074504],[38.2371195,47.207661],[38.2370787,47.2080439],[38.2372421,47.208315800000015],[38.2374708,47.2084212],[38.23803674806358,47.208494794464684],[38.240855333782726,47.213607594230915],[38.2408806,47.2138558],[38.2412734,47.2144522],[38.24134298416097,47.21449217216763],[38.24271547484496,47.216981814402246],[38.242694904068074,47.21720956956315],[38.24116106311484,47.21870266168711],[38.2405847,47.2185649],[38.2402555,47.2186943],[38.240036,47.2191063],[38.240154623836105,47.21968236336815],[38.233869,47.225801],[38.23390650152714,47.22621916218971],[38.2339052,47.226294],[38.23391977947653,47.226367218464084],[38.233991581618284,47.22716785094798],[38.2339134,47.2277251],[38.2336193,47.22801910000001],[38.2328515,47.228363],[38.23290870000001,47.228951],[38.2335867,47.2298718],[38.234302922691946,47.23063947130701],[38.234334,47.230986],[38.23740990681838,47.231407181596936],[38.23763,47.2316856],[38.23803030000001,47.23231790000001],[38.2386429,47.23259520000001],[38.2390677,47.2326451],[38.2406278,47.2323234],[38.2424494,47.2324787],[38.2435354,47.23283830000001],[38.2455019,47.2338365],[38.2464107,47.2339642],[38.2470887,47.233881],[38.247733,47.2334845],[38.2480758,47.23343220000001],[38.2488776,47.2334484],[38.2505893,47.2333641],[38.25197876073125,47.23340208375713],[38.25291120957125,47.233529763272365],[38.25371089481913,47.23373071134175],[38.25509765852991,47.23466704081175],[38.25515220000001,47.2348152],[38.255514823479444,47.23494870655845],[38.26009589211441,47.23804179987612],[38.2603084,47.23825520000001],[38.26041351498903,47.23825625577481],[38.260502,47.238316],[38.288189,47.23856],[38.288176134518004,47.24014086813062],[38.2879737,47.2567529],[38.3244901,47.25695],[38.3244943,47.2573352],[38.3247638,47.257557],[38.32520809340776,47.25776096330829],[38.33080081588136,47.2650918826303],[38.3305089,47.265271],[38.3294115,47.26565510000001],[38.3290765,47.2659687],[38.3290533,47.2665017],[38.3293075,47.26697990000001],[38.3299544,47.2673719],[38.3329001,47.268336],[38.333525950183216,47.26918450937683],[38.32705545361128,47.276814451858044],[38.3265053,47.2770976],[38.3261336,47.2775521],[38.32614615787578,47.27788668396313],[38.32407015986119,47.28033467930109],[38.3239812,47.2803451],[38.3235524,47.2803506],[38.3233155,47.2805086],[38.3228581,47.2811929],[38.3228295,47.2814922],[38.3232093,47.2819743],[38.3239363,47.2828914],[38.3249247,47.2840079],[38.3254066,47.2844789],[38.3258723,47.2847117],[38.326822609828945,47.284918617280965],[38.328733537024746,47.28702907904339],[38.3288263,47.2874399],[38.32949316002231,47.28786802010496],[38.32970922365787,47.28810664460207],[38.3298025,47.288584],[38.3293519,47.2889405],[38.3292942,47.289156],[38.3297562,47.289583],[38.3304609,47.29011580000002],[38.3310327,47.2907466],[38.3320782,47.29144],[38.332829,47.292215700000014],[38.3330968,47.29271220000002],[38.3332982,47.2936248],[38.3332218,47.29535360000001],[38.3332391,47.2962036],[38.33329737815651,47.29628684224344],[38.33329047526843,47.296793367803616],[38.333216,47.2968617],[38.3326096,47.2970615],[38.33181,47.29717],[38.3276423,47.2975747],[38.3269549,47.2978449],[38.3268392,47.29817710000001],[38.3270003,47.2994985],[38.3274395,47.2997679],[38.3278496,47.3003359],[38.3282482,47.3005944],[38.3288142,47.3007315],[38.3304546,47.3007981],[38.3318062,47.30106439999999],[38.3327707,47.30149139999999],[38.3339952,47.3022865],[38.3340588,47.3024784],[38.3342436,47.302592],[38.3345902,47.3026939],[38.3348039,47.3030111],[38.3347634,47.3031443],[38.3345728,47.3032618],[38.3345497,47.3037905],[38.334827,47.3043154],[38.3355952,47.3054042],[38.336015019615736,47.30560214282136],[38.336091579901534,47.30581564055086],[38.3360168,47.3059565],[38.3360399,47.3062541],[38.3109722,47.30606739999999],[38.2327288409887,47.30548474536996],[38.220978,47.30538],[38.22097838780752,47.305397243303844],[38.220892,47.3053966],[38.2209024,47.3058861],[38.22090270000001,47.3062067],[38.22110414837007,47.310989005968594],[38.22119384919068,47.314977424034986],[38.2212454,47.319523],[38.2210564,47.320618],[38.221104,47.3208129],[38.2212676,47.3214821],[38.2213018,47.3223915],[38.2212163,47.3228781],[38.2211821,47.32551930000001],[38.22117330000001,47.3258003],[38.2211335,47.3270782],[38.22137520000001,47.3272625],[38.2218828,47.3276925],[38.2220942,47.3278727],[38.2222997,47.3280734],[38.22245070000001,47.3282044],[38.2226924,47.3283232],[38.2229764,47.328401],[38.2232664,47.3284665],[38.22361080000001,47.3285648],[38.2240217,47.3286344],[38.2245836,47.3287778],[38.2257618,47.3291341],[38.22596621460925,47.3291960654042],[38.22630279696753,47.329334696069004],[38.22639020000001,47.3294003],[38.226644,47.3295395],[38.2268857,47.3297647],[38.22691564593727,47.32989261476517],[38.222079,47.332853],[38.22256336150611,47.33320121758384],[38.222626,47.3333152],[38.22271660000001,47.3334953],[38.2228495,47.3336059],[38.2230489,47.3337738],[38.2232785,47.33388439999999],[38.2235444,47.3339704],[38.22372408877511,47.334035688614286],[38.22397406253808,47.3342153999635],[38.2240036,47.3343471],[38.2239915,47.334515],[38.2240459,47.3347566],[38.2241546,47.3349613],[38.2242755,47.3351538],[38.2245534,47.3354363],[38.2248676,47.3357066],[38.2250972,47.3359482],[38.225357,47.3361938],[38.22573410000001,47.3365272],[38.2260241,47.3366746],[38.2263746,47.3368548],[38.2267734,47.3370595],[38.227148,47.3372643],[38.2275226,47.3374772],[38.2278609,47.3376491],[38.22835640000001,47.3378539],[38.2287794,47.3380422],[38.229335200000016,47.3381733],[38.22957245086702,47.338240198038335],[38.230493,47.338902],[38.230693,47.343169],[38.2311752238234,47.343416958021905],[38.2311962,47.3435205],[38.2314621,47.3439627],[38.2319092,47.3443148],[38.232332100000015,47.3444212],[38.232912200000015,47.3445932],[38.2333835,47.3447405],[38.2339514,47.3448552],[38.233990845925526,47.34486474233487],[38.24637984616291,47.35123512853956],[38.2463776,47.35126779999999],[38.2462447,47.3514111],[38.2460332,47.35160339999999],[38.2458942,47.3517549],[38.245725,47.3519432],[38.2456042,47.3522175],[38.2456767,47.3524344],[38.24575530000001,47.3525654],[38.24590030000001,47.3527455],[38.2460634,47.3530116],[38.2461842,47.3532449],[38.2463534,47.3537157],[38.2464018,47.3539572],[38.2464864,47.3541578],[38.2466193,47.354342],[38.2470966,47.35466119999999],[38.247435,47.3549969],[38.2478096,47.3553162],[38.248508,47.355825],[38.2487601,47.3559582],[38.249324,47.3564357],[38.24933260000001,47.3565689],[38.24933260000001,47.3567773],[38.2492941,47.3569914],[38.2491532,47.3571333],[38.2489823,47.3572577],[38.2489221,47.3573738],[38.2488327,47.35769759999999],[38.2488028,47.3578626],[38.2487857,47.3580131],[38.2487515,47.3582012],[38.24870880000001,47.3584212],[38.2486533,47.3585051],[38.2486704,47.3586267],[38.2487345,47.3586354],[38.2488455,47.3586267],[38.2489395,47.3586296],[38.2489865,47.35868749999999],[38.2489609,47.358809],[38.24877290000001,47.3589508],[38.2486533,47.3590174],[38.2484055,47.3591013],[38.248226,47.3591361],[38.2479953,47.3591824],[38.2477732,47.359301],[38.2475894,47.359466],[38.247504,47.359602],[38.2472391,47.3598046],[38.2470597,47.3600767],[38.246987,47.3602966],[38.2469742,47.3604731],[38.2470426,47.3606381],[38.2471878,47.3608581],[38.2472776,47.3611156],[38.24731561066847,47.361229265511376],[38.24633973533991,47.36232020733115],[38.2457201,47.3626205],[38.2452247,47.3628907],[38.2448259,47.3631444],[38.2448259,47.36348],[38.244983,47.3637092],[38.2454664,47.3639302],[38.2459981,47.3641757],[38.246421,47.364454],[38.2466561,47.3647584],[38.2468193,47.3649794],[38.2472241,47.3654214],[38.2474477,47.3656956],[38.2476893,47.3659452],[38.2478404,47.3661539],[38.2482331,47.3663872],[38.2484869,47.3665345],[38.2488978,47.3666655],[38.2491938,47.3667882],[38.249502,47.3670051],[38.2496712,47.3672261],[38.249792,47.3674757],[38.249798,47.3676108],[38.2500458,47.3679668],[38.250227,47.3681919],[38.2505113,47.368543],[38.2508738,47.3688622],[38.2514055,47.3690913],[38.2520339,47.3693369],[38.2525777,47.3696479],[38.2531335,47.3699998],[38.2534719,47.3703517],[38.2537136,47.3706873],[38.2538223,47.37122739999999],[38.2543057,47.3715875],[38.2552483,47.37184939999999],[38.2557317,47.3721195],[38.2562996,47.3725205],[38.2568918,47.3729379],[38.2572543,47.3732126],[38.25857498530715,47.373231898559226],[38.258732,47.373353],[38.286492,47.37356],[38.286416,47.391477],[38.302085,47.39287],[38.30202212171789,47.47496208860244],[38.2954668,47.4747341],[38.2952714,47.4748451],[38.29523570000001,47.4749881],[38.29558030000001,47.4757519],[38.295320900000014,47.4758904],[38.2896636,47.4760172],[38.288368,47.4760923],[38.2878407,47.47682],[38.2878956,47.4775032],[38.2877857,47.4783275],[38.2870496,47.4794933],[38.28595520000001,47.4834921],[38.2866045,47.4838655],[38.2869516,47.4848242],[38.2869809,47.4850752],[38.2869125,47.4853856],[38.2868245,47.4859207],[38.2868441,47.4862179],[38.2868147,47.4865218],[38.2871177,47.4868718],[38.2879193,47.4870436],[38.2882027,47.4874399],[38.2883494,47.4877173],[38.2882223,47.4881202],[38.2883689,47.4884769],[38.28851550000001,47.4888006],[38.2888576,47.4891374],[38.2893912,47.4893223],[38.2903432,47.4896732],[38.291493,47.4901578],[38.29187904110208,47.49043233455131],[38.292016058403334,47.491188950371836],[38.2909242,47.4932738],[38.2906399,47.4964313],[38.29035550000001,47.4972332],[38.290330800000014,47.4975757],[38.290541,47.4978012],[38.2906028,47.49803510000001],[38.29061520000001,47.4983024],[38.2900394,47.4989951],[38.2902337,47.4992161],[38.2906943,47.4994639],[38.2915936,47.4997083],[38.29208230000001,47.4999064],[38.292512400000014,47.5001771],[38.29243420000001,47.5004875],[38.29273720000001,47.5008243],[38.2935974,47.5013658],[38.29375380000001,47.5016629],[38.2936813,47.5018606],[38.2937802,47.5021613],[38.29361690000001,47.5023299],[38.2934507,47.5026402],[38.2934587,47.5029046],[38.29332270000001,47.5031719],[38.293298,47.5035143],[38.293372200000015,47.5037983],[38.2934507,47.5041854],[38.2934312,47.5043439],[38.2934019,47.5046476],[38.29319910000001,47.504859],[38.29272930000001,47.505026],[38.29223480000001,47.5052264],[38.291765,47.5055271],[38.2915671,47.5058445],[38.2915919,47.5060199],[38.2919161,47.5064304],[38.2925417,47.5069454],[38.2931575,47.5074802],[38.2934507,47.5078104],[38.2934312,47.5080877],[38.29338220324317,47.50811587097483],[38.284908,47.508376],[38.28490620157575,47.509000070507135],[38.284896,47.509034],[38.2848209,47.5200836],[38.2848134,47.5211814],[38.2848114,47.5214805],[38.2847389,47.5224516],[38.284752,47.5233025],[38.2847646,47.5241255],[38.284851794627926,47.527879804545904],[38.28481728141007,47.53985622300048],[38.2847269,47.5443096],[38.284804277907924,47.54436856327856],[38.284804,47.544465],[38.28493407670219,47.54446747216185],[38.2849391,47.5444713],[38.286217,47.5444989],[38.2868775,47.5446132],[38.294278,47.5446642],[38.29608384377966,47.54467937812403],[38.305114,47.544851],[38.30534497563385,47.545186519277266],[38.3052734,47.54531570000001],[38.3054133,47.5455967],[38.3055917,47.545722],[38.30576848592447,47.54580171779087],[38.30671195614095,47.54717221925842],[38.3061402,47.5476779],[38.3059379,47.5478824],[38.3059738,47.5480853],[38.3060754,47.5482879],[38.3062786,47.548445],[38.3066129,47.54851890000001],[38.3074046,47.5487126],[38.307944593351166,47.54896276979837],[38.30846260258692,47.54971523914547],[38.3084811,47.5497559],[38.3085506,47.5499445],[38.3085194,47.5502187],[38.3085821,47.5504383],[38.3088315,47.5507692],[38.3090942,47.550964],[38.3092862,47.5510945],[38.30950891556625,47.5512351318232],[38.30957438135087,47.55133022857595],[38.3096391,47.5515418],[38.3096394,47.5517966],[38.3095542,47.55213280000001],[38.3096967,47.5522808],[38.3101864,47.5525427],[38.310446,47.5527096],[38.31054321569227,47.552737574418465],[38.31115,47.553619],[38.31107937416412,47.562411524200556],[38.3107926,47.5761448],[38.32396,47.5761775],[38.33049,47.5761937],[38.336649,47.5761946],[38.3399839,47.5761951],[38.3462209,47.5761959],[38.34855001155973,47.576196210879814],[38.3507160303701,47.576205906138405],[38.35069622516175,47.578881344857415],[38.35012,47.616689],[38.38248269580753,47.61678465957116],[38.3991765,47.6169367],[38.4300784,47.6170692],[38.4416586,47.6170533],[38.45668638798145,47.6171103580957],[38.456275,47.644253],[38.567990341592235,47.64467377726761],[38.5913144,47.6448461],[38.5919874,47.6447978],[38.59225880000001,47.6447765],[38.592404899539716,47.6447657350134],[38.61647895780774,47.64485641026278],[38.6165171,47.6451077],[38.6171346,47.6456343],[38.6174891,47.6463459],[38.6189101,47.6474397],[38.6195963,47.647781],[38.6206692,47.6483146],[38.62211090000002,47.6496315],[38.623349,47.6507623],[38.62502590000001,47.6522352],[38.6260863,47.6534589],[38.6272301,47.6534513],[38.6295870323811,47.65343558025567],[38.629274,47.669278],[38.62927644172244,47.6692780093366],[38.6292721,47.669396],[38.6359091,47.6695014],[38.6375104,47.6695984],[38.6382436,47.6695817],[38.6437274,47.66955870000001],[38.6532488,47.66954830000001],[38.65572863251943,47.66937915665345],[38.665887,47.669418],[38.66569118872709,47.68947456573221],[38.6656445,47.6907115],[38.665678172337834,47.69080780902704],[38.66564541014566,47.694163576298216],[38.6655304,47.6961887],[38.6653895,47.69651380000001],[38.6647428,47.6970558],[38.665261390782845,47.697335231476714],[38.6592,47.700057],[38.727703078959216,47.698832401168424],[38.7322014,47.6994668],[38.7345363,47.6996145],[38.7348912,47.6996369],[38.7356172,47.6991207],[38.7358819,47.6984873],[38.736127,47.6980585],[38.735578,47.6974713],[38.7354506,47.6971678],[38.7356074,47.6949442],[38.73551170000001,47.6945835],[38.73213720000001,47.6929912],[38.7314019,47.6928658],[38.7307942,47.69252930000001],[38.7306373,47.6923643],[38.7300099,47.6918958],[38.7298727,47.69117],[38.7300295,47.6904441],[38.73021580000001,47.6900878],[38.7308138,47.6895731],[38.7313235,47.6893157],[38.73270570000001,47.6890914],[38.73317630000001,47.6888604],[38.73349,47.6884909],[38.7336076,47.6880026],[38.734137,47.6874086],[38.7346271,47.6872503],[38.7350584,47.6872371],[38.7356662,47.687369],[38.73651910000001,47.6878574],[38.7369406,47.687996],[38.7372935,47.6879762],[38.7377346,47.6877386],[38.7380287,47.6872437],[38.7385091,47.6863132],[38.7392051,47.6858776],[38.739705,47.6850923],[38.7398815,47.6845644],[38.739656,47.6841486],[38.7392541,47.6837526],[38.73892080000001,47.6835744],[38.7374896,47.6833764],[38.7366955,47.6834556],[38.736332800000014,47.6833698],[38.7359211,47.6830795],[38.73556820000001,47.6825911],[38.73534270000001,47.6818915],[38.7352545,47.6813305],[38.73528995107164,47.680989425549825],[38.74481208487939,47.68218982894149],[38.744881,47.6822809],[38.7449202,47.6824657],[38.7444987,47.6832445],[38.7445281,47.6835612],[38.74493,47.684241],[38.7450672,47.6848943],[38.7451947,47.6851781],[38.7459397,47.6856994],[38.7464886,47.6862208],[38.746871,47.686366],[38.7472435,47.6863528],[38.7475572,47.6862934],[38.7478709,47.6860294],[38.7480473,47.6857192],[38.7500961,47.6846568],[38.7507823,47.6844654],[38.7512039,47.6844852],[38.7516842,47.6846106],[38.7519881,47.6848745],[38.7522332,47.6852969],[38.7524096,47.6859436],[38.7527429,47.686333],[38.7530958,47.686498],[38.7534585,47.6865178],[38.7541545,47.6863594],[38.7546153,47.685871],[38.7547035,47.6856005],[38.7551449,47.6853401],[38.764152,47.6855278],[38.77127099059312,47.6855253586452],[38.772608151936055,47.68569392727106],[38.772595371335186,47.69440244810406],[38.77120337062373,47.715549334729346],[38.7707513,47.7175131],[38.771065500981265,47.717643811890326],[38.770912924011725,47.719961718662844],[38.7707635,47.7199518],[38.7706557,47.7200046],[38.7706802,47.720153],[38.7705576,47.7202585],[38.7706361,47.720331],[38.7705331,47.7206113],[38.7704351,47.720763],[38.7704351,47.7208916],[38.7705478,47.7209048],[38.7705331,47.72101030000001],[38.7703714,47.721096],[38.7703175,47.7210004],[38.7702341,47.7209938],[38.77015080000001,47.7210565],[38.7704302,47.721317],[38.7708762,47.7217885],[38.7708664,47.7218742],[38.7713468,47.72254030000001],[38.7714497,47.72251720000001],[38.77214080000001,47.7228172],[38.7724496,47.72333490000001],[38.7725672,47.7244065],[38.7730003,47.7250254],[38.7729464,47.7252232],[38.77251990000001,47.7255694],[38.7726741,47.72751430000001],[38.7730896,47.7278605],[38.7735366,47.72823120000001],[38.7733666,47.72863130000001],[38.773398,47.728900300000014],[38.7737373,47.7290054],[38.7743897,47.7289617],[38.7745145,47.72903630000001],[38.7747779,47.7289011],[38.77505520000001,47.728915100000016],[38.77514530000001,47.7289897],[38.775173,47.729110900000016],[38.775277,47.72923680000001],[38.77639820000001,47.730781],[38.7757882,47.7335504],[38.7775211,47.7357043],[38.7792817,47.7363663],[38.7797592,47.7371867],[38.7890234,47.7375434],[38.78891510000001,47.7502977],[38.7889067,47.7512904],[38.7889398,47.7654411],[38.788961,47.7658336],[38.7891099,47.7685824],[38.7895026,47.76855980000001],[38.7899988,47.7684914],[38.790893,47.768524],[38.7917803,47.76843080000001],[38.7932706,47.768729],[38.793737,47.769166],[38.79373250000001,47.76970280000001],[38.7933971,47.7705936],[38.7930377,47.7714137],[38.79253480000001,47.7720044],[38.79251520000002,47.7723404],[38.7933484,47.7728411],[38.794662,47.772907],[38.7964462,47.7733616],[38.7965442,47.7736581],[38.79619130000001,47.7739875],[38.796318700000015,47.7744486],[38.79576,47.7748835],[38.79554430000001,47.7757794],[38.795995200000014,47.7761615],[38.7959805,47.776458],[38.79547510000001,47.7766374],[38.79343630000001,47.7765084],[38.7928767,47.7765514],[38.79242890000001,47.77693830000001],[38.7920691,47.7776582],[38.79173330000001,47.7778892],[38.79030220000001,47.7778892],[38.7893428,47.7778463],[38.788991,47.77830830000001],[38.7889403,47.7788647],[38.7892107,47.7794951],[38.7896841,47.7798586],[38.7899799,47.7800461],[38.790318,47.7803301],[38.790411,47.7806368],[38.7903264,47.7810173],[38.790411,47.7813808],[38.7904861,47.7818757],[38.79312920000001,47.7837784],[38.7932651,47.7842243],[38.7930973,47.7844216],[38.79269590000001,47.7845926],[38.7919459,47.7845896],[38.7911064,47.7845896],[38.7906427,47.7848206],[38.7890357,47.7848153],[38.7872847,47.7844983],[38.7865412,47.7846165],[38.7859175,47.7849066],[38.78533390000001,47.7859112],[38.7850301,47.7865451],[38.7838686,47.7880408],[38.7837908,47.7891987],[38.7836382,47.7911841],[38.7839709,47.79173020000001],[38.7847023,47.792153],[38.7855098,47.79291040000001],[38.7872127,47.7935818],[38.7880043,47.7940276],[38.7886039,47.7945755],[38.7890031,47.795345800000014],[38.7892915,47.7956443],[38.790067,47.7960256],[38.7904681,47.796407],[38.790333900000014,47.7975221],[38.7907297,47.79881330000001],[38.7906844,47.79936020000001],[38.7901715,47.7997444],[38.7898499,47.8001298],[38.7894068,47.8013471],[38.7895085,47.8032563],[38.7890517,47.8041943],[38.7890436,47.8049278],[38.7890051,47.8084241],[38.788993,47.8095194],[38.78893304018099,47.81496026454078],[38.788677,47.815974],[38.82881854573714,47.81604749556032],[38.8287987,47.8232682],[38.8292331,47.8238186],[38.8314945,47.8246157],[38.8320825,47.8252762],[38.8324104,47.8266805],[38.8321638,47.8273204],[38.8319526,47.8274662],[38.8309645,47.827562],[38.8304368,47.8278303],[38.8304368,47.8283564],[38.8299091,47.8284422],[38.8294294,47.827927],[38.8288538,47.8279055],[38.828422,47.8285711],[38.8288858,47.8293547],[38.8279583,47.8299237],[38.828438,47.8310616],[38.828454,47.83187739999999],[38.8279743,47.8326073],[38.8273136,47.832754],[38.8265367,47.8333811],[38.8261995,47.833798],[38.8260614,47.8341659],[38.8258445,47.8347439],[38.8252904,47.8353662],[38.8257088,47.8359507],[38.8260367,47.8368842],[38.8256975,47.8375141],[38.8264974,47.8387241],[38.8264224,47.8389492],[38.8246912,47.8402008],[38.8247551,47.840442],[38.8249376,47.8406903],[38.8250789,47.8407889],[38.8252428,47.8408497],[38.8252428,47.8409483],[38.8256111,47.8421217],[38.8260624,47.8426397],[38.82631520000001,47.8437366],[38.8260464,47.8451456],[38.8261984,47.8456929],[38.8269019,47.84631],[38.8276611,47.8473966],[38.8273898,47.8477912],[38.8275255,47.8482009],[38.8280343,47.8483982],[38.8293903,47.8481332],[38.8297771,47.8482581],[38.8297913,47.8485645],[38.8293572,47.8491798],[38.829425,47.8495592],[38.8298434,47.8499461],[38.8307219,47.8501002],[38.8329665,47.8499901],[38.8343508,47.8495009],[38.8360547,47.84968459999999],[38.8375233,47.8505432],[38.83824267066356,47.85128166461085],[38.8393994,47.8642544],[38.842935387353535,47.86433681579934],[38.8429626,47.8653254],[38.85785139999999,47.8655194],[38.8594211,47.8655399],[38.8643262,47.8656038],[38.8775668,47.8671032],[38.8785044,47.8705076],[38.8785044,47.8712972],[38.8789302,47.8718265],[38.8796064,47.8724229],[38.8796941,47.8727169],[38.8793059,47.8729353],[38.8789677,47.873389],[38.8789302,47.8735207],[38.8790329,47.8736998],[38.8791362,47.87387],[38.8791934,47.8740351],[38.8792106,47.8741695],[38.8791648,47.8742654],[38.8789931,47.8744036],[38.8786268,47.8745956],[38.8784322,47.8746417],[38.878312,47.8746378],[38.8781575,47.8747069],[38.8780774,47.8748298],[38.878043,47.8749872],[38.8780202,47.8751215],[38.8779858,47.8753442],[38.8779,47.8755438],[38.8778427,47.8757319],[38.8779,47.8758125],[38.8780602,47.8758739],[38.8783693,47.8759315],[38.8786726,47.8759661],[38.8790446,47.8759891],[38.8794395,47.8759814],[38.8798459,47.8759546],[38.8804697,47.8758663],[38.8809448,47.875824],[38.8815228,47.8757357],[38.8820208,47.8755975],[38.8826503,47.8753787],[38.8832627,47.8750755],[38.8836519,47.8748912],[38.8839953,47.8747338],[38.8842242,47.8746762],[38.884447499999986,47.8746378],[38.8846936,47.8746148],[38.8851572,47.8746148],[38.8857009,47.8745956],[38.8861702,47.8745495],[38.8864907,47.8744612],[38.8868799,47.8742616],[38.8871889,47.8741272],[38.887498,47.8740351],[38.8876869,47.8739737],[38.8879215,47.8739122],[38.8881562,47.8738892],[38.8884881,47.8738892],[38.8887571,47.8739468],[38.8890834,47.8741042],[38.88928939999999,47.874181],[38.8895527,47.8742424],[38.8899247,47.8742808],[38.8902853,47.8743],[38.8906172,47.8742616],[38.8908519,47.8742002],[38.8910236,47.8741196],[38.8911552,47.8740082],[38.8913155,47.8738239],[38.8914643,47.8736742],[38.89147,47.8735514],[38.89148139999999,47.8733978],[38.8915043,47.8732826],[38.891573,47.873156],[38.8916531,47.8730907],[38.8918077,47.8730216],[38.8919736,47.8730216],[38.8922198,47.8730792],[38.8924773,47.8731867],[38.8926948,47.8733441],[38.8927978,47.8734938],[38.8929867,47.8738086],[38.8931298,47.8740389],[38.89331290000001,47.8741656],[38.8935018,47.8743077],[38.8937937,47.8744075],[38.8939883,47.8744267],[38.8942286,47.874419],[38.8946121,47.8743537],[38.8950185,47.8743153],[38.8955164,47.8743],[38.8960315,47.8743345],[38.8964722,47.8743998],[38.8967526,47.8744152],[38.8970045,47.8744075],[38.8976455,47.8743806],[38.8979316,47.8743614],[38.8982693,47.8743384],[38.8984296,47.8743],[38.8985097,47.8742117],[38.89857270000001,47.8740812],[38.8986299,47.873943],[38.89875580000001,47.8735322],[38.8988188,47.8733326],[38.8988645,47.8731828],[38.8989847,47.8730139],[38.8991564,47.8729333],[38.8993281,47.8728911],[38.8997288,47.872822],[38.9006102,47.8726146],[38.9009994,47.8725532],[38.9020582,47.8724496],[38.9027564,47.8724189],[38.9034547,47.8723689],[38.9040957,47.8723728],[38.9050572,47.8724496],[38.9056295,47.8725225],[38.9074438,47.8725647],[38.908165,47.8726377],[38.9085999,47.8727529],[38.9091207,47.8729319],[38.9093781,47.873204],[38.909737,47.8741511],[38.909971,47.8743656],[38.9118432,47.8754854],[38.9124361,47.8756267],[38.9135249,47.8752667],[38.9139596,47.8749386],[38.9145987,47.8743224],[38.9169472,47.8739735],[38.9274449,47.8731005],[38.93253530000001,47.8736427],[38.935487,47.8735308],[38.9368361,47.8734797],[38.9414017,47.8732852],[38.94168949999999,47.8731549],[38.9424924,47.8730407],[38.9429181,47.8728367],[38.9433439,47.872698],[38.9440129,47.8726654],[38.9445481,47.872494],[38.9447184,47.8723227],[38.9449982,47.8721432],[38.945947,47.8718249],[38.9465673,47.8716699],[38.9472364,47.8714822],[38.9478689,47.8714006],[38.949061,47.8709682],[38.9497422,47.8708213],[38.9505937,47.8705275],[38.9513965,47.8702093],[38.9525034,47.869834],[38.9528319,47.86963],[38.9533063,47.8695157],[38.9540726,47.8694423],[38.9548024,47.8694015],[38.9555931,47.8693688],[38.985599,47.8699334],[39.0361211,47.8696772],[39.066672852597975,47.86955162575118],[39.082778,47.869927],[39.08278043714751,47.86953181545183],[39.0831103,47.86953230000001],[39.0830608,47.851627],[39.0878969302084,47.85163195975813],[39.109389,47.851752],[39.10939058884856,47.851654002867704],[39.1094853,47.8516541],[39.10947282097682,47.8465820829025],[39.109535,47.842747],[39.149633856425766,47.84258219786509],[39.1499219,47.851505],[39.1622807,47.851569],[39.16261510000001,47.8512521],[39.1644093,47.8503203],[39.1679822,47.8480325],[39.16815380000001,47.847509],[39.1688325,47.847242],[39.1691211,47.8469226],[39.1697374,47.8466138],[39.1705253,47.8467761],[39.1719295,47.8462211],[39.1722727,47.8465876],[39.1721401,47.8471111],[39.17434,47.8485665],[39.1757051,47.849891],[39.175712900000015,47.850336],[39.175908,47.8505768],[39.1765633,47.8508019],[39.1770937,47.851116],[39.1778894,47.8514249],[39.1798709,47.8527231],[39.1809689,47.8536801],[39.2338918261581,47.85364797558382],[39.236213,47.853953],[39.23639093248974,47.85437393393379],[39.2363764,47.854467499999984],[39.2348164,47.8563829],[39.2343639,47.8566394],[39.2341065,47.8569744],[39.2338647,47.8571995],[39.2336384,47.8572937],[39.2335604,47.857435],[39.2336774,47.8576287],[39.2337087,47.85784849999999],[39.2338335,47.8579532],[39.2338179,47.8580788],[39.2341767,47.8586284],[39.2340675,47.8588535],[39.2341377,47.8589425],[39.2340675,47.8590681],[39.2339274,47.8599062],[39.234527,47.860555],[39.23540830000001,47.8604774],[39.23681,47.86091],[39.2371459,47.8614766],[39.2373882,47.8622654],[39.2375271,47.8623757],[39.23751580000001,47.8625442],[39.2370304,47.8629883],[39.2370469,47.8634435],[39.2367932,47.8635989],[39.2367711,47.8637284],[39.2367987,47.8640467],[39.236738,47.8641799],[39.2368814,47.8644501],[39.2369366,47.8646499],[39.241737,47.8670691],[39.35144119999999,47.8669487],[39.34839,47.871448],[39.3541882,47.872621],[39.3554047,47.8727119],[39.3873086,47.8711604],[39.39035041251288,47.866185555138834],[39.39045,47.866185],[39.412529,47.830898],[39.423622804145126,47.83489132261192],[39.4244528,47.8357549],[39.4263563,47.8369279],[39.4301319,47.8373887],[39.4311617,47.8379752],[39.4326103,47.8381751],[39.4327356,47.838212],[39.43279900196515,47.838194384191766],[39.43336195704161,47.83839702534235],[39.4333948,47.8384345],[39.4335547,47.8385131],[39.4336522,47.8386414],[39.4336288,47.8387016],[39.43366,47.8387408],[39.4339175,47.8387513],[39.434015,47.8387147],[39.434205972614194,47.83870083694987],[39.437354,47.839834],[39.43825756592033,47.840931970728285],[39.4332243,47.8443538],[39.4399605,47.8547661],[39.4406843,47.8549593],[39.4414956,47.8549436],[39.441909,47.8550117],[39.4425643,47.8552263],[39.4426657,47.8551896],[39.4427671,47.8550797],[39.443243,47.855064],[39.4433288,47.8551059],[39.4441947,47.8551164],[39.4443819,47.8550797],[39.4445691,47.8552211],[39.4450294,47.8553833],[39.4456067,47.8554357],[39.4459655,47.8554566],[39.4464492,47.8552577],[39.4468158,47.8547447],[39.4469095,47.8546924],[39.4468626,47.8545772],[39.4469251,47.85444109999999],[39.4468704,47.8542317],[39.4469095,47.8538286],[39.4467378,47.8536559],[39.446496,47.8535617],[39.4464258,47.8532947],[39.4462152,47.8530906],[39.4456145,47.8528288],[39.4455053,47.8525775],[39.4457816,47.8525105],[39.4458588,47.8524032],[39.4462687,47.8523184],[39.4464299,47.8524193],[39.4468512,47.8525162],[39.4473114,47.8522754],[39.4481695,47.8521733],[39.4483216,47.8520555],[39.4484114,47.8519482],[39.4486493,47.8519273],[39.4487312,47.8520791],[39.4489028,47.8521053],[39.4489691,47.8521498],[39.4489379,47.8521995],[39.4489769,47.852223],[39.4491642,47.8522361],[39.4493475,47.8523434],[39.4493629,47.8522828],[39.4494333,47.8522806],[39.4494567,47.8523251],[39.4496828,47.8524197],[39.4499531,47.8524734],[39.4499807,47.8524438],[39.4500301,47.8524534],[39.4501042,47.8525162],[39.4500691,47.8525738],[39.449913,47.8526209],[39.4499911,47.8528041],[39.4501744,47.8528538],[39.450346,47.8529611],[39.4504279,47.8529245],[39.4507322,47.8530004],[39.4507712,47.8530528],[39.4508999,47.8531025],[39.450935,47.8532229],[39.45120449999999,47.8534649],[39.4515477,47.8538942],[39.4516491,47.8539072],[39.4516959,47.8539439],[39.451867599999986,47.8539465],[39.4519495,47.8539884],[39.4520119,47.853991],[39.4520236,47.8540329],[39.452164,47.8541323],[39.452281,47.854135],[39.4523824,47.8542213],[39.4525657,47.8543025],[39.4542172,47.855226],[39.4563465,47.8552556],[39.4584426,47.8555592],[39.4599209,47.8569805],[39.4606567,47.8572518],[39.4608127,47.85746109999999],[39.4613042,47.8575135],[39.461468,47.8575763],[39.4615304,47.85766],[39.4615382,47.8577857],[39.4618347,47.858084],[39.4618035,47.8581625],[39.4620141,47.8582829],[39.4621077,47.8582881],[39.4622889,47.8585311],[39.4623716,47.8586199],[39.4622779,47.8586459],[39.4622944,47.8587014],[39.4626088,47.8588124],[39.4627191,47.8587939],[39.4631053,47.8589123],[39.4632377,47.8589086],[39.4633204,47.8589567],[39.4636072,47.8589715],[39.4636293,47.859016],[39.4637176,47.859016],[39.4637396,47.8589271],[39.4638334,47.8589123],[39.4638941,47.8589493],[39.4638665,47.8590308],[39.4639658,47.8590456],[39.4640651,47.8589827],[39.4641478,47.8589827],[39.4641809,47.8590826],[39.4642747,47.859127],[39.464385,47.8592972],[39.4644402,47.8592972],[39.4644898,47.8593713],[39.4647325,47.85946749999999],[39.4647546,47.8595452],[39.4649808,47.8595896],[39.4652786,47.8595563],[39.4653779,47.8595637],[39.4658689,47.8596599],[39.4659902,47.8597377],[39.4661557,47.8597969],[39.4663598,47.8597747],[39.4664812,47.8598487],[39.4665584,47.8598154],[39.466779,47.8596155],[39.4673637,47.8596118],[39.467441,47.85964139999999],[39.467794,47.8596637],[39.4679374,47.8596155],[39.4680919,47.8596562],[39.4682243,47.8596266],[39.4683015,47.8596711],[39.4683732,47.85964139999999],[39.468478,47.8596859],[39.4685997,47.859667399999985],[39.4687245,47.8597197],[39.4688025,47.8596151],[39.4691146,47.8595104],[39.4693564,47.8594842],[39.4695982,47.8593691],[39.4697777,47.8594005],[39.4700897,47.8593219],[39.4702457,47.8593219],[39.4703471,47.8592591],[39.470667,47.8591492],[39.4709868,47.8591859],[39.4716343,47.8591283],[39.472079,47.8589556],[39.4722818,47.85908639999999],[39.4723832,47.8590602],[39.4726796,47.8591492],[39.4728123,47.8592539],[39.4731633,47.8592539],[39.4739512,47.8595837],[39.4749341,47.8596098],[39.4751916,47.8597511],[39.4755582,47.8597564],[39.4763227,47.86006],[39.4764553,47.8600704],[39.4766269,47.8601751],[39.4773758,47.8603478],[39.4778062,47.8606797],[39.5209371,47.8256835],[39.5349572,47.8328253],[39.54245455054172,47.8251226295538],[39.5440521656307,47.82591226167537],[39.5445747,47.8264637],[39.5458622,47.826868],[39.5468001,47.8278994],[39.5478025,47.82806],[39.548628,47.8284604],[39.54931830000001,47.8288152],[39.549824281343845,47.828765169117176],[39.565587,47.836556],[39.56803863823889,47.83643041832643],[39.6216631,47.8363575],[39.6218077,47.8373306],[39.622552800000015,47.8379451],[39.6244949,47.8385568],[39.62570980000001,47.839133],[39.62665,47.83893],[39.6276418,47.8388717],[39.6286247,47.8387251],[39.62953690000001,47.8384799],[39.6305666,47.838527],[39.63129,47.83859],[39.6319942,47.8386003],[39.6328133,47.8384904],[39.6329069,47.8385585],[39.6333438,47.8385532],[39.6335466,47.8384956],[39.6339835,47.8385794],[39.6344203,47.838438],[39.6346075,47.8384642],[39.6348728,47.83837],[39.63513020000001,47.8383909],[39.6353642,47.8383542],[39.6358229,47.8385006],[39.6451077,47.8363677],[39.6480478,47.8353442],[39.6522289,47.8329947],[39.70653870000001,47.829557],[39.7091768,47.82939],[39.72319680000001,47.8285025],[39.729082732307205,47.828181164202825],[39.73773478345895,47.82773797521752],[39.7379636657213,47.827768936095836],[39.7389637065081,47.82851313041087],[39.74098,47.83069],[39.74201,47.83172],[39.7567387,47.8468232],[39.7590272,47.8463423],[39.76289737855317,47.84632370664825],[39.763184,47.846537],[39.762505,47.870145],[39.76344435279575,47.87004908384328],[39.7634486,47.8706904],[39.7638348,47.8707984],[39.764221,47.8709279],[39.7646717,47.8710863],[39.76502570000001,47.8712518],[39.76550850000001,47.8712662],[39.76592590000001,47.8711493],[39.76671010000001,47.8711007],[39.7671822,47.8709567],[39.7676757,47.8710143],[39.7678474,47.87082],[39.7681478,47.8706545],[39.7685877,47.8706545],[39.7690276,47.870712],[39.76943530000001,47.8706401],[39.76972390000001,47.8706455],[39.7700468,47.8704817],[39.7702721,47.8705465],[39.770712,47.8704673],[39.7711197,47.8704961],[39.7714727,47.8705087],[39.7717849,47.8703882],[39.7719351,47.8701867],[39.772332,47.8701291],[39.7726646,47.8699995],[39.7728792,47.8700643],[39.7735015,47.8700715],[39.7740916,47.8700499],[39.77455290000001,47.8698916],[39.7752278,47.8696019],[39.7758618,47.8694813],[39.7762695,47.8694022],[39.7767416,47.869287],[39.7772984,47.869314],[39.7777179,47.8694166],[39.7782114,47.8694166],[39.7796276,47.8692582],[39.7799924,47.869323],[39.7801748,47.8694526],[39.7804849,47.8696955],[39.78084,47.8698268],[39.7810975,47.86987],[39.7814086,47.8698196],[39.781709,47.8697404],[39.7823099,47.8696253],[39.7828034,47.8696325],[39.7832218,47.8695173],[39.7834782,47.8694939],[39.7835866,47.8694382],[39.7838548,47.8694597],[39.7839943,47.8695533],[39.7841552,47.8695317],[39.784402,47.8695317],[39.7845415,47.869431],[39.7848526,47.8693662],[39.7854105,47.869323],[39.7856884,47.8693428],[39.7860006,47.86931580000001],[39.7862999,47.869242],[39.7867838,47.8692078],[39.7870627,47.8691503],[39.787288,47.8692007],[39.7875241,47.869215],[39.7878138,47.8691863],[39.7880176,47.8690423],[39.7882965,47.8690567],[39.7887675,47.8690909],[39.7891978,47.8690207],[39.7896377,47.8689703],[39.7899917,47.8689631],[39.7903565,47.8689056],[39.7909573,47.8688696],[39.7912995,47.8688894],[39.7916547,47.8690207],[39.7920624,47.8690639],[39.79292070000001,47.8692222],[39.7935966,47.8692798],[39.7938755,47.8695173],[39.7939614,47.8698556],[39.7939603,47.8700841],[39.7944227,47.8703954],[39.794866081247996,47.87037766118449],[39.79391779602949,47.915244262882425],[39.7935606,47.915877],[39.7936484,47.9193514],[39.7942688,47.9198203],[39.79451510000001,47.9207495],[39.7964908,47.9219495],[39.7966194,47.9224593],[39.79813280000002,47.9236931],[39.79836680000001,47.9241426],[39.79917810000001,47.9244876],[39.79933410000001,47.9248013],[39.8004731,47.9257318],[39.8010971,47.9265368],[39.801378,47.9271118],[39.8011127,47.9274463],[39.801222,47.9276659],[39.8003639,47.9290145],[39.8004731,47.9304258],[39.80072,47.93129],[39.8005906,47.931505],[39.8006872,47.9320455],[39.8014072,47.9328695],[39.8021212,47.9347411],[39.8034693,47.9347955],[39.8037523,47.9347959],[39.8040889,47.9348045],[39.8045609,47.9349195],[39.8052047,47.9349123],[39.8056553,47.9349052],[39.8061595,47.9349698],[39.8064707,47.9348333],[39.80634773784912,47.93955954858533],[39.805888,47.950562],[39.82173254112051,47.95076242390293],[39.8210691,47.95169139999999],[39.8218965,47.9526519],[39.8221282,47.9535238],[39.8224371,47.9539376],[39.8241581,47.9546543],[39.82474222263744,47.95526196529473],[39.82422092660217,47.95613341669909],[39.82372,47.95601],[39.8229004,47.955962],[39.8224371,47.9561098],[39.8224371,47.9567895],[39.8222495,47.9569816],[39.8223047,47.9571663],[39.82333028308611,47.95762230686965],[39.822157818037496,47.959582318540676],[39.82149,47.96013],[39.8184,47.96013],[39.81789,47.96064],[39.8184,47.96099],[39.8185439,47.9614525],[39.8179927,47.961973],[39.8176802,47.9625313],[39.8178243,47.9630989],[39.8170388,47.963221],[39.8168995,47.963486],[39.8170278,47.9638616],[39.8172734,47.9641316],[39.8180028,47.964566],[39.8182044,47.9650151],[39.8181787,47.9652508],[39.8172,47.96596],[39.81703,47.96648],[39.8171084,47.9667086],[39.8175849,47.9668951],[39.81776030433065,47.96693364914032],[39.81729055311159,47.96771893299413],[39.81686,47.96768],[39.816,47.96802],[39.816534351800236,47.96898307591903],[39.815408,47.970866],[39.822680264430964,47.982956867033714],[39.8225452,47.9830071],[39.8223456,47.9831026],[39.8212492,47.9832292],[39.8209175,47.9832327],[39.8206298,47.9832431],[39.8203006,47.983335],[39.8200725,47.9834252],[39.8199066,47.9834409],[39.8193632,47.9835777],[39.8190003,47.9838483],[39.8183057,47.98406339999999],[39.8178081,47.984112],[39.8175696,47.9839246],[39.8172586,47.9836262],[39.8169475,47.9836401],[39.8166365,47.9834666],[39.8162114,47.9834736],[39.8160559,47.9836401],[39.8158071,47.9846394],[39.8149881,47.9856595],[39.8150192,47.9861452],[39.815185,47.9875122],[39.8150606,47.9884004],[39.8149466,47.9885322],[39.8149984,47.9889347],[39.8151539,47.9891637],[39.8154857,47.9891498],[39.8159834,47.9894204],[39.8163773,47.98958],[39.81730938478238,47.98959925657415],[39.81742266983436,47.99056638400706],[39.8170927,47.9905306],[39.81666759999999,47.9906208],[39.8164188,47.9908289],[39.8163981,47.9912105],[39.8163773,47.9918489],[39.8161907,47.9924178],[39.8159523,47.9930839],[39.8159834,47.9932782],[39.8161492,47.9934447],[39.81771,47.99394],[39.8177044,47.9944368],[39.8177873,47.9945409],[39.8178081,47.9947074],[39.817479506187595,47.99516687630559],[39.81722830215826,47.99539067625899],[39.8171238,47.9954428],[39.8167713,47.9953665],[39.8165121,47.9952833],[39.8162322,47.9952763],[39.81589,47.9953596],[39.8156412,47.9955677],[39.8154339,47.9957689],[39.8152058,47.9959285],[39.8148948,47.9960326],[39.814366,47.9961921],[39.8138373,47.9964488],[39.813267,47.9966153],[39.813039,47.996761],[39.8128109,47.9970108],[39.8128212,47.9972744],[39.812956,47.9974478],[39.8132359,47.9977531],[39.813153,47.9979543],[39.81368169999999,47.9984815],[39.81384364359043,47.99860881389788],[39.8164603,48.00120530170912],[39.8164603,48.0013189],[39.8162011,48.0015339],[39.8157656,48.0015339],[39.8153095,48.0014507],[39.8149777,48.0013813],[39.814563,48.0013813],[39.8143971,48.0014438],[39.8141304,48.0017151],[39.8141068,48.0019918],[39.813858,48.0023664],[39.8136921,48.0024635],[39.8134633,48.0025581],[39.8130908,48.0026786],[39.8122403,48.0026532],[39.8117647,48.0026367],[39.8109124,48.0026904],[39.8104368,48.0027069],[39.80968939999999,48.0028598],[39.8095968,48.0029921],[39.8096029,48.0031037],[39.8103788,48.0033722],[39.8106406,48.0037773],[39.810739324003315,48.00403306074827],[39.80905812538937,48.00475551797052],[39.8077623,48.0046203],[39.8074226,48.0046286],[39.8071441,48.0047457],[39.8064714,48.0053146],[39.8062182,48.005484],[39.8058585,48.0055226],[39.8049334,48.0054634],[39.8044455,48.0055708],[39.8038772,48.0057196],[39.8037475,48.0058849],[39.8037414,48.0062403],[39.8035561,48.0065874],[39.80331657979201,48.007222817817954],[39.8022540114148,48.007679432635435],[39.8021884,48.0076729],[39.8013175,48.0071874],[39.8008134,48.0069615],[39.8006526,48.0069138],[39.8003255,48.0069966],[39.800177,48.0071735],[39.8000692,48.0073148],[39.799761,48.0080551],[39.79930620000001,48.0084636],[39.79885,48.0086717],[39.7980413,48.0087272],[39.79752290000001,48.00871330000001],[39.79671430000001,48.0095456],[39.7934796,48.0108219],[39.7920696,48.0116819],[39.7915512,48.0118206],[39.791095,48.0121674],[39.7909913,48.01318],[39.7907633,48.0134158],[39.7902656,48.01388739999999],[39.7900997,48.0149416],[39.7896021,48.0153716],[39.7885861,48.0157322],[39.7884409,48.0163841],[39.7877774,48.0173134],[39.7877981,48.0182149],[39.7866992,48.018839],[39.7861808,48.0191026],[39.7866577,48.0195741],[39.786637,48.0209194],[39.7855173,48.0217654],[39.7835474,48.0227224],[39.7835267,48.023915],[39.7841902,48.0243727],[39.78457237394675,48.024646560610655],[39.78422113050286,48.02569730935931],[39.7841902,48.025704],[39.7832778,48.0258427],[39.7834023,48.02630030000001],[39.7836303,48.0270907],[39.78370628015405,48.027237490020795],[39.78294648042146,48.029510439543785],[39.7827595,48.0297116],[39.7822826,48.0305852],[39.7822826,48.0309873],[39.7814117,48.0321936],[39.78115,48.03308],[39.78081,48.03394],[39.78046,48.03411],[39.77875,48.03497],[39.77857,48.03617],[39.77857,48.03738],[39.77651,48.03892],[39.7768988,48.0399094],[39.8717802,48.0413098],[39.87730588193722,48.04145118022686],[39.88346189890003,48.04605365061805],[39.88350568796611,48.0486922188816],[39.87896371013251,48.050268763381844],[39.8476919,48.059076],[39.838839638770246,48.06419604051776],[39.832202,48.0665],[39.868584,48.079444],[39.8693743410544,48.08192759131375],[39.87419,48.10896],[39.8704565,48.1166083],[39.8764637,48.118908],[39.88608759999999,48.1282079],[39.889203,48.1306223],[39.8974738,48.1340955],[39.8993645,48.135854],[39.9002671,48.1382678],[39.902495,48.1403415],[39.9067164,48.1488308],[39.9078304,48.1578272],[39.9067751,48.1683862],[39.9098171,48.1798459],[39.9141228,48.1805309],[39.925,48.18191],[39.9370158,48.1809588],[39.9401828,48.2045149],[39.942,48.22861],[39.942140210650166,48.22861231952806],[39.942194,48.230744],[40.00419990048413,48.223691879711104],[40.007214729422714,48.22448979426776],[40.003076,48.239476],[40.01127152788725,48.245974972826254],[40.01947748092112,48.25279212062774],[40.01904011307541,48.256613422803696],[40.013034,48.2662432],[40.0160136,48.2669079],[40.0141427,48.27031280000001],[40.0104012,48.2701893],[40.009028298998004,48.27262729209143],[40.008963,48.272654],[40.00587838899078,48.27822088964519],[40.0043741,48.2808922],[40.0027171,48.2836658],[39.9930339,48.3007003],[39.992892960101486,48.31061496000666],[39.99120368977913,48.31587231731898],[39.9910005,48.3160623],[39.9907168,48.3167575],[39.99041749385307,48.316992814398844],[39.9742217293104,48.313359086950555],[39.9742186,48.3133566],[39.973462,48.31316],[39.9727053,48.3129575],[39.9724708713671,48.312873381238866],[39.971265,48.307302],[39.963063,48.302596],[39.971011,48.302796],[39.970224,48.298747],[39.958283,48.29805],[39.95722743224936,48.30138970449756],[39.9568246,48.3012724],[39.9567202,48.3018452],[39.956668,48.3023601],[39.9566854,48.3028344],[39.95644779226623,48.30320156387941],[39.95208319675019,48.30354224248015],[39.95193268336782,48.30345137675634],[39.9516797316715,48.30279370234588],[39.9516933,48.3026782],[39.9518499,48.3024121],[39.9517629,48.3021518],[39.951702,48.3018972],[39.9518412,48.3015848],[39.9520586,48.3010757],[39.9520673,48.3009021],[39.9519282,48.3003178],[39.9515977,48.29997070000001],[39.9511541,48.2997624],[39.9504671,48.29957730000001],[39.950439707934166,48.299569640628825],[39.94993434495228,48.298255696875934],[39.9500235,48.29817710000001],[39.9505105,48.2978011],[39.9506497,48.2974539],[39.9505105,48.2972051],[39.950267,48.2970373],[39.9498061,48.296939],[39.9493841081487,48.29682508118662],[39.948411,48.294295],[39.9468957755357,48.29400208679108],[39.946449,48.2937914],[39.9461881,48.2935079],[39.945962,48.2930565],[39.9455358,48.2926457],[39.9450053,48.29231590000002],[39.9442487,48.2918761],[39.9439008,48.2918182],[39.9432833,48.2919745],[39.9427876,48.2922001],[39.942431,48.29235640000001],[39.9418831,48.2926515],[39.9414396,48.2927614],[39.9409264,48.2926862],[39.9405177,48.29249530000001],[39.9400567,48.2924432],[39.9395175,48.2924085],[39.938987,48.2922696],[39.9385261,48.29213650000001],[39.9380738,48.29209020000001],[39.93766931729846,48.29206276618147],[39.936215,48.285058],[39.93575773543799,48.284884874912485],[39.9353951,48.2842201],[39.9346298,48.283595],[39.9342645,48.2834504],[39.9336296,48.2834735],[39.9331252,48.2836819],[39.93259411389434,48.28368709511035],[39.930156,48.282764],[39.932225710684946,48.28107777173101],[39.9328208,48.2809154],[39.93336,48.2808055],[39.9338992,48.2806839],[39.9344037,48.2803945],[39.9347342,48.2800762],[39.934882,48.27977520000001],[39.9348907,48.2794395],[39.9347603,48.27915010000001],[39.9346414018328,48.27910966733252],[39.934695,48.279066],[39.92581958292083,48.27219181355975],[39.9257762,48.2720248],[39.92521090000001,48.2715269],[39.9245934,48.2713012],[39.92369869535554,48.27126834922677],[39.9184168031843,48.270321298308595],[39.9181837,48.27021290000001],[39.9172619,48.2699871],[39.9159312,48.2697266],[39.9150354,48.2696282],[39.914444,48.2697266],[39.9143049,48.26995820000001],[39.9143049,48.270259275987286],[39.91324096347453,48.2714392812425],[39.9130786,48.27133590000001],[39.9125394,48.2710986],[39.9121567,48.2710233],[39.9119045,48.2709886],[39.9109043,48.2711738],[39.9104347,48.2713649],[39.9103043,48.2715269],[39.9102956,48.2717295],[39.9104782,48.2719727],[39.9112321,48.27253190000001],[39.9117734,48.2729065],[39.91181594455049,48.27301976069676],[39.90822,48.277008],[39.91205057441486,48.28659],[39.9118917,48.28659],[39.9115841,48.2868232],[39.9112336,48.2867851],[39.9111401,48.2876863],[39.9107537,48.28917],[39.9105092,48.2913213],[39.9103688,48.292556],[39.90947033020639,48.293324521416196],[39.8923926831532,48.30147514988903],[39.8918961,48.3011979],[39.8880904,48.3022353],[39.887978902056595,48.30358170998871],[39.886916,48.304089],[39.887185841525074,48.308559024980696],[39.857534,48.309246],[39.852479,48.3085768],[39.84120926579927,48.31004709866189],[39.841068,48.310051],[39.840394,48.329117],[39.845302278942484,48.33256950549965],[39.845318,48.3328564],[39.8486099,48.3334876],[39.8615202,48.3345414],[39.8656975,48.3345212],[39.876146431290664,48.33400120099089],[39.877934,48.334073],[39.918581,48.341692],[39.918603,48.347207],[39.91932692271136,48.34723339437065],[39.9320741,48.3490683],[39.93637434307083,48.34785494681617],[39.94352325559287,48.348115597634134],[39.94486322082505,48.350364022797336],[39.947221621090115,48.354704749145924],[39.9430693,48.3547111],[39.9420678,48.3547985],[39.9429884,48.3560758],[39.9413191,48.3565464],[39.9417643,48.3570506],[39.9433728,48.3565531],[39.943805,48.3569999],[39.94424030694168,48.35744984021561],[39.943952818089954,48.35789895422366],[39.940613,48.3593093],[39.9395841,48.3597438],[39.934889,48.3617264],[39.9322922,48.3645634],[39.9325014,48.3649491],[39.9367565,48.3674683],[39.9354909,48.3702791],[39.935417415963975,48.37123292747557],[39.934751,48.372274],[39.9421668141716,48.382290175890034],[39.9425366,48.3840439],[39.9422991,48.3849948],[39.9415145,48.3863196],[39.940956125033566,48.386599245543074],[39.93368193645842,48.38065857567677],[39.9327877,48.3792218],[39.9318304,48.3776316],[39.9305819,48.3764654],[39.9291508,48.3755365],[39.9271098,48.3751712],[39.926965828547,48.37517367801759],[39.926845,48.375075],[39.926095496383155,48.375188658059585],[39.923955,48.3752255],[39.9216222,48.3757819],[39.92145857618088,48.37589182124759],[39.92122,48.375928],[39.92109129789046,48.376138556033],[39.9197103,48.3770663],[39.9178786,48.3787359],[39.9166411,48.3814165],[39.91616802954353,48.38419299940034],[39.915459159232554,48.38535270782413],[39.9140481,48.3868763],[39.9104834,48.3879718],[39.9070349,48.3893815],[39.9057201,48.3903787],[39.9060527,48.3916811],[39.9069024,48.3924733],[39.909748,48.3932275],[39.91125127424124,48.39335852133652],[39.918481463661365,48.397517505078824],[39.918482867101865,48.39768875720701],[39.90917765548656,48.40217913300353],[39.9068839,48.402821],[39.9055677,48.4045089],[39.9057823,48.406724],[39.9071503,48.4084437],[39.9090314,48.4104618],[39.9113789,48.4133708],[39.9120869,48.4161243],[39.91220748019874,48.41701633181381],[39.91066583562537,48.42100235200837],[39.909638,48.4220936],[39.9074942,48.423153],[39.8990249,48.4267918],[39.8962258,48.4288049],[39.8942941,48.4312101],[39.8923624,48.4349781],[39.8909918,48.4374517],[39.890065,48.4396466],[39.8897202833926,48.440372833093406],[39.888817,48.441993],[39.88893549143981,48.44202619668341],[39.8892836,48.4430087],[39.8913799,48.4437432],[39.89594930155396,48.44399119292498],[39.895983559231354,48.44400079059105],[39.89680704823957,48.44450528526503],[39.89723598941005,48.447486426399855],[39.8960663,48.4480587],[39.8896869,48.4493582],[39.8879529,48.4504282],[39.87731367134474,48.455824336997054],[39.86967645389562,48.458767562430836],[39.8689017,48.4590183],[39.866658788692924,48.459930508102396],[39.857752,48.463363],[39.85685431962459,48.46417692099221],[39.85466169999999,48.4653637],[39.8527778,48.4663904],[39.8498666,48.46895270000001],[39.84671914863274,48.473366414999106],[39.846338,48.473712],[39.84634095584168,48.47428949474744],[39.8457565,48.4773388],[39.8462754,48.4792249],[39.84637222129867,48.480397953574176],[39.846469,48.499306],[39.84683131302736,48.499877358428684],[39.846882,48.5002486],[39.8472082,48.5015749],[39.8477511,48.5021396],[39.8485752,48.5028537],[39.8512556,48.5033849],[39.8525791,48.5034263],[39.8535999,48.5032213],[39.8550537,48.5024446],[39.855112821518844,48.50239456941511],[39.861803491461316,48.50192911383166],[39.86191748203422,48.50198174020827],[39.866756,48.508883],[39.86619786944122,48.51089743898641],[39.8657411,48.512071],[39.8651147,48.51348439999999],[39.8643249,48.5152338],[39.8632488,48.5179946],[39.8622725,48.52002],[39.8620999,48.5210246],[39.8621115,48.52251430000001],[39.8618755,48.5242979],[39.8556989,48.53515080000001],[39.8551839,48.5369694],[39.8551807,48.539239],[39.8560819,48.5413132],[39.8568115,48.5432169],[39.85704359015344,48.543937624297705],[39.85659372648514,48.545561299793974],[39.8558705,48.5467435],[39.8538106,48.5493572],[39.8527806,48.5519707],[39.8526973,48.5537942],[39.8530638,48.5547924],[39.8548724,48.5580298],[39.8553094,48.5608863],[39.8527714,48.5648251],[39.8504265,48.567896],[39.8479741,48.5700346],[39.84488419999999,48.5715113],[39.8414053,48.5730198],[39.837333,48.5741743],[39.8336855,48.5746746],[39.8296064,48.57571380000001],[39.826331,48.5768417],[39.8248715,48.5770201],[39.8229512,48.5777545],[39.8208913,48.5786063],[39.8204932,48.57911230000001],[39.8212314,48.5797313],[39.822503349047544,48.58023321495894],[39.82494718959369,48.58591082430857],[39.82457090670818,48.5860883418663],[39.81819139098355,48.585242447803914],[39.8133492,48.5839382],[39.8117529,48.5838471],[39.8103263,48.5838708],[39.809176434814745,48.58404710661737],[39.80861,48.583972],[39.80814885847533,48.5842046629212],[39.8072825,48.5843375],[39.8051083,48.5850376],[39.8032705,48.5864837],[39.80287406418939,48.586865991345626],[39.790476903496504,48.593120816528504],[39.78873450358776,48.59329023986969],[39.783746122876344,48.59297605622947],[39.78333,48.5929276],[39.782240322060915,48.592881216238496],[39.77407428387676,48.592366893906004],[39.7734552,48.59232090000001],[39.77338174383348,48.592264702743414],[39.770368,48.587994],[39.76961460169296,48.58776078741652],[39.76917980000001,48.5872618],[39.7654365,48.5858637],[39.76251180000001,48.5848204],[39.7596161,48.5839091],[39.7572997,48.5837082],[39.7545006,48.5828367],[39.7538794,48.5821078],[39.752417,48.5819942],[39.7513784268952,48.582115824589174],[39.751295,48.58209],[39.751293723048825,48.582125744035835],[39.7511199,48.5821461],[39.7504408,48.5832285],[39.7506421,48.5843448],[39.751148622117256,48.58618736596277],[39.751113433508856,48.58717235497634],[39.7508041,48.5883977],[39.7503385,48.5889684],[39.75025937736828,48.58917288478525],[39.74706122394325,48.59052876012376],[39.7465877,48.5904912],[39.7457977,48.5904351],[39.7440645,48.5899802],[39.7416816,48.5884076],[39.7394146,48.5871579],[39.7361573,48.5860053],[39.7332614,48.5857146],[39.7300223,48.5859564],[39.72791174479946,48.58636334527092],[39.721237,48.584834],[39.71584854073559,48.585309702500346],[39.715072,48.5851943],[39.71363120961263,48.58550545232558],[39.69806383870657,48.58687976674468],[39.6975943,48.5866975],[39.69547280000001,48.5866622],[39.6935346,48.5863268],[39.6909749,48.5862177],[39.6903456,48.5867624],[39.6898022,48.5868514],[39.6878882,48.5868018],[39.6871715,48.5871712],[39.6868866,48.5876325],[39.686919702629815,48.587863590345414],[39.6713252,48.5892403],[39.6334311,48.5812628],[39.6236025,48.5870259],[39.6110289,48.5740514],[39.6010726,48.5749594],[39.5968664,48.5795022],[39.6058783,48.5855209],[39.600613,48.5928753],[39.5913857,48.5922505],[39.5743396,48.5817384],[39.5640858,48.5845992],[39.5694136,48.5911155],[39.5635639,48.5990889],[39.549059,48.595854],[39.549314,48.585973],[39.5306906,48.5856913],[39.5292488,48.5912185],[39.5350124,48.5928382],[39.5341908,48.5967686],[39.5245243,48.6026385],[39.5298325,48.6093625],[39.5129236,48.6221295],[39.5175713,48.6266987],[39.5165791,48.6337256],[39.4672186,48.6285546],[39.4654267,48.6335035],[39.4686795,48.6376897],[39.454215,48.639786],[39.449575,48.644557],[39.452373,48.65471],[39.410694,48.657656],[39.408033,48.65981],[39.413526,48.66684],[39.411724,48.670524],[39.390524,48.678799],[39.389599,48.684749],[39.377986,48.686237],[39.355953,48.697214],[39.346855,48.712224],[39.374183,48.718652],[39.353722,48.726891],[39.358871,48.736175],[39.349266,48.742496],[39.343138,48.757361],[39.353893,48.76549],[39.351063,48.768547],[39.33167,48.766602],[39.326603,48.768309],[39.326256,48.775559],[39.311844,48.774069],[39.292617,48.760605],[39.286434,48.748901],[39.272383,48.753887],[39.268663,48.741949],[39.256311,48.74227],[39.259229,48.733835],[39.24978,48.712564],[39.239588,48.709125],[39.232364,48.711412],[39.207173,48.6983],[39.200371,48.699999],[39.196508,48.706513],[39.174249,48.680329],[39.148672,48.675285],[39.141898,48.66665],[39.141984,48.660868],[39.123187,48.660018],[39.103618,48.649869],[39.075894,48.651626],[39.042678,48.646466],[39.012372,48.658336],[39.009633,48.662626],[39.025426,48.661974],[39.026284,48.667274],[39.014354,48.683427],[39.015548,48.694891],[39.001815,48.698007],[38.998986,48.711196],[38.984305,48.711828],[38.999333,48.719624],[38.978812,48.744892],[38.961131,48.746137],[38.961045,48.736515],[38.943707,48.733854],[38.932464,48.736798],[38.936959,48.747117],[38.918028,48.742911],[38.90474,48.750608],[38.863879,48.75138],[38.847148,48.742911],[38.830067,48.717038],[38.808438,48.713414],[38.767067,48.71432],[38.691716,48.729363],[38.674549,48.729363],[38.678412,48.723701],[38.583218,48.71987],[38.577732,48.696742],[38.572231,48.689056],[38.559446,48.686695],[38.548978,48.675294],[38.527284,48.674642],[38.516148,48.670562],[38.515247,48.666367],[38.431476,48.650492],[38.4263261,48.6386961],[38.4362747,48.6292431],[38.4412529,48.6172714],[38.438793,48.6110275],[38.40607,48.60193],[38.402637,48.59194],[38.402637,48.547867],[38.414303,48.520605],[38.405377,48.473366],[38.389247,48.432278],[38.390964,48.415874],[38.321754,48.371053],[38.273689,48.359192],[38.2385206,48.3867172],[38.1890602,48.4165331],[38.163094,48.402117],[38.148548,48.414482],[38.117477,48.420805],[38.113706,48.408013],[38.042123,48.409086],[38.004802,48.393954],[37.978623,48.391275],[37.974959,48.381115],[37.9500832,48.3734333],[37.942023,48.3574628],[37.9292962,48.3594898],[37.9185517,48.3465274],[37.9054956,48.3404377],[37.9006815,48.3232554],[37.9011467,48.2908822],[37.8943398,48.286666],[37.895347,48.268546],[37.89157,48.255061],[37.896571,48.215429],[37.88333,48.199712],[37.856208,48.192846],[37.828593,48.17515],[37.8168038,48.1322916],[37.789283,48.100177],[37.756436,48.08667],[37.7430873,48.0868254],[37.7266508,48.0795824],[37.7257935,48.0733245],[37.693049,48.069307],[37.687749,48.061894],[37.694294,48.056545],[37.691199,48.053406],[37.68785,48.054754],[37.64781,48.028944],[37.616482,48.018095],[37.575455,48.013961],[37.573394,48.006899],[37.556143,48.009855],[37.549621,47.997364],[37.558546,47.986451],[37.5412006,47.9745867],[37.525158,47.957202],[37.521854,47.94582]]]]}},{"type":"Feature","id":"fase-1-controllo-russo-post-2022","properties":{"id":"fase-1-controllo-russo-post-2022","stato":"controllo-russo","data":"2022-11-13","origineControllo":"post-2022","sourceId":"deepstate-history-1668381004","note":"Territorio sotto controllo russo acquisito dal 24 febbraio 2022, al netto del perimetro pre-2022 durante l'importazione."},"geometry":{"type":"MultiPolygon","coordinates":[[[[31.5112983,46.5766614],[31.5216224,46.561578],[31.5469521,46.5387028],[31.6567519,46.4688867],[31.7263209,46.4086438],[31.7460697,46.3764563],[31.7738399,46.3585737],[31.7892493,46.3733802],[31.737668,46.4261928],[31.7083516,46.446609],[31.6971262,46.4472352],[31.704266,46.4665485],[31.7420407,46.4853092],[31.7970201,46.4781096],[31.89212,46.4568005],[31.9528254,46.4374539],[31.9748459,46.4392025],[32.0022447,46.453429],[32.0290404,46.4375397],[32.0355703,46.4165629],[32.0090507,46.3641139],[31.9697707,46.3483597],[31.8682771,46.3343548],[31.8234499,46.3371015],[31.7725398,46.3271444],[31.7455912,46.306021],[31.7477398,46.2981388],[31.7580932,46.2948403],[31.7680176,46.2965165],[31.7745083,46.2939227],[31.7712141,46.288838],[31.7755462,46.2854607],[31.775112,46.282265],[31.78213,46.2768377],[31.7832894,46.2725096],[31.7771981,46.2681276],[31.7796043,46.2644672],[31.7844089,46.2650835],[31.7845155,46.2688628],[31.7917038,46.2738877],[31.8097262,46.2720936],[31.8143596,46.2694483],[31.8132429,46.2647435],[31.8183057,46.2643109],[31.8346957,46.266138],[31.8331443,46.2697922],[31.8351926,46.2728282],[31.8476993,46.2679219],[31.8507402,46.268254],[31.8612225,46.2721427],[31.8708329,46.2657735],[31.8740032,46.2652566],[31.8832899,46.2734161],[31.8950685,46.2807445],[31.9044902,46.2974386],[31.9368206,46.2921419],[31.9437442,46.2855591],[31.9555985,46.2658955],[31.9695132,46.2572078],[32.0285439,46.2455961],[32.0514181,46.2497849],[32.077753,46.2389204],[32.0878278,46.2214609],[32.1211521,46.2043925],[32.1659652,46.196893],[32.1870241,46.175666],[32.2061324,46.1721801],[32.2081053,46.1867989],[32.2218112,46.18771],[32.2398791,46.1785152],[32.2279414,46.1683471],[32.2366721,46.1501329],[32.2195204,46.1279609],[32.5431059,46.0616925],[32.7101943,46.1028118],[32.9365042,46.1016028],[33.1679366,46.119522],[33.2823694,46.0723123],[33.429206,46.0254405],[33.5256314,46.0267545],[33.4967004,46.0702854],[33.5721609,46.0737878],[33.5309796,46.1101035],[33.6064163315622,46.14674946548427],[33.60636471557579,46.146825820586585],[33.60635599486891,46.14687116138057],[33.606360715306366,46.146916785888955],[33.60637868109631,46.146960801406024],[33.60640914696726,46.14700138196976],[33.606450849080574,46.14703684411166],[33.689516350944224,46.20451915110582],[33.68956826151882,46.204539238525584],[33.689624597475174,46.20455243159083],[33.68968346636793,46.204558287117635],[33.68974289066187,46.20455660840603],[33.68980087416396,46.20454745184758],[33.689855469082254,46.20453112503122],[33.74060964955972,46.18535451243622],[33.82401565410458,46.187288931134944],[33.82408852199686,46.18727207374131],[34.03842935316851,46.117152147336874],[34.12269885861416,46.108331455840315],[34.12276178669613,46.108308812899864],[34.122816102104885,46.1082772207624],[34.16095965499971,46.08061882339317],[34.2278558383709,46.06102993759903],[34.382602615718916,46.034894917307874],[34.38265900001768,46.03487119190511],[34.38270728400705,46.03484002291695],[34.382745461984825,46.03480270510343],[34.43697276302004,45.96831685869211],[34.47854614708464,45.94722797946985],[34.55590443065609,45.988894222850924],[34.55597148236148,45.98891016906666],[34.556041924201566,45.98891557881486],[34.55611236968568,45.98891019202189],[34.65151378645711,45.974122843141586],[34.70106053327622,45.9593666278401],[34.7011053061172,45.95934195057445],[34.70114312478572,45.95931217593069],[34.75290704193672,45.91042922588409],[34.78301111469288,45.905179900398],[34.783060727991085,45.905160592850706],[34.78310470357409,45.90513552773183],[34.78314167720458,45.905105482631555],[34.796427836814395,45.89214578854447],[34.79644802871258,45.89210461176887],[34.79645643392187,45.89206149782716],[34.80119506242087,45.80488831185769],[34.95822018629442,45.76027916070389],[34.97692997785302,45.765487246938456],[34.8959643,45.8988106],[34.8524739,46.0092176],[34.8346407,46.1155296],[34.833783,46.2001334],[34.9030041,46.2363897],[35.0248139,46.2563043],[35.079863,46.2766366],[35.1177702,46.3142433],[35.1380024,46.3482526],[35.1783568,46.3629189],[35.1931728,46.3709222],[35.2017945,46.3797144],[35.2567497,46.3752827],[35.2614702,46.3658773],[35.2654164,46.3523256],[35.2690989,46.3553905],[35.2898036,46.3565521],[35.3041691,46.3538716],[35.307895,46.3482888],[35.3142642,46.3437571],[35.3179201,46.3378326],[35.3165158,46.3307144],[35.3174416,46.3170382],[35.2988051,46.314937],[35.2925857,46.3079961],[35.293277,46.302449],[35.2989871,46.2989783],[35.2525174,46.2505709],[35.2210679,46.2268989],[35.2090233,46.1903722],[35.1330574,46.1634307],[35.0290037,46.14808],[35.0256763,46.127811],[34.9871752,46.1052755],[34.9733811,46.0721051],[35.0708827,46.0957873],[35.1518034,46.1216585],[35.1858838,46.1469167],[35.275482,46.2556112],[35.3602359,46.3546635],[35.4578294,46.4412316],[35.6043534,46.4804352],[35.7360032,46.5839813],[35.9364232,46.6585947],[36.1170931,46.6514246],[36.1898849,46.6670306],[36.2290436,46.6505061],[36.2598962,46.6186212],[36.1908498,46.5346757],[36.1665138,46.5276778],[36.1516335,46.5468178],[36.1472619,46.508948],[36.0911211,46.4924288],[36.1167335,46.4871992],[36.1840637,46.4980304],[36.3170968,46.6501447],[36.3768491,46.7055039],[36.5871045,46.7646623],[36.7055683,46.7776224],[36.8012652,46.7277543],[36.7906962,46.6747997],[36.7783436,46.6636496],[36.7610148,46.6658088],[36.742359,46.6373607],[36.7589376,46.6217212],[36.8049871,46.6591521],[36.8380534,46.7057614],[36.8685198,46.765691],[36.9019536,46.8087899],[36.9930792,46.8624588],[37.0368602,46.8654582],[37.2380483,46.9398175],[37.2972107,46.9273264],[37.3189188,46.8962982],[37.2805705,46.8736902],[37.2872851,46.863351],[37.3214636,46.8692065],[37.526304,47.0495337],[37.5264869,47.0697845],[37.5878876,47.0772638],[37.6204618,47.0865732],[37.6273774,47.0941014],[37.6758112,47.0778874],[37.684032,47.0766772],[37.6858846,47.0804963],[37.7138794,47.0798327],[37.7743938,47.0875496],[37.7940835,47.0837782],[37.8219878,47.0908909],[37.838051575488976,47.09956522262875],[37.8380457685495,47.0995695278563],[37.838011566591625,47.09960826467426],[37.82901569356581,47.11260120721411],[37.817792619121136,47.11896188650324],[37.81775492316018,47.11900404054938],[37.81773166607021,47.11905077909473],[37.80021352529275,47.17326054338949],[37.800215459902255,47.17329811473026],[37.80022658704381,47.173334940271104],[37.833172465011586,47.24933408766236],[37.83351467638557,47.28538579090805],[37.82733519190096,47.30263242106454],[37.82733826967377,47.302675311018376],[37.82735332913921,47.302717019712205],[37.82737981975583,47.302756022290694],[37.82741677305767,47.30279089282994],[37.83447699773751,47.308261858530685],[37.82425795168966,47.32143750580389],[37.82424632302344,47.321484300958836],[37.82424945890808,47.321531707789724],[37.82897112174817,47.342582986910394],[37.82899867664288,47.342622400393665],[37.82903695412528,47.34265746185387],[37.82908451066825,47.342686849029064],[37.8291395527973,47.3427094536479],[37.82920000472713,47.34272442322659],[37.829263586646675,47.34273119321968],[37.85666874297522,47.34382079829819],[37.86085778247599,47.34790616411999],[37.85892467950585,47.35401785360476],[37.84871553908371,47.34990333739109],[37.848647754044485,47.34989296134927],[37.84857826564529,47.34989238862682],[37.848510128115876,47.34990164439665],[37.83746632410134,47.352244089250405],[37.83741412790328,47.35226761236917],[37.83736940195271,47.352297372456256],[37.83733374587491,47.35233230515021],[37.83730843492118,47.352371161090495],[37.83729437435798,47.35241255059956],[37.83729206708736,47.35245499338377],[37.83730159565705,47.352496971475595],[37.837322619304146,47.35253698352368],[37.8373543861387,47.35257359848916],[37.85110474687451,47.36545431842823],[37.84143211143764,47.36884869285028],[37.84138300495448,47.36888261336095],[37.84134553183237,47.368922770709226],[37.841321368819216,47.36896736807058],[37.83797880772449,47.37801021924663],[37.83798163142332,47.378053509024],[37.837996679926874,47.378095625773206],[37.83802339302335,47.378135001531675],[37.838060776234485,47.378170170377665],[37.83810743783599,47.378199823006035],[37.850064771627444,47.38444519578239],[37.85651175019194,47.39294503184925],[37.855484657654344,47.403142156284815],[37.86340978960979,47.42667631499685],[37.86343813983823,47.426711904870295],[37.878177322794755,47.44178363517179],[37.89218884903102,47.4697423437022],[37.81912080369818,47.54621514411466],[37.81910310247911,47.546251648386225],[37.8190948757455,47.5462896547851],[37.81566306888504,47.58524837472691],[37.81567562594858,47.58528791682031],[37.81569849295704,47.58532529895897],[37.84554549314685,47.623841798988074],[37.85201840176556,47.64162860584642],[37.83110743169789,47.656521996198904],[37.80385565458374,47.659986820796455],[37.80380028057683,47.66000555681451],[37.80375101032869,47.66003087065197],[37.764289804554565,47.684523901121764],[37.67245753305356,47.724546554327965],[37.6373049553496,47.75187149682399],[37.62284164511835,47.77306490574574],[37.622834952275404,47.77311584150366],[37.62284557713418,47.77316647445088],[37.63421442027581,47.80256610472562],[37.63392750349595,47.83844013141328],[37.64366784244254,47.88648705110133],[37.53484214810266,47.91782898283588],[37.53479333704128,47.917855941156134],[37.534752954014486,47.91788856631276],[37.53472243776787,47.91792569596742],[37.53470287552985,47.91796600729703],[37.53469496427451,47.918008064121445],[37.534698985886834,47.91805036806984],[37.534714797116095,47.918091411963395],[37.542449197609734,47.93241525356704],[37.52157934463529,47.94569120011518],[37.521546523805995,47.9457304623341],[37.521526047167114,47.945773319233695],[37.52151873682284,47.94581805024376],[37.5215248862954,47.945862859549926],[37.524845677791944,47.95728378501557],[37.52487271445962,47.95732004667609],[37.53152400271863,47.96452775446608],[37.5065544,47.9613983],[37.5090649,47.9578919],[37.509879,47.9526517],[37.5067955,47.9485399],[37.5139988,47.9439687],[37.5081294,47.9363501],[37.5028613,47.9367507],[37.5021747,47.9352268],[37.5078854,47.9299295],[37.5063169,47.9264247],[37.5276472,47.9184462],[37.5407013,47.8815661],[37.5280859,47.8554011],[37.5329927,47.8436168],[37.5124754,47.8239692],[37.4923097,47.8225267],[37.486523,47.8177572],[37.4670091,47.817087],[37.4566535,47.8109284],[37.4478453,47.8008523],[37.42891,47.79973],[37.4316066,47.7761204],[37.4251051,47.7510839],[37.4108784,47.7412695],[37.398621,47.7366362],[37.3920715,47.7401991],[37.3876407,47.738956],[37.3790374,47.7433381],[37.3683547,47.7428091],[37.3678462,47.7418087],[37.3544172,47.7445792],[37.3465338,47.7473523],[37.3319098,47.7490964],[37.3308037,47.7516756],[37.3323669,47.7561416],[37.3248494,47.7573979],[37.3039992,47.7586027],[37.2962932,47.7633797],[37.2910934,47.7623834],[37.2868848,47.7586953],[37.2806592,47.7593923],[37.2797556,47.7573485],[37.286342,47.7530951],[37.2841424,47.7510841],[37.2684675,47.7519574],[37.2607631,47.7506098],[37.2551526,47.7470516],[37.2345562,47.748117],[37.2272432,47.7500956],[37.2123767,47.7500243],[37.2031504,47.7416888],[37.1861162,47.741201],[37.173647,47.7317458],[37.1207855,47.7346343],[37.1020021,47.7446641],[37.0535419,47.7436656],[36.964522,47.7635413],[36.9295202,47.7763473],[36.903955,47.7868254],[36.8879868,47.7953492],[36.8735563,47.805457],[36.8360852,47.8152793],[36.8202493,47.8216769],[36.8008516,47.8216192],[36.7830847,47.8149625],[36.7441822,47.8092012],[36.7258948,47.8103556],[36.7163679,47.8098959],[36.6842471,47.7931796],[36.660036,47.7841794],[36.6581247,47.7764101],[36.6065339,47.7738529],[36.5375529,47.7167429],[36.5552546,47.6730363],[36.538214,47.6689171],[36.4448402,47.6502396],[36.3683277,47.6315602],[36.2676334,47.5759913],[36.2255515,47.5633106],[36.1872538,47.5405371],[36.0787899,47.5254084],[36.0304002,47.516142],[36.0139186,47.5103296],[35.9808841,47.5134859],[35.9589323,47.4809483],[35.8130227,47.4807705],[35.7132434,47.4921281],[35.7104288,47.5001207],[35.7022113,47.5000623],[35.6986295,47.4956547],[35.691872,47.4978572],[35.6851135,47.5028427],[35.6654653,47.4972684],[35.6546633,47.5009618],[35.5593185,47.5212867],[35.5065103,47.5136471],[35.4549898,47.5104016],[35.4345108,47.5141379],[35.4443467,47.5277912],[35.3950278,47.5209199],[35.3347223,47.525255],[35.3228214,47.5155116],[35.2993812,47.5109537],[35.2878203,47.5072123],[35.2808962,47.5033687],[35.2746786,47.4968778],[35.2736544,47.4936921],[35.2807955,47.4721641],[35.2644227,47.4738779],[35.2026425,47.4449743],[35.1486619,47.445657],[35.1190963,47.4510955],[35.0702994,47.4507769],[35.0624319,47.4486647],[35.046158,47.4377275],[35.0288206,47.4181151],[34.9686931,47.3892045],[34.9354445,47.3916029],[34.8837144,47.406089],[34.8633723,47.4208554],[34.8747419,47.4375288],[34.8741835,47.4494994],[34.8599235,47.4512248],[34.8252023,47.4647735],[34.7923046,47.467718],[34.7491537,47.492572],[34.7193654,47.4920934],[34.708982,47.4905527],[34.6894139,47.4948642],[34.6801991,47.5107016],[34.6420717,47.5443897],[34.6283781,47.5458007],[34.6180346,47.5444616],[34.5990399,47.5346411],[34.5862489,47.5217799],[34.5445304,47.5326781],[34.5331376,47.5304299],[34.5006234,47.4996444],[34.4358396,47.4968841],[34.3869488,47.5138458],[34.3727587,47.5106463],[34.3383722,47.4677319],[34.3349123,47.4469725],[34.2961027,47.4286586],[34.2696797,47.4395195],[34.19929,47.4120751],[34.1457254,47.4244375],[34.1183461,47.4205374],[34.0648743,47.4242885],[34.0466778,47.4176252],[34.0422354,47.4104],[34.0196507,47.3580093],[33.9827331,47.230633],[33.9678607,47.2112479],[33.9448451,47.1972232],[33.9295544,47.1795519],[33.903127,47.1599485],[33.8635721,47.1451822],[33.8499522,47.1377648],[33.8407881,47.0984953],[33.8023184,47.0589876],[33.7227502,47.0173544],[33.6976692,46.9951021],[33.6956106,46.9553908],[33.6881602,46.9204201],[33.6784469,46.9008966],[33.6568173,46.9046493],[33.6338234,46.8994853],[33.6340293,46.8662278],[33.6202993,46.8290051],[33.4702672,46.8209318],[33.4029391,46.773568],[33.3900249,46.7834027],[33.3773363,46.7767474],[33.3733741,46.7764584],[33.3584344,46.7693577],[33.3547354,46.7627522],[33.3379268,46.7571308],[33.3172596,46.7528588],[33.2863069,46.749369],[33.2557563,46.7540735],[33.2446918,46.7630406],[33.1919064,46.7692367],[33.1516875,46.7819188],[33.1455765,46.7821922],[33.1364617,46.7810842],[33.1287897,46.7792791],[33.0839853,46.7597036],[33.0615862,46.7473297],[33.0441353,46.7405882],[33.0257169,46.7379188],[33.0097302,46.7369916],[32.9870616,46.7390543],[32.9353109,46.732044],[32.9146024,46.7277705],[32.9039352,46.7231427],[32.836024,46.6847162],[32.8153649,46.6769739],[32.8027755,46.6760847],[32.7864417,46.6702986],[32.7588567,46.6656057],[32.7318311,46.6648554],[32.713963,46.6658582],[32.6977201,46.6620595],[32.6593408,46.6503611],[32.6149477,46.6173221],[32.5885651,46.5925707],[32.5578634,46.5970285],[32.5396214,46.5925785],[32.5123265,46.5917217],[32.4896464,46.5796492],[32.4781734,46.5715563],[32.4614565,46.5648964],[32.3066919,46.4956161],[32.2527452,46.5056506],[32.2504361,46.4820732],[32.1945942,46.4882908],[32.1486947,46.5145828],[32.1166462,46.517163],[32.0439937,46.4915104],[31.9941309,46.4928168],[31.9665383,46.5082456],[31.879015,46.5354656],[31.8815641,46.5182691],[31.8649158,46.5175934],[31.8070728,46.5294354],[31.7569233,46.5479256],[31.6976527,46.5450053],[31.6690382,46.5387374],[31.6315001,46.5404893],[31.5816742,46.537219],[31.5540849,46.5454363],[31.5305196,46.5576033],[31.5134183,46.5807998],[31.5112983,46.5766614]]],[[[32.480256881532824,45.38859614498096],[32.4886441,45.3849884],[32.504845877599124,45.38237578548265],[32.480256881532824,45.38859614498096]]],[[[32.54356381714433,45.45831576864657],[32.584221536631276,45.482145783121275],[32.562144,45.4702233],[32.54356381714433,45.45831576864657]]],[[[32.60275178265576,45.490186212426174],[32.71944970096798,45.53192952111032],[32.6917844,45.523882],[32.60275178265576,45.490186212426174]]],[[[32.612597114403535,45.32086132940007],[32.622109,45.317634],[32.648578488897414,45.313938003545026],[32.612597114403535,45.32086132940007]]],[[[32.797825612378595,45.56319392889255],[32.825004062799934,45.55775757532023],[32.8203169,45.5598252],[32.797825612378595,45.56319392889255]]],[[[32.82191103790878,45.5881834054313],[32.87891843365652,45.62263957731753],[32.8250404,45.5906112],[32.82191103790878,45.5881834054313]]],[[[33.13972489721771,45.21464654131498],[33.1434036,45.2070898],[33.147842396229095,45.20303989786284],[33.13972489721771,45.21464654131498]]],[[[33.174382355060764,45.78907470407711],[33.1806246,45.7972106],[33.184616640111635,45.80544710610103],[33.174382355060764,45.78907470407711]]],[[[33.258298855564725,45.14760037321422],[33.2680362,45.1456289],[33.2751597,45.1459006],[33.28336188845456,45.14803526601847],[33.258298855564725,45.14760037321422]]],[[[33.32828976638583,45.1730235748438],[33.3315483,45.1718832],[33.347115154703154,45.17341415875454],[33.32828976638583,45.1730235748438]]],[[[33.37957204256156,45.80179054653951],[33.430125995809505,45.83742413714642],[33.4170901,45.8302054],[33.37957204256156,45.80179054653951]]],[[[33.51008297929059,45.84242656014656],[33.5248670087759,45.84896540602148],[33.5176551,45.846594],[33.51008297929059,45.84242656014656]]],[[[33.51629161414478,44.63631337816666],[33.52267620077313,44.63959330432555],[33.5210499,44.6402578],[33.51629161414478,44.63631337816666]]],[[[33.528446179792255,45.84921951369322],[33.5414863476459,45.840968052756345],[33.5371159,45.8457964],[33.528446179792255,45.84921951369322]]],[[[33.53505935627821,44.79478941847606],[33.54248339148402,44.80322671292233],[33.5406327,44.802652],[33.53505935627821,44.79478941847606]]],[[[33.5457743,44.7077982],[33.54669589826966,44.702694371539934],[33.547166114126355,44.72060715281643],[33.5457743,44.7077982]]],[[[33.5465089395954,44.80780168243443],[33.54904306582265,44.810681675396566],[33.5471428,44.8101296],[33.5465089395954,44.80780168243443]]],[[[33.548853581793544,45.84501196592416],[33.56677168461938,45.87163711367086],[33.5586395,45.8617199],[33.5517154,45.8516275],[33.548853581793544,45.84501196592416]]],[[[33.55799436331736,44.84104100229519],[33.56870316745298,44.83924040681727],[33.5610313,44.8423184],[33.55799436331736,44.84104100229519]]],[[[33.58287077371533,44.8437081535459],[33.5896148909702,44.846070029724935],[33.5868637,44.8470001],[33.58287077371533,44.8437081535459]]],[[[33.612292241455776,46.049351735979336],[33.6187235,46.0125197],[33.6228726,45.9976173],[33.62539400252891,45.99316508251628],[33.612292241455776,46.049351735979336]]],[[[33.612646961938296,46.1357110407788],[33.612957,46.1291484],[33.61555843234854,46.119195683630785],[33.612646961938296,46.1357110407788]]],[[[33.620269379485556,45.89000596122559],[33.64041187108774,45.877733617355354],[33.6340965,45.8826144],[33.620269379485556,45.89000596122559]]],[[[33.620347036615975,45.94355576430305],[33.6244967,45.942516],[33.630762621887996,45.941805624180176],[33.620347036615975,45.94355576430305]]],[[[33.63776191821166,45.94193535660121],[33.6420789,45.942885],[33.645352526224734,45.94426202163206],[33.63776191821166,45.94193535660121]]],[[[33.64379070948363,45.876188564174264],[33.66129703123236,45.871982384332796],[33.6546628,45.8752329],[33.64379070948363,45.876188564174264]]],[[[33.66205950110039,45.95440891138529],[33.682856,45.9528033],[33.69137420732552,45.95501586348864],[33.66205950110039,45.95440891138529]]],[[[33.66529459351336,45.86224503274833],[33.68122005892334,45.85226245789671],[33.6741263,45.8574315],[33.66529459351336,45.86224503274833]]],[[[33.67536218778957,45.900012989718064],[33.67923000138833,45.90751890538096],[33.6762137,45.9039535],[33.67536218778957,45.900012989718064]]],[[[33.6790774,45.8673135],[33.68127591026665,45.864028464274284],[33.67967838417315,45.87262114133829],[33.6790774,45.8673135]]],[[[33.682047870913784,45.909611598901336],[33.69092154574844,45.91329104277444],[33.6877728,45.9127518],[33.682047870913784,45.909611598901336]]],[[[33.69543005801586,45.95474147394608],[33.7229645,45.950158],[33.7427110370564,45.95031211186171],[33.69543005801586,45.95474147394608]]],[[[33.70568602395997,45.91376090645059],[33.728800975625504,45.92908318569884],[33.7202438,45.9246362],[33.70568602395997,45.91376090645059]]],[[[34.378545561398624,44.61273086120944],[34.3834201,44.6158768],[34.38893712231242,44.62734471918616],[34.378545561398624,44.61273086120944]]],[[[34.488839083058714,44.72023758746946],[34.5446135,44.7410058],[34.60949213464888,44.76739315917565],[34.488839083058714,44.72023758746946]]],[[[34.83770898306183,44.815187935573064],[34.8451661,44.8132958],[34.90510381645702,44.81551181815914],[34.83770898306183,44.815187935573064]]],[[[34.92318292595052,44.828952552209536],[34.9350343,44.8300421],[34.939105820744686,44.83210619178963],[34.92318292595052,44.828952552209536]]],[[[35.17022367281277,44.90032334823444],[35.177573,44.9009364],[35.18912469971655,44.907120415905815],[35.17022367281277,44.90032334823444]]],[[[35.36948101882038,44.99321217809757],[35.395224,44.999343],[35.425471377825474,45.01160599759748],[35.36948101882038,44.99321217809757]]],[[[35.77871533749885,45.06532900960976],[35.7853272,45.0576281],[35.80268597781647,45.04691619400169],[35.77871533749885,45.06532900960976]]],[[[35.82898109739805,45.00397606854511],[35.834801,44.9992133],[35.84129594673165,44.99845858918406],[35.82898109739805,45.00397606854511]]],[[[35.84862662759651,45.44745757419806],[35.8636895,45.4542195],[35.87453442467712,45.46266749467978],[35.84862662759651,45.44745757419806]]],[[[35.89494887872141,45.01306183260194],[35.9002865,45.0141894],[35.905994896204405,45.0172015343982],[35.89494887872141,45.01306183260194]]],[[[36.08187456013368,45.04678206218735],[36.1600369,45.035925],[36.1961678954564,45.03336775828167],[36.08187456013368,45.04678206218735]]],[[[36.20267470543885,45.03237402794489],[36.2134931,45.0280697],[36.22408699409331,45.02697989583443],[36.20267470543885,45.03237402794489]]],[[[36.404562666230206,45.21062620683422],[36.40777002367487,45.176382762144016],[36.4077336,45.1934044],[36.404562666230206,45.21062620683422]]],[[[36.41882304257204,45.16103906157593],[36.421796698120836,45.14762678348875],[36.4214277,45.1529159],[36.41882304257204,45.16103906157593]]],[[[36.42450528219783,45.13541007504117],[36.42566808192944,45.13016542141395],[36.4258005,45.1344018],[36.42450528219783,45.13541007504117]]],[[[36.43282541423492,45.448516712442476],[36.43630840148113,45.45141983286187],[36.4340095,45.4506761],[36.43282541423492,45.448516712442476]]],[[[36.433867326939435,45.11758955470355],[36.45305997050275,45.10671345959077],[36.4396986,45.1167266],[36.433867326939435,45.11758955470355]]],[[[36.473522568321904,45.45780530964135],[36.492025494865125,45.45186044618028],[36.4820621,45.455771],[36.473522568321904,45.45780530964135]]],[[[36.47735717751805,45.32913894278905],[36.496754289836694,45.320203444192984],[36.4888368,45.3246085],[36.47735717751805,45.32913894278905]]],[[[36.552362905721616,45.25968906403202],[36.5715991,45.2500758],[36.57731248574757,45.24919909551615],[36.552362905721616,45.25968906403202]]],[[[36.578442231062304,45.4419879091487],[36.59528909543478,45.43935519139772],[36.5870361,45.4412702],[36.578442231062304,45.4419879091487]]],[[[36.608319931777366,45.41301040845235],[36.611498,45.4149214],[36.614779940660725,45.42090365922087],[36.608319931777366,45.41301040845235]]],[[[36.63527799091824,45.376048274397185],[36.6432106,45.3778134],[36.648101821810535,45.38233659771465],[36.63527799091824,45.376048274397185]]],[[[36.636157263096756,45.3914895363191],[36.64791910154732,45.383756718014595],[36.6411992,45.3906659],[36.636157263096756,45.3914895363191]]],[[[37.5431833,47.9954397],[37.5482479,47.9864508],[37.54848193604604,47.97988828670912],[37.55813229510244,47.98648914711688],[37.54929955407993,47.99729944418876],[37.54928652663885,47.99734552780232],[37.54928808686471,47.99739241708059],[37.549304166749096,47.99743806699946],[37.55571864545862,48.00971181332955],[37.5483099,48.0072067],[37.5432675,47.9983549],[37.5431833,47.9954397]]],[[[37.5979113,48.0553896],[37.62208125641031,48.02028693867462],[37.64761214095316,48.0291283855653],[37.6876658391634,48.05494183737034],[37.68772130108777,48.05496144971892],[37.687781251475414,48.05497382717553],[37.68784359951697,48.05497853806767],[37.68790617077999,48.05497541809965],[37.68796678304676,48.054964576082554],[37.68802332242355,48.05494639013939],[37.69109597679344,48.053709621184865],[37.69387747595077,48.05653067789928],[37.68745361794636,48.061786929480846],[37.687428825840584,48.06182582637128],[37.68741538110402,48.06186713944146],[37.68741376026292,48.06190940450319],[37.68742402079097,48.0619511236249],[37.68744579906826,48.06199081822029],[37.692778315739154,48.069440110024786],[37.69282048561244,48.06947167634086],[37.69287076796359,48.06949739653519],[37.69292737773074,48.06951635751577],[37.69298830521513,48.06952788614837],[37.7254820319559,48.073514619954],[37.72632688135435,48.07964242256402],[37.726348093617226,48.07968005109721],[37.72637900938592,48.07971454936725],[37.72641863764699,48.07974481150218],[37.7264657080939,48.07976986742123],[37.74296168262842,48.08703371300033],[37.74302620024613,48.087046238857894],[37.743093158122136,48.08704994472476],[37.7563435077778,48.08689568967998],[37.789033688755524,48.10033822257275],[37.794755014573155,48.10701460113859],[37.7920214,48.1045282],[37.7796618,48.1058464],[37.7696197,48.104127],[37.7665297,48.1010318],[37.7631824,48.0947263],[37.7464791,48.0909703],[37.7246352,48.0921037],[37.7163482,48.0968972],[37.7027722,48.0968301],[37.6914001,48.0995497],[37.6830206,48.0972408],[37.6670493,48.0974401],[37.6529119,48.0964465],[37.6558551,48.0838719],[37.652083,48.0719955],[37.6445237,48.0707311],[37.6433177,48.0680883],[37.6345126,48.0700765],[37.6095479,48.0588584],[37.5979113,48.0553896]]],[[[37.7187918,49.8279254],[37.7295553,49.7971702],[37.7648713,49.7759153],[37.8090809,49.7573073],[37.8425723,49.7553393],[37.874004,49.7577982],[37.88789,49.7483971],[37.8949052,49.7372203],[37.9183561,49.7259335],[37.9369893,49.7115357],[37.9441587,49.6977545],[37.943773,49.6839733],[37.9193601,49.674636],[37.9174463,49.6609626],[37.9180284,49.6548731],[37.9458955,49.651115],[37.9594168,49.622588],[37.938162,49.6005709],[37.9436672,49.5814197],[37.9631728,49.5679014],[37.9665316,49.5546957],[37.9623376,49.5397082],[37.956601,49.524553],[37.9591081,49.5175296],[37.9531283,49.508497],[37.9543516,49.4922139],[37.9384302,49.4630825],[37.9876603,49.4097717],[37.9993384,49.386842],[38.0065341,49.3383018],[38.0387373,49.3313921],[38.0916625,49.3005711],[38.0749325,49.2854305],[38.0214455,49.2812916],[38.0104763,49.2723684],[38.0520348,49.2477331],[38.0706004,49.2136298],[38.0767267,49.1827727],[38.1021141,49.1534059],[38.1266617,49.1181397],[38.0883581,49.0375217],[38.0682108,49.0152954],[38.1012615,48.9905858],[38.1920833,49.0104582],[38.2247827,48.9815499],[38.2370485,48.9565212],[38.2273549,48.9515431],[38.2340555,48.9418302],[38.2283907,48.9370098],[38.2476109,48.9318679],[38.2579054,48.941471],[38.2632438,48.9429741],[38.2868586,48.9335895],[38.2949417,48.929373],[38.3114278,48.9081755],[38.2624724,48.884069],[38.2667822,48.8449835],[38.2515315,48.8123093],[38.2736661,48.8002325],[38.2597882,48.7767446],[38.2363096,48.7670538],[38.2255597,48.7383328],[38.2104204,48.7321957],[38.201595,48.7359272],[38.1706768,48.7107277],[38.161815,48.701557],[38.1260101,48.6942159],[38.110503,48.6837927],[38.108817,48.6799986],[38.1046741,48.6740547],[38.1032339,48.6736077],[38.1006689,48.6684954],[38.1080601,48.6644033],[38.1019115,48.6532773],[38.0707182,48.6354416],[38.0581214,48.6191298],[38.0648533,48.6134794],[38.0629593,48.6095766],[38.0699471,48.603914],[38.0672728,48.6000804],[38.0424849,48.5850359],[38.0325271,48.5727302],[38.0336711,48.5522349],[38.0366204,48.5370179],[38.0123421,48.5348708],[38.0129294,48.523893],[38.0058091,48.5074351],[38.0067594,48.4876717],[38.0093407,48.4745561],[37.9890174,48.4601413],[37.9927443,48.4468623],[37.9655011,48.4327033],[37.9705801,48.4207037],[37.9734282,48.4089312],[37.9722772,48.4027064],[37.9653762,48.3997295],[37.9679678,48.3981634],[37.9645522,48.3952463],[37.9645363,48.3939796],[37.978304062394535,48.391336310027455],[37.97831589824688,48.39136906990228],[37.978349592714544,48.391407189625255],[37.9783938782559,48.39144018871099],[37.9784470393835,48.39146678886109],[37.97850701678273,48.39148595965348],[37.97857148708503,48.39149695845947],[38.00468353260537,48.394169107201066],[38.042004458243824,48.40929634192688],[38.04206652872615,48.409307428200876],[38.042130637668414,48.40931052158615],[38.11342870953135,48.408241792585294],[38.11716265997583,48.42088816396719],[38.11719127756391,48.42092533121572],[38.11722976440927,48.4209583420852],[38.11727679113823,48.42098605633238],[38.11733073338911,48.42100751666536],[38.11738972791993,48.421021981810746],[38.11745173696889,48.42102895211935],[38.11751461864397,48.42102818682545],[38.11757620091006,48.42101971236352],[38.148710498036095,48.414678984206866],[38.148767105815125,48.41465313216627],[38.148814677325966,48.41462022242136],[38.16314531084953,48.402438264876295],[38.188900444623975,48.41673107235415],[38.18896445202721,48.41674850008827],[38.18903246222762,48.41675692297882],[38.18910163202159,48.416755988902075],[38.18916906972612,48.41674573690767],[38.18923195607203,48.416726595585985],[38.1892876620691,48.416699365150016],[38.238762209170154,48.38687502776722],[38.27379339196567,48.3594573336823],[38.32156919600076,48.3712469710909],[38.390615592371375,48.415962171684626],[38.3889099790323,48.432298784159514],[38.388919446719065,48.43233458609928],[38.40504361945922,48.47340842326353],[38.41395800953194,48.52058765066826],[38.40229746516849,48.54783690757511],[38.40229746500627,48.591965418140596],[38.40575899027272,48.60202020524764],[38.405790322465705,48.60205739834555],[38.405831706165166,48.60209001282909],[38.405881654072715,48.602116876544734],[38.405938371086414,48.602137024017935],[38.438506606084054,48.61119150737247],[38.44090123820731,48.6172698371145],[38.435962493833905,48.629146465399266],[38.426017182737716,48.6386024792937],[38.42599700272272,48.63864003969472],[38.42598718848817,48.63867936588025],[38.425988049183786,48.63871921916767],[38.42599955772461,48.63875834426897],[38.43117494289117,48.65059629325952],[38.43121276091423,48.6506340963529],[38.43126129580719,48.65066611452827],[38.43131857165601,48.650691044275014],[38.431382256677374,48.65070787066198],[38.51494129049931,48.66654271395986],[38.515825793320104,48.670633831992745],[38.51585124509335,48.670671682335644],[38.515886788631306,48.670705802732485],[38.51593121522026,48.67073503284744],[38.515983014051756,48.67075837864709],[38.52719131682139,48.67485807867749],[38.52726853661072,48.67486634656836],[38.54878124343071,48.67551289795281],[38.55919324282149,48.68684530652712],[38.55924031936611,48.68687387992245],[38.55929466445243,48.68689613193627],[38.5593543575881,48.68691127620482],[38.571989758297924,48.689244651197754],[38.57740342308811,48.696808686202914],[38.58289809093965,48.71994675019895],[38.58292643420751,48.71998590581173],[38.58296566204034,48.72002073452914],[38.583014310026755,48.7200499361444],[38.58307056207772,48.72007242051656],[38.5831323182237,48.72008734826837],[38.583197273011116,48.72009416212257],[38.67789925646842,48.723905362156785],[38.67421700241987,48.72931321551555],[38.67420863069589,48.7293575732837],[38.674213743354706,48.72940214606114],[38.674232137883415,48.72944516800947],[38.674263085577365,48.72948493472506],[38.67430536040448,48.72951987076324],[38.674357287573706,48.72954859205406],[38.67441680988383,48.72956996073662],[38.67448156922442,48.72958313023957],[38.674549000000006,48.729587578821025],[38.69176604514637,48.729587578821025],[38.691781995177074,48.72958439458626],[38.7055541,48.7754591],[38.5596882,48.8300656],[38.5304354,48.8497759],[38.4952068,48.8707374],[38.4748205,48.9035945],[38.413393,48.9399705],[38.4022715,48.9556589],[38.3698935,48.9817692],[38.2997041,49.0248792],[38.2844417,49.0264547],[38.2626116,49.0244189],[38.24097785610999,49.00553688186142],[38.2626136,49.0244211],[38.2844437,49.0264569],[38.2997062,49.0248814],[38.3698955,48.9817714],[38.4022736,48.9556611],[38.4133951,48.9399727],[38.4748226,48.9035967],[38.4952089,48.8707396],[38.5304375,48.8497781],[38.5596903,48.8300678],[38.7055563,48.7754613],[38.69178335376241,48.72958412336079],[38.701504542254604,48.72764340318639],[38.7535158,48.7184937],[38.7649246792157,48.714982323796576],[38.76712288159513,48.71454347872032],[38.808401028720944,48.713639512138634],[38.82982152541481,48.71722857850929],[38.846862976854275,48.74303391674829],[38.846898263875794,48.74306369037321],[38.846940621527544,48.74308914099997],[38.84805436219216,48.743652417141035],[38.8553895,48.7496484],[38.86016646599815,48.749778133215464],[38.86291202725556,48.75116670525854],[38.86095680188315,48.75073623066395],[38.86291610393252,48.751168767044504],[38.8637379583579,48.75158442124835],[38.863811616817365,48.75160014050951],[38.86388875651748,48.75160448667414],[38.872326434172635,48.751444379098075],[38.8776197,48.7525911],[38.879079,48.7524782],[38.88024294264977,48.75129416087039],[38.90480823088697,48.7508280268326],[38.90486466757909,48.75081699558662],[38.904917380872064,48.75079972240226],[38.90496479640343,48.750776723170965],[38.90645686357638,48.74991245006557],[38.911137,48.7480073],[38.91258222392724,48.7463643630169],[38.91810528497196,48.74316515509454],[38.91912707153557,48.74339191984114],[38.922835485584955,48.74500926250032],[38.91913153349747,48.74339291008283],[38.9369157901146,48.74733976414108],[38.93698301318137,48.747341019944656],[38.937049300033536,48.74733354184091],[38.93711206631204,48.74731762138254],[38.937168864921446,48.74729387926834],[38.93721748143879,48.74726324114275],[38.93725602044965,48.747226901506195],[38.937282979444895,48.747186277143314],[38.93729730739719,48.747142951885095],[38.937298445733845,48.74709861485876],[38.937286350109034,48.747054994633],[38.93723298726635,48.74693249366081],[38.9388603,48.745814],[38.93795772717587,48.744073190366],[38.9388581,48.7458118],[38.937231762554525,48.74692968218409],[38.93287649198315,48.73693162262923],[38.94373360955299,48.734088663394346],[38.94602960150545,48.73444104760811],[38.9460695,48.7344511],[38.94609033158492,48.734450368338216],[38.96070607152402,48.73669356262359],[38.96079664923587,48.74617976433745],[38.9608143715619,48.74621973506757],[38.96084298116432,48.74625686097434],[38.960881494322955,48.746289865481124],[38.960928586775765,48.746317613723626],[38.960982639252315,48.74633915157312],[38.96104179315266,48.74635373844538],[38.961104014456836,48.746360872766715],[38.961167163667284,48.746360309221316],[38.96361984481863,48.746187015948],[38.9640946,48.7461965],[38.96421552676077,48.746144928262225],[38.97891294309408,48.745106487784845],[38.97897391557632,48.74508957537158],[38.97902878018088,48.745065209962185],[38.9790754672836,48.74503431068275],[38.979112215745864,48.7449980431319],[38.97940544332415,48.74463684762319],[38.9812181,48.7438471],[38.98182618150122,48.741655000682194],[38.985609260621864,48.73699503249138],[38.9895432,48.7349888],[38.9914389,48.7306106],[38.9983914,48.7242694],[38.99921036343268,48.72024129712471],[38.999658964090706,48.71968871423386],[38.999671937046294,48.7196448190925],[38.99967146936044,48.71960009838432],[38.999657579614684,48.71955632551893],[38.9996308186424,48.71951523631448],[38.999592247680326,48.71947846016417],[38.999543396281105,48.719447455423634],[38.999086430847036,48.71921039913121],[38.9980470141911,48.71747406237986],[38.999085513915645,48.71920992346207],[38.98521402780707,48.712013923891476],[38.99665605209665,48.71151783632461],[38.9969247,48.7116038],[38.99756107327283,48.711478597660026],[38.999073546602034,48.71141302191968],[38.999135617358746,48.71139771493285],[38.99919201662692,48.7113747616785],[38.99924060651139,48.71134503223637],[38.999279545153215,48.711309653546635],[38.999307356547774,48.71126996669035],[38.999322986493006,48.71122747605257],[39.002122690708006,48.69817466534008],[39.015716469374695,48.69508611523197],[39.015768463277276,48.695062053754114],[39.015812777912984,48.69503203410922],[39.015847869712644,48.69499710195289],[39.01587251636802,48.694958474052854],[39.015885859405735,48.69491749590521],[39.015887434086906,48.694875594867106],[39.015623225974714,48.69233900860295],[39.0157292,48.6886421],[39.014917066668026,48.685559375749065],[39.014699594189366,48.683471484890475],[39.016702539430995,48.6807580115063],[39.0195841,48.6791411],[39.01997361344612,48.67632655122807],[39.02661200074537,48.66733325132349],[39.02662295506213,48.66729200039184],[39.02662212167577,48.667250123485275],[39.026506068761144,48.666538384945085],[39.02748558887642,48.66324990716561],[39.026505273405185,48.666533507122836],[39.02575109142161,48.66190819990191],[39.025726293108455,48.661868665450406],[39.02569059159795,48.66183295556982],[39.02564528317915,48.66180236683163],[39.025592012944415,48.66177800986418],[39.02553271505803,48.66176076902877],[39.02546954253077,48.661751270310894],[39.02540478904971,48.66174985859262],[39.01015956450603,48.662379244298954],[39.01264174500549,48.658491443609755],[39.01372514267116,48.65806710695897],[39.019155,48.6569775],[39.0285105,48.6530086],[39.0322087,48.652876],[39.03426775678971,48.6500211379213],[39.042733530264485,48.646705330553026],[39.07587101944992,48.65185006508354],[39.07592646129441,48.65184955258214],[39.09260445219749,48.65079259006883],[39.0985561,48.6508915],[39.102001721510845,48.65019704103362],[39.1035150674302,48.65010113320421],[39.12303407742997,48.66021858117967],[39.12309715289842,48.66023459565037],[39.123163777450976,48.66024205436876],[39.126629555843216,48.660398776830725],[39.1273093,48.6604736],[39.12769782348575,48.66044708388213],[39.141640859156915,48.6610775878066],[39.14156722870138,48.666702090812635],[39.14159606621137,48.666753304685834],[39.14651843473031,48.67302094685329],[39.14504871822401,48.6714754],[39.146518602359905,48.673021160295725],[39.14840725213465,48.675425974344535],[39.148455112316164,48.67545798771606],[39.14851167472443,48.67548306032273],[39.14857466990443,48.67550018617073],[39.150804499178356,48.67593992758089],[39.1519428,48.6762885],[39.15228531368474,48.67623195687069],[39.17401974381678,48.680518172442014],[39.196251377562966,48.70666050097856],[39.19630230522822,48.70669191340058],[39.19636186373496,48.706715818773056],[39.19642755404903,48.706731214038754],[39.19649661983954,48.70673745321944],[39.196566163136715,48.70673427452182],[39.19663326593402,48.70672181132267],[39.196695112631176,48.70670058657219],[39.19674910817943,48.706671490850475],[39.196792986970884,48.706635744997875],[39.19682490790251,48.70659484888762],[39.19698554621938,48.706323969224066],[39.1983558,48.7057793],[39.199854433342885,48.70148624934545],[39.20063278646731,48.70017373539125],[39.20711341444763,48.69855500671407],[39.229014080015205,48.70995009008568],[39.22678557271977,48.70897726270621],[39.22902048417123,48.70995342221691],[39.23220624175476,48.71161099619128],[39.23226468757712,48.711626805231134],[39.23232655418575,48.711635215433844],[39.23238971060469,48.711635937112426],[39.23245198142919,48.71162894540888],[39.23251122175971,48.71161448115042],[39.23344759694696,48.71131803998034],[39.2359926,48.7110903],[39.23851474982051,48.70971386171158],[39.239583184606715,48.709375612618175],[39.249494585651014,48.71271993575016],[39.25887731324065,48.73384204858954],[39.25597051526151,48.742265401298624],[39.255976152218196,48.74231094712217],[39.25599565326343,48.742354797587204],[39.25602821100667,48.742395137100075],[39.25607247744648,48.742430295431156],[39.2561266197798,48.74245881687082],[39.25618839628628,48.74247952050376],[39.25625524914596,48.74249154910561],[39.256324410347034,48.742494404637185],[39.25725321745235,48.742470267083704],[39.2585371,48.7427437],[39.25990068276974,48.742401465569024],[39.26838758753726,48.742180910497304],[39.2719443903247,48.75357242357661],[39.27081078981894,48.752760054296196],[39.271944599903385,48.753573094802576],[39.272070531409064,48.75397642062067],[39.272105053132904,48.754016828982145],[39.27215142811574,48.75405170072842],[39.27220767868087,48.75407954872539],[39.27227140598678,48.75409918537028],[39.27233989232873,48.754109773239634],[39.272410217040694,48.75411086080324],[39.272479381054495,48.75410240168084],[39.272544434803024,48.754084756620166],[39.273323680994544,48.75380824099031],[39.2747777,48.7536833],[39.27533539265762,48.753094384799994],[39.286243715425535,48.74922356480288],[39.292325699461166,48.76072145285464],[39.29236892370788,48.76075892371519],[39.31165281259593,48.774254903615386],[39.311718985640404,48.77427792070028],[39.311791185954576,48.77429086525651],[39.313212447790725,48.77443740933867],[39.3145923,48.7748068],[39.3245486,48.7760513],[39.32569020839418,48.77572397169368],[39.32626714471945,48.77578345869467],[39.3263307109755,48.77577811536222],[39.32639163545853,48.77576502419892],[39.32644776388831,48.77574464810685],[39.32649711157859,48.77571770758174],[39.32653793361671,48.77568515523534],[39.32656878656359,48.77564814211032],[39.326588579492125,48.77560797697867],[39.326596612559484,48.77556608006305],[39.3266154531926,48.775172380431506],[39.3279744,48.7736946],[39.326795990585474,48.77139981585785],[39.32693722105466,48.768448620782294],[39.32930184084739,48.767652013068215],[39.3323789040938,48.76690011683762],[39.351078208538965,48.768771355002244],[39.35114409460352,48.768765125638936],[39.35120688613484,48.76875057277268],[39.35126418704134,48.76872825173401],[39.35131381075842,48.768699014282305],[39.351353863688225,48.76866397610207],[39.35180226234165,48.768178110611],[39.3545036,48.7668307],[39.354022071412324,48.76577282099657],[39.35421454656718,48.765564263198904],[39.35423100519377,48.76551826105491],[39.35423249291601,48.765471007196865],[39.35421894388165,48.76542459458672],[39.354190958241375,48.7653810789203],[39.35414977556036,48.765342387577604],[39.34351454044796,48.75730394831574],[39.34458470384826,48.75470795605307],[39.3470287,48.7502144],[39.347093011916975,48.748623326045205],[39.34957082152561,48.74261267891357],[39.3564673613548,48.73806999592952],[39.3581944,48.7370077],[39.35821368438682,48.73691971011684],[39.35915262881583,48.73630123665242],[39.35918364502122,48.73626398398122],[39.359203464677556,48.73622354461164],[39.359211378024966,48.73618136677031],[39.359207101698985,48.73613896093884],[39.35919078887421,48.7360978457599],[39.35861954517856,48.735067867795415],[39.35887509928786,48.73390183765743],[39.35861884467986,48.73506660476488],[39.35413762406721,48.72698676332381],[39.37166114876056,48.719925829159344],[39.3726065,48.7198719],[39.37349426000003,48.71918719478044],[39.374415690594205,48.71881591326736],[39.37446132453908,48.71878129428455],[39.37449534258975,48.71874127923668],[39.37451632503116,48.71869753815264],[39.37452339619746,48.71865189656298],[39.37451626101264,48.718606259310725],[39.3744952172992,48.71856253105275],[39.37446114334246,48.718522536769854],[39.374415461230406,48.718487945602796],[39.37436007749992,48.71846020119295],[39.37429730356709,48.71844046143427],[39.374095237552574,48.71839293221018],[39.37378684502994,48.717491925235564],[39.37409404489038,48.71839265167657],[39.34730231898799,48.71209080053524],[39.34972483656842,48.70809405149358],[39.3505051,48.707639],[39.353675357045674,48.70157635310448],[39.356233685848025,48.697355538249866],[39.35755910108268,48.69669520540991],[39.3603134,48.6958003],[39.37147963741088,48.68975987899523],[39.37812809388467,48.68644756295278],[39.3897233099956,48.684958046037316],[39.38977868388976,48.68493969135791],[39.38982809612094,48.68491500985482],[39.38986990727069,48.6848848204256],[39.389902730120895,48.684850124711424],[39.38992547567889,48.6848120738632],[39.38993738930678,48.68477193034739],[39.38998507485745,48.68446518335252],[39.3909313,48.6837598],[39.39028674683287,48.68252461706796],[39.39084482551345,48.67893466254815],[39.403303268075426,48.67406922664094],[39.4058231,48.6738138],[39.41020369600382,48.67137438018232],[39.41194695171458,48.67069358088591],[39.41198956100375,48.67066428517913],[39.41202348230909,48.67063039999557],[39.412047605894756,48.670593033907785],[39.41240174941379,48.66986625329919],[39.4138719,48.6684294],[39.41363427781667,48.66733683317824],[39.413863791089234,48.666865821323015],[39.41386490377719,48.66682160766503],[39.413852877196426,48.66677810709562],[39.41382817764878,48.66673700612577],[39.408437389864744,48.65983788030114],[39.41086908627922,48.65786948554467],[39.4172983298055,48.6574143121496],[39.4207479,48.6582252],[39.4323254,48.6567511],[39.434306748804836,48.6562101611808],[39.44269198121018,48.65561650895923],[39.4465035,48.6563032],[39.45128409239818,48.65500821026836],[39.45247739996775,48.65492372725639],[39.452541234360865,48.65490515313074],[39.45259798653238,48.65487836364212],[39.452645267380866,48.65484448655626],[39.452681086533566,48.6548049480052],[39.45270393613437,48.65476141244952],[39.45271285431673,48.6547157126078],[39.452707465690295,48.65466977230376],[39.45260174669987,48.654286163243285],[39.45338473013236,48.652813280885795],[39.45260084147093,48.654282878554106],[39.44993340856161,48.64460390386719],[39.4544249921983,48.63998548367602],[39.463526733537314,48.638663399841164],[39.4658154,48.6386672],[39.46625464098722,48.63826715452851],[39.468817815370315,48.63789483770566],[39.468877630757426,48.63787216494294],[39.46892928902034,48.63784198008436],[39.4689706633855,48.63780552585179],[39.46900005048203,48.63776430307658],[39.46901624046781,48.637720008908566],[39.46901856683475,48.637674466942805],[39.469006933843524,48.637629552141384],[39.46898182045908,48.63758711364116],[39.46578647516605,48.63347488986318],[39.46747589650774,48.628808938373176],[39.494868318708654,48.6316759254891],[39.4955448,48.6321306],[39.5104364,48.6344562],[39.5140898,48.6338391],[39.51424907339447,48.6337043833441],[39.516595122289665,48.63394992906133],[39.5166636790441,48.633943111661914],[39.516728715469505,48.63392724112148],[39.5167875246409,48.63390297799959],[39.5168376588314,48.63387133216854],[39.51687703139247,48.633833620779335],[39.516904003602924,48.633791413438175],[39.51691745287249,48.633746466875635],[39.51790797131629,48.62666841243252],[39.51788886143515,48.62661883013853],[39.51785326808917,48.62657339363495],[39.513351315838236,48.62214751028555],[39.523949515956566,48.614141041813355],[39.5257254,48.6130243],[39.52596369962958,48.612619415698056],[39.530127411977894,48.609473916342324],[39.530155015415275,48.60943294727959],[39.53016975565799,48.60938916852508],[39.53017104484118,48.60934432614703],[39.53015883158273,48.60930020863051],[39.530133603027,48.609258575545745],[39.524945966650634,48.60268735539263],[39.534460028027056,48.5969054653421],[39.53449157823329,48.59687284101238],[39.534514184594954,48.59683711702965],[39.53452717491676,48.59679935566963],[39.53535153604406,48.59282714395446],[39.53534254523148,48.59278571622999],[39.53532208858805,48.59274611126873],[39.53529087659101,48.59270970453583],[39.53524999324047,48.59267776042034],[39.53520085841031,48.592651388324484],[39.5351451785357,48.59263150413559],[39.52962912549722,48.591081372558435],[39.53097539943824,48.58592024545278],[39.5489687854426,48.58619241578062],[39.548725760328416,48.59589715578338],[39.54874674186394,48.59594224095993],[39.54878150035233,48.59598343294191],[39.54882850226478,48.59601891432052],[39.5488856738744,48.59604711963786],[39.54895049274838,48.59606680445755],[39.56352361072912,48.599311892676404],[39.56359354475593,48.599312621480976],[39.563662221232526,48.59930385995484],[39.563726726859386,48.59928597976765],[39.56378432527367,48.599259739408026],[39.563832573130625,48.59922625200684],[39.563869423752834,48.59918693811604],[39.56974152768895,48.59117372220867],[39.56975223838512,48.59113182167547],[39.56975082416005,48.591089336763766],[39.569737335680074,48.59104778864064],[39.56971225592623,48.591008664927934],[39.564562336451395,48.58470998527225],[39.57426893097063,48.582001852023396],[39.59121280490897,48.59244378374087],[39.59127949159296,48.592463809481075],[39.59135111960939,48.59247391110974],[39.600647935610574,48.593098686961625],[39.60071598769663,48.593089299524486],[39.600779723006795,48.59307094227714],[39.600836470054205,48.593044384671494],[39.600883850277825,48.59301073987953],[39.60091987774172,48.592971418132855],[39.602350864312164,48.590969705913274],[39.6045913,48.5888143],[39.604879600612215,48.58743242439266],[39.60620819267709,48.58557394505678],[39.606217595087784,48.58552867599882],[39.606212951102314,48.585483085044466],[39.60619445301291,48.58543905960019],[39.60616286664923,48.58539842225761],[39.606119499668736,48.58536285534153],[39.59729494755418,48.579469303837364],[39.60127811067687,48.57516736004244],[39.6108602795893,48.57429348022143],[39.62203953602112,48.58582240410992],[39.6219287969338,48.5858041580262],[39.62203968788382,48.58582256072262],[39.62335685133614,48.58718092272846],[39.62340602211339,48.58720905133051],[39.6234623964435,48.58723046503098],[39.623523907456715,48.58724437872968],[39.62358829994794,48.58725028230188],[39.623653213063015,48.587247959301905],[39.62371626685912,48.58723749489909],[39.62377514956521,48.58721927275509],[39.62382770234261,48.5871939609569],[39.63351194255867,48.58151549770968],[39.671295456062936,48.58946401538638],[39.67137011498604,48.589462905071294],[39.68695175247337,48.58808733116178],[39.6869762,48.588258],[39.68712336311071,48.58892764325204],[39.6871107044312,48.589085802283094],[39.6867251161894,48.58950367810714],[39.686424047919715,48.589740327406844],[39.6851367,48.5900255],[39.6840462,48.590678],[39.6831686,48.5914646],[39.6831728,48.5918393],[39.6833107,48.59217070000001],[39.683272075736305,48.59221787846419],[39.68279112289051,48.592595922800335],[39.68253217064588,48.592652094653836],[39.679508834630944,48.59184664498717],[39.6794177,48.5917485],[39.6795335,48.5910413],[39.6793925,48.590404],[39.6790867,48.5901895],[39.67880198391167,48.59010409050826],[39.6787987,48.5900941],[39.67878443005336,48.59009882467968],[39.678553,48.5900294],[39.6777623,48.5901408],[39.6772473,48.5904516],[39.67671392047478,48.5907843559412],[39.6764776,48.5908626],[39.67644128418641,48.590954443731334],[39.6764335,48.5909593],[39.6760741,48.5913555],[39.6758528,48.5917354],[39.6757136,48.5922505],[39.6754562,48.5930898],[39.6753971,48.5934083],[39.67541993784416,48.59353745784526],[39.6754183,48.5935416],[39.675421935743714,48.59354875682774],[39.6754772,48.5938613],[39.6755433,48.5940947],[39.6759033,48.5945396],[39.67594031980919,48.594569176787765],[39.6760176,48.5947213],[39.67630880100816,48.59487479211206],[39.6763107,48.5948764],[39.67693580000001,48.595227],[39.67711851384213,48.595301591915494],[39.677706147009864,48.595611333480605],[39.6778859,48.5957731],[39.6780805,48.5958777],[39.678422,48.5958979],[39.67922612701695,48.59558709052376],[39.679307044138284,48.59556601173423],[39.6797259,48.5956754],[39.679984646682925,48.59579647017034],[39.68039074010384,48.59619127611942],[39.6805545,48.5963796],[39.68052492857262,48.596476010043055],[39.67890955755849,48.59790912423255],[39.6784656,48.5980893],[39.67839678670805,48.59810300171818],[39.67624454154121,48.59796581130306],[39.6758665,48.5976281],[39.6756015,48.5971087],[39.6744659,48.5963626],[39.6735361,48.5958187],[39.6717955,48.5954856],[39.67165863613364,48.59550067502165],[39.6714269,48.5954506],[39.671187552067416,48.59555256309615],[39.6705635,48.5956213],[39.6693064,48.59617030000001],[39.66894866288495,48.59650633809019],[39.6688065,48.5965669],[39.668795053727884,48.59665062987766],[39.668764,48.5966798],[39.6685425,48.5971431],[39.6682024,48.59837490000001],[39.6682887,48.599276],[39.66823560000001,48.60074],[39.66823566040305,48.60074261145722],[39.668158,48.6013107],[39.668729337715924,48.60180898549626],[39.6688895,48.6019863],[39.66898966086698,48.60203602328301],[39.6711894,48.6039545],[39.66906987011782,48.604961583845295],[39.66874304605793,48.60503299682992],[39.66557735465236,48.60496743551181],[39.6651291,48.6048557],[39.664039,48.6048042],[39.66363268257954,48.60492716144588],[39.6633738,48.6049218],[39.66315949277601,48.60507036008687],[39.6617967,48.6057258],[39.6611626,48.6062575],[39.66113804171025,48.606471651841495],[39.661023,48.6065514],[39.66092713017749,48.607159942029135],[39.6608074,48.6070498],[39.660579,48.6077597],[39.66072259432904,48.60845825110071],[39.6606231,48.6090898],[39.66068477756777,48.609165853133184],[39.6613922,48.6107661],[39.6628781,48.6120209],[39.6637034,48.6129292],[39.6638813,48.6132335],[39.6642896,48.6147568],[39.66473111171006,48.61514759461483],[39.66491971003108,48.615580626810655],[39.6649426,48.6159936],[39.66540231890758,48.616688723533834],[39.66654679983809,48.6193165151692],[39.6665531,48.6193912],[39.6666404,48.6195787],[39.66671884082127,48.61971153079987],[39.6668727,48.6200648],[39.66706101570486,48.62023711307054],[39.6673618,48.62059580000001],[39.6675709,48.6207945],[39.6678117,48.6212312],[39.6680957,48.62131690000001],[39.6682871,48.6213904],[39.6682562,48.6215087],[39.66861330000001,48.6219316],[39.668719300000014,48.6219005],[39.66881590000001,48.62217180000001],[39.6690625,48.6222685],[39.66916290000001,48.6223407],[39.66939210000001,48.62258880000001],[39.6696344,48.6226826],[39.6696672,48.6227692],[39.6696846,48.6228933],[39.6702473,48.6234024],[39.6709504,48.6239197],[39.671237326880956,48.62405853095392],[39.6715351,48.624331],[39.67185600314203,48.62451042952772],[39.67295520000001,48.62537360000001],[39.6733398,48.62559070000001],[39.6736759,48.6258072],[39.6741605,48.626025],[39.6742391,48.626118800000015],[39.6763407,48.6273918],[39.676523,48.6274377],[39.6766627,48.6275257],[39.6766802,48.6275921],[39.6796575,48.6292526],[39.6799849,48.6294661],[39.6807454,48.6298577],[39.685203436231696,48.63197350265433],[39.68947167998785,48.634360045074914],[39.6895061,48.6344262],[39.690498,48.63535570000001],[39.6919405444118,48.635740483966195],[39.6937843,48.6367714],[39.69376981793428,48.64320033853829],[39.69373135472288,48.643238400219865],[39.6931738074993,48.643674924424516],[39.6927904,48.6438594],[39.692055865146116,48.64455020256407],[39.6915299,48.644962],[39.69138014522253,48.64566765322897],[39.6913726,48.6456829],[39.69131080000001,48.6458726],[39.691320465749364,48.6459488663806],[39.6912413,48.6463219],[39.69218762901968,48.647502563575785],[39.692206,48.6476123],[39.692274,48.6477123],[39.6924376,48.6478305],[39.69252480162875,48.647923228492544],[39.6937148,48.6494079],[39.695378174787216,48.65016650716709],[39.6953794,48.6501677],[39.6961268,48.6505373],[39.696505930308156,48.650680837086895],[39.69794790324839,48.651338470601374],[39.6984507,48.6517454],[39.698551,48.6518042],[39.6986196,48.6518443],[39.6997634,48.65251230000001],[39.7010986,48.6528299],[39.70235173636357,48.65338171336125],[39.703124364704244,48.65406111295877],[39.7032411,48.6542286],[39.7036928,48.6545844],[39.7045393,48.6553452],[39.7048703,48.6559455],[39.7053472,48.656543],[39.7059555,48.6566712],[39.706234996160305,48.65679640190434],[39.7064356,48.6569728],[39.706498625887484,48.65691449634917],[39.70651560000001,48.6569221],[39.7070059,48.6565812],[39.709076,48.654651],[39.70909586815983,48.65464652070227],[39.7106868,48.6550367],[39.71137704604016,48.656866085701594],[39.71137830624471,48.656883820044456],[39.71129035095497,48.65713882778982],[39.71068,48.6579281],[39.7101784,48.658837],[39.7098313,48.6604276],[39.70970931074924,48.66172271921226],[39.7095261,48.6622539],[39.7113082,48.6672185],[39.710420890810234,48.667954827944556],[39.7102696,48.6680271],[39.710171068650794,48.6680183310288],[39.707709935638924,48.66710706748664],[39.7074012,48.6669487],[39.70693017117213,48.666951448854135],[39.704865122407796,48.66688652052735],[39.704439,48.6666156],[39.7037368,48.66673220000001],[39.703536371379414,48.666844742540086],[39.7032933,48.6668371],[39.70315874770573,48.66705678175536],[39.7030239,48.6671325],[39.70288937438603,48.66749658401991],[39.7017208,48.6694045],[39.70184628139694,48.669517428915704],[39.70261510000001,48.6705704],[39.7037465,48.6713416],[39.703944511194436,48.67140576313662],[39.704033,48.6714854],[39.71200249659552,48.674608414483295],[39.7120838,48.6746598],[39.712326352187155,48.674879319820874],[39.71342819451533,48.67605371143814],[39.7135238706417,48.676280790302506],[39.71361264863636,48.67680142552948],[39.7136064,48.6772026],[39.7139704,48.679717],[39.7140824,48.6799759],[39.7141734,48.6801422],[39.7141836233052,48.68014988510529],[39.7141965,48.6802254],[39.71433597470919,48.68026441133312],[39.7143764,48.6802948],[39.7175014,48.6815789],[39.7193419,48.6817737],[39.72053329896372,48.682050155293],[39.72242060563141,48.68309146855371],[39.7226845,48.6834039],[39.72300134641382,48.683411889759284],[39.7230648,48.6834469],[39.72270779151897,48.684920854655566],[39.72217149130988,48.685341238769226],[39.718715574066486,48.68730471720402],[39.7186735,48.6873085],[39.71865416388541,48.687339607381574],[39.718497,48.6874289],[39.71721855637866,48.689193132481414],[39.7170921,48.6892513],[39.71697622928798,48.68952754012941],[39.7166814,48.6899344],[39.71681539731077,48.69014564965168],[39.7167321,48.6906511],[39.7171253,48.691296],[39.71770259110651,48.69154432981368],[39.71845058624577,48.69272356029025],[39.7183688,48.6932043],[39.7166484,48.6941957],[39.716272,48.69451080000001],[39.7161447,48.6946174],[39.715897,48.6951845],[39.7164137,48.69571120000001],[39.7175663,48.6962462],[39.71884041832202,48.69655910409974],[39.720108221235726,48.69715486189012],[39.720161355836076,48.69733496845066],[39.71962710951298,48.698743408999086],[39.7185737,48.7003594],[39.71830230000001,48.7009684],[39.7184573,48.7017947],[39.71845054849511,48.701845192153414],[39.71820578957926,48.702490453275054],[39.7179922,48.702715900000015],[39.7172782,48.7027878],[39.7165497,48.702575],[39.7150418,48.7007287],[39.7143256,48.700466],[39.71241590000001,48.70073220000001],[39.71201,48.7008443],[39.7119352,48.700865],[39.711645,48.7012297],[39.7114491,48.7016845],[39.7108951,48.70201880000001],[39.7092085,48.70261820000001],[39.7068535,48.7037883],[39.70509830000001,48.70599520000001],[39.704803289664866,48.70659019246956],[39.7044919,48.7068047],[39.704649741733924,48.70689987606957],[39.7045168,48.707168],[39.7046708,48.7078084],[39.70551240000001,48.7083479],[39.7067666,48.7096279],[39.7070885,48.7114007],[39.7075831,48.7120502],[39.7088512,48.71211990000001],[39.7105384,48.7116187],[39.7114224,48.7116899],[39.7120505,48.7120362],[39.712164,48.7122807],[39.7120232,48.7135198],[39.711785,48.7139471],[39.7117791,48.714277],[39.712054,48.7148866],[39.7122614,48.71551220000001],[39.712076,48.7158043],[39.7112782,48.7159194],[39.7109194,48.7160424],[39.70991390000001,48.7160237],[39.7089403,48.7164134],[39.7073948,48.717203],[39.7073245,48.7180007],[39.7072716,48.7183421],[39.7071094,48.718629],[39.7066229,48.71893090000001],[39.7046294,48.7197926],[39.7043076,48.7205075],[39.704575,48.7209425],[39.705145605084056,48.72123301831062],[39.7048377,48.7214631],[39.70994667029444,48.72285677979568],[39.7098083,48.72341870000001],[39.7100575,48.724195],[39.7104122,48.7245497],[39.7118296,48.72561910000001],[39.7129405,48.7259047],[39.713367,48.7264592],[39.713684,48.7265236],[39.7157011,48.7278396],[39.7195731,48.728725],[39.7207211,48.7284985],[39.7216223,48.7278103],[39.7218267,48.7269645],[39.7216057,48.7266843],[39.7204255,48.72594820000001],[39.72040383234988,48.725709396788304],[39.72463346527999,48.72686320149221],[39.7247055,48.7269602],[39.72527090000001,48.7273469],[39.72600403088987,48.728160955299685],[39.72648027835922,48.72910472351533],[39.7260949,48.7294437],[39.72529280000001,48.7298056],[39.72454,48.7301646],[39.7236014,48.7304398],[39.72313350000001,48.7308121],[39.72283980000001,48.7314049],[39.72284006244805,48.731799464387656],[39.7227063,48.7318855],[39.7228402982438,48.73215395973259],[39.7228403,48.73215660000001],[39.72300580000001,48.7328289],[39.72327880000001,48.7334658],[39.723535800000015,48.7338573],[39.72389789750944,48.734272814487554],[39.7255989,48.7376807],[39.72556708025398,48.73783075146185],[39.7254433,48.7378936],[39.7252973,48.738018300000014],[39.72527090000001,48.7381801],[39.725333,48.738403],[39.7252497,48.738955300000015],[39.72525282658326,48.73931266846547],[39.725180879005926,48.739651949588186],[39.72510970000001,48.739886],[39.72510575623176,48.74000620389535],[39.7250112,48.7404521],[39.72586321145423,48.74066322504095],[39.7262228,48.7407739],[39.726520248837645,48.7408260362846],[39.73147249155876,48.74205318228372],[39.73168324778097,48.74224567480453],[39.73188942917422,48.74309243040704],[39.7319204,48.7437225],[39.7320738,48.7441501],[39.732162712202054,48.744214762210376],[39.7321916,48.7443334],[39.733671,48.7451619],[39.733672732366905,48.745160685427194],[39.733696,48.74517380000001],[39.7346863,48.7449206],[39.73536165968486,48.74397656837896],[39.735711736774064,48.743731127237055],[39.73647924811275,48.743421001664636],[39.7393649,48.7436306],[39.7387363,48.7474767],[39.736921,48.7488979],[39.73684270854811,48.7493701069997],[39.7366883,48.7494842],[39.7366287,48.7502681],[39.73667711339496,48.750368877472575],[39.736610426599356,48.75077109215773],[39.7347975,48.7513494],[39.7346047,48.7514151],[39.7342783,48.7515746],[39.7338557,48.7526062],[39.7335887,48.7527316],[39.7330392,48.75273230000001],[39.7326544,48.7526657],[39.7323275,48.7525557],[39.7320993,48.75233830000001],[39.7319179,48.7519523],[39.7317831,48.7515361],[39.7316098,48.7513814],[39.731421,48.7512811],[39.7308502,48.7511116],[39.73055820000001,48.7510517],[39.7302633,48.75088739999999],[39.7301824,48.7505971],[39.7302799,48.7502776],[39.730671,48.7498939],[39.7309881,48.749485],[39.7312675,48.749005],[39.7313581,48.74879220000001],[39.731239,48.74851370000001],[39.7309271,48.7483466],[39.73045,48.74838],[39.7300239,48.7484989],[39.7296774,48.7486748],[39.7291964,48.7489672],[39.728502800000015,48.7491774],[39.727682,48.7493166],[39.72670270000001,48.7498791],[39.7262636,48.7511251],[39.72555120000001,48.7523718],[39.7259686,48.7529211],[39.72708,48.75355],[39.7274261,48.7539422],[39.7277699,48.7542813],[39.7286755,48.7542092],[39.72948,48.75423],[39.7305755,48.7546378],[39.7313046,48.7547814],[39.732092,48.7550601],[39.73223690000001,48.7556486],[39.7319767,48.7558435],[39.730847,48.7562198],[39.7301845,48.756728],[39.7300375,48.7574625],[39.7302515,48.758121],[39.730767,48.7592074],[39.7329364,48.759881],[39.7336,48.75973],[39.73446,48.75973],[39.7357841,48.7597818],[39.7360231,48.7602941],[39.7362956,48.760554],[39.7362557,48.760746],[39.7360022,48.7608266],[39.7357584,48.7609292],[39.7357535,48.7610931],[39.7358901,48.7613213],[39.7360412,48.7613438],[39.7362118,48.7614531],[39.7365225,48.7614646],[39.7367002,48.7615785],[39.7367314,48.7617541],[39.7366606,48.7620231],[39.7366861,48.7621445],[39.73675590000001,48.76230270000001],[39.7369918,48.7626006],[39.7368506,48.7628576],[39.736636,48.7629991],[39.736519,48.76315980000001],[39.736497,48.763332100000014],[39.7367409,48.7638473],[39.7368278,48.7640307],[39.7366995,48.7642192],[39.7364657,48.7644328],[39.7366325,48.7646905],[39.7369855,48.7647881],[39.7374908,48.7651661],[39.7378765,48.7656976],[39.738671,48.7662548],[39.739267,48.7665625],[39.7401076,48.7664822],[39.740258111815365,48.76643598606721],[39.74321365048929,48.76673865025179],[39.7433482,48.7668262],[39.744413,48.7673025],[39.7454011,48.7674427],[39.7446035,48.768312],[39.743588,48.76951620000001],[39.74373,48.7702],[39.74441,48.77054],[39.7451,48.77071],[39.74596,48.77071],[39.74647,48.77088],[39.7471805,48.7713148],[39.7478414,48.7723765],[39.749175,48.7728131],[39.7509539,48.7727346],[39.7525825,48.7718992],[39.7531651,48.7712444],[39.7533298,48.77055],[39.7527805,48.7702255],[39.75214,48.77003],[39.75025,48.76917],[39.75008,48.769],[39.74974,48.76865],[39.74939,48.76814],[39.74944563572536,48.76737684143719],[39.75031900991727,48.76746627998522],[39.7503563,48.76748],[39.7522317,48.7677438],[39.75255974230996,48.767695743889206],[39.75273960866238,48.76771416323975],[39.7542208,48.76811570000002],[39.755077,48.76812560000001],[39.755673,48.767929],[39.755918946104174,48.767527285333976],[39.7609322595746,48.763867623421525],[39.76099531225829,48.7638658350428],[39.76590122267161,48.76421548506694],[39.76635957144094,48.764374074705565],[39.76845588158424,48.76622574683112],[39.768550800000014,48.7664281],[39.76855584248473,48.766452077632216],[39.768646435237606,48.76896380122038],[39.768461544460315,48.76945729151322],[39.766564923399315,48.77068775298141],[39.76543510000001,48.7710118],[39.764469263068186,48.7710325928546],[39.7636297,48.7710335],[39.76339519543503,48.771331439482196],[39.7630887,48.7715492],[39.76271439347513,48.77219640253073],[39.7624264,48.7725623],[39.76277825222123,48.77288329489733],[39.76299130000001,48.7734087],[39.7636892,48.7743906],[39.7639812,48.7745896],[39.7648029,48.7750496],[39.7653276,48.77537580000001],[39.7656444,48.7758096],[39.76559,48.7760902],[39.7653771,48.7775809],[39.765392,48.7778484],[39.765779,48.7785666],[39.76617712902398,48.778935755906296],[39.7662131,48.7791678],[39.7666416780791,48.77936649824644],[39.7666502,48.7793744],[39.76668242886286,48.77938539120824],[39.76944052582495,48.78066410576829],[39.76997884146365,48.78119503636063],[39.770719297064446,48.78230077194166],[39.7707786,48.7825073],[39.7710005022914,48.78272070073236],[39.7715164,48.7834911],[39.77192998520762,48.78361457313805],[39.7721176,48.783795],[39.7729298,48.7841778],[39.7737693,48.7844747],[39.77494657883038,48.78451515728363],[39.77976920359275,48.7859549201235],[39.78033811166199,48.786414300908596],[39.78563026742952,48.79864156989282],[39.7855874,48.7998957],[39.7853956,48.8007795],[39.7807889,48.805724],[39.7802673,48.8067571],[39.7800297,48.8072136],[39.7800642,48.8076447],[39.7799178,48.8080843],[39.7800857,48.8088983],[39.7799694,48.8092386],[39.7797347,48.8099531],[39.7801138,48.8121202],[39.7816748,48.8135238],[39.7825562,48.8140447],[39.7840046,48.815869],[39.7843847,48.8161525],[39.7846204,48.8163851],[39.7847621,48.8164835],[39.78510590000001,48.8163876],[39.7853232,48.8161182],[39.7856147,48.8160484],[39.7861111,48.8162107],[39.7865527,48.8165435],[39.7864148,48.8171741],[39.7870049,48.8175668],[39.7872388,48.8178341],[39.7874453,48.8183853],[39.7872168,48.8190546],[39.7869678,48.8196356],[39.7863944,48.8207924],[39.7861148,48.8211715],[39.7855377,48.8217188],[39.785077,48.8223767],[39.785077,48.8232455],[39.78561230000001,48.8242621],[39.7862684,48.8247516],[39.787117,48.8249953],[39.7881888,48.824895],[39.7887666,48.8246305],[39.7892106,48.824392],[39.7895906,48.8244977],[39.7900567,48.8236158],[39.7902241,48.8231422],[39.7910931,48.8226908],[39.7917948,48.8227463],[39.7922287436558,48.82258104935077],[39.79375082816051,48.82817350750664],[39.79351250000001,48.8282472],[39.793113900000016,48.82801030000001],[39.79210590000002,48.8280908],[39.7916349,48.8284443],[39.791489,48.8291665],[39.7918721,48.8300002],[39.792012600000014,48.8317104],[39.7919112,48.8327511],[39.792125800000015,48.8335166],[39.7922175,48.8346469],[39.7918527,48.8347349],[39.791555,48.8351893],[39.7916478,48.8359079],[39.7922497,48.8363912],[39.793373,48.8368075],[39.7947077,48.8368044],[39.7954346,48.8370374],[39.796057,48.8375009],[39.7962907,48.8377347],[39.7962462,48.8387131],[39.79631060000001,48.8396774],[39.7969012,48.8403097],[39.79708742202449,48.840432854152375],[39.7971263,48.8405757],[39.79757052493899,48.84075234444956],[39.7985813,48.8414208],[39.7998736,48.8422279],[39.8001048,48.8426021],[39.8011107,48.8428655],[39.8026347,48.842982],[39.803021014707845,48.84291971210622],[39.803489664273556,48.84310606892077],[39.8035633,48.8432937],[39.8039018,48.8435465],[39.8046217,48.8436902],[39.8050267,48.843604],[39.8057246,48.8430957],[39.8064257,48.8417435],[39.80632424121004,48.841569333037384],[39.80732937016433,48.84034826143689],[39.808284,48.8399319],[39.8079657705066,48.839575136375494],[39.808044,48.8394801],[39.8075031,48.838581],[39.8278316,48.831465],[39.82867427198712,48.83214025585191],[39.829879,48.8337707],[39.88243,48.82204],[39.88672,48.82084],[39.8917,48.81895],[39.90778320471422,48.81235212724454],[39.9367367,48.8007946],[39.9764028,48.7939027],[40.0788309,48.8698666],[40.076279451934326,48.87227050120615],[40.07246,48.8744],[40.0623160542179,48.89579018112717],[40.0554947,48.9100982],[40.04946599019377,48.91017408320745],[40.0487751,48.9101255],[40.04860190703571,48.91018495939882],[40.0484954,48.9101863],[40.03815103817363,48.91354363601081],[40.0379863,48.9132121],[40.0370662,48.9130778],[40.036728,48.9130638],[40.0362502,48.9132982],[40.03599230000001,48.9136382],[40.03609288383942,48.91421162459996],[40.033306048557044,48.9151161117599],[40.03298,48.91491],[40.03229,48.91474],[40.02991220000001,48.9147396],[40.029662712725745,48.91486671476655],[40.02941678781898,48.91471670843883],[40.02951920000001,48.9146095],[40.0295257,48.914459],[40.02911240000001,48.9141363],[40.02843608569078,48.914118511506366],[40.027280265139254,48.91341349793648],[40.027271,48.9131032],[40.0275569,48.9128647],[40.02954,48.91199],[40.02834,48.91165],[40.0256,48.91199],[40.02525,48.91182],[40.02508,48.91165],[40.02457,48.91079],[40.02371,48.90976],[40.02302,48.90959],[40.02233,48.90959],[40.020851580130795,48.90949220568958],[40.01969464809759,48.90878651415142],[40.021333,48.9070098],[40.0215199,48.9059332],[40.0210692,48.9053768],[40.0207174,48.9052684],[40.0201677,48.9052973],[40.0195509,48.9050748],[40.0179332,48.9030188],[40.0173639,48.9026243],[40.0174727,48.9021756],[40.00510699293051,48.901352850799476],[40.0039798,48.9007927],[39.9934295,48.8682857],[39.99326510125082,48.86831326824836],[39.9932321,48.8682063],[39.9742253,48.8707036],[39.962058,48.8721057],[39.9535752,48.8746491],[39.9527783,48.8750545],[39.9520637,48.8751846],[39.95192580374939,48.87524551089744],[39.9506521,48.8754591],[39.950014875930705,48.87615109465787],[39.94921,48.87628],[39.94749,48.87714],[39.94697,48.87783],[39.94629,48.87852],[39.94474,48.87955],[39.94220173960209,48.8846357845199],[39.941517077264756,48.885379294852775],[39.93736,48.8883],[39.9372869623929,48.88839881558607],[39.93377300919439,48.89038444080437],[39.9324973,48.8906808],[39.9321864,48.8910896],[39.9311758,48.8913861],[39.93100758660999,48.89194709474784],[39.93037221573324,48.89230612298885],[39.92917030000001,48.8927047],[39.9286572,48.8926638],[39.92792,48.89328],[39.92728462591085,48.894050823577835],[39.92720756419883,48.8940943687448],[39.92631290000001,48.8945031],[39.92608712586814,48.89472749345629],[39.924336,48.895717],[39.91582235973246,48.89512132627793],[39.8761781,48.8920256],[39.87597166600837,48.89233309347601],[39.871604002054184,48.8920275012073],[39.87179,48.89173],[39.85239,48.89053],[39.8453251,48.9029125],[39.844088,48.9019289],[39.8437692,48.9015025],[39.84312,48.90118],[39.8422851,48.9009533],[39.8417904,48.90104],[39.8410758,48.9014591],[39.8404162,48.9026154],[39.83964389307333,48.90300720411714],[39.83842180169715,48.90302633637126],[39.83711,48.90289],[39.8364873,48.9027431],[39.83569294504237,48.902250422029866],[39.833925067837,48.9009575635742],[39.8337758,48.9007332],[39.8337588,48.9001831],[39.8339538,48.8995044],[39.834474,48.8976944],[39.8347149,48.8973673],[39.8348282,48.897282],[39.8355499,48.8969288],[39.8356452,48.89634],[39.835881,48.8958393],[39.8361586,48.8950115],[39.8360171,48.8936806],[39.8358472,48.8929639],[39.8342694,48.8913323],[39.8336064,48.8901435],[39.83265,48.88813],[39.8320593,48.887623],[39.8315948,48.8872832],[39.8308289,48.8869516],[39.8284752,48.8866323],[39.826994,48.8864598],[39.8267868,48.8870067],[39.82698,48.88779],[39.82715,48.88933],[39.8263,48.89019],[39.82578,48.89053],[39.82492,48.89208],[39.82304,48.89294],[39.82183,48.89431],[39.81857,48.89585],[39.81823,48.89654],[39.81823,48.89723],[39.81892,48.89843],[39.81943,48.8986],[39.82211430000001,48.8996762],[39.82372,48.90032],[39.82424,48.90083],[39.82441,48.90169],[39.82441,48.90238],[39.82304,48.90427],[39.822215,48.9044247],[39.8188003,48.905483],[39.81823,48.9077],[39.81668,48.9077],[39.81565,48.90787],[39.81514,48.90873],[39.81291,48.91062],[39.81016,48.9113],[39.80982,48.91147],[39.8084359,48.9127168],[39.808303,48.9130831],[39.8073618,48.9135874],[39.8066477,48.9139992],[39.8056913,48.9144406],[39.8045867,48.9146693],[39.8028493,48.9146977],[39.8011848,48.9145074],[39.79913480000001,48.914339],[39.79807010000001,48.9140457],[39.7976046,48.9135297],[39.7975872,48.9126594],[39.79802280000001,48.912167],[39.7978834,48.9115257],[39.7971688,48.9107675],[39.7954811,48.9105759],[39.79433680000001,48.9108285],[39.7932486,48.9112967],[39.7931218,48.911961],[39.793335700000014,48.9124647],[39.7937006,48.913073],[39.794001,48.9136247],[39.7939979,48.9141366],[39.79352830000001,48.9147048],[39.7928832,48.9150707],[39.792176300000015,48.9152245],[39.7911425,48.9150939],[39.79031190000001,48.91486159999999],[39.7891853,48.9147077],[39.7851639,48.9148809],[39.7831811,48.9151287],[39.7822091,48.9154452],[39.7818292,48.9159881],[39.7817718,48.9166882],[39.7802503,48.9179725],[39.77807230000001,48.9198732],[39.7765041,48.9206861],[39.7759296,48.9215436],[39.7748004,48.9232286],[39.7745822,48.9241424],[39.7739964,48.924514],[39.77445,48.92504],[39.77514,48.92538],[39.77566,48.92555],[39.77806,48.92589],[39.77892,48.92641],[39.77926,48.92778],[39.77923530000001,48.9279299],[39.77892,48.92984],[39.77875,48.93019],[39.77857,48.93087],[39.77909,48.93225],[39.77978,48.9331],[39.78012,48.93345],[39.78081,48.93413],[39.78184,48.93431],[39.78184,48.93465],[39.78166,48.93516],[39.78166,48.93551],[39.78149,48.93602],[39.78132,48.93654],[39.78115,48.93688],[39.77978,48.93774],[39.77789,48.93825],[39.77651,48.93843],[39.776,48.93928],[39.77566,48.93997],[39.77516230000001,48.9404168],[39.77377,48.94117],[39.77308,48.94117],[39.7719727,48.9432951],[39.7726179,48.9442968],[39.7724295,48.9460761],[39.7729116,48.9463818],[39.77377,48.94958],[39.77461581120365,48.949727811666655],[39.772661892584416,48.952924115213115],[39.7714462,48.9525249],[39.7706887,48.9526566],[39.7700314,48.9530517],[39.7697974,48.9535052],[39.7698197,48.954266],[39.7693741,48.9548513],[39.7677365,48.9560217],[39.76652220000001,48.9566947],[39.7646395,48.9579473],[39.7645087,48.9581272],[39.7647649,48.9585668],[39.76604,48.95868],[39.7660203,48.9593289],[39.766711,48.9599287],[39.7665996,48.960748],[39.7660314,48.9610186],[39.7653296,48.9611356],[39.7632575,48.9610771],[39.7628787,48.9612307],[39.762745,48.9616696],[39.76313490000001,48.9624156],[39.76299010000001,48.9628984],[39.762344,48.9632568],[39.7610294,48.9634616],[39.7606075,48.9637941],[39.7606061,48.9643978],[39.7609737,48.9648],[39.762176900000014,48.9651218],[39.7638862,48.9662498],[39.76411164878772,48.96691096927216],[39.76340937029399,48.96805978643272],[39.7633469,48.96810580000001],[39.7626115,48.9683311],[39.7613368,48.968299],[39.7603235,48.9679556],[39.75931030000001,48.9670866],[39.7587056,48.9669042],[39.757676,48.967033],[39.7570224,48.96768739999999],[39.7569733,48.9688997],[39.7567936,48.9700477],[39.7571794,48.9702516],[39.758093,48.9702662],[39.7592776,48.9705197],[39.7600947,48.9709166],[39.7604543,48.9714637],[39.76035620000001,48.9720109],[39.7596862,48.9723649],[39.7589671,48.9725472],[39.7583951,48.9728905],[39.7581663,48.9734269],[39.7584441,48.9739847],[39.7588364,48.9750252],[39.7585585,48.9755187],[39.7580846,48.9758619],[39.7572185,48.9760228],[39.75611030000001,48.9757979],[39.7538192,48.9757761],[39.75214,48.97619],[39.7507363,48.9772744],[39.7493256,48.9779188],[39.74875930000001,48.978791],[39.74853980000001,48.9795419],[39.74873620000001,48.9820447],[39.749626,48.9830988],[39.7508394,48.9837055],[39.753,48.9846],[39.75315195859672,48.98483929867175],[39.75218414427258,48.98642249068706],[39.75185210955962,48.986631103062884],[39.74837555566588,48.98722354396642],[39.7479504,48.9872698],[39.7469104,48.9872167],[39.74666323881076,48.9871467475331],[39.745055485395135,48.98644066139216],[39.7448511,48.9862605],[39.7444531,48.9858588],[39.74371820000001,48.9855264],[39.7430816,48.9853032],[39.7420541,48.9850859],[39.7413862,48.9847825],[39.7398164,48.9838946],[39.7390744,48.9835462],[39.7384236,48.9832653],[39.736568423097104,48.98271335034576],[39.7360446,48.9824833],[39.73305908142368,48.979671418035096],[39.7329265,48.9794327],[39.7321444,48.9789456],[39.7312348,48.9786356],[39.73037500696786,48.97831685051088],[39.730257697092,48.97826308496608],[39.7300095,48.977994],[39.7299809,48.977713],[39.7301579,48.9772971],[39.7302914,48.9769101],[39.73021249263194,48.976767341514936],[39.730221,48.9767382],[39.73019034306863,48.97672726872856],[39.7300912,48.9765479],[39.72869020000001,48.9758783],[39.7274233,48.9756649],[39.7272664,48.9756365],[39.72716075618616,48.975647015908564],[39.7270045,48.9755913],[39.72679861585858,48.97568306377956],[39.7264818,48.9757146],[39.726036886411755,48.97602257109939],[39.7248201,48.9765649],[39.7244781,48.9780682],[39.72469928652446,48.97813558147155],[39.72467,48.9781927],[39.72471980000001,48.9784677],[39.725332500000015,48.9786664],[39.7242489,48.9797155],[39.7217508,48.9793946],[39.71678,48.98237],[39.71721198579276,48.9836828979976],[39.71702399388873,48.98429117131805],[39.71643,48.98512],[39.71651891152849,48.985925433846276],[39.716210945354554,48.98692190020035],[39.71455,48.98804],[39.7134977,48.9898212],[39.7122957,48.9902194],[39.7117719,48.9907636],[39.7117574,48.9908591],[39.711881,48.990945],[39.7119029,48.9911646],[39.7118374,48.9913125],[39.7112991,48.9918806],[39.7110299,48.9919904],[39.7107971,48.9919904],[39.7105862,48.992138300000015],[39.710475458000374,48.99227672749954],[39.71025186837253,48.992375549015996],[39.7096841,48.9925202],[39.7090221,48.9924534],[39.708542,48.9923675],[39.7080473,48.9924391],[39.7077127,48.9927207],[39.7076035,48.9931264],[39.70768,48.99353],[39.70801820000001,48.993957],[39.70835892260445,48.99413499459886],[39.7084981,48.9944314],[39.707524586188036,48.99545193028156],[39.7063395,48.9960692],[39.7058868,48.9965957],[39.70573250000001,48.9971627],[39.70581025224447,48.99724905907482],[39.70561281751659,48.99745602903863],[39.7053415,48.9974935],[39.70537881104371,48.997701337003164],[39.705308417745016,48.99777512999105],[39.70476,48.99816],[39.7041173,48.9986274],[39.70421966323173,48.998916466597],[39.704181432906466,48.99895654328017],[39.7038909,48.9992484],[39.702168,48.9998285],[39.700156,49.000616],[39.6991417,49.000886],[39.69910702788665,49.00088343945454],[39.6966215613286,48.9996931297814],[39.6964492,48.9994684],[39.69590390000001,48.999128],[39.6951649,48.9989675],[39.69330080000001,48.9992783],[39.69326239497688,48.999292404324095],[39.69271581748736,48.99852492851663],[39.6928155,48.99835],[39.6930613,48.998192300000014],[39.693218,48.9979105],[39.6931687,48.9976758],[39.69214280000001,48.996902],[39.69129126375261,48.996524643929675],[39.6911238,48.9962895],[39.69026091525918,48.99587906830825],[39.6901856,48.9957457],[39.6899144,48.995648],[39.68980985380123,48.99566452063054],[39.68723610396575,48.99444031483671],[39.6872165,48.9944256],[39.687148875969925,48.994398824783396],[39.68608364705885,48.99389214795462],[39.6849883,48.9929848],[39.6831155,48.991936],[39.681291,48.9911626],[39.6804837,48.9906435],[39.67833630000001,48.9890861],[39.67695524710682,48.98955021854262],[39.6769304,48.9895384],[39.67689024490132,48.98957206327357],[39.6761858,48.9898088],[39.67132686312657,48.99423602000157],[39.6634114,49.0008718],[39.6702767,49.0031482],[39.67601543796313,49.00940799276928],[39.67807928435436,49.01330177534098],[39.67722757631235,49.01361613711252],[39.6766757,49.0136747],[39.6760317,49.01367],[39.6751475,49.0138394],[39.6745726,49.0140757],[39.6739795,49.0144146],[39.6735392,49.0149825],[39.6729424,49.0163309],[39.672826,49.0166841],[39.672957,49.0170015],[39.673219,49.0174191],[39.6734628,49.017715],[39.6736629,49.0181207],[39.6737939,49.0185144],[39.6740122,49.0191683],[39.674256,49.0194761],[39.67444374592191,49.01961912465567],[39.6756634,49.0268881],[39.677427475211694,49.02742394031486],[39.6775407,49.0275654],[39.6778947,49.0277149],[39.6784633,49.0279241],[39.6788147,49.0281616],[39.679319,49.0283796],[39.6798152,49.02847290000001],[39.6804544,49.0285682],[39.6809473,49.0287036],[39.6814064,49.02903280000001],[39.68187327934842,49.02934275864247],[39.682403156091766,49.03169444911895],[39.6823791,49.0317196],[39.6818578,49.0320397],[39.6815386,49.0323985],[39.6813991,49.0324583],[39.6808976,49.03273260000001],[39.680683,49.0329471],[39.6806401,49.03313880000001],[39.6807581,49.0333498],[39.6810102,49.0334747],[39.68251230000001,49.033647],[39.68282470429423,49.033565357600125],[39.68356296882498,49.036841911417405],[39.68334797974934,49.03697881145677],[39.68088399201608,49.037550578519394],[39.67867,49.03644],[39.67534222767578,49.03883654203124],[39.673217,49.0393297],[39.67346072343577,49.03950687399054],[39.6731244,49.039729],[39.67265230000001,49.0402143],[39.672392,49.0404015],[39.680674480865896,49.04475089242738],[39.6820889,49.0457791],[39.68735947170476,49.04800401940958],[39.6910872,49.0496956],[39.6931571,49.0504795],[39.693206737484886,49.0504723844857],[39.6933662,49.0505397],[39.69603066569409,49.05006757546661],[39.7079803,49.0483546],[39.71510473442598,49.04668778498185],[39.7403201,49.0422198],[39.748876832057164,49.04154053162112],[39.7575453,49.0412095],[39.7606373,49.0407901],[39.7634326,49.0404109],[39.76406813518327,49.04033458386227],[39.76658829964276,49.040134522902605],[39.766772037243555,49.04019902351727],[39.78675490390227,49.049188205531095],[39.78787080494572,49.04981194132498],[39.790248935100294,49.0512740669294],[39.7984647,49.0567621],[39.79971470000001,49.0574369],[39.802362,49.0588658],[39.80294198615931,49.059078027917785],[39.8031433,49.0592018],[39.80326307648201,49.05919552094674],[39.8052017,49.0599049],[39.8112419,49.0603862],[39.8131221,49.0592117],[39.81479468621768,49.05859099833525],[39.81973271659603,49.05833213152581],[39.825764,49.0590487],[39.8402332,49.0607676],[39.851914168370136,49.06147199595898],[39.876386520476345,49.063926679493136],[39.8802205,49.064336],[39.88029182814547,49.064318398866476],[39.8803048,49.0643197],[39.9102626,49.0574623],[39.91162617806814,49.05740393642978],[39.9216316,49.0572304],[39.93798891133148,49.05640289045023],[39.94232281645779,49.070658622076834],[39.94234,49.07146],[39.94215357026318,49.07233998156299],[39.94006499039334,49.07782197115238],[39.938341,49.08187739999999],[39.93832844575636,49.08237995802129],[39.9381691,49.0827982],[39.93831453583254,49.082936785177964],[39.9383119,49.0830423],[39.93905508597754,49.08364245221924],[39.94461725678889,49.08894262081141],[39.9500804,49.0958414],[39.95879250825826,49.10569303930033],[39.95880935049971,49.105716733974674],[39.96775,49.1185],[39.97152,49.12382],[39.97207606450456,49.12438114209484],[39.9727245,49.1252934],[39.9761423591414,49.128484567276644],[39.9776199,49.1299756],[39.9968867,49.148189],[39.99788496414542,49.148785079008526],[40.00983879459556,49.15994606340985],[40.0104794,49.160684],[40.01186006969524,49.161833276044526],[40.031575,49.1802406],[40.0761297,49.1868276],[40.0927592,49.2031637],[40.10057382347085,49.207047764709955],[40.107967,49.2110502],[40.10875330000001,49.2116939],[40.11457656011983,49.219494176280264],[40.1229698,49.2309907],[40.1372265,49.239885],[40.14264734489009,49.239559142446375],[40.1631896,49.23849520000001],[40.17057921217357,49.23788010345415],[40.1770838,49.2374891],[40.1882278,49.2386257],[40.20837156196068,49.242148485553365],[40.2089165,49.2423831],[40.2104265,49.2433215],[40.2122155,49.244354],[40.2133405,49.2451024],[40.21499125914547,49.246129703706806],[40.2208062,49.2577735],[40.21943236545742,49.26436341632366],[40.2185692,49.2647696],[40.2184595,49.2648299],[40.1859301,49.2812231],[40.1843747,49.2957464],[40.1835497,49.2990257],[40.1840333,49.3009179],[40.18426236298337,49.301413390850556],[40.1840397,49.3039851],[40.18448223036585,49.30432621058113],[40.1840826,49.3045311],[40.184796,49.3052276],[40.1862684,49.3067729],[40.1876037,49.3089338],[40.1879579,49.3105662],[40.1884444,49.3129756],[40.1892637,49.3186619],[40.1911078,49.3246588],[40.1922455,49.3291582],[40.19275180000001,49.3316306],[40.19277430000001,49.3322677],[40.1933045,49.3333713],[40.1936832,49.3341383],[40.1938623,49.3342884],[40.19431260000001,49.3344117],[40.1944508,49.3344884],[40.19446687384412,49.33452726207882],[40.19564362305815,49.33989205661997],[40.1957924,49.34114],[40.1958921,49.3422043],[40.1958973,49.3426914],[40.19585030000001,49.3431782],[40.1958925,49.3437406],[40.1958878,49.344299],[40.195434,49.3453072],[40.1952348,49.3457034],[40.1949546,49.3460954],[40.19463579534287,49.346444916048725],[40.19062447960452,49.34868632010855],[40.1882007,49.3494113],[40.18365,49.3509609],[40.1823814,49.35147149999999],[40.1813105,49.3520243],[40.1804325,49.3525142],[40.1797269,49.3530532],[40.1770865,49.3551434],[40.1758631,49.356123],[40.1755347,49.3563677],[40.17519090000001,49.35638439999999],[40.1748476,49.3563624],[40.1722065,49.3562065],[40.1710439,49.3561617],[40.1706628,49.3561704],[40.1700288,49.35629],[40.1695669,49.3565262],[40.1693396,49.3565797],[40.1689431,49.3566522],[40.1688561,49.3571372],[40.1689141,49.3573703],[40.1688464,49.3574963],[40.1687061,49.3576072],[40.1680963,49.3579442],[40.167762,49.3581169],[40.1675117,49.3582703],[40.1673134,49.3583436],[40.1671055,49.3584727],[40.1668328,49.3586543],[40.1665905,49.3588464],[40.1660284,49.3591948],[40.1650846,49.3604372],[40.1648195,49.3609835],[40.16457,49.3615264],[40.1616422,49.3642125],[40.16019220000001,49.3655642],[40.158669,49.3668953],[40.1591618,49.3671196],[40.16030054026882,49.36633962303598],[40.16073701521941,49.36662352288231],[40.1606672,49.3666951],[40.1613727,49.3672896],[40.161249,49.3674153],[40.1616504,49.3677729],[40.1622634,49.3680702],[40.1618816795547,49.368448687809206],[40.16070774979619,49.36944430668792],[40.1605839,49.3695177],[40.1592521,49.3706195],[40.1582682,49.371363],[40.156779,49.3703353],[40.155749,49.3706753],[40.1553482,49.3709128],[40.1541435,49.3714613],[40.1549726,49.372219],[40.1552346,49.3721266],[40.1557598,49.3725546],[40.1468793,49.3767004],[40.1466397,49.3764927],[40.1459844,49.3767934],[40.1462048,49.3770002],[40.145857496588356,49.37715577808678],[40.1445985,49.3776671],[40.13227550372606,49.381526802711385],[40.13213240000001,49.3815687],[40.1305364,49.3820124],[40.13037830000001,49.3820635],[40.1294948,49.3823151],[40.12812020000001,49.3826428],[40.1270633,49.3828896],[40.1211604,49.3840458],[40.12030381330625,49.38427870666591],[40.11776760392856,49.3847993498373],[40.1163798,49.385012],[40.115889796017555,49.38518483373097],[40.1134017,49.3856956],[40.0769088,49.4099572],[40.0595506,49.4352626],[40.0472045,49.4448782],[40.0291895,49.4535986],[40.03216404281815,49.46436618234371],[40.033187,49.4682688],[40.0345793255786,49.47310929266228],[40.04176,49.4991027],[40.04060259086146,49.50488626873662],[40.0395728,49.5086705],[40.0392059,49.5100185],[40.0390389,49.5105204],[40.0392685,49.5109773],[40.03930655103441,49.511362574457344],[40.03916127522611,49.5120885170779],[40.03761,49.51658],[40.037592,49.5177066],[40.0377719,49.5186212],[40.03782798587909,49.518750958497705],[40.037599,49.5198952],[40.0388661314726,49.520370006759755],[40.0392048,49.5207179],[40.0407383,49.5213214],[40.0605335,49.52911010000001],[40.14799,49.56173],[40.15039,49.56241],[40.15297,49.56327],[40.155525320135794,49.56408336449946],[40.1684346,49.5689206],[40.15039882246522,49.58598563875444],[40.13941,49.59589],[40.13786208924906,49.60406122605081],[40.1352584,49.6162537],[40.09485278592136,49.60666478418594],[40.0649602,49.5989679],[40.06450417329865,49.59946255998644],[40.0635377,49.5992332],[40.0567287,49.6065734],[39.9522226,49.596549],[39.9346008,49.572783],[39.92096467434541,49.56835073524663],[39.91934,49.56774],[39.919085711100166,49.56774],[39.91004995613308,49.5648030324716],[39.90766,49.56396],[39.90457,49.56293],[39.89118,49.5583],[39.86853,49.55967],[39.84917310108917,49.56248621939453],[39.8389138,49.5635177],[39.81914654462461,49.560301174285506],[39.81462,49.5595],[39.80604,49.55795],[39.805767500730916,49.55812413767106],[39.8053125,49.5580501],[39.79952234039565,49.56211503893035],[39.78939,49.56859],[39.77669,49.57735],[39.7678056,49.5842712],[39.76768842830687,49.58446380259096],[39.76499686245431,49.58635339658582],[39.764238,49.5866144],[39.76199242417917,49.588462640361975],[39.7502318,49.5967191],[39.7127471,49.6059228],[39.6967474,49.6042914],[39.6869259,49.611558],[39.6599951,49.6148107],[39.65842792348802,49.616281654833585],[39.6579,49.61666],[39.6559462,49.6184785],[39.64794,49.62593],[39.64485,49.62885],[39.63884,49.63451],[39.638725009364194,49.63477484723698],[39.6383788,49.6350998],[39.61342759293961,49.69108701761335],[39.6052,49.70129],[39.60297,49.70421],[39.59129,49.71828],[39.59129,49.71914],[39.59198,49.71983],[39.59318,49.72069],[39.60297,49.72824],[39.603361612746916,49.72852065580196],[39.61005377578973,49.73375502737325],[39.604,49.73408],[39.59902,49.73442],[39.5732713,49.7361664],[39.5652,49.73682],[39.54494,49.73905],[39.5397232,49.7399713],[39.535609536330824,49.740683755481],[39.5338346,49.7408478],[39.4787607,49.7564746],[39.47167655070131,49.75709142704706],[39.44916,49.7588],[39.447238142797,49.75921931429884],[39.44066086573967,49.759792007252344],[39.436221963327306,49.75948416524557],[39.426100366070344,49.756814132590435],[39.42598,49.75674],[39.42565992627719,49.75669794651817],[39.41336951360766,49.753455789935614],[39.40688477708493,49.75094452945837],[39.40291061629667,49.74928160346348],[39.40212,49.74867],[39.39285,49.74472],[39.38976,49.74335],[39.37878,49.73854],[39.37798799432648,49.738853118522094],[39.3769627,49.7384241],[39.37288152494265,49.739288310724554],[39.36521,49.73991],[39.35783,49.74111],[39.30857,49.75279],[39.28522,49.75536],[39.27715,49.76515],[39.27371309365918,49.76810001127587],[39.27195536706649,49.76817363596591],[39.26514,49.76789],[39.25913,49.77081],[39.25089,49.77648],[39.250306260317,49.77788834282744],[39.2403717,49.7911227],[39.239704171015234,49.794991764661454],[39.23784,49.79879],[39.22771,49.80738],[39.22897015348797,49.80864015348797],[39.2256563,49.8401842],[39.21610104263672,49.85199014714867],[39.2140958,49.854297],[39.20952,49.85956],[39.20645629508993,49.86390666341512],[39.20107938322504,49.87055007812249],[39.195453,49.873309],[39.1888238,49.8850217],[39.1878548,49.8854342],[39.18428462119673,49.88695385170468],[39.17847078702854,49.887988720237125],[39.1742113,49.8856346],[39.1713971,49.8840792],[39.1649455,49.8805133],[39.15515820000001,49.8751031],[39.1535204,49.8741977],[39.15073958950538,49.87266025339243],[39.1307382,49.861568],[39.12569580381032,49.85567838125398],[39.1234068,49.8524667],[39.1206358,49.8489328],[39.1189235,49.8466319],[39.11819,49.84548],[39.11665,49.84394],[39.1105476,49.8379094],[39.11043221411853,49.837850205799576],[39.1103662,49.8377731],[39.10938393713631,49.837312428412986],[39.10858,49.8369],[39.10755,49.83639],[39.104302111940896,49.83492910255976],[39.07029295904883,49.8189791455626],[39.0699105,49.8186571],[39.068693,49.8172063],[39.0684175,49.8167046],[39.0668401,49.8156292],[39.06656362726673,49.81566572018884],[39.0662328,49.8153488],[39.0618679248582,49.81628599089937],[39.0553944,49.8171411],[39.0485,49.81836],[39.04627,49.81888],[39.03600192068496,49.82183973136765],[39.033522,49.8223722],[39.02166,49.8209101],[38.9849055,49.8077831],[38.97199047566642,49.80725544500631],[38.9710867,49.8071077],[38.96863024588944,49.80595585513324],[38.956828918845225,49.80000309890415],[38.9531187,49.7978518],[38.9515209,49.796951],[38.9491109,49.796014],[38.94896108670844,49.79617509267066],[38.94108661933591,49.800485459204126],[38.9405849,49.8005654],[38.9398151,49.8007061],[38.93948499598727,49.80074865113354],[38.93741562193931,49.800414519028735],[38.9365604,49.8000962],[38.9340663,49.799632],[38.9336569,49.79952890000001],[38.9335286,49.7992678],[38.9334736,49.7989076],[38.9334256,49.798739],[38.9334813,49.79847560000001],[38.9337511,49.7980371],[38.9337585,49.7978722],[38.9336886,49.79771560000001],[38.9333198,49.7974191],[38.9316261,49.7968484],[38.9306914,49.7968326],[38.9301579,49.7969737],[38.9297117,49.7972772],[38.9295898,49.7974015],[38.929568,49.7975863],[38.92959568357792,49.79772525401522],[38.927811,49.7985761],[38.92771133047549,49.79929216834616],[38.9274139,49.7996235],[38.9270973,49.8002457],[38.9267202,49.8008467],[38.9268212,49.8012299],[38.9270328,49.8014958],[38.927269,49.8016369],[38.9273848,49.8020843],[38.9277718,49.8023707],[38.927914,49.8026036],[38.9280086,49.8029314],[38.9281742,49.8029956],[38.92828360446749,49.80307263166606],[38.928351114840616,49.80320497099954],[38.9283591,49.8032892],[38.92814890000001,49.8034668],[38.928161,49.8037809],[38.92793101915657,49.803985583354766],[38.92496854320009,49.804361330547934],[38.9240421,49.8039938],[38.9235164,49.8039938],[38.9228609,49.8040756],[38.9224042,49.8041531],[38.9222023,49.80418739999999],[38.9216396,49.8043271],[38.9212889,49.804481],[38.9212031,49.8045187],[38.92063930107151,49.804910432246054],[38.9203573,49.8049462],[38.9191886,49.8089419],[38.9179320854303,49.8105123251898],[38.9171723,49.8110587],[38.9163805,49.81189649999999],[38.9159344,49.8124863],[38.9158958,49.8127896],[38.9160263,49.8129434],[38.9163674,49.8131832],[38.9169183,49.8133356],[38.9174518,49.8135867],[38.91755281547875,49.813634856122334],[38.91846278423309,49.814231515133685],[38.91844,49.8144078],[38.9183197,49.814697399999986],[38.9174387,49.8153136],[38.9169402,49.815339],[38.9163935,49.815394],[38.9156677,49.8159653],[38.915344726374855,49.81641091700094],[38.9093724,49.8191695],[38.90892661987115,49.82125049773671],[38.90671,49.8278],[38.90747605298896,49.8280220566363],[38.9073925,49.8284121],[38.90902141325113,49.82847001194309],[38.9102326,49.8288211],[38.9134224,49.8296618],[38.9139061,49.8304828],[38.9140898,49.8309398],[38.9141204,49.8312613],[38.9140329,49.8317436],[38.9138711,49.832178],[38.9135913,49.8324008],[38.9131715,49.8325672],[38.9123538,49.8327111],[38.9119372,49.8328314],[38.9115757,49.8330349],[38.9113334,49.8332586],[38.9111432,49.833512],[38.910926,49.8340038],[38.9108419,49.8345594],[38.9112203,49.8349405],[38.9117374,49.8350891],[38.91231,49.83517290000001],[38.91235688559472,49.835178412389055],[38.91341911842231,49.835831955709835],[38.9136349,49.8362411],[38.9136257,49.8364842],[38.9134717,49.837166],[38.9131378,49.8378679],[38.9131162,49.8383266],[38.9131649,49.838841],[38.912299,49.841884399999984],[38.9120833,49.8440001],[38.91137275261974,49.84442763202744],[38.910367268421716,49.844560460017505],[38.908875,49.8446556],[38.9069305,49.8448773],[38.9064974,49.8451124],[38.9055017,49.8458342],[38.9050812,49.8463965],[38.9050197,49.8471895],[38.9046101,49.8481731],[38.9044964,49.848362],[38.9044439,49.8486355],[38.9045252,49.8491908],[38.9052825,49.8499369],[38.9058415,49.8504028],[38.9072608,49.85064769999999],[38.9085637,49.850692],[38.9089717,49.8508393],[38.9098776,49.8515271],[38.9103173,49.8518739],[38.9106667,49.8523145],[38.9110299,49.8525923],[38.9113314,49.8529206],[38.9114582,49.8533432],[38.9114397,49.8537539],[38.9112783,49.854071],[38.9109752,49.8543977],[38.9108462,49.8547712],[38.9108549,49.8552082],[38.9111127,49.8555536],[38.911255,49.8556903],[38.9115634,49.856134],[38.9119197,49.856326],[38.9122301,49.856441],[38.9131462,49.8563455],[38.9136317,49.8563355],[38.913947,49.8562119],[38.9146551,49.8562498],[38.9148839,49.8561481],[38.91502,49.8559448],[38.9152086,49.8559029],[38.9154096,49.8559229],[38.9156476,49.8559248],[38.9158517,49.8559089],[38.9166599,49.8565019],[38.9171275,49.8568394],[38.9175954,49.8573328],[38.917967,49.8577133],[38.9182819,49.8580065],[38.9182770035454,49.858247354913296],[38.91654813696271,49.85986916820675],[38.91646139999999,49.85988949999999],[38.9158317,49.8598049],[38.9154603,49.859815],[38.9148697,49.8597598],[38.9140782,49.8597655],[38.9136322,49.8599177],[38.913243,49.8599149],[38.9129806,49.8598557],[38.9123728,49.859602],[38.9115945,49.85943],[38.9113277,49.8591904],[38.9110173,49.8591058],[38.9100815,49.8595174],[38.9093834,49.859667399999985],[38.908809,49.8598387],[38.9082712,49.8600784],[38.90814,49.8603574],[38.9080263,49.8605914],[38.9077246,49.8608338],[38.9076983,49.8610932],[38.9076109,49.8615949],[38.90731522749648,49.86202151165749],[38.904853973131495,49.86435660938748],[38.903956,49.864899],[38.9031875,49.8655117],[38.9028672,49.8657108],[38.9028847,49.8660828],[38.902839035379806,49.86626826737657],[38.89869551859667,49.8701993997179],[38.8985866,49.8702305],[38.8977297,49.8702342],[38.897235604079114,49.87036081956905],[38.89441759863863,49.870233844279355],[38.8941678,49.8700624],[38.8938806,49.8697224],[38.8935406,49.8695241],[38.8925976,49.8694375],[38.8920948,49.8695662],[38.89148883310568,49.870101878298506],[38.889577676265645,49.870015764308114],[38.8895557,49.8699933],[38.8894428,49.8697525],[38.8888772,49.8697039],[38.8884729,49.869439],[38.8881042,49.8693677],[38.8874483,49.8690677],[38.8858395,49.869053],[38.8836858,49.8690719],[38.8815206,49.8690365],[38.8805714,49.8694079],[38.88001433815666,49.86958485398786],[38.878720366138715,49.86952654946173],[38.8786674,49.8694978],[38.8782097,49.8693403],[38.8774622,49.8694044],[38.8769166,49.8692916],[38.8765655,49.8690773],[38.8759626720011,49.868741890004024],[38.87524607221122,49.86766474683503],[38.8753868,49.8670019],[38.8748903,49.8665482],[38.8739916,49.866131],[38.8719552,49.8653144],[38.871804156559264,49.86548964377102],[38.8693985,49.8644883],[38.865126581774014,49.866054610521694],[38.8640071,49.8660254],[38.86353290000001,49.8659294],[38.8632411,49.8659211],[38.863013,49.866044],[38.8626828,49.8661875],[38.8625736,49.8663605],[38.8624398,49.8664278],[38.8616088,49.8664937],[38.8595255,49.8670803],[38.8590796,49.8671951],[38.8586711,49.867426],[38.8583255,49.8677015],[38.8579327,49.8678757],[38.8574048,49.8682301],[38.85741739999999,49.868467],[38.8572289,49.8686959],[38.85662459999999,49.8688949],[38.8561888,49.8688336],[38.8554586,49.8684515],[38.8551154,49.8682451],[38.8547525,49.8678719],[38.8547997,49.8675985],[38.8547522,49.8674154],[38.8543126,49.8670962],[38.8536899,49.8669035],[38.8533651,49.8667525],[38.8530243,49.8666597],[38.8516003,49.8660212],[38.8516,49.86591],[38.8516,49.86471],[38.84937,49.86471],[38.84783,49.86437],[38.84754723634091,49.865423192179534],[38.8456689,49.8658095],[38.8432897,49.865145],[38.839345,49.8657616],[38.8363462,49.8673664],[38.83609566189419,49.868290665461615],[38.83598,49.86832],[38.83461,49.8710279],[38.8337207,49.871936],[38.8329975,49.8730325],[38.8328568,49.8733399],[38.8311416,49.8744055],[38.8312319,49.875073],[38.8307904,49.8754597],[38.8292806,49.8761223],[38.82841590000001,49.8763795],[38.8280025,49.8763764],[38.8270191,49.8774113],[38.8239834,49.8784343],[38.8097656,49.88102639999999],[38.80271059294596,49.882192405953404],[38.79550161296936,49.88323138115518],[38.7909714,49.8783727],[38.79028586240227,49.878645644485076],[38.7901498,49.8785098],[38.7834876,49.881113],[38.78275466620245,49.88164416488071],[38.7812054,49.882261],[38.779311612398416,49.88413938241496],[38.7776828,49.8853198],[38.7682317,49.896044],[38.7438467,49.897307],[38.7338456,49.9050248],[38.7232471,49.9270052],[38.6929003,49.9347656],[38.6852998,49.9603436],[38.68635119378958,49.9611156353796],[38.6860461,49.9622391],[38.68973,49.96513],[38.71067,49.98024],[38.71500116274102,49.982153223649824],[38.7153149,49.9823836],[38.715205499212566,49.985649802208826],[38.71445,49.9859],[38.71427,49.98642],[38.71427,49.98728],[38.71445,49.98762],[38.71393,49.98814],[38.71101,49.98968],[38.7093,49.99123],[38.70312,49.99294],[38.7026,49.99363],[38.7026,49.99466],[38.70277,49.99517],[38.70243,49.99672],[38.70106,49.99706],[38.70088,49.99706],[38.70088,49.99723],[38.70106,49.9974],[38.70088,49.99809],[38.69947071204096,49.99931686743642],[38.69637885788644,50.001607678455244],[38.6947,50.00187],[38.69333,50.00221],[38.6923,50.00273],[38.69161,50.00376],[38.69161,50.00427],[38.69058,50.00547],[38.68801,50.00599],[38.68698,50.0077],[38.68642228264215,50.00779475780352],[38.679984642432174,50.0057451395289],[38.67788,49.99878],[38.68029,49.97852],[38.67977,49.97766],[38.68011,49.97492],[38.67977,49.97406],[38.67891,49.97372],[38.67771,49.9732],[38.67685,49.97303],[38.67479,49.97269],[38.67393,49.97269],[38.6693,49.97234],[38.667945825827836,49.97234],[38.667258738426916,49.97221443820876],[38.66535,49.97063],[38.66278,49.96874],[38.65969,49.96616],[38.6475,49.95586],[38.646719047689984,49.956346121919495],[38.6461959,49.9559371],[38.61750480018968,49.97351556661365],[38.61746,49.97354],[38.61557,49.97423],[38.61474983822152,49.974506264171055],[38.5822114699133,49.97735971131781],[38.58209,49.97732],[38.57986,49.97646],[38.5766,49.97509],[38.56665,49.97097],[38.53832,49.96221],[38.531599826602786,49.95997537923442],[38.5267154,49.9582706],[38.516146750893924,49.96150533565375],[38.51412,49.96204],[38.50983,49.96324],[38.48871,49.96324],[38.488404447073414,49.96361680293637],[38.4877059,49.963602],[38.487190716423946,49.96511355597944],[38.48648,49.96599],[38.48528,49.96736],[38.4827,49.97045],[38.48287,49.97269],[38.48287,49.97423],[38.483164432549586,49.97668640869936],[38.477625198586075,49.983148033828876],[38.46502,49.98299],[38.4654737,49.9842963],[38.4665730771765,49.987461118112265],[38.4680396,49.9952467],[38.46403516989753,49.99592761060727],[38.46159,49.9962],[38.45455,49.9974],[38.45266,49.99775],[38.44322,49.99946],[38.44116,49.99981],[38.44101037869637,49.99984273065128],[38.4340951,50.0010186],[38.4160076,49.981338],[38.3975626,49.990585],[38.3495747,50.006444],[38.35254035674508,50.01458915182304],[38.3537935,50.0189515],[38.353046567134896,50.02496472918927],[38.3512004,50.0347406],[38.342315280050904,50.047302362218716],[38.337902,50.0531125],[38.3342019,50.0579856],[38.333022,50.0594948],[38.332734,50.0636113],[38.33296547070764,50.06497976178509],[38.33137745935455,50.07423290432165],[38.3311499,50.0750573],[38.330927091506815,50.076857141157745],[38.329456107191795,50.08542838185415],[38.31760596012409,50.08756955507179],[38.31401993344835,50.08819354393175],[38.3131708,50.0882189],[38.3123251,50.0881539],[38.3017552,50.0870909],[38.3007472,50.0866397],[38.29527341976984,50.08245146328163],[38.2914934,50.0794364],[38.28505408121749,50.07697866382339],[38.2838043,50.0764534],[38.2766408,50.0736612],[38.27599516239962,50.073521088068624],[38.2757814,50.0734395],[38.2540601,50.0725084],[38.243304749860826,50.0735712850801],[38.2404138,50.0738261],[38.2282966,50.0750332],[38.2161636,50.0761766],[38.2038244,50.0774161],[38.201351329480104,50.077717283490635],[38.19150771884984,50.078690066964704],[38.1915076,50.0786788],[38.1785699973386,50.07996208546074],[38.18163945870823,50.068495120417595],[38.1829949,50.0640259],[38.1839421,50.0599623],[38.1839919296327,50.05970670492464],[38.1850665,50.0556923],[38.183827,50.0458318],[38.1879231,50.04072],[38.1880818947992,50.03228391540232],[38.1885627,50.02845820000001],[38.1888049,50.027258],[38.1889001,50.0236761],[38.18742630369924,50.023203343724354],[38.18633934568876,50.02267305940677],[38.192706790689634,50.014139671594336],[38.1972857,50.008256],[38.20050164787046,50.00529461862633],[38.2009813,50.0050839],[38.20098503135123,50.00484949858896],[38.2011173,50.0047277],[38.200992650694886,50.00437085565336],[38.2010029,50.003727],[38.201687564627015,50.00287676747732],[38.2027285,50.0018361],[38.2051352,50.0010043],[38.20471019894943,49.99843933317105],[38.2049346,49.9970454],[38.2062653,49.9970731],[38.2071947,49.9962683],[38.2078476,49.9955573],[38.208416,49.9948018],[38.2093209,49.9929306],[38.2101999,49.992959],[38.2136165,49.9888454],[38.2145172,49.9886578],[38.2152291,49.9884167],[38.2157864,49.98813280000001],[38.2161561,49.9878048],[38.2165425,49.9874587],[38.21662613004236,49.98734612201927],[38.2171261,49.9871815],[38.2168927229614,49.986985971465806],[38.2170852,49.9865653],[38.2171493,49.986303],[38.217157,49.9860808],[38.2169994,49.9858711],[38.2167499,49.985582],[38.2166194,49.9852511],[38.2166808,49.9850338],[38.2169112,49.98482139999999],[38.2171493,49.9846337],[38.2174412,49.9844016],[38.2175207,49.9842168],[38.2174383,49.9840227],[38.2171003,49.9836799],[38.216938,49.9834062],[38.2169139,49.98306739999999],[38.2208166,49.9805331],[38.2218479,49.9791376],[38.21595590000001,49.9772298],[38.2140116,49.9767204],[38.21213130000001,49.9763074],[38.2034317,49.9727688],[38.203235,49.9726829],[38.19611320000001,49.9695724],[38.195575300000016,49.9693375],[38.1956317,49.9663921],[38.1968151,49.9639216],[38.1976824,49.96211090000001],[38.1829934,49.9575303],[38.17629,49.95535],[38.1718601,49.9538413],[38.1708624,49.9542027],[38.1695749,49.9541206],[38.167167,49.9532823],[38.16251314881827,49.95137961015866],[38.1715654,49.9419009],[38.1266822,49.9221503],[38.12510751859822,49.941176759908],[38.1245543,49.9423882],[38.1222402507752,49.9417763287767],[38.0564641,49.9232466],[38.04267367119734,49.911938056868955],[38.0423243,49.9115344],[38.03964,49.90831],[38.0355984,49.9034437],[38.033825,49.9007057],[38.032974,49.9001506],[38.0223745,49.9094742],[38.02275580893999,49.911876311300105],[38.0123668,49.9184972],[38.022168481630565,49.923003686476406],[38.02093,49.9257507],[38.0266271,49.9277094],[38.0436560591253,49.932924379876866],[38.01812806506474,49.955810212093745],[38.0143438,49.9584899],[38.0110839,49.9609561],[38.0076154,49.9637746],[38.00850352928422,49.96443860296988],[38.00767819035779,49.96517851884997],[38.005131219862925,49.967105507867394],[37.9990746,49.9636008],[37.99890560873836,49.963721226241965],[37.9987263,49.9636068],[37.9805614,49.9766803],[37.9645788,49.9789248],[37.9628077,49.9816424],[37.9624186,49.9822394],[37.9623659,49.9823202],[37.9619996,49.9828822],[37.96059889178202,49.985031074156126],[37.94612966041023,50.00623143364634],[37.9458202,50.006641],[37.94428759999999,50.0086692],[37.93947369159074,50.015039291615224],[37.9247364,50.012396],[37.9130761,50.0030781],[37.9017572,50.0036588],[37.8928326,49.9890988],[37.8875152,49.9877814],[37.8866634,49.9801715],[37.8749089,49.9800635],[37.8546974,49.9702386],[37.831706,49.9716469],[37.8198726,49.9562244],[37.8036648,49.9419956],[37.7854396,49.9323385],[37.7737493,49.9070916],[37.7667561,49.8996539],[37.7548533,49.8975943],[37.7351733,49.8714553],[37.7334131,49.8608183],[37.7427511,49.8482464],[37.7321081,49.8422688],[37.7187918,49.8279254]]],[[[37.7521243,48.2193316],[37.759867,48.2109852],[37.7738199,48.2085361],[37.7809667,48.2013618],[37.7911484,48.1985756],[37.7814173,48.1943018],[37.7938695,48.1889643],[37.7949978,48.1807845],[37.7892603,48.1753516],[37.8015461,48.1746128],[37.80971,48.1649436],[37.7984831,48.1509121],[37.80776971180484,48.12220182319306],[37.816483203358665,48.13236984544836],[37.828281438959806,48.17523525783047],[37.82831453914401,48.17527630819727],[37.828359633203455,48.17531191825373],[37.85602783383638,48.19303576533265],[37.856088391783864,48.19305594803956],[37.88309606528907,48.19989301198213],[37.8962264847352,48.21547885790111],[37.89123022379893,48.25507323385998],[37.89500845686484,48.268562634851676],[37.89400759873815,48.28670566649719],[37.894027905420415,48.28675181699524],[37.89406251236574,48.286794032844405],[37.89410983288821,48.286830378459626],[37.9008077567456,48.290979092852055],[37.900343646329624,48.32327617534077],[37.90428049343191,48.337308743607466],[37.8901968,48.2991598],[37.8696933,48.2818506],[37.8423308,48.2832692],[37.8217294,48.2899051],[37.8082985,48.2875112],[37.8006261,48.272697],[37.8048352,48.2662158],[37.8012386,48.2582824],[37.7834469,48.2548452],[37.7761512,48.2501586],[37.7849065,48.2446757],[37.7712588,48.2370691],[37.7722466,48.2214534],[37.7521243,48.2193316]]],[[[37.874330939081226,47.10654035386039],[37.8795803,47.1066666],[37.89220273911603,47.11004582628814],[37.874330939081226,47.10654035386039]]],[[[37.90554550958574,48.340735332672935],[37.91829350583451,48.34668133748311],[37.92903543263135,48.359632677182326],[37.92907971680465,48.35966226687941],[37.92913147545608,48.359685901888845],[37.92918892153139,48.359702766168155],[37.9292500716007,48.35971227744618],[37.92931281434196,48.359714107327775],[37.92937498344097,48.359708192632766],[37.94180091415291,48.357729112588224],[37.949790911354334,48.3735461620846],[37.94983117215669,48.373582992550716],[37.94988178551949,48.373613674135036],[37.949940672409824,48.37363694652746],[37.972364079812415,48.38056135157165],[37.9470402,48.3751555],[37.9346295,48.3739913],[37.9096311,48.3518021],[37.90554550958574,48.340735332672935]]],[[[38.19252499864503,47.09693552744827],[38.2115022,47.1071826],[38.22566445810816,47.11648199059587],[38.19252499864503,47.09693552744827]]],[[[38.22301016756015,47.33258506878066],[38.22694047434576,47.33017428006166],[38.22646047681088,47.330987186744444],[38.2260216,47.33142739999999],[38.2258645,47.3317304],[38.225647,47.3319843],[38.22554110813381,47.33216564443289],[38.2251596740827,47.3322413377712],[38.225103200000014,47.3322505],[38.2246924,47.3322464],[38.2241667,47.3322914],[38.2239673,47.3323324],[38.2236773,47.3323979],[38.22339330000001,47.3324798],[38.22310330000001,47.3325658],[38.22301016756015,47.33258506878066]]],[[[38.23029099099791,47.1283003676748],[38.2318183,47.12975380000001],[38.233140003743785,47.1333176414603],[38.23029099099791,47.1283003676748]]],[[[38.23456098124473,47.225519619842885],[38.23995480566534,47.22026461366404],[38.2400467,47.2213613],[38.23911765055107,47.22190445095859],[38.23910030000001,47.221906],[38.2386593,47.22210010000001],[38.2386216918321,47.22219440372046],[38.2382548,47.2224089],[38.23849602126871,47.22354063591429],[38.2383547317789,47.223688695834355],[38.2364423,47.2242619],[38.23614517193849,47.22560581771285],[38.2361419017953,47.225607746718055],[38.23611285913247,47.225610219058645],[38.2358003,47.2255895],[38.2355634,47.22552850000001],[38.2348364,47.2254231],[38.23456098124473,47.225519619842885]]],[[[38.235437623360404,47.34532675045603],[38.23565530000001,47.3453956],[38.2362354,47.3455184],[38.236755,47.3455839],[38.23807570000001,47.3457166],[38.2384805,47.3458108],[38.238976,47.3459786],[38.2392781,47.346081],[38.23955,47.3462284],[38.2398038,47.346388],[38.2400877,47.3466009],[38.2404926,47.3469407],[38.2408672,47.3471249],[38.2411209,47.3472723],[38.2413385,47.3474033],[38.2416406,47.3475466],[38.2419789,47.3477513],[38.24217830000001,47.3479314],[38.2426738,47.3482139],[38.2432176,47.348656],[38.24339758692746,47.34874107159341],[38.2457931581508,47.35065152125989],[38.235437623360404,47.34532675045603]]],[[[38.238417017094335,47.20854424369432],[38.23899301923142,47.20861914556547],[38.23918365990238,47.20864610502131],[38.23991310000001,47.2090205],[38.240304742047236,47.209362015013774],[38.2410554,47.2101138],[38.24118732399332,47.21064645500723],[38.2408117,47.21091830000001],[38.2407136,47.2111402],[38.240779,47.2113733],[38.2409211,47.211592],[38.2414294,47.2118274],[38.24149060327426,47.21187097242449],[38.24165166826397,47.212521286829784],[38.2411752,47.2128554],[38.2409268,47.2130633],[38.240916793999865,47.21307868753165],[38.238417017094335,47.20854424369432]]],[[[38.241859647019204,47.214788965778304],[38.2419652,47.2148496],[38.2422886,47.215191],[38.24235210000001,47.2155598],[38.24235714964978,47.21569140540492],[38.241859647019204,47.214788965778304]]],[[[38.28904006334954,47.39148377687968],[38.3004094,47.391514],[38.30067303370118,47.39172726645111],[38.3006955,47.391967],[38.30146246266123,47.392365874914134],[38.301771155094066,47.39261559162084],[38.28904006334954,47.39148377687968]]],[[[38.324493617905276,47.280285075707766],[38.32616303420446,47.27831504327141],[38.3268238,47.2790622],[38.3271016,47.279439],[38.327094315830536,47.279581751955284],[38.32579337722661,47.28012690064417],[38.3253372,47.2801179],[38.3245489,47.2802786],[38.324493617905276,47.280285075707766]]],[[[38.32636183633811,47.258791368793375],[38.3307851,47.2634492],[38.3309967,47.2645747],[38.330874140069376,47.264702199090536],[38.32636183633811,47.258791368793375]]],[[[38.32736311850122,47.285086474318994],[38.3276081,47.2851854],[38.3280737,47.2853766],[38.3286935,47.2861074],[38.3288379,47.2864095],[38.32879106451206,47.2866635121409],[38.32736311850122,47.285086474318994]]],[[[38.32769055397214,47.276512459044255],[38.33289993293083,47.27036501366061],[38.3325776,47.2712172],[38.332675100194955,47.271473106308804],[38.33207503865864,47.27290775693592],[38.331552,47.2730777],[38.3313898,47.2736115],[38.331402,47.2738526],[38.3312836,47.2741076],[38.3311488,47.2741879],[38.331063,47.27518830000001],[38.3308956,47.2757175],[38.3307651,47.2758756],[38.3298786,47.2759226],[38.3287705,47.2760822],[38.32769055397214,47.276512459044255]]],[[[38.66211131566852,47.69978029792275],[38.6707962,47.6989544],[38.71447808825941,47.69884416047319],[38.66211131566852,47.69978029792275]]],[[[38.70161286360508,48.7276217781114],[38.764898357847024,48.714987578546165],[38.7535137,48.7184915],[38.70161286360508,48.7276217781114]]],[[[38.838590021219346,47.85143475104261],[38.840422110633476,47.85141750517035],[38.8421825,47.8631185],[38.8429024117261,47.863138873352774],[38.842929197707385,47.86411195761083],[38.83971535630873,47.86403705029856],[38.838590021219346,47.85143475104261]]],[[[38.84805453262996,48.74365250334022],[38.86016609166953,48.74977794389816],[38.8553874,48.7496462],[38.84805453262996,48.74365250334022]]],[[[38.8723337586495,48.751444240113834],[38.88023859896616,48.751294243293145],[38.8790769,48.752476],[38.8776176,48.7525889],[38.8723337586495,48.751444240113834]]],[[[38.906474778683304,48.74990207282159],[38.91257399647635,48.74636912873031],[38.9111349,48.7480051],[38.906474778683304,48.74990207282159]]],[[[38.97940935603669,48.74463202797353],[38.98182197119792,48.741660186901896],[38.981216,48.7438449],[38.97940935603669,48.74463202797353]]],[[[38.98561384678349,48.73698938329225],[38.99920696506158,48.720245483212466],[38.9983893,48.7242672],[38.9914368,48.7306084],[38.9895411,48.7349866],[38.98561384678349,48.73698938329225]]],[[[39.01373888830238,48.65806172317858],[39.03426256496098,48.65002317141582],[39.0322065,48.6528738],[39.0285083,48.6530064],[39.0191528,48.6569753],[39.01373888830238,48.65806172317858]]],[[[39.01491808774929,48.68556917885718],[39.015727,48.6886399],[39.01562145131464,48.692321970600815],[39.01491808774929,48.68556917885718]]],[[[39.016706867043666,48.68075214870907],[39.01997053107948,48.676330727038604],[39.0195819,48.6791389],[39.016706867043666,48.68075214870907]]],[[[39.09263149733891,48.650790876091364],[39.10198268922033,48.65019824719914],[39.0985539,48.6508893],[39.09263149733891,48.650790876091364]]],[[[39.19698618337326,48.706322894810235],[39.199847313296665,48.701498255669726],[39.1983536,48.705777],[39.19698618337326,48.706322894810235]]],[[[39.23345857969441,48.71131456302095],[39.23849954571414,48.709718675084616],[39.2359905,48.711088],[39.23345857969441,48.71131456302095]]],[[[39.313222924309585,48.77443848955612],[39.32568271498876,48.77572319906039],[39.3245465,48.776049],[39.3145901,48.7748045],[39.313222924309585,48.77443848955612]]],[[[39.32661569007548,48.775167430454474],[39.326795903726115,48.77140163089763],[39.3279722,48.7736923],[39.32661569007548,48.775167430454474]]],[[[39.3445951965025,48.754682503071564],[39.34709058055076,48.74862922403038],[39.3470266,48.7502121],[39.3445951965025,48.754682503071564]]],[[[39.34972819578739,48.708088509343824],[39.353650569606074,48.701617248236175],[39.3505029,48.7076367],[39.34972819578739,48.708088509343824]]],[[[39.351808053596805,48.768171835456045],[39.354021922421765,48.765772982436324],[39.3545015,48.7668284],[39.351808053596805,48.768171835456045]]],[[[39.357576497942034,48.696686538150594],[39.371397989540206,48.68980055664018],[39.3603112,48.695798],[39.357576497942034,48.696686538150594]]],[[[39.403311993168586,48.674065819202056],[39.41018250330074,48.67138265663727],[39.4058209,48.6738115],[39.403311993168586,48.674065819202056]]],[[[39.417304158646324,48.657413899483124],[39.434292404717574,48.65621117670415],[39.4323232,48.6567488],[39.4207457,48.6582229],[39.417304158646324,48.657413899483124]]],[[[39.442699566674214,48.65561597192849],[39.4512696189929,48.65500923494708],[39.4465013,48.6563009],[39.442699566674214,48.65561597192849]]],[[[39.49486976612765,48.63167607698105],[39.51424469582927,48.63370392517275],[39.5140876,48.6338368],[39.5104342,48.6344539],[39.4955426,48.6321283],[39.49486976612765,48.63167607698105]]],[[[39.60236102453594,48.590955493450004],[39.604878359120654,48.58743416103287],[39.6045891,48.5888119],[39.60236102453594,48.590955493450004]]],[[[39.69853936272941,48.58706435688486],[39.711694222256924,48.58590302313132],[39.70404779664854,48.5874699994144],[39.7018903,48.5876379],[39.700682397706224,48.58753859668958],[39.699306303405116,48.587362069892045],[39.69853936272941,48.58706435688486]]],[[[39.72190337758534,48.58522424632253],[39.727254435687094,48.58644949025674],[39.72571865737809,48.58654817568419],[39.723801001983205,48.58627626533759],[39.7228278,48.5857881],[39.72190337758534,48.58522424632253]]],[[[39.78348384296935,48.02893232503081],[39.783915357393674,48.02764141724012],[39.7841902,48.02817240000001],[39.78348384296935,48.02893232503081]]],[[[39.78459203757393,48.025617077687905],[39.78484996227051,48.02484547659774],[39.7853514,48.0252048],[39.7848952,48.0255515],[39.78459203757393,48.025617077687905]]],[[[39.791170399100224,48.59305338405122],[39.80225974625699,48.5874583909794],[39.79991069014506,48.58972363493049],[39.79698830926768,48.591360028401816],[39.79504153615172,48.592114229278025],[39.79131394925687,48.59303942586226],[39.791170399100224,48.59305338405122]]],[[[39.80967629298214,48.004753296434096],[39.81063840480389,48.004339613460964],[39.8105447,48.0045654],[39.81013,48.0047041],[39.80967629298214,48.004753296434096]]],[[[39.8160290786244,47.97043156098444],[39.81670797378461,47.96929599926296],[39.81686,47.96957],[39.81671119193587,47.969954143173474],[39.8160290786244,47.97043156098444]]],[[[39.81763234472473,47.967749839682554],[39.81807722503316,47.96700570556804],[39.8182374,47.9670522],[39.8189656,47.9675343],[39.81874,47.96785],[39.81763234472473,47.967749839682554]]],[[[39.819288138420774,48.58561382355147],[39.82419941085399,48.58626360106432],[39.82405693098206,48.58633081825613],[39.82310364527531,48.586501995288295],[39.82157931334704,48.58640732333931],[39.82112726540332,48.58627507451168],[39.819288138420774,48.58561382355147]]],[[[39.82008850678259,47.978046523273306],[39.82272066525389,47.979492408955245],[39.822806929679054,47.979684935606876],[39.822946201183036,47.98207697743753],[39.82284633948828,47.982631646339115],[39.82008850678259,47.978046523273306]]],[[[39.82285916430493,47.95900714038485],[39.823511134114,47.9579166156586],[39.82338,47.95858],[39.82285916430493,47.95900714038485]]],[[[39.82293332941956,48.580412163460224],[39.82486378981702,48.58134618570357],[39.8253344,48.5817643],[39.82572485639618,48.58239632664129],[39.82601407200333,48.583290100888846],[39.82618325399653,48.58440446200361],[39.82563636856044,48.58524875275187],[39.82521387154479,48.58571030221473],[39.82293332941956,48.580412163460224]]],[[[39.84082922923092,48.32636274948597],[39.84133147578663,48.312152638350796],[39.84208294136009,48.31815731067835],[39.8420840297015,48.31842471510748],[39.84082922923092,48.32636274948597]]],[[[39.84091734153826,48.329158181993016],[39.84513365728491,48.32949231898363],[39.84528364473957,48.33222944883804],[39.84091734153826,48.329158181993016]]],[[[39.84672724530465,48.483564275747575],[39.84710345887148,48.48431128067377],[39.847741869046565,48.49314563552452],[39.84764709999999,48.495799],[39.846817,48.4977041],[39.84680012647974,48.497784799444716],[39.84672724530465,48.483564275747575]]],[[[39.85722157251612,48.54453501035017],[39.857228225348784,48.54451098369931],[39.857231,48.5445196],[39.85722157251612,48.54453501035017]]],[[[39.86256812265213,48.50238708548926],[39.8661347,48.5047748],[39.86665355521624,48.50820472188166],[39.86256812265213,48.50238708548926]]],[[[39.892658300742475,48.30162344820861],[39.90875343083937,48.29393773348045],[39.9053893,48.29681530000001],[39.90165936143968,48.29935806139017],[39.8933667982178,48.30201901307049],[39.892658300742475,48.30162344820861]]],[[[39.897172679093806,48.44472928196294],[39.897475600499185,48.44491486092529],[39.89779135423523,48.44522427663554],[39.8982635,48.4461857],[39.8975876,48.4473144],[39.89755232176318,48.44733165996954],[39.897172679093806,48.44472928196294]]],[[[39.90899990191537,48.27657948596005],[39.91189634999728,48.27336703559017],[39.91197939081543,48.27345488194345],[39.9120549,48.2736559],[39.9120333,48.2741027],[39.9117085,48.2745494],[39.9115125246603,48.27504508635575],[39.9113847,48.275269],[39.90899990191537,48.27657948596005]]],[[[39.91102136333095,48.401565107244544],[39.91823907220768,48.39807880060925],[39.9160499,48.4006103],[39.91102136333095,48.401565107244544]]],[[[39.912088357646816,48.39354291134531],[39.91667990316976,48.39463691165407],[39.91783195005463,48.39577505796304],[39.91846745654777,48.397212310335554],[39.912088357646816,48.39354291134531]]],[[[39.91903862540447,48.27066537684231],[39.922729046840814,48.2713270747869],[39.92255830000001,48.2713475],[39.9216365,48.2715212],[39.9211842,48.2715964],[39.92077853410352,48.27156798497578],[39.9198149497333,48.27126186235817],[39.9195057,48.2710754],[39.91903862540447,48.27066537684231]]],[[[39.925787176410125,48.27299994658781],[39.9257936,48.27297990000001],[39.92587895823136,48.27258237919457],[39.93420338872876,48.2790298463137],[39.9338471,48.2790575],[39.933073,48.2791212],[39.9324208,48.2789707],[39.9321859,48.2786755],[39.9319598,48.27832830000001],[39.9317859,48.27803890000001],[39.931438,48.2778768],[39.9308205,48.2778305],[39.93022721677308,48.277834621502834],[39.92809989395783,48.27670473488681],[39.92757306040436,48.27607288248634],[39.92711005739346,48.2752762021992],[39.9270547,48.2751448],[39.926979315187175,48.27505123662448],[39.925787176410125,48.27299994658781]]],[[[39.93412824828665,48.38137566786531],[39.940690733060535,48.38673215924244],[39.9400517,48.3870522],[39.938707,48.3870734],[39.9376154,48.3866652],[39.9360629,48.3852006],[39.9346545,48.3822212],[39.93412824828665,48.38137566786531]]],[[[39.958569186116,48.29829214652081],[39.969514384690484,48.298931021283586],[39.9661587,48.2998029],[39.9633373,48.2990852],[39.9596904,48.2992401],[39.958569186116,48.29829214652081]]],[[[39.964046086467654,48.303456639313964],[39.97022134024663,48.30699977903028],[39.970218,48.3069996],[39.969613003370256,48.30703618707407],[39.96576712256727,48.306417016165675],[39.9656437190735,48.30615151926427],[39.96563843555806,48.30611303081781],[39.9656781,48.3059179],[39.9655651,48.3054435],[39.96553557907675,48.30536375957514],[39.9654414,48.3046777],[39.964046086467654,48.303456639313964]]],[[[39.97461575475124,48.313684002825404],[39.989956730629345,48.31712248997854],[39.9895862,48.3171855],[39.9887426,48.31726649999999],[39.987525,48.3174342],[39.9869771,48.3174053],[39.98648139999999,48.3173069],[39.98636206714772,48.31727244454463],[39.98468036347076,48.316586463993104],[39.984368,48.3163816],[39.9838462,48.316023],[39.9833592,48.3158553],[39.9827243,48.3156991],[39.9821068,48.31566439999999],[39.98161357468304,48.3157066251182],[39.9790287332442,48.31571269734887],[39.97878963933092,48.315665823099955],[39.974936487880804,48.31401718680623],[39.9749057,48.3139986],[39.97461575475124,48.313684002825404]]],[[[39.99171849515517,48.31534484636077],[39.992876976683036,48.31173934111753],[39.9928447,48.3140099],[39.992172,48.3147364],[39.9918052,48.31525],[39.99171849515517,48.31534484636077]]],[[[40.00496292488267,48.240623125740306],[40.00659255487253,48.24161384838905],[40.006544651415794,48.24187741327349],[40.00496292488267,48.240623125740306]]],[[[40.00564651436489,48.23139815133447],[40.00752871874367,48.22457289571562],[40.00772685148725,48.22462533418011],[40.0082215,48.2281045],[40.007443,48.2300907],[40.00564651436489,48.23139815133447]]]]}},{"type":"Feature","id":"fase-1-conteso","properties":{"id":"fase-1-conteso","stato":"conteso","data":"2022-11-13","origineControllo":"non-applicabile","sourceId":"deepstate-history-1668381004","note":"Solo poligoni a stato ignoto della revisione DeepState, al netto delle aree di controllo consolidato; non sono raid, infiltrazioni o semplici presenze."},"geometry":{"type":"MultiPolygon","coordinates":[[[[35.5593185,47.5212867],[35.6546633,47.5009618],[35.6654653,47.4972684],[35.6851135,47.5028427],[35.691872,47.4978572],[35.6986295,47.4956547],[35.7022113,47.5000623],[35.7104288,47.5001207],[35.7132434,47.4921281],[35.7314479,47.4900933],[35.7269941,47.4996568],[35.710411,47.5058132],[35.6995238,47.506819],[35.6741179,47.5198047],[35.6493987,47.5126166],[35.6363524,47.5281509],[35.6075133,47.5318599],[35.5882873,47.5251372],[35.5663317,47.5307236],[35.5593185,47.5212867]]],[[[36.0304002,47.516142],[36.0787899,47.5254084],[36.1872538,47.5405371],[36.2255515,47.5633106],[36.2676334,47.5759913],[36.3052024,47.5967757],[36.2554206,47.5920293],[36.2169684,47.5732713],[36.0692656,47.5405755],[36.0304002,47.516142]]],[[[36.4941161,47.6930595],[36.5121678,47.6877476],[36.5460223,47.674954],[36.5552546,47.6730363],[36.5375529,47.7167429],[36.5057589,47.7215742],[36.5091636,47.7119921],[36.4981495,47.7103794],[36.4943452,47.7001039],[36.4941161,47.6930595]]],[[[36.6065339,47.7738529],[36.6581247,47.7764101],[36.660036,47.7841794],[36.6458458,47.7903034],[36.6109799,47.7859806],[36.6065339,47.7738529]]],[[[37.1861162,47.741201],[37.2031504,47.7416888],[37.2123767,47.7500243],[37.2272432,47.7500956],[37.2345562,47.748117],[37.2551526,47.7470516],[37.2607631,47.7506098],[37.2684675,47.7519574],[37.2841424,47.7510841],[37.286342,47.7530951],[37.2797556,47.7573485],[37.2806592,47.7593923],[37.2868848,47.7586953],[37.2910934,47.7623834],[37.2962932,47.7633797],[37.3039992,47.7586027],[37.3248494,47.7573979],[37.3323669,47.7561416],[37.3308037,47.7516756],[37.3319098,47.7490964],[37.3465338,47.7473523],[37.3544172,47.7445792],[37.3678462,47.7418087],[37.3683547,47.7428091],[37.3790374,47.7433381],[37.3876407,47.738956],[37.3920715,47.7401991],[37.398621,47.7366362],[37.4108784,47.7412695],[37.4251051,47.7510839],[37.4316066,47.7761204],[37.4174294,47.7523642],[37.4039474,47.7436091],[37.3541678,47.7487902],[37.3363152,47.7584497],[37.3086154,47.7612103],[37.2955123,47.7646563],[37.285672,47.7610727],[37.2787875,47.7607479],[37.2777406,47.7570768],[37.2811397,47.7534277],[37.2669973,47.7528225],[37.249171,47.7553239],[37.2355832,47.7511491],[37.2140504,47.7560546],[37.1949322,47.7583537],[37.1861162,47.741201]]],[[[37.4890235,47.9307514],[37.5063169,47.9264247],[37.5078854,47.9299295],[37.5021747,47.9352268],[37.5028613,47.9367507],[37.5081294,47.9363501],[37.5139988,47.9439687],[37.5067955,47.9485399],[37.509879,47.9526517],[37.5090649,47.9578919],[37.5065544,47.9613983],[37.53152400271863,47.96452775446608],[37.54093533438434,47.97472639958858],[37.54848193604604,47.97988828670912],[37.5482479,47.9864508],[37.5431833,47.9954397],[37.5432675,47.9983549],[37.5483099,48.0072067],[37.55571864545862,48.00971181332955],[37.55585197635638,48.0099669345469],[37.555887867499806,48.010000954040194],[37.555932529599595,48.01002995595662],[37.55598442727217,48.01005294326619],[37.55604177638131,48.010069125708306],[37.556102605374114,48.01007794696033],[37.55616482306131,48.01007910376362],[37.55622629051096,48.01007255634937],[37.57313270699359,48.00717560241369],[37.575145464232236,48.01404794999765],[37.57517835667193,48.014088233537215],[37.57522280575815,48.01412320199427],[37.57527695467042,48.014151394576295],[37.575338541370584,48.01417163354797],[37.57540499309917,48.01418307343207],[37.61637700328627,48.01831153312365],[37.62208125641031,48.02028693867462],[37.5979113,48.0553896],[37.6095479,48.0588584],[37.6345126,48.0700765],[37.6433177,48.0680883],[37.6445237,48.0707311],[37.652083,48.0719955],[37.6558551,48.0838719],[37.6529119,48.0964465],[37.6670493,48.0974401],[37.6830206,48.0972408],[37.6914001,48.0995497],[37.7027722,48.0968301],[37.7163482,48.0968972],[37.7246352,48.0921037],[37.7464791,48.0909703],[37.7631824,48.0947263],[37.7665297,48.1010318],[37.7696197,48.104127],[37.7796618,48.1058464],[37.7920214,48.1045282],[37.794772752911,48.10703530051183],[37.79973819950106,48.11282962201009],[37.7468623,48.1050715],[37.7300728,48.1062906],[37.7179059,48.1056177],[37.6876204,48.1074574],[37.6548475,48.1050979],[37.6285728,48.0831724],[37.6248815,48.0773818],[37.5881676,48.0645052],[37.5749599,48.0612779],[37.5758747,48.0541007],[37.5848563,48.0466937],[37.5806803,48.0240788],[37.5469347,48.0145786],[37.5350213,47.9963044],[37.5200818,47.9774946],[37.4985393,47.9665774],[37.498283,47.9514049],[37.5049864,47.9445125],[37.4981858,47.9357723],[37.4890235,47.9307514]]],[[[37.6661561,49.7897147],[37.6725363,49.7620594],[37.6875125,49.7498925],[37.745034,49.7439749],[37.8320141,49.7277923],[37.8680921,49.7161277],[37.9047387,49.6973551],[37.8891968,49.686131],[37.8615349,49.6789436],[37.8500125,49.6694236],[37.8496187,49.6582081],[37.8554035,49.6469926],[37.8852076,49.6362186],[37.8902845,49.6249972],[37.8759363,49.6192559],[37.8580924,49.5997257],[37.864451,49.590843],[37.8816004,49.5876231],[37.9184901,49.5845734],[37.9282621,49.5710806],[37.9276512,49.5435931],[37.9217587,49.5261214],[37.9102135,49.4990178],[37.9233848,49.460027],[37.9338115,49.4462434],[37.9371912,49.3896931],[37.9507525,49.3637655],[38.0032633,49.3301051],[38.0151937,49.3205722],[38.0337184,49.3138266],[38.0406212,49.2996687],[38.018776,49.2886438],[38.0132907,49.2814184],[37.9968638,49.2759829],[37.9846406,49.2500779],[38.0155286,49.25057],[37.9966242,49.1809899],[37.9923139,49.1537258],[37.9769375,49.13391],[37.9802607,49.1106088],[37.9659838,49.0659998],[38.0050747,49.0393835],[38.0726695,48.9888336],[38.1043305,48.9717896],[38.1492879,48.9705383],[38.1963132,48.9404197],[38.2340555,48.9418302],[38.2273549,48.9515431],[38.2370485,48.9565212],[38.2247827,48.9815499],[38.1920833,49.0104582],[38.1012615,48.9905858],[38.0682108,49.0152954],[38.0883581,49.0375217],[38.1266617,49.1181397],[38.1021141,49.1534059],[38.0767267,49.1827727],[38.0706004,49.2136298],[38.0520348,49.2477331],[38.0104763,49.2723684],[38.0214455,49.2812916],[38.0749325,49.2854305],[38.0916625,49.3005711],[38.0387373,49.3313921],[38.0065341,49.3383018],[37.9993384,49.386842],[37.9876603,49.4097717],[37.9384302,49.4630825],[37.9543516,49.4922139],[37.9531283,49.508497],[37.9591081,49.5175296],[37.956601,49.524553],[37.9623376,49.5397082],[37.9665316,49.5546957],[37.9631728,49.5679014],[37.9436672,49.5814197],[37.938162,49.6005709],[37.9594168,49.622588],[37.9458955,49.651115],[37.9180284,49.6548731],[37.9174463,49.6609626],[37.9193601,49.674636],[37.943773,49.6839733],[37.9441587,49.6977545],[37.9369893,49.7115357],[37.9183561,49.7259335],[37.8949052,49.7372203],[37.88789,49.7483971],[37.874004,49.7577982],[37.8425723,49.7553393],[37.8090809,49.7573073],[37.7648713,49.7759153],[37.7295553,49.7971702],[37.7187918,49.8279254],[37.7321081,49.8422688],[37.7427511,49.8482464],[37.7334131,49.8608183],[37.6930407,49.8412098],[37.6840876,49.812453],[37.6661561,49.7897147]]],[[[37.7396495,48.2234797],[37.7433775,48.2155668],[37.7507112,48.2077687],[37.7541696,48.2019259],[37.7653821,48.1970596],[37.7711588,48.1899948],[37.7793634,48.1719474],[37.7903981,48.1680921],[37.7959771,48.1582451],[37.7984831,48.1509121],[37.80971,48.1649436],[37.8015461,48.1746128],[37.7892603,48.1753516],[37.7949978,48.1807845],[37.7938695,48.1889643],[37.7814173,48.1943018],[37.7911484,48.1985756],[37.7809667,48.2013618],[37.7738199,48.2085361],[37.759867,48.2109852],[37.7521243,48.2193316],[37.7722466,48.2214534],[37.7712588,48.2370691],[37.7849065,48.2446757],[37.7761512,48.2501586],[37.7834469,48.2548452],[37.8012386,48.2582824],[37.8048352,48.2662158],[37.8006261,48.272697],[37.8082985,48.2875112],[37.8217294,48.2899051],[37.8423308,48.2832692],[37.8696933,48.2818506],[37.8901968,48.2991598],[37.8406598,48.2947079],[37.7694823,48.3084958],[37.7614143,48.292623],[37.7576377,48.2702328],[37.7396495,48.2234797]]],[[[37.9346295,48.3739913],[37.9470402,48.3751555],[37.972364079812415,48.38056135157165],[37.97466823447642,48.38127288037241],[37.978304062394535,48.391336310027455],[37.9645363,48.3939796],[37.9645522,48.3952463],[37.9679678,48.3981634],[37.9653762,48.3997295],[37.9722772,48.4027064],[37.9734282,48.4089312],[37.9705801,48.4207037],[37.9655011,48.4327033],[37.9927443,48.4468623],[37.9890174,48.4601413],[38.0093407,48.4745561],[38.0067594,48.4876717],[38.0058091,48.5074351],[38.0129294,48.523893],[38.0123421,48.5348708],[38.0366204,48.5370179],[38.0336711,48.5522349],[38.0325271,48.5727302],[38.0424849,48.5850359],[38.0672728,48.6000804],[38.0699471,48.603914],[38.0629593,48.6095766],[38.0648533,48.6134794],[38.0581214,48.6191298],[38.0707182,48.6354416],[38.1019115,48.6532773],[38.1080601,48.6644033],[38.1006689,48.6684954],[38.1032339,48.6736077],[38.1046741,48.6740547],[38.108817,48.6799986],[38.110503,48.6837927],[38.1260101,48.6942159],[38.161815,48.701557],[38.1706768,48.7107277],[38.201595,48.7359272],[38.2104204,48.7321957],[38.2255597,48.7383328],[38.2363096,48.7670538],[38.2597882,48.7767446],[38.2736661,48.8002325],[38.2515315,48.8123093],[38.2667822,48.8449835],[38.2624724,48.884069],[38.3114278,48.9081755],[38.2949417,48.929373],[38.2868586,48.9335895],[38.2632438,48.9429741],[38.2579054,48.941471],[38.2476109,48.9318679],[38.2283907,48.9370098],[38.2456129,48.9269242],[38.2700384,48.9213461],[38.2741197,48.9141141],[38.242329,48.90609],[38.2289736,48.8676963],[38.225082,48.8408128],[38.2407167,48.8114819],[38.24681,48.8058839],[38.2163618,48.7782953],[38.1836133,48.7442253],[38.1739051,48.7276104],[38.1570388,48.7087693],[38.1477319,48.703519],[38.1237217,48.7026661],[38.0747547,48.6903728],[38.0673317,48.6696286],[38.0755662,48.6553422],[38.024393,48.6289895],[38.005962,48.6135409],[38.0059442,48.6021172],[38.0091015,48.595007],[38.0090767,48.5862905],[38.0122271,48.5776875],[38.0127144,48.5629506],[38.0016946,48.5507679],[37.9978545,48.5154458],[37.9741488,48.4542491],[37.953937,48.4278831],[37.9406568,48.4221598],[37.9476317,48.4061828],[37.9488933,48.3972975],[37.9569342,48.3914893],[37.9346295,48.3739913]]]]}}]}
