{"type": "FeatureCollection", "features": [{"type": "Feature", "properties": {"sourceComponent": 0}, "geometry": {"type": "Polygon", "coordinates": [[[33.241623, 52.402204], [33.255315, 52.402181], [33.269006, 52.402157], [33.282697, 52.402133], [33.296388, 52.40211], [33.310079, 52.402086], [33.323771, 52.402062], [33.337462, 52.402039], [33.351153, 52.402015], [33.364844, 52.401991], [33.378536, 52.401968], [33.392227, 52.401944], [33.405918, 52.40192], [33.419609, 52.401897], [33.433301, 52.401873], [33.440147, 52.397379], [33.440149, 52.388416], [33.440151, 52.379452], [33.440154, 52.370489], [33.440156, 52.361525], [33.447002, 52.357032], [33.460694, 52.357008], [33.474385, 52.356984], [33.488076, 52.356961], [33.501767, 52.356937], [33.515458, 52.356913], [33.52915, 52.35689], [33.542841, 52.356866], [33.556532, 52.356842], [33.570223, 52.356819], [33.583915, 52.356795], [33.597606, 52.356771], [33.611297, 52.356748], [33.624988, 52.356724], [33.631833, 52.361194], [33.631831, 52.370157], [33.638675, 52.374627], [33.652367, 52.374604], [33.666058, 52.37458], [33.679749, 52.374556], [33.69344, 52.374533], [33.707132, 52.374509], [33.720823, 52.374485], [33.734514, 52.374462], [33.748205, 52.374438], [33.761896, 52.374414], [33.768741, 52.378884], [33.768739, 52.387848], [33.768737, 52.396811], [33.775581, 52.401281], [33.789273, 52.401258], [33.796119, 52.396764], [33.796121, 52.387801], [33.796123, 52.378837], [33.796126, 52.369873], [33.796128, 52.36091], [33.802974, 52.356416], [33.816666, 52.356393], [33.830357, 52.356369], [33.844048, 52.356345], [33.857739, 52.356321], [33.864586, 52.351828], [33.864588, 52.342864], [33.86459, 52.333901], [33.864592, 52.324937], [33.864594, 52.315974], [33.871441, 52.31148], [33.885132, 52.311456], [33.898824, 52.311433], [33.90567, 52.306939], [33.905672, 52.297975], [33.912519, 52.293482], [33.92621, 52.293458], [33.933057, 52.288964], [33.933059, 52.280001], [33.933061, 52.271037], [33.939908, 52.266544], [33.953599, 52.26652], [33.96729, 52.266496], [33.974137, 52.262003], [33.974139, 52.253039], [33.980986, 52.248546], [33.994677, 52.248522], [34.001524, 52.244028], [34.001526, 52.235065], [34.001528, 52.226101], [34.00153, 52.217138], [34.001532, 52.208174], [34.008379, 52.20368], [34.02207, 52.203657], [34.028917, 52.199163], [34.028919, 52.190199], [34.028921, 52.181236], [34.028923, 52.172272], [34.028925, 52.163309], [34.028927, 52.154345], [34.028929, 52.145382], [34.028931, 52.136418], [34.028933, 52.127454], [34.028935, 52.118491], [34.028938, 52.109527], [34.02894, 52.100564], [34.028942, 52.0916], [34.028944, 52.082637], [34.028946, 52.073673], [34.028948, 52.064709], [34.02895, 52.055746], [34.035797, 52.051252], [34.049488, 52.051229], [34.063179, 52.051205], [34.070026, 52.046711], [34.070028, 52.037748], [34.07003, 52.028784], [34.070032, 52.01982], [34.070034, 52.010857], [34.076881, 52.006363], [34.090572, 52.00634], [34.097419, 52.001846], [34.097421, 51.992882], [34.104268, 51.988389], [34.117959, 51.988365], [34.13165, 51.988341], [34.145341, 51.988318], [34.159033, 51.988294], [34.165879, 51.983801], [34.165882, 51.974837], [34.165884, 51.965873], [34.165886, 51.95691], [34.165888, 51.947946], [34.172734, 51.943453], [34.186426, 51.943429], [34.193272, 51.938935], [34.193274, 51.929972], [34.193277, 51.921008], [34.193279, 51.912045], [34.193281, 51.903081], [34.200127, 51.898587], [34.213819, 51.898564], [34.22751, 51.89854], [34.241201, 51.898516], [34.254892, 51.898493], [34.268584, 51.898469], [34.282275, 51.898445], [34.295966, 51.898422], [34.302813, 51.893928], [34.302815, 51.884964], [34.309662, 51.880471], [34.323353, 51.880447], [34.330199, 51.875954], [34.330202, 51.86699], [34.337048, 51.862496], [34.350739, 51.862473], [34.364431, 51.862449], [34.371277, 51.857955], [34.371279, 51.848992], [34.371282, 51.840028], [34.371284, 51.831065], [34.371286, 51.822101], [34.364441, 51.817631], [34.35075, 51.817655], [34.337059, 51.817678], [34.323368, 51.817702], [34.309676, 51.817726], [34.295985, 51.817749], [34.282294, 51.817773], [34.268603, 51.817797], [34.261758, 51.813327], [34.26176, 51.804363], [34.261762, 51.7954], [34.254918, 51.79093], [34.241226, 51.790953], [34.227535, 51.790977], [34.213844, 51.791001], [34.200153, 51.791024], [34.186462, 51.791048], [34.17277, 51.791072], [34.165926, 51.786602], [34.165928, 51.777638], [34.159083, 51.773168], [34.145392, 51.773192], [34.131701, 51.773216], [34.11801, 51.773239], [34.104318, 51.773263], [34.090627, 51.773287], [34.076936, 51.77331], [34.070091, 51.76884], [34.070093, 51.759877], [34.070095, 51.750913], [34.070098, 51.74195], [34.0701, 51.732986], [34.070102, 51.724022], [34.070104, 51.715059], [34.070106, 51.706095], [34.070108, 51.697132], [34.07011, 51.688168], [34.070112, 51.679205], [34.070114, 51.670241], [34.076961, 51.665747], [34.090652, 51.665724], [34.097499, 51.66123], [34.097501, 51.652266], [34.104348, 51.647773], [34.118039, 51.647749], [34.13173, 51.647726], [34.138577, 51.643232], [34.138579, 51.634268], [34.138581, 51.625305], [34.131737, 51.620835], [34.118045, 51.620858], [34.104354, 51.620882], [34.090663, 51.620906], [34.076972, 51.620929], [34.070127, 51.61646], [34.070129, 51.607496], [34.063285, 51.603026], [34.049593, 51.60305], [34.042749, 51.59858], [34.042751, 51.589616], [34.042753, 51.580653], [34.042755, 51.571689], [34.042757, 51.562725], [34.042759, 51.553762], [34.042761, 51.544798], [34.042764, 51.535835], [34.042766, 51.526871], [34.042768, 51.517907], [34.04277, 51.508944], [34.042772, 51.49998], [34.049619, 51.495487], [34.06331, 51.495463], [34.070157, 51.490969], [34.070159, 51.482006], [34.070161, 51.473042], [34.077007, 51.468549], [34.090699, 51.468525], [34.10439, 51.468501], [34.111237, 51.464008], [34.118083, 51.459514], [34.12493, 51.45502], [34.131777, 51.450527], [34.145468, 51.450503], [34.159159, 51.450479], [34.166006, 51.445986], [34.166008, 51.437022], [34.16601, 51.428059], [34.166012, 51.419095], [34.166014, 51.410132], [34.172861, 51.405638], [34.186552, 51.405614], [34.193399, 51.401121], [34.193401, 51.392157], [34.200247, 51.387663], [34.213939, 51.38764], [34.22763, 51.387616], [34.234477, 51.383122], [34.234479, 51.374159], [34.234481, 51.365195], [34.227636, 51.360725], [34.213945, 51.360749], [34.200254, 51.360773], [34.193409, 51.356303], [34.193411, 51.347339], [34.193413, 51.338376], [34.193416, 51.329412], [34.193418, 51.320448], [34.19342, 51.311485], [34.193422, 51.302521], [34.193424, 51.293558], [34.193426, 51.284594], [34.193428, 51.275631], [34.19343, 51.266667], [34.193432, 51.257703], [34.200279, 51.25321], [34.21397, 51.253186], [34.227662, 51.253162], [34.234508, 51.248669], [34.23451, 51.239705], [34.241357, 51.235212], [34.255048, 51.235188], [34.268739, 51.235164], [34.282431, 51.235141], [34.296122, 51.235117], [34.302969, 51.230623], [34.302971, 51.22166], [34.302973, 51.212696], [34.309819, 51.208203], [34.323511, 51.208179], [34.337202, 51.208155], [34.350893, 51.208132], [34.364584, 51.208108], [34.378276, 51.208084], [34.391967, 51.208061], [34.405658, 51.208037], [34.419349, 51.208013], [34.433041, 51.20799], [34.446732, 51.207966], [34.460423, 51.207942], [34.474114, 51.207919], [34.487805, 51.207895], [34.501497, 51.207871], [34.515188, 51.207848], [34.528879, 51.207824], [34.535724, 51.212294], [34.535722, 51.221257], [34.53572, 51.230221], [34.542564, 51.234691], [34.556255, 51.234667], [34.563102, 51.230174], [34.563104, 51.22121], [34.563106, 51.212246], [34.569953, 51.207753], [34.583644, 51.207729], [34.597335, 51.207706], [34.611027, 51.207682], [34.624718, 51.207658], [34.631564, 51.203165], [34.631567, 51.194201], [34.631569, 51.185237], [34.631571, 51.176274], [34.638417, 51.17178], [34.652109, 51.171757], [34.6658, 51.171733], [34.679491, 51.171709], [34.693182, 51.171686], [34.700029, 51.167192], [34.700031, 51.158228], [34.700033, 51.149265], [34.70688, 51.144771], [34.720571, 51.144747], [34.734262, 51.144724], [34.747954, 51.1447], [34.761645, 51.144676], [34.775336, 51.144653], [34.789027, 51.144629], [34.802719, 51.144605], [34.81641, 51.144582], [34.830101, 51.144558], [34.843792, 51.144534], [34.857483, 51.144511], [34.871175, 51.144487], [34.884866, 51.144463], [34.891711, 51.148933], [34.891708, 51.157897], [34.891706, 51.166861], [34.898551, 51.171331], [34.912242, 51.171307], [34.925933, 51.171283], [34.939625, 51.17126], [34.953316, 51.171236], [34.967007, 51.171212], [34.980698, 51.171189], [34.987543, 51.175658], [34.987541, 51.184622], [34.994385, 51.189092], [35.008077, 51.189068], [35.021768, 51.189045], [35.035459, 51.189021], [35.04915, 51.188997], [35.055997, 51.184504], [35.055999, 51.17554], [35.062846, 51.171047], [35.076537, 51.171023], [35.090228, 51.170999], [35.097075, 51.166506], [35.097077, 51.157542], [35.097079, 51.148578], [35.097081, 51.139615], [35.097083, 51.130651], [35.097085, 51.121688], [35.097087, 51.112724], [35.09709, 51.103761], [35.097092, 51.094797], [35.097094, 51.085833], [35.097096, 51.07687], [35.097098, 51.067906], [35.103945, 51.063413], [35.117636, 51.063389], [35.124483, 51.058895], [35.124485, 51.049932], [35.124487, 51.040968], [35.131333, 51.036475], [35.145025, 51.036451], [35.158716, 51.036427], [35.172407, 51.036403], [35.186098, 51.03638], [35.192945, 51.031886], [35.192947, 51.022923], [35.199794, 51.018429], [35.213485, 51.018405], [35.227176, 51.018382], [35.240867, 51.018358], [35.254559, 51.018334], [35.26825, 51.018311], [35.281941, 51.018287], [35.288788, 51.013793], [35.28879, 51.00483], [35.288792, 50.995866], [35.288794, 50.986903], [35.288796, 50.977939], [35.288798, 50.968975], [35.2888, 50.960012], [35.288803, 50.951048], [35.288805, 50.942085], [35.288807, 50.933121], [35.288809, 50.924158], [35.288811, 50.915194], [35.295658, 50.9107], [35.309349, 50.910677], [35.32304, 50.910653], [35.329887, 50.906159], [35.329889, 50.897196], [35.329891, 50.888232], [35.329893, 50.879269], [35.329895, 50.870305], [35.329897, 50.861342], [35.329899, 50.852378], [35.329902, 50.843414], [35.336748, 50.838921], [35.350439, 50.838897], [35.357286, 50.834403], [35.357288, 50.82544], [35.35729, 50.816476], [35.357292, 50.807513], [35.357295, 50.798549], [35.357297, 50.789586], [35.357299, 50.780622], [35.364145, 50.776128], [35.377837, 50.776105], [35.384683, 50.771611], [35.384685, 50.762648], [35.384688, 50.753684], [35.38469, 50.74472], [35.384692, 50.735757], [35.384694, 50.726793], [35.384696, 50.71783], [35.391543, 50.713336], [35.405234, 50.713312], [35.418925, 50.713289], [35.425772, 50.708795], [35.425774, 50.699831], [35.418929, 50.695362], [35.405238, 50.695385], [35.391547, 50.695409], [35.377856, 50.695433], [35.364164, 50.695456], [35.35732, 50.690986], [35.357322, 50.682023], [35.357324, 50.673059], [35.357326, 50.664096], [35.357328, 50.655132], [35.35733, 50.646168], [35.357332, 50.637205], [35.357335, 50.628241], [35.357337, 50.619278], [35.357339, 50.610314], [35.357341, 50.60135], [35.357343, 50.592387], [35.357345, 50.583423], [35.357347, 50.57446], [35.357349, 50.565496], [35.357351, 50.556533], [35.357353, 50.547569], [35.3642, 50.543075], [35.377891, 50.543052], [35.384738, 50.538558], [35.38474, 50.529595], [35.384742, 50.520631], [35.384744, 50.511667], [35.384746, 50.502704], [35.384749, 50.49374], [35.377904, 50.48927], [35.364213, 50.489294], [35.350522, 50.489318], [35.343675, 50.493811], [35.336828, 50.498305], [35.323137, 50.498329], [35.309446, 50.498352], [35.295754, 50.498376], [35.282063, 50.4984], [35.268372, 50.498423], [35.254681, 50.498447], [35.24099, 50.498471], [35.227298, 50.498494], [35.213607, 50.498518], [35.199916, 50.498542], [35.186225, 50.498565], [35.172533, 50.498589], [35.158842, 50.498613], [35.145151, 50.498636], [35.13146, 50.49866], [35.117768, 50.498684], [35.104077, 50.498707], [35.090386, 50.498731], [35.076695, 50.498755], [35.063004, 50.498778], [35.049312, 50.498802], [35.035621, 50.498826], [35.02193, 50.498849], [35.008239, 50.498873], [35.001394, 50.494403], [35.001396, 50.485439], [34.994552, 50.480969], [34.987705, 50.485463], [34.987703, 50.494427], [34.987701, 50.50339], [34.987699, 50.512354], [34.987696, 50.521317], [34.987694, 50.530281], [34.987692, 50.539244], [34.994537, 50.543714], [35.008228, 50.543691], [35.021919, 50.543667], [35.028764, 50.548137], [35.028762, 50.557101], [35.02876, 50.566064], [35.028758, 50.575028], [35.028755, 50.583991], [35.028753, 50.592955], [35.028751, 50.601919], [35.028749, 50.610882], [35.028747, 50.619846], [35.028745, 50.628809], [35.028743, 50.637773], [35.028741, 50.646736], [35.028739, 50.6557], [35.028737, 50.664664], [35.028734, 50.673627], [35.028732, 50.682591], [35.02873, 50.691554], [35.028728, 50.700518], [35.028726, 50.709481], [35.028724, 50.718445], [35.028722, 50.727409], [35.02872, 50.736372], [35.028718, 50.745336], [35.028715, 50.754299], [35.028713, 50.763263], [35.028711, 50.772226], [35.028709, 50.78119], [35.028707, 50.790154], [35.028705, 50.799117], [35.028703, 50.808081], [35.028701, 50.817044], [35.028699, 50.826008], [35.028697, 50.834972], [35.028694, 50.843935], [35.028692, 50.852899], [35.02869, 50.861862], [35.028688, 50.870826], [35.028686, 50.879789], [35.021839, 50.884283], [35.008148, 50.884307], [34.994457, 50.88433], [34.98761, 50.888824], [34.987608, 50.897788], [34.987606, 50.906751], [34.987604, 50.915715], [34.987602, 50.924678], [34.980755, 50.929172], [34.967064, 50.929196], [34.960217, 50.933689], [34.960215, 50.942653], [34.960213, 50.951616], [34.953366, 50.95611], [34.939675, 50.956134], [34.932828, 50.960627], [34.932826, 50.969591], [34.92598, 50.974084], [34.912288, 50.974108], [34.898597, 50.974132], [34.884906, 50.974155], [34.871215, 50.974179], [34.864368, 50.978673], [34.864366, 50.987636], [34.857519, 50.99213], [34.843828, 50.992154], [34.830137, 50.992177], [34.816446, 50.992201], [34.802754, 50.992225], [34.789063, 50.992248], [34.775372, 50.992272], [34.768525, 50.996766], [34.768523, 51.005729], [34.768521, 51.014693], [34.768519, 51.023656], [34.768517, 51.03262], [34.76167, 51.037114], [34.747979, 51.037137], [34.734288, 51.037161], [34.727441, 51.041654], [34.727439, 51.050618], [34.727437, 51.059582], [34.72059, 51.064075], [34.706899, 51.064099], [34.700052, 51.068593], [34.70005, 51.077556], [34.693203, 51.08205], [34.679512, 51.082073], [34.665821, 51.082097], [34.658974, 51.086591], [34.658972, 51.095554], [34.652126, 51.100048], [34.638434, 51.100072], [34.624743, 51.100095], [34.611052, 51.100119], [34.597361, 51.100143], [34.583669, 51.100166], [34.569978, 51.10019], [34.563131, 51.104684], [34.563129, 51.113647], [34.563127, 51.122611], [34.556281, 51.127104], [34.542589, 51.127128], [34.528898, 51.127152], [34.515207, 51.127175], [34.501516, 51.127199], [34.494669, 51.131693], [34.494667, 51.140656], [34.48782, 51.14515], [34.474129, 51.145173], [34.467282, 51.149667], [34.46728, 51.158631], [34.467278, 51.167594], [34.460431, 51.172088], [34.44674, 51.172112], [34.433049, 51.172135], [34.419358, 51.172159], [34.405666, 51.172183], [34.391975, 51.172206], [34.378284, 51.17223], [34.371437, 51.176724], [34.371435, 51.185687], [34.364589, 51.190181], [34.350897, 51.190204], [34.337206, 51.190228], [34.323515, 51.190252], [34.309824, 51.190275], [34.296132, 51.190299], [34.282441, 51.190323], [34.26875, 51.190346], [34.255059, 51.19037], [34.241367, 51.190394], [34.227676, 51.190417], [34.213985, 51.190441], [34.200294, 51.190465], [34.186603, 51.190488], [34.172911, 51.190512], [34.166065, 51.195006], [34.166063, 51.203969], [34.159216, 51.208463], [34.145525, 51.208487], [34.131833, 51.20851], [34.118142, 51.208534], [34.104451, 51.208558], [34.09076, 51.208581], [34.077068, 51.208605], [34.063377, 51.208629], [34.049686, 51.208652], [34.035995, 51.208676], [34.022304, 51.2087], [34.008612, 51.208723], [33.994921, 51.208747], [33.98123, 51.208771], [33.974385, 51.204301], [33.974387, 51.195337], [33.967543, 51.190867], [33.953852, 51.190891], [33.94016, 51.190914], [33.933316, 51.186444], [33.933318, 51.177481], [33.926473, 51.173011], [33.912782, 51.173035], [33.899091, 51.173058], [33.8854, 51.173082], [33.871708, 51.173106], [33.858017, 51.173129], [33.844326, 51.173153], [33.830635, 51.173177], [33.816943, 51.1732], [33.803252, 51.173224], [33.789561, 51.173248], [33.77587, 51.173271], [33.762179, 51.173295], [33.748487, 51.173319], [33.734796, 51.173342], [33.721105, 51.173366], [33.707414, 51.17339], [33.693722, 51.173413], [33.680031, 51.173437], [33.66634, 51.173461], [33.652649, 51.173484], [33.638957, 51.173508], [33.625266, 51.173532], [33.611575, 51.173555], [33.597884, 51.173579], [33.584193, 51.173603], [33.577348, 51.169133], [33.57735, 51.160169], [33.577352, 51.151206], [33.577354, 51.142242], [33.577356, 51.133278], [33.577358, 51.124315], [33.577361, 51.115351], [33.577363, 51.106388], [33.577365, 51.097424], [33.577367, 51.08846], [33.577369, 51.079497], [33.577371, 51.070533], [33.577373, 51.06157], [33.570529, 51.0571], [33.556837, 51.057123], [33.543146, 51.057147], [33.529455, 51.057171], [33.515764, 51.057194], [33.508919, 51.052725], [33.508921, 51.043761], [33.502077, 51.039291], [33.488385, 51.039315], [33.474694, 51.039338], [33.46785, 51.034868], [33.467852, 51.025905], [33.461007, 51.021435], [33.447316, 51.021459], [33.440471, 51.016989], [33.440474, 51.008025], [33.440476, 50.999061], [33.440478, 50.990098], [33.44048, 50.981134], [33.440482, 50.972171], [33.440484, 50.963207], [33.440486, 50.954244], [33.440488, 50.94528], [33.44049, 50.936316], [33.440492, 50.927353], [33.440495, 50.918389], [33.440497, 50.909426], [33.440499, 50.900462], [33.440501, 50.891498], [33.447348, 50.887005], [33.461039, 50.886981], [33.47473, 50.886958], [33.488421, 50.886934], [33.502112, 50.88691], [33.508959, 50.882417], [33.508961, 50.873453], [33.508963, 50.864489], [33.508965, 50.855526], [33.508968, 50.846562], [33.50897, 50.837599], [33.508972, 50.828635], [33.508974, 50.819672], [33.508976, 50.810708], [33.502131, 50.806238], [33.48844, 50.806262], [33.474749, 50.806285], [33.461058, 50.806309], [33.447366, 50.806333], [33.433675, 50.806356], [33.419984, 50.80638], [33.406293, 50.806404], [33.392602, 50.806427], [33.37891, 50.806451], [33.365219, 50.806475], [33.351528, 50.806498], [33.337837, 50.806522], [33.324145, 50.806546], [33.310454, 50.806569], [33.30361, 50.802099], [33.303612, 50.793136], [33.303614, 50.784172], [33.296769, 50.779702], [33.283078, 50.779726], [33.269387, 50.77975], [33.255696, 50.779773], [33.242004, 50.779797], [33.228313, 50.779821], [33.214622, 50.779844], [33.207777, 50.775374], [33.207779, 50.766411], [33.200935, 50.761941], [33.187244, 50.761964], [33.180399, 50.757495], [33.180401, 50.748531], [33.180403, 50.739567], [33.173559, 50.735097], [33.159867, 50.735121], [33.146176, 50.735145], [33.132485, 50.735168], [33.118794, 50.735192], [33.105103, 50.735216], [33.091411, 50.735239], [33.07772, 50.735263], [33.064029, 50.735287], [33.050338, 50.73531], [33.036646, 50.735334], [33.022955, 50.735358], [33.009264, 50.735381], [32.995573, 50.735405], [32.981881, 50.735429], [32.96819, 50.735452], [32.954499, 50.735476], [32.947654, 50.731006], [32.947657, 50.722043], [32.940812, 50.717573], [32.927121, 50.717596], [32.913429, 50.71762], [32.899738, 50.717644], [32.886047, 50.717667], [32.879202, 50.713197], [32.879205, 50.704234], [32.87236, 50.699764], [32.865515, 50.695294], [32.858671, 50.690824], [32.851826, 50.686354], [32.851828, 50.67739], [32.844984, 50.67292], [32.831293, 50.672944], [32.817601, 50.672968], [32.80391, 50.672991], [32.790219, 50.673015], [32.776528, 50.673039], [32.762836, 50.673062], [32.749145, 50.673086], [32.735454, 50.67311], [32.721763, 50.673133], [32.708072, 50.673157], [32.69438, 50.673181], [32.680689, 50.673204], [32.666998, 50.673228], [32.653307, 50.673252], [32.639615, 50.673275], [32.625924, 50.673299], [32.612233, 50.673323], [32.605388, 50.668853], [32.60539, 50.659889], [32.598546, 50.655419], [32.584855, 50.655443], [32.571163, 50.655467], [32.557472, 50.65549], [32.550628, 50.65102], [32.55063, 50.642057], [32.550632, 50.633093], [32.543787, 50.628623], [32.530096, 50.628647], [32.523251, 50.624177], [32.516407, 50.619707], [32.509562, 50.615237], [32.502718, 50.610767], [32.489027, 50.610791], [32.475335, 50.610814], [32.461644, 50.610838], [32.447953, 50.610862], [32.441106, 50.615355], [32.441104, 50.624319], [32.434257, 50.628813], [32.420566, 50.628836], [32.406875, 50.62886], [32.393184, 50.628884], [32.379492, 50.628907], [32.365801, 50.628931], [32.35211, 50.628955], [32.338419, 50.628978], [32.324728, 50.629002], [32.311036, 50.629026], [32.297345, 50.629049], [32.283654, 50.629073], [32.276809, 50.624603], [32.276811, 50.615639], [32.269967, 50.611169], [32.256276, 50.611193], [32.242584, 50.611217], [32.228893, 50.61124], [32.215202, 50.611264], [32.208357, 50.606794], [32.208359, 50.597831], [32.201515, 50.593361], [32.187824, 50.593384], [32.174132, 50.593408], [32.160441, 50.593432], [32.14675, 50.593455], [32.139905, 50.588985], [32.133061, 50.584515], [32.11937, 50.584539], [32.112523, 50.589033], [32.105676, 50.593526], [32.091985, 50.59355], [32.078294, 50.593574], [32.064603, 50.593597], [32.050911, 50.593621], [32.03722, 50.593645], [32.023529, 50.593668], [32.009838, 50.593692], [31.996146, 50.593716], [31.982455, 50.593739], [31.968764, 50.593763], [31.955073, 50.593787], [31.941381, 50.59381], [31.92769, 50.593834], [31.913999, 50.593858], [31.900308, 50.593881], [31.886616, 50.593905], [31.879772, 50.589435], [31.879774, 50.580471], [31.879776, 50.571508], [31.879778, 50.562544], [31.87978, 50.553581], [31.872936, 50.549111], [31.859245, 50.549134], [31.845553, 50.549158], [31.831862, 50.549182], [31.818171, 50.549205], [31.80448, 50.549229], [31.790788, 50.549253], [31.783942, 50.553746], [31.78394, 50.56271], [31.777093, 50.567204], [31.763402, 50.567227], [31.74971, 50.567251], [31.736019, 50.567275], [31.722328, 50.567298], [31.708637, 50.567322], [31.694946, 50.567346], [31.681254, 50.567369], [31.667563, 50.567393], [31.653872, 50.567417], [31.640181, 50.56744], [31.626489, 50.567464], [31.612798, 50.567488], [31.599107, 50.567511], [31.592262, 50.563041], [31.592264, 50.554078], [31.58542, 50.549608], [31.571729, 50.549631], [31.558037, 50.549655], [31.544346, 50.549679], [31.530655, 50.549702], [31.52381, 50.545232], [31.523813, 50.536269], [31.523815, 50.527305], [31.523817, 50.518342], [31.523819, 50.509378], [31.516974, 50.504908], [31.503283, 50.504932], [31.496438, 50.500462], [31.489594, 50.495992], [31.482749, 50.491522], [31.482751, 50.482558], [31.475907, 50.478088], [31.462216, 50.478112], [31.455371, 50.473642], [31.455373, 50.464679], [31.448529, 50.460209], [31.434837, 50.460232], [31.427993, 50.455762], [31.427995, 50.446799], [31.42115, 50.442329], [31.407459, 50.442353], [31.393768, 50.442376], [31.386921, 50.44687], [31.386919, 50.455833], [31.386917, 50.464797], [31.386915, 50.473761], [31.386913, 50.482724], [31.386911, 50.491688], [31.386909, 50.500651], [31.380062, 50.505145], [31.366371, 50.505169], [31.352679, 50.505192], [31.338988, 50.505216], [31.325297, 50.50524], [31.311606, 50.505263], [31.297915, 50.505287], [31.284223, 50.505311], [31.270532, 50.505334], [31.256841, 50.505358], [31.24315, 50.505382], [31.229458, 50.505405], [31.215767, 50.505429], [31.202076, 50.505453], [31.188385, 50.505476], [31.174693, 50.5055], [31.161002, 50.505524], [31.154156, 50.510017], [31.154153, 50.518981], [31.160998, 50.523451], [31.174689, 50.523427], [31.18838, 50.523403], [31.195225, 50.527873], [31.195223, 50.536837], [31.195221, 50.545801], [31.195219, 50.554764], [31.195217, 50.563728], [31.202061, 50.568198], [31.215752, 50.568174], [31.229444, 50.56815], [31.243135, 50.568127], [31.249979, 50.572597], [31.249977, 50.58156], [31.249975, 50.590524], [31.25682, 50.594994], [31.270511, 50.59497], [31.284202, 50.594946], [31.297893, 50.594923], [31.311585, 50.594899], [31.325276, 50.594875], [31.338967, 50.594852], [31.352658, 50.594828], [31.36635, 50.594804], [31.380041, 50.594781], [31.393732, 50.594757], [31.407423, 50.594733], [31.421115, 50.59471], [31.434806, 50.594686], [31.448497, 50.594662], [31.462188, 50.594639], [31.47588, 50.594615], [31.489571, 50.594591], [31.503262, 50.594568], [31.516953, 50.594544], [31.530644, 50.59452], [31.544336, 50.594497], [31.558027, 50.594473], [31.571718, 50.594449], [31.585409, 50.594426], [31.592254, 50.598896], [31.592252, 50.607859], [31.59225, 50.616823], [31.592248, 50.625786], [31.592246, 50.63475], [31.592243, 50.643713], [31.592241, 50.652677], [31.592239, 50.661641], [31.592237, 50.670604], [31.592235, 50.679568], [31.592233, 50.688531], [31.592231, 50.697495], [31.592229, 50.706459], [31.592227, 50.715422], [31.592224, 50.724386], [31.592222, 50.733349], [31.585376, 50.737843], [31.571684, 50.737867], [31.557993, 50.73789], [31.551147, 50.742384], [31.551144, 50.751347], [31.551142, 50.760311], [31.544296, 50.764805], [31.530604, 50.764828], [31.523758, 50.769322], [31.523756, 50.778285], [31.516909, 50.782779], [31.503218, 50.782803], [31.489527, 50.782826], [31.48268, 50.78732], [31.482678, 50.796284], [31.482676, 50.805247], [31.475829, 50.809741], [31.462138, 50.809765], [31.455291, 50.814258], [31.455289, 50.823222], [31.455287, 50.832185], [31.455285, 50.841149], [31.455283, 50.850112], [31.455281, 50.859076], [31.455278, 50.86804], [31.455276, 50.877003], [31.455274, 50.885967], [31.455272, 50.89493], [31.45527, 50.903894], [31.455268, 50.912857], [31.455266, 50.921821], [31.455264, 50.930785], [31.455262, 50.939748], [31.45526, 50.948712], [31.455257, 50.957675], [31.448411, 50.962169], [31.43472, 50.962193], [31.421028, 50.962216], [31.414182, 50.96671], [31.414179, 50.975674], [31.421024, 50.980143], [31.434715, 50.98012], [31.448407, 50.980096], [31.455251, 50.984566], [31.455249, 50.99353], [31.462094, 50.998], [31.475785, 50.997976], [31.482629, 51.002446], [31.482627, 51.01141], [31.482625, 51.020373], [31.48947, 51.024843], [31.503161, 51.024819], [31.516852, 51.024796], [31.523697, 51.029266], [31.523695, 51.038229], [31.523693, 51.047193], [31.52369, 51.056156], [31.523688, 51.06512], [31.530533, 51.06959], [31.544224, 51.069566], [31.551069, 51.074036], [31.551067, 51.083], [31.551064, 51.091963], [31.551062, 51.100927], [31.557907, 51.105397], [31.571598, 51.105373], [31.585289, 51.10535], [31.598981, 51.105326], [31.612672, 51.105302], [31.619516, 51.109772], [31.619514, 51.118736], [31.619512, 51.127699], [31.61951, 51.136663], [31.619508, 51.145626], [31.626353, 51.150096], [31.640044, 51.150073], [31.653735, 51.150049], [31.667426, 51.150025], [31.681117, 51.150002], [31.694809, 51.149978], [31.7085, 51.149954], [31.715347, 51.145461], [31.715349, 51.136497], [31.722195, 51.132004], [31.735887, 51.13198], [31.749578, 51.131956], [31.763269, 51.131933], [31.77696, 51.131909], [31.790652, 51.131885], [31.804343, 51.131862], [31.818034, 51.131838], [31.831725, 51.131814], [31.845416, 51.131791], [31.859108, 51.131767], [31.872799, 51.131743], [31.88649, 51.13172], [31.900181, 51.131696], [31.913873, 51.131672], [31.927564, 51.131649], [31.941255, 51.131625], [31.954946, 51.131601], [31.968638, 51.131578], [31.982329, 51.131554], [31.99602, 51.13153], [32.009711, 51.131507], [32.016556, 51.135977], [32.016554, 51.14494], [32.023398, 51.14941], [32.03709, 51.149386], [32.050781, 51.149363], [32.064472, 51.149339], [32.078163, 51.149315], [32.091854, 51.149292], [32.105546, 51.149268], [32.119237, 51.149244], [32.132928, 51.149221], [32.146619, 51.149197], [32.160311, 51.149173], [32.174002, 51.14915], [32.187693, 51.149126], [32.201384, 51.149102], [32.215076, 51.149079], [32.228767, 51.149055], [32.242458, 51.149031], [32.249303, 51.153501], [32.2493, 51.162465], [32.249298, 51.171428], [32.256143, 51.175898], [32.269834, 51.175875], [32.283525, 51.175851], [32.297217, 51.175827], [32.310908, 51.175804], [32.324599, 51.17578], [32.33829, 51.175756], [32.351982, 51.175733], [32.365673, 51.175709], [32.379364, 51.175685], [32.393055, 51.175662], [32.406747, 51.175638], [32.420438, 51.175614], [32.434129, 51.175591], [32.44782, 51.175567], [32.461511, 51.175543], [32.475203, 51.17552], [32.488894, 51.175496], [32.502585, 51.175472], [32.50943, 51.179942], [32.509428, 51.188906], [32.516272, 51.193376], [32.529963, 51.193352], [32.543655, 51.193329], [32.557346, 51.193305], [32.571037, 51.193281], [32.577882, 51.197751], [32.57788, 51.206715], [32.577877, 51.215678], [32.577875, 51.224642], [32.577873, 51.233606], [32.577871, 51.242569], [32.577869, 51.251533], [32.577867, 51.260496], [32.577865, 51.26946], [32.577863, 51.278423], [32.577861, 51.287387], [32.577858, 51.296351], [32.577856, 51.305314], [32.577854, 51.314278], [32.577852, 51.323241], [32.57785, 51.332205], [32.577848, 51.341168], [32.571001, 51.345662], [32.55731, 51.345686], [32.550463, 51.350179], [32.550461, 51.359143], [32.543615, 51.363637], [32.529923, 51.36366], [32.516232, 51.363684], [32.509385, 51.368178], [32.509383, 51.377141], [32.509381, 51.386105], [32.509379, 51.395068], [32.509377, 51.404032], [32.50253, 51.408525], [32.488839, 51.408549], [32.481992, 51.413043], [32.48199, 51.422006], [32.488835, 51.426476], [32.502526, 51.426453], [32.516217, 51.426429], [32.529909, 51.426405], [32.5436, 51.426382], [32.557291, 51.426358], [32.570982, 51.426334], [32.584674, 51.426311], [32.598365, 51.426287], [32.612056, 51.426263], [32.625747, 51.42624], [32.639439, 51.426216], [32.65313, 51.426192], [32.666821, 51.426169], [32.680512, 51.426145], [32.694203, 51.426121], [32.707895, 51.426098], [32.721586, 51.426074], [32.735277, 51.42605], [32.742122, 51.43052], [32.74212, 51.439484], [32.742117, 51.448447], [32.742115, 51.457411], [32.742113, 51.466374], [32.742111, 51.475338], [32.742109, 51.484302], [32.742107, 51.493265], [32.742105, 51.502229], [32.742103, 51.511192], [32.742101, 51.520156], [32.742099, 51.52912], [32.742096, 51.538083], [32.742094, 51.547047], [32.742092, 51.55601], [32.74209, 51.564974], [32.742088, 51.573937], [32.742086, 51.582901], [32.742084, 51.591865], [32.742082, 51.600828], [32.74208, 51.609792], [32.742078, 51.618755], [32.742075, 51.627719], [32.742073, 51.636682], [32.742071, 51.645646], [32.735225, 51.65014], [32.721533, 51.650163], [32.707842, 51.650187], [32.694151, 51.650211], [32.68046, 51.650234], [32.666768, 51.650258], [32.653077, 51.650282], [32.639386, 51.650305], [32.625695, 51.650329], [32.612003, 51.650353], [32.598312, 51.650376], [32.584621, 51.6504], [32.57093, 51.650424], [32.557238, 51.650447], [32.550394, 51.645977], [32.550396, 51.637014], [32.550398, 51.62805], [32.5504, 51.619087], [32.550402, 51.610123], [32.550404, 51.60116], [32.550407, 51.592196], [32.550409, 51.583232], [32.543564, 51.578762], [32.529873, 51.578786], [32.516182, 51.57881], [32.509335, 51.583303], [32.509333, 51.592267], [32.509331, 51.601231], [32.502484, 51.605724], [32.488793, 51.605748], [32.475102, 51.605771], [32.46141, 51.605795], [32.447719, 51.605819], [32.434028, 51.605842], [32.420337, 51.605866], [32.406645, 51.60589], [32.392954, 51.605913], [32.379263, 51.605937], [32.365572, 51.605961], [32.351881, 51.605984], [32.338189, 51.606008], [32.324498, 51.606032], [32.310807, 51.606055], [32.297116, 51.606079], [32.283424, 51.606103], [32.269733, 51.606126], [32.256042, 51.60615], [32.242351, 51.606174], [32.228659, 51.606197], [32.214968, 51.606221], [32.201277, 51.606245], [32.187586, 51.606269], [32.173895, 51.606292], [32.160203, 51.606316], [32.153357, 51.610809], [32.153354, 51.619773], [32.146508, 51.624267], [32.132817, 51.62429], [32.119125, 51.624314], [32.105434, 51.624338], [32.091743, 51.624361], [32.078052, 51.624385], [32.06436, 51.624409], [32.050669, 51.624432], [32.043823, 51.628926], [32.04382, 51.63789], [32.043818, 51.646853], [32.036972, 51.651347], [32.02328, 51.65137], [32.009589, 51.651394], [31.995898, 51.651418], [31.982207, 51.651441], [31.968515, 51.651465], [31.954824, 51.651489], [31.947978, 51.655982], [31.947975, 51.664946], [31.941129, 51.66944], [31.927438, 51.669463], [31.913746, 51.669487], [31.900055, 51.669511], [31.886364, 51.669534], [31.872673, 51.669558], [31.858981, 51.669582], [31.852135, 51.674075], [31.852133, 51.683039], [31.845286, 51.687532], [31.831595, 51.687556], [31.817904, 51.68758], [31.804212, 51.687603], [31.790521, 51.687627], [31.77683, 51.687651], [31.763139, 51.687674], [31.756292, 51.692168], [31.75629, 51.701132], [31.756288, 51.710095], [31.749441, 51.714589], [31.73575, 51.714612], [31.722059, 51.714636], [31.708367, 51.71466], [31.694676, 51.714683], [31.680985, 51.714707], [31.667294, 51.714731], [31.653602, 51.714754], [31.639911, 51.714778], [31.62622, 51.714802], [31.619373, 51.719295], [31.619371, 51.728259], [31.612524, 51.732753], [31.598833, 51.732776], [31.585142, 51.7328], [31.571451, 51.732824], [31.55776, 51.732847], [31.544068, 51.732871], [31.530377, 51.732895], [31.516686, 51.732918], [31.502995, 51.732942], [31.489303, 51.732966], [31.475612, 51.732989], [31.461921, 51.733013], [31.44823, 51.733037], [31.434538, 51.73306], [31.420847, 51.733084], [31.407156, 51.733108], [31.393465, 51.733131], [31.38662, 51.728661], [31.386622, 51.719698], [31.386624, 51.710734], [31.386627, 51.701771], [31.386629, 51.692807], [31.379784, 51.688337], [31.366093, 51.688361], [31.352402, 51.688384], [31.33871, 51.688408], [31.325019, 51.688432], [31.318175, 51.683962], [31.318177, 51.674998], [31.311332, 51.670528], [31.297641, 51.670552], [31.28395, 51.670576], [31.270258, 51.670599], [31.256567, 51.670623], [31.242876, 51.670647], [31.229185, 51.67067], [31.215493, 51.670694], [31.201802, 51.670718], [31.194958, 51.666248], [31.19496, 51.657284], [31.188115, 51.652814], [31.174424, 51.652838], [31.160733, 51.652861], [31.147042, 51.652885], [31.13335, 51.652909], [31.119659, 51.652932], [31.105968, 51.652956], [31.092277, 51.65298], [31.078585, 51.653003], [31.064894, 51.653027], [31.05805, 51.648557], [31.058052, 51.639594], [31.058054, 51.63063], [31.051209, 51.62616], [31.037518, 51.626184], [31.030673, 51.621714], [31.030676, 51.61275], [31.023831, 51.60828], [31.01014, 51.608304], [30.996448, 51.608328], [30.982757, 51.608351], [30.969066, 51.608375], [30.955375, 51.608399], [30.941684, 51.608422], [30.927992, 51.608446], [30.914301, 51.60847], [30.90061, 51.608493], [30.886919, 51.608517], [30.873227, 51.608541], [30.859536, 51.608564], [30.852689, 51.613058], [30.852687, 51.622022], [30.845841, 51.626515], [30.832149, 51.626539], [30.818458, 51.626562], [30.804767, 51.626586], [30.791076, 51.62661], [30.777385, 51.626633], [30.763693, 51.626657], [30.750002, 51.626681], [30.736311, 51.626704], [30.72262, 51.626728], [30.708928, 51.626752], [30.695237, 51.626775], [30.681546, 51.626799], [30.667855, 51.626823], [30.654163, 51.626846], [30.640472, 51.62687], [30.633626, 51.631364], [30.633623, 51.640327], [30.633621, 51.649291], [30.633619, 51.658254], [30.633617, 51.667218], [30.633615, 51.676182], [30.633613, 51.685145], [30.640457, 51.689615], [30.654149, 51.689592], [30.660993, 51.694061], [30.660991, 51.703025], [30.660989, 51.711989], [30.660987, 51.720952], [30.660985, 51.729916], [30.667829, 51.734386], [30.681521, 51.734362], [30.688365, 51.738832], [30.688363, 51.747796], [30.688361, 51.756759], [30.688359, 51.765723], [30.688357, 51.774686], [30.695201, 51.779156], [30.708893, 51.779133], [30.722584, 51.779109], [30.736275, 51.779085], [30.749966, 51.779062], [30.756811, 51.783532], [30.756809, 51.792495], [30.756807, 51.801459], [30.756805, 51.810422], [30.756802, 51.819386], [30.7568, 51.828349], [30.756798, 51.837313], [30.756796, 51.846277], [30.756794, 51.85524], [30.756792, 51.864204], [30.763636, 51.868674], [30.777328, 51.86865], [30.791019, 51.868626], [30.797864, 51.873096], [30.797861, 51.88206], [30.797859, 51.891023], [30.797857, 51.899987], [30.804702, 51.904457], [30.818393, 51.904433], [30.825238, 51.908903], [30.825235, 51.917867], [30.825233, 51.92683], [30.832078, 51.9313], [30.845769, 51.931277], [30.852614, 51.935747], [30.852612, 51.94471], [30.859456, 51.94918], [30.873147, 51.949157], [30.886839, 51.949133], [30.893683, 51.953603], [30.893681, 51.962566], [30.893679, 51.97153], [30.893677, 51.980494], [30.893675, 51.989457], [30.900519, 51.993927], [30.914211, 51.993903], [30.927902, 51.99388], [30.941593, 51.993856], [30.955284, 51.993832], [30.968976, 51.993809], [30.982667, 51.993785], [30.989511, 51.998255], [30.989509, 52.007219], [30.989507, 52.016182], [30.989505, 52.025146], [30.989503, 52.034109], [30.996347, 52.038579], [31.010039, 52.038556], [31.02373, 52.038532], [31.037421, 52.038508], [31.051112, 52.038485], [31.064804, 52.038461], [31.078495, 52.038437], [31.085339, 52.042907], [31.085337, 52.051871], [31.085335, 52.060834], [31.085333, 52.069798], [31.085331, 52.078762], [31.092176, 52.083232], [31.105867, 52.083208], [31.119558, 52.083184], [31.133249, 52.083161], [31.14694, 52.083137], [31.153785, 52.087607], [31.153783, 52.09657], [31.160628, 52.10104], [31.174319, 52.101017], [31.18801, 52.100993], [31.194857, 52.096499], [31.194859, 52.087536], [31.201705, 52.083042], [31.215397, 52.083019], [31.229088, 52.082995], [31.242779, 52.082971], [31.25647, 52.082948], [31.270162, 52.082924], [31.283853, 52.0829], [31.297544, 52.082877], [31.311235, 52.082853], [31.324927, 52.082829], [31.338618, 52.082806], [31.352309, 52.082782], [31.359154, 52.087252], [31.359151, 52.096215], [31.359149, 52.105179], [31.359147, 52.114143], [31.365992, 52.118612], [31.379683, 52.118589], [31.386528, 52.123059], [31.386525, 52.132022], [31.386523, 52.140986], [31.393368, 52.145456], [31.407059, 52.145432], [31.42075, 52.145409], [31.427595, 52.149879], [31.427593, 52.158842], [31.434437, 52.163312], [31.448129, 52.163288], [31.454975, 52.158795], [31.454977, 52.149831], [31.461824, 52.145338], [31.475515, 52.145314], [31.489207, 52.14529], [31.502898, 52.145267], [31.516589, 52.145243], [31.53028, 52.145219], [31.543971, 52.145196], [31.557663, 52.145172], [31.571354, 52.145148], [31.585045, 52.145125], [31.598736, 52.145101], [31.612428, 52.145077], [31.626119, 52.145054], [31.63981, 52.14503], [31.653501, 52.145006], [31.660348, 52.140513], [31.66035, 52.131549], [31.667197, 52.127055], [31.680888, 52.127032], [31.694579, 52.127008], [31.70827, 52.126984], [31.721962, 52.126961], [31.735653, 52.126937], [31.749344, 52.126913], [31.763035, 52.12689], [31.776727, 52.126866], [31.790418, 52.126842], [31.804109, 52.126819], [31.8178, 52.126795], [31.824647, 52.122301], [31.831494, 52.117808], [31.845185, 52.117784], [31.858876, 52.11776], [31.872567, 52.117737], [31.879414, 52.113243], [31.879416, 52.10428], [31.879418, 52.095316], [31.87942, 52.086352], [31.886267, 52.081859], [31.899958, 52.081835], [31.91365, 52.081811], [31.927341, 52.081788], [31.941032, 52.081764], [31.954723, 52.08174], [31.968414, 52.081717], [31.982106, 52.081693], [31.995797, 52.081669], [32.009488, 52.081646], [32.023179, 52.081622], [32.036871, 52.081598], [32.050562, 52.081575], [32.064253, 52.081551], [32.077944, 52.081527], [32.091636, 52.081504], [32.105327, 52.08148], [32.119018, 52.081456], [32.132709, 52.081433], [32.1464, 52.081409], [32.160092, 52.081385], [32.173783, 52.081362], [32.187474, 52.081338], [32.201165, 52.081314], [32.214857, 52.081291], [32.228548, 52.081267], [32.242239, 52.081243], [32.25593, 52.08122], [32.269622, 52.081196], [32.283313, 52.081172], [32.297004, 52.081149], [32.310695, 52.081125], [32.324386, 52.081101], [32.338078, 52.081078], [32.351769, 52.081054], [32.36546, 52.08103], [32.379151, 52.081007], [32.392843, 52.080983], [32.406534, 52.080959], [32.420225, 52.080936], [32.433916, 52.080912], [32.440761, 52.085382], [32.440759, 52.094346], [32.440757, 52.103309], [32.440755, 52.112273], [32.440752, 52.121236], [32.44075, 52.1302], [32.440748, 52.139163], [32.440746, 52.148127], [32.440744, 52.157091], [32.440742, 52.166054], [32.44074, 52.175018], [32.440738, 52.183981], [32.440736, 52.192945], [32.440734, 52.201909], [32.440731, 52.210872], [32.440729, 52.219836], [32.440727, 52.228799], [32.440725, 52.237763], [32.440723, 52.246726], [32.440721, 52.25569], [32.440719, 52.264654], [32.447563, 52.269124], [32.461255, 52.2691], [32.474946, 52.269076], [32.48179, 52.273546], [32.481788, 52.28251], [32.481786, 52.291473], [32.481784, 52.300437], [32.481782, 52.3094], [32.48178, 52.318364], [32.481778, 52.327328], [32.481776, 52.336291], [32.48862, 52.340761], [32.502311, 52.340737], [32.516003, 52.340714], [32.529694, 52.34069], [32.543385, 52.340666], [32.557076, 52.340643], [32.570768, 52.340619], [32.584459, 52.340595], [32.59815, 52.340572], [32.604997, 52.336078], [32.604999, 52.327115], [32.605001, 52.318151], [32.611848, 52.313657], [32.625539, 52.313634], [32.63923, 52.31361], [32.646077, 52.309116], [32.646079, 52.300153], [32.652926, 52.295659], [32.666617, 52.295636], [32.680308, 52.295612], [32.693999, 52.295588], [32.70769, 52.295565], [32.721382, 52.295541], [32.735073, 52.295517], [32.748764, 52.295494], [32.762455, 52.29547], [32.776147, 52.295446], [32.789838, 52.295423], [32.803529, 52.295399], [32.81722, 52.295375], [32.830912, 52.295352], [32.844603, 52.295328], [32.858294, 52.295304], [32.871985, 52.295281], [32.885677, 52.295257], [32.899368, 52.295233], [32.913059, 52.29521], [32.92675, 52.295186], [32.940441, 52.295162], [32.954133, 52.295139], [32.967824, 52.295115], [32.981515, 52.295091], [32.995206, 52.295068], [33.008898, 52.295044], [33.022589, 52.29502], [33.03628, 52.294997], [33.043125, 52.299466], [33.043123, 52.30843], [33.049967, 52.3129], [33.063658, 52.312876], [33.070503, 52.317346], [33.070501, 52.32631], [33.070499, 52.335273], [33.077343, 52.339743], [33.091034, 52.33972], [33.104726, 52.339696], [33.118417, 52.339672], [33.132108, 52.339649], [33.145799, 52.339625], [33.159491, 52.339601], [33.173182, 52.339578], [33.186873, 52.339554], [33.200564, 52.33953], [33.214256, 52.339507], [33.227947, 52.339483], [33.234791, 52.343953], [33.234789, 52.352917], [33.234787, 52.36188], [33.234785, 52.370844], [33.234783, 52.379807], [33.234781, 52.388771], [33.234779, 52.397734], [33.241623, 52.402204]]]}}, {"type": "Feature", "properties": {"sourceComponent": 0}, "geometry": {"type": "Polygon", "coordinates": [[[28.477268, 51.585792], [28.490959, 51.585768], [28.50465, 51.585744], [28.518342, 51.585721], [28.532033, 51.585697], [28.545724, 51.585673], [28.559415, 51.58565], [28.573107, 51.585626], [28.579953, 51.581133], [28.579955, 51.572169], [28.586802, 51.567675], [28.600493, 51.567652], [28.60734, 51.563158], [28.607342, 51.554194], [28.607344, 51.545231], [28.607346, 51.536267], [28.607348, 51.527304], [28.60735, 51.51834], [28.607353, 51.509377], [28.607355, 51.500413], [28.607357, 51.491449], [28.607359, 51.482486], [28.614206, 51.477992], [28.627897, 51.477969], [28.641588, 51.477945], [28.648435, 51.473451], [28.648437, 51.464488], [28.655283, 51.459994], [28.668975, 51.45997], [28.682666, 51.459947], [28.696357, 51.459923], [28.703204, 51.455429], [28.703206, 51.446466], [28.703208, 51.437502], [28.70321, 51.428539], [28.703212, 51.419575], [28.696368, 51.415105], [28.682676, 51.415129], [28.668985, 51.415152], [28.655294, 51.415176], [28.641603, 51.4152], [28.627912, 51.415223], [28.61422, 51.415247], [28.600529, 51.415271], [28.586838, 51.415294], [28.573147, 51.415318], [28.559455, 51.415342], [28.545764, 51.415365], [28.532073, 51.415389], [28.518382, 51.415413], [28.50469, 51.415437], [28.490999, 51.41546], [28.477308, 51.415484], [28.463617, 51.415508], [28.449926, 51.415531], [28.436234, 51.415555], [28.422543, 51.415579], [28.408852, 51.415602], [28.395161, 51.415626], [28.381469, 51.41565], [28.374623, 51.420143], [28.374621, 51.429107], [28.374618, 51.43807], [28.374616, 51.447034], [28.374614, 51.455997], [28.367768, 51.460491], [28.354076, 51.460515], [28.34723, 51.465008], [28.347228, 51.473972], [28.347225, 51.482936], [28.347223, 51.491899], [28.347221, 51.500863], [28.340375, 51.505356], [28.333528, 51.50985], [28.340372, 51.51432], [28.347217, 51.51879], [28.347215, 51.527753], [28.347213, 51.536717], [28.354057, 51.541187], [28.367749, 51.541163], [28.38144, 51.54114], [28.395131, 51.541116], [28.408822, 51.541092], [28.415667, 51.545562], [28.415665, 51.554526], [28.415663, 51.563489], [28.422507, 51.567959], [28.436198, 51.567936], [28.44989, 51.567912], [28.463581, 51.567888], [28.470426, 51.572358], [28.470423, 51.581322], [28.477268, 51.585792]]]}}, {"type": "Feature", "properties": {"sourceComponent": 0}, "geometry": {"type": "Polygon", "coordinates": [[[35.391614, 50.408574], [35.398461, 50.404081], [35.398463, 50.395117], [35.398465, 50.386154], [35.398467, 50.37719], [35.398469, 50.368226], [35.398471, 50.359263], [35.398473, 50.350299], [35.40532, 50.345806], [35.419011, 50.345782], [35.425858, 50.341288], [35.42586, 50.332325], [35.432707, 50.327831], [35.446398, 50.327808], [35.460089, 50.327784], [35.473781, 50.32776], [35.487472, 50.327737], [35.501163, 50.327713], [35.514854, 50.327689], [35.528545, 50.327666], [35.542237, 50.327642], [35.555928, 50.327618], [35.569619, 50.327595], [35.58331, 50.327571], [35.590157, 50.323077], [35.590159, 50.314114], [35.590161, 50.30515], [35.597008, 50.300656], [35.610699, 50.300633], [35.62439, 50.300609], [35.638082, 50.300585], [35.651773, 50.300562], [35.665464, 50.300538], [35.679155, 50.300514], [35.692847, 50.300491], [35.706538, 50.300467], [35.720229, 50.300443], [35.73392, 50.30042], [35.747611, 50.300396], [35.754458, 50.295902], [35.75446, 50.286939], [35.754462, 50.277975], [35.754464, 50.269012], [35.754467, 50.260048], [35.761313, 50.255555], [35.775004, 50.255531], [35.781851, 50.251037], [35.781853, 50.242074], [35.7887, 50.23758], [35.802391, 50.237556], [35.816082, 50.237533], [35.822929, 50.233039], [35.822931, 50.224076], [35.829778, 50.219582], [35.843469, 50.219558], [35.850316, 50.215065], [35.850318, 50.206101], [35.85032, 50.197137], [35.857167, 50.192644], [35.870858, 50.19262], [35.884549, 50.192596], [35.891396, 50.188103], [35.891398, 50.179139], [35.898245, 50.174646], [35.911936, 50.174622], [35.925627, 50.174598], [35.939318, 50.174575], [35.953009, 50.174551], [35.959856, 50.170057], [35.959858, 50.161094], [35.95986, 50.15213], [35.966707, 50.147637], [35.980398, 50.147613], [35.987245, 50.143119], [35.987247, 50.134156], [35.987249, 50.125192], [35.987251, 50.116229], [35.980407, 50.111759], [35.966715, 50.111782], [35.959869, 50.116276], [35.959867, 50.125239], [35.95302, 50.129733], [35.939329, 50.129757], [35.925638, 50.12978], [35.911946, 50.129804], [35.898255, 50.129828], [35.884564, 50.129851], [35.870873, 50.129875], [35.857181, 50.129899], [35.850335, 50.134392], [35.850333, 50.143356], [35.843486, 50.14785], [35.829795, 50.147873], [35.816103, 50.147897], [35.802412, 50.147921], [35.788721, 50.147944], [35.77503, 50.147968], [35.761338, 50.147992], [35.754492, 50.152485], [35.75449, 50.161449], [35.754488, 50.170412], [35.747641, 50.174906], [35.73395, 50.17493], [35.720258, 50.174953], [35.706567, 50.174977], [35.692876, 50.175001], [35.679185, 50.175024], [35.665494, 50.175048], [35.658647, 50.179542], [35.658645, 50.188505], [35.651798, 50.192999], [35.638107, 50.193023], [35.624416, 50.193046], [35.610724, 50.19307], [35.597033, 50.193094], [35.590187, 50.197587], [35.590184, 50.206551], [35.590182, 50.215514], [35.583336, 50.220008], [35.569644, 50.220032], [35.555953, 50.220055], [35.542262, 50.220079], [35.528571, 50.220103], [35.514879, 50.220126], [35.501188, 50.22015], [35.487497, 50.220174], [35.473806, 50.220197], [35.460115, 50.220221], [35.453268, 50.224715], [35.453266, 50.233678], [35.446419, 50.238172], [35.432728, 50.238195], [35.419037, 50.238219], [35.405345, 50.238243], [35.391654, 50.238266], [35.384807, 50.24276], [35.384805, 50.251724], [35.377959, 50.256217], [35.364267, 50.256241], [35.350576, 50.256265], [35.336885, 50.256288], [35.323194, 50.256312], [35.309503, 50.256336], [35.295811, 50.256359], [35.288965, 50.260853], [35.288963, 50.269816], [35.28896, 50.27878], [35.282114, 50.283274], [35.268423, 50.283297], [35.254731, 50.283321], [35.24104, 50.283345], [35.227349, 50.283368], [35.213658, 50.283392], [35.199966, 50.283416], [35.19312, 50.287909], [35.193118, 50.296873], [35.186271, 50.301366], [35.17258, 50.30139], [35.158888, 50.301414], [35.145197, 50.301437], [35.131506, 50.301461], [35.124659, 50.305955], [35.124657, 50.314918], [35.124655, 50.323882], [35.1315, 50.328352], [35.145191, 50.328328], [35.158882, 50.328305], [35.172573, 50.328281], [35.186265, 50.328257], [35.199956, 50.328234], [35.213647, 50.32821], [35.227338, 50.328186], [35.24103, 50.328163], [35.254721, 50.328139], [35.268412, 50.328115], [35.282103, 50.328092], [35.295794, 50.328068], [35.309486, 50.328044], [35.323177, 50.328021], [35.336868, 50.327997], [35.350559, 50.327973], [35.364251, 50.32795], [35.377942, 50.327926], [35.384786, 50.332396], [35.384784, 50.341359], [35.384782, 50.350323], [35.38478, 50.359287], [35.384778, 50.36825], [35.384776, 50.377214], [35.384774, 50.386177], [35.384772, 50.395141], [35.38477, 50.404104], [35.391614, 50.408574]]]}}, {"type": "Feature", "properties": {"sourceComponent": 0}, "geometry": {"type": "Polygon", "coordinates": [[[36.185725, 50.326529], [36.199416, 50.326506], [36.213107, 50.326482], [36.219954, 50.321988], [36.219956, 50.313025], [36.219958, 50.304061], [36.21996, 50.295098], [36.219962, 50.286134], [36.226809, 50.281641], [36.2405, 50.281617], [36.247347, 50.277123], [36.247349, 50.26816], [36.247351, 50.259196], [36.254198, 50.254702], [36.267889, 50.254679], [36.28158, 50.254655], [36.288427, 50.250162], [36.288429, 50.241198], [36.295276, 50.236704], [36.308967, 50.236681], [36.322658, 50.236657], [36.336349, 50.236633], [36.35004, 50.23661], [36.363732, 50.236586], [36.377423, 50.236562], [36.391114, 50.236539], [36.404805, 50.236515], [36.418497, 50.236491], [36.432188, 50.236468], [36.445879, 50.236444], [36.45957, 50.23642], [36.473262, 50.236397], [36.486953, 50.236373], [36.500644, 50.236349], [36.514335, 50.236326], [36.521182, 50.231832], [36.521184, 50.222868], [36.521186, 50.213905], [36.521188, 50.204941], [36.52119, 50.195978], [36.528037, 50.191484], [36.541728, 50.19146], [36.555419, 50.191437], [36.569111, 50.191413], [36.575957, 50.186919], [36.575959, 50.177956], [36.582806, 50.173462], [36.596497, 50.173439], [36.610189, 50.173415], [36.62388, 50.173391], [36.637571, 50.173368], [36.651262, 50.173344], [36.664954, 50.17332], [36.678645, 50.173297], [36.692336, 50.173273], [36.706027, 50.173249], [36.719718, 50.173226], [36.73341, 50.173202], [36.747101, 50.173178], [36.760792, 50.173155], [36.774483, 50.173131], [36.788175, 50.173107], [36.801866, 50.173084], [36.80871, 50.177554], [36.808708, 50.186517], [36.808706, 50.195481], [36.808704, 50.204444], [36.808702, 50.213408], [36.8087, 50.222371], [36.808698, 50.231335], [36.815542, 50.235805], [36.829234, 50.235781], [36.842925, 50.235758], [36.856616, 50.235734], [36.870307, 50.23571], [36.883999, 50.235687], [36.89769, 50.235663], [36.911381, 50.235639], [36.918228, 50.231146], [36.91823, 50.222182], [36.925076, 50.217688], [36.938768, 50.217665], [36.945614, 50.213171], [36.945616, 50.204208], [36.945619, 50.195244], [36.952465, 50.19075], [36.966156, 50.190727], [36.979848, 50.190703], [36.993539, 50.190679], [37.00723, 50.190656], [37.014077, 50.186162], [37.014079, 50.177199], [37.020926, 50.172705], [37.034617, 50.172681], [37.048308, 50.172658], [37.061999, 50.172634], [37.075691, 50.17261], [37.089382, 50.172587], [37.103073, 50.172563], [37.10992, 50.168069], [37.109922, 50.159106], [37.109924, 50.150142], [37.116771, 50.145648], [37.130462, 50.145625], [37.144153, 50.145601], [37.157844, 50.145577], [37.171535, 50.145554], [37.185227, 50.14553], [37.198918, 50.145506], [37.205765, 50.141013], [37.205767, 50.132049], [37.212613, 50.127556], [37.226305, 50.127532], [37.239996, 50.127508], [37.253687, 50.127485], [37.267378, 50.127461], [37.28107, 50.127437], [37.294761, 50.127414], [37.308452, 50.12739], [37.322143, 50.127366], [37.335834, 50.127343], [37.342681, 50.122849], [37.342683, 50.113885], [37.34953, 50.109392], [37.363221, 50.109368], [37.376912, 50.109344], [37.390604, 50.109321], [37.404295, 50.109297], [37.417986, 50.109273], [37.431677, 50.10925], [37.438524, 50.104756], [37.438526, 50.095793], [37.438528, 50.086829], [37.445375, 50.082335], [37.459066, 50.082312], [37.472757, 50.082288], [37.479604, 50.077794], [37.479606, 50.068831], [37.486453, 50.064337], [37.500144, 50.064314], [37.506991, 50.05982], [37.506993, 50.050856], [37.506995, 50.041893], [37.513842, 50.037399], [37.527533, 50.037376], [37.534379, 50.032882], [37.534382, 50.023918], [37.541228, 50.019425], [37.554919, 50.019401], [37.568611, 50.019377], [37.582302, 50.019354], [37.595993, 50.01933], [37.60284, 50.014836], [37.602842, 50.005873], [37.609689, 50.001379], [37.62338, 50.001356], [37.637071, 50.001332], [37.643918, 49.996838], [37.64392, 49.987875], [37.643922, 49.978911], [37.650769, 49.974417], [37.66446, 49.974394], [37.671307, 49.9699], [37.671309, 49.960937], [37.678155, 49.956443], [37.691847, 49.956419], [37.705538, 49.956396], [37.712384, 49.951902], [37.712387, 49.942938], [37.712389, 49.933975], [37.719235, 49.929481], [37.732927, 49.929458], [37.739773, 49.924964], [37.739775, 49.916], [37.732931, 49.91153], [37.71924, 49.911554], [37.712395, 49.907084], [37.712397, 49.898121], [37.705552, 49.893651], [37.691861, 49.893674], [37.67817, 49.893698], [37.671325, 49.889228], [37.671328, 49.880264], [37.67133, 49.871301], [37.671332, 49.862337], [37.671334, 49.853374], [37.664489, 49.848904], [37.650798, 49.848927], [37.643954, 49.844457], [37.643956, 49.835494], [37.643958, 49.82653], [37.637113, 49.82206], [37.623422, 49.822084], [37.609731, 49.822108], [37.602886, 49.817638], [37.602888, 49.808674], [37.596044, 49.804204], [37.582352, 49.804228], [37.575508, 49.799758], [37.57551, 49.790794], [37.575512, 49.781831], [37.575514, 49.772867], [37.575516, 49.763904], [37.575518, 49.75494], [37.575521, 49.745976], [37.568676, 49.741506], [37.554985, 49.74153], [37.541293, 49.741554], [37.534449, 49.737084], [37.534451, 49.72812], [37.534453, 49.719157], [37.534455, 49.710193], [37.534457, 49.70123], [37.534459, 49.692266], [37.534462, 49.683302], [37.534464, 49.674339], [37.534466, 49.665375], [37.534468, 49.656412], [37.53447, 49.647448], [37.534472, 49.638484], [37.534474, 49.629521], [37.534476, 49.620557], [37.534478, 49.611594], [37.541325, 49.6071], [37.555016, 49.607076], [37.568708, 49.607053], [37.582399, 49.607029], [37.59609, 49.607005], [37.602937, 49.602512], [37.602939, 49.593548], [37.602941, 49.584585], [37.602943, 49.575621], [37.602945, 49.566658], [37.602947, 49.557694], [37.602949, 49.54873], [37.602951, 49.539767], [37.602953, 49.530803], [37.602956, 49.52184], [37.602958, 49.512876], [37.60296, 49.503912], [37.602962, 49.494949], [37.602964, 49.485985], [37.602966, 49.477022], [37.609813, 49.472528], [37.616659, 49.468035], [37.609815, 49.463565], [37.60297, 49.459095], [37.602972, 49.450131], [37.602975, 49.441167], [37.59613, 49.436697], [37.582439, 49.436721], [37.568748, 49.436745], [37.555056, 49.436768], [37.541365, 49.436792], [37.527674, 49.436816], [37.513983, 49.436839], [37.507138, 49.43237], [37.50714, 49.423406], [37.507142, 49.414442], [37.507144, 49.405479], [37.507146, 49.396515], [37.500302, 49.392045], [37.486611, 49.392069], [37.479766, 49.387599], [37.479768, 49.378635], [37.47977, 49.369672], [37.479772, 49.360708], [37.479775, 49.351745], [37.47293, 49.347275], [37.459239, 49.347298], [37.445547, 49.347322], [37.438703, 49.342852], [37.438705, 49.333889], [37.438707, 49.324925], [37.438709, 49.315961], [37.438711, 49.306998], [37.431867, 49.302528], [37.418176, 49.302552], [37.411331, 49.298082], [37.411333, 49.289118], [37.404489, 49.284648], [37.390797, 49.284672], [37.383953, 49.280202], [37.383955, 49.271238], [37.37711, 49.266768], [37.363419, 49.266792], [37.349728, 49.266816], [37.336037, 49.266839], [37.322345, 49.266863], [37.308654, 49.266887], [37.294963, 49.26691], [37.281272, 49.266934], [37.26758, 49.266958], [37.253889, 49.266981], [37.240198, 49.267005], [37.226507, 49.267029], [37.212815, 49.267052], [37.199124, 49.267076], [37.185433, 49.2671], [37.178586, 49.271593], [37.178584, 49.280557], [37.171738, 49.28505], [37.158046, 49.285074], [37.1512, 49.289568], [37.151198, 49.298531], [37.151195, 49.307495], [37.151193, 49.316458], [37.151191, 49.325422], [37.144345, 49.329916], [37.130653, 49.329939], [37.116962, 49.329963], [37.110115, 49.334457], [37.110113, 49.34342], [37.103267, 49.347914], [37.089575, 49.347937], [37.082729, 49.352431], [37.082727, 49.361395], [37.082725, 49.370358], [37.075878, 49.374852], [37.062187, 49.374875], [37.048495, 49.374899], [37.041649, 49.379393], [37.041647, 49.388356], [37.0348, 49.39285], [37.021109, 49.392874], [37.007418, 49.392897], [36.993726, 49.392921], [36.980035, 49.392945], [36.966344, 49.392968], [36.952653, 49.392992], [36.938961, 49.393016], [36.92527, 49.393039], [36.918423, 49.397533], [36.918421, 49.406497], [36.918419, 49.41546], [36.918417, 49.424424], [36.918415, 49.433387], [36.918413, 49.442351], [36.918411, 49.451314], [36.911564, 49.455808], [36.897873, 49.455832], [36.884182, 49.455855], [36.87049, 49.455879], [36.856799, 49.455903], [36.849953, 49.460396], [36.84995, 49.46936], [36.849948, 49.478323], [36.856793, 49.482793], [36.870484, 49.48277], [36.884175, 49.482746], [36.897867, 49.482722], [36.904711, 49.487192], [36.904709, 49.496156], [36.904707, 49.50512], [36.904705, 49.514083], [36.904703, 49.523047], [36.904701, 49.53201], [36.904699, 49.540974], [36.904696, 49.549937], [36.904694, 49.558901], [36.904692, 49.567865], [36.90469, 49.576828], [36.904688, 49.585792], [36.904686, 49.594755], [36.904684, 49.603719], [36.904682, 49.612682], [36.90468, 49.621646], [36.904677, 49.63061], [36.904675, 49.639573], [36.904673, 49.648537], [36.897827, 49.65303], [36.884135, 49.653054], [36.877289, 49.657548], [36.877287, 49.666511], [36.877284, 49.675475], [36.877282, 49.684438], [36.87728, 49.693402], [36.884125, 49.697872], [36.897816, 49.697848], [36.911507, 49.697825], [36.918352, 49.702295], [36.91835, 49.711258], [36.918348, 49.720222], [36.918346, 49.729185], [36.918343, 49.738149], [36.918341, 49.747112], [36.918339, 49.756076], [36.918337, 49.76504], [36.918335, 49.774003], [36.918333, 49.782967], [36.918331, 49.79193], [36.918329, 49.800894], [36.911482, 49.805388], [36.897791, 49.805411], [36.8841, 49.805435], [36.870408, 49.805459], [36.856717, 49.805482], [36.84987, 49.809976], [36.849868, 49.818939], [36.843022, 49.823433], [36.82933, 49.823457], [36.815639, 49.82348], [36.808793, 49.827974], [36.80879, 49.836938], [36.808788, 49.845901], [36.801942, 49.850395], [36.78825, 49.850418], [36.781404, 49.854912], [36.781402, 49.863876], [36.7814, 49.872839], [36.781397, 49.881803], [36.781395, 49.890766], [36.781393, 49.89973], [36.781391, 49.908694], [36.781389, 49.917657], [36.781387, 49.926621], [36.77454, 49.931114], [36.760849, 49.931138], [36.754002, 49.935632], [36.754, 49.944595], [36.753998, 49.953559], [36.753996, 49.962522], [36.753994, 49.971486], [36.747147, 49.97598], [36.733456, 49.976003], [36.719765, 49.976027], [36.706074, 49.976051], [36.692382, 49.976074], [36.685536, 49.980568], [36.685534, 49.989531], [36.685531, 49.998495], [36.678685, 50.002989], [36.664994, 50.003012], [36.651302, 50.003036], [36.644456, 50.00753], [36.644454, 50.016493], [36.637607, 50.020987], [36.623916, 50.02101], [36.617069, 50.025504], [36.617067, 50.034468], [36.61022, 50.038961], [36.596529, 50.038985], [36.582838, 50.039009], [36.569146, 50.039032], [36.555455, 50.039056], [36.541764, 50.03908], [36.528073, 50.039103], [36.514382, 50.039127], [36.50069, 50.039151], [36.486999, 50.039174], [36.473308, 50.039198], [36.459617, 50.039222], [36.45277, 50.043715], [36.452768, 50.052679], [36.452766, 50.061642], [36.445919, 50.066136], [36.432228, 50.06616], [36.418537, 50.066183], [36.41169, 50.070677], [36.411688, 50.079641], [36.404841, 50.084134], [36.39115, 50.084158], [36.384303, 50.088651], [36.384301, 50.097615], [36.384299, 50.106579], [36.377452, 50.111072], [36.363761, 50.111096], [36.356914, 50.11559], [36.356912, 50.124553], [36.350066, 50.129047], [36.336374, 50.12907], [36.322683, 50.129094], [36.308992, 50.129118], [36.295301, 50.129141], [36.28161, 50.129165], [36.267918, 50.129189], [36.254227, 50.129212], [36.240536, 50.129236], [36.226845, 50.12926], [36.213153, 50.129283], [36.199462, 50.129307], [36.185771, 50.129331], [36.178924, 50.133824], [36.178922, 50.142788], [36.17892, 50.151752], [36.178918, 50.160715], [36.178916, 50.169679], [36.178914, 50.178642], [36.178912, 50.187606], [36.17891, 50.196569], [36.178907, 50.205533], [36.178905, 50.214497], [36.178903, 50.22346], [36.178901, 50.232424], [36.178899, 50.241387], [36.178897, 50.250351], [36.178895, 50.259314], [36.178893, 50.268278], [36.178891, 50.277242], [36.178888, 50.286205], [36.178886, 50.295169], [36.178884, 50.304132], [36.178882, 50.313096], [36.17888, 50.322059], [36.185725, 50.326529]]]}}, {"type": "Feature", "properties": {"sourceComponent": 0}, "geometry": {"type": "Polygon", "coordinates": [[[39.704626, 49.235854], [39.711473, 49.23136], [39.711475, 49.222397], [39.711477, 49.213433], [39.711479, 49.20447], [39.711481, 49.195506], [39.711483, 49.186542], [39.711485, 49.177579], [39.711488, 49.168615], [39.71149, 49.159652], [39.711492, 49.150688], [39.711494, 49.141725], [39.711496, 49.132761], [39.711498, 49.123797], [39.7115, 49.114834], [39.711502, 49.10587], [39.711504, 49.096907], [39.711506, 49.087943], [39.711509, 49.078979], [39.711511, 49.070016], [39.704666, 49.065546], [39.690975, 49.06557], [39.677284, 49.065593], [39.663592, 49.065617], [39.649901, 49.065641], [39.63621, 49.065664], [39.629365, 49.061194], [39.629368, 49.052231], [39.62937, 49.043267], [39.629372, 49.034304], [39.629374, 49.02534], [39.629376, 49.016376], [39.629378, 49.007413], [39.62938, 48.998449], [39.629382, 48.989486], [39.629384, 48.980522], [39.629386, 48.971559], [39.629389, 48.962595], [39.629391, 48.953631], [39.629393, 48.944668], [39.636239, 48.940174], [39.649931, 48.940151], [39.656777, 48.935657], [39.656779, 48.926693], [39.656782, 48.91773], [39.649937, 48.91326], [39.636246, 48.913283], [39.622555, 48.913307], [39.608863, 48.913331], [39.595172, 48.913354], [39.588325, 48.917848], [39.588323, 48.926812], [39.588321, 48.935775], [39.581475, 48.940269], [39.567783, 48.940293], [39.560937, 48.944786], [39.560935, 48.95375], [39.567779, 48.95822], [39.58147, 48.958196], [39.588315, 48.962666], [39.588313, 48.97163], [39.588311, 48.980593], [39.588309, 48.989557], [39.588306, 48.99852], [39.588304, 49.007484], [39.588302, 49.016447], [39.5883, 49.025411], [39.588298, 49.034375], [39.588296, 49.043338], [39.588294, 49.052302], [39.588292, 49.061265], [39.58829, 49.070229], [39.588287, 49.079192], [39.588285, 49.088156], [39.588283, 49.09712], [39.588281, 49.106083], [39.588279, 49.115047], [39.588277, 49.12401], [39.595122, 49.12848], [39.608813, 49.128457], [39.622504, 49.128433], [39.629349, 49.132903], [39.629346, 49.141867], [39.629344, 49.15083], [39.629342, 49.159794], [39.62934, 49.168757], [39.636185, 49.173227], [39.649876, 49.173204], [39.656721, 49.177673], [39.656718, 49.186637], [39.656716, 49.195601], [39.663561, 49.200071], [39.677252, 49.200047], [39.690943, 49.200023], [39.697788, 49.204493], [39.697786, 49.213457], [39.697784, 49.22242], [39.697782, 49.231384], [39.704626, 49.235854]]]}}, {"type": "Feature", "properties": {"sourceComponent": 0}, "geometry": {"type": "Polygon", "coordinates": [[[38.677828, 49.049394], [38.691519, 49.04937], [38.70521, 49.049347], [38.718902, 49.049323], [38.732593, 49.049299], [38.746284, 49.049276], [38.759975, 49.049252], [38.773667, 49.049228], [38.787358, 49.049205], [38.801049, 49.049181], [38.81474, 49.049157], [38.828431, 49.049134], [38.842123, 49.04911], [38.855814, 49.049086], [38.869505, 49.049063], [38.883196, 49.049039], [38.896888, 49.049015], [38.910579, 49.048992], [38.92427, 49.048968], [38.931117, 49.044474], [38.931119, 49.035511], [38.931121, 49.026547], [38.937968, 49.022053], [38.951659, 49.02203], [38.96535, 49.022006], [38.979041, 49.021982], [38.992733, 49.021959], [38.999579, 49.017465], [38.999581, 49.008502], [39.006428, 49.004008], [39.020119, 49.003984], [39.026966, 48.999491], [39.026968, 48.990527], [39.02697, 48.981564], [39.026972, 48.9726], [39.026974, 48.963636], [39.026976, 48.954673], [39.026979, 48.945709], [39.026981, 48.936746], [39.026983, 48.927782], [39.026985, 48.918818], [39.033832, 48.914325], [39.047523, 48.914301], [39.061214, 48.914278], [39.068061, 48.909784], [39.068063, 48.90082], [39.068065, 48.891857], [39.068067, 48.882893], [39.068069, 48.87393], [39.068071, 48.864966], [39.068073, 48.856002], [39.068075, 48.847039], [39.068077, 48.838075], [39.074924, 48.833582], [39.088615, 48.833558], [39.095462, 48.829064], [39.095464, 48.820101], [39.095466, 48.811137], [39.102313, 48.806644], [39.116004, 48.80662], [39.122851, 48.802126], [39.122853, 48.793163], [39.122855, 48.784199], [39.122857, 48.775236], [39.122859, 48.766272], [39.129706, 48.761778], [39.143397, 48.761755], [39.157088, 48.761731], [39.163935, 48.757237], [39.163937, 48.748274], [39.163939, 48.73931], [39.163941, 48.730347], [39.170788, 48.725853], [39.184479, 48.725829], [39.191326, 48.721336], [39.191328, 48.712372], [39.19133, 48.703409], [39.191332, 48.694445], [39.191334, 48.685481], [39.198181, 48.680988], [39.211872, 48.680964], [39.225564, 48.68094], [39.239255, 48.680917], [39.252946, 48.680893], [39.266637, 48.680869], [39.280328, 48.680846], [39.29402, 48.680822], [39.300866, 48.676329], [39.300868, 48.667365], [39.300871, 48.658401], [39.307717, 48.653908], [39.321408, 48.653884], [39.328255, 48.64939], [39.328257, 48.640427], [39.328259, 48.631463], [39.328261, 48.6225], [39.321417, 48.61803], [39.307726, 48.618053], [39.294034, 48.618077], [39.280343, 48.618101], [39.266652, 48.618124], [39.252961, 48.618148], [39.239269, 48.618172], [39.225578, 48.618195], [39.211887, 48.618219], [39.198196, 48.618243], [39.191351, 48.613773], [39.191353, 48.604809], [39.191355, 48.595846], [39.191358, 48.586882], [39.19136, 48.577919], [39.191362, 48.568955], [39.191364, 48.559991], [39.191366, 48.551028], [39.191368, 48.542064], [39.19137, 48.533101], [39.191372, 48.524137], [39.191374, 48.515173], [39.198221, 48.51068], [39.211912, 48.510656], [39.225604, 48.510633], [39.23245, 48.506139], [39.232452, 48.497175], [39.232454, 48.488212], [39.239301, 48.483718], [39.252992, 48.483694], [39.266684, 48.483671], [39.280375, 48.483647], [39.294066, 48.483623], [39.307757, 48.4836], [39.321448, 48.483576], [39.33514, 48.483552], [39.348831, 48.483529], [39.362522, 48.483505], [39.376213, 48.483481], [39.389905, 48.483458], [39.396749, 48.487928], [39.396747, 48.496891], [39.396745, 48.505855], [39.396743, 48.514818], [39.396741, 48.523782], [39.396739, 48.532746], [39.396737, 48.541709], [39.396734, 48.550673], [39.396732, 48.559636], [39.39673, 48.5686], [39.396728, 48.577564], [39.396726, 48.586527], [39.403571, 48.590997], [39.417262, 48.590973], [39.430953, 48.59095], [39.444644, 48.590926], [39.458336, 48.590902], [39.465182, 48.586409], [39.465184, 48.577445], [39.465186, 48.568482], [39.465188, 48.559518], [39.465191, 48.550554], [39.472037, 48.546061], [39.485729, 48.546037], [39.492575, 48.541544], [39.492577, 48.53258], [39.499424, 48.528086], [39.513115, 48.528063], [39.526806, 48.528039], [39.540498, 48.528015], [39.554189, 48.527992], [39.56788, 48.527968], [39.581571, 48.527944], [39.595263, 48.527921], [39.608954, 48.527897], [39.622645, 48.527873], [39.636336, 48.52785], [39.650028, 48.527826], [39.663719, 48.527802], [39.67741, 48.527779], [39.691101, 48.527755], [39.704792, 48.527731], [39.711639, 48.523238], [39.711641, 48.514274], [39.711643, 48.505311], [39.711645, 48.496347], [39.711648, 48.487383], [39.71165, 48.47842], [39.711652, 48.469456], [39.711654, 48.460493], [39.711656, 48.451529], [39.711658, 48.442565], [39.71166, 48.433602], [39.711662, 48.424638], [39.711664, 48.415675], [39.711666, 48.406711], [39.711669, 48.397748], [39.711671, 48.388784], [39.711673, 48.37982], [39.711675, 48.370857], [39.711677, 48.361893], [39.711679, 48.35293], [39.711681, 48.343966], [39.711683, 48.335003], [39.711685, 48.326039], [39.711688, 48.317075], [39.71169, 48.308112], [39.711692, 48.299148], [39.711694, 48.290185], [39.711696, 48.281221], [39.711698, 48.272258], [39.7117, 48.263294], [39.711702, 48.25433], [39.711704, 48.245367], [39.711706, 48.236403], [39.711709, 48.22744], [39.711711, 48.218476], [39.711713, 48.209512], [39.711715, 48.200549], [39.711717, 48.191585], [39.711719, 48.182622], [39.711721, 48.173658], [39.711723, 48.164695], [39.711725, 48.155731], [39.711728, 48.146767], [39.71173, 48.137804], [39.711732, 48.12884], [39.711734, 48.119877], [39.711736, 48.110913], [39.711738, 48.10195], [39.71174, 48.092986], [39.711742, 48.084022], [39.711744, 48.075059], [39.711746, 48.066095], [39.711749, 48.057132], [39.711751, 48.048168], [39.711753, 48.039204], [39.711755, 48.030241], [39.711757, 48.021277], [39.711759, 48.012314], [39.711761, 48.00335], [39.711763, 47.994387], [39.711765, 47.985423], [39.711768, 47.976459], [39.71177, 47.967496], [39.711772, 47.958532], [39.711774, 47.949569], [39.711776, 47.940605], [39.711778, 47.931642], [39.71178, 47.922678], [39.711782, 47.913714], [39.711784, 47.904751], [39.711786, 47.895787], [39.711789, 47.886824], [39.704944, 47.882354], [39.691253, 47.882377], [39.677562, 47.882401], [39.66387, 47.882425], [39.650179, 47.882448], [39.636488, 47.882472], [39.622797, 47.882496], [39.609105, 47.882519], [39.595414, 47.882543], [39.581723, 47.882567], [39.568032, 47.88259], [39.55434, 47.882614], [39.540649, 47.882638], [39.526958, 47.882661], [39.520111, 47.887155], [39.520109, 47.896119], [39.513263, 47.900612], [39.499571, 47.900636], [39.48588, 47.90066], [39.472189, 47.900683], [39.458498, 47.900707], [39.444806, 47.900731], [39.431115, 47.900754], [39.417424, 47.900778], [39.403733, 47.900802], [39.390041, 47.900825], [39.37635, 47.900849], [39.362659, 47.900873], [39.348968, 47.900896], [39.335277, 47.90092], [39.321585, 47.900944], [39.307894, 47.900967], [39.294203, 47.900991], [39.280512, 47.901015], [39.26682, 47.901038], [39.253129, 47.901062], [39.239438, 47.901086], [39.225747, 47.901109], [39.212055, 47.901133], [39.198364, 47.901157], [39.184673, 47.90118], [39.170982, 47.901204], [39.15729, 47.901228], [39.143599, 47.901251], [39.129908, 47.901275], [39.116217, 47.901299], [39.102526, 47.901322], [39.088834, 47.901346], [39.075143, 47.90137], [39.061452, 47.901393], [39.047761, 47.901417], [39.034069, 47.901441], [39.020378, 47.901464], [39.006687, 47.901488], [38.992996, 47.901512], [38.979304, 47.901535], [38.965613, 47.901559], [38.951922, 47.901583], [38.938231, 47.901606], [38.92454, 47.90163], [38.910848, 47.901654], [38.897157, 47.901677], [38.883466, 47.901701], [38.869775, 47.901725], [38.856083, 47.901748], [38.842392, 47.901772], [38.828701, 47.901796], [38.81501, 47.901819], [38.801318, 47.901843], [38.794474, 47.897373], [38.794476, 47.888409], [38.787631, 47.883939], [38.77394, 47.883963], [38.767096, 47.879493], [38.767098, 47.87053], [38.7671, 47.861566], [38.767102, 47.852602], [38.767104, 47.843639], [38.760259, 47.839169], [38.746568, 47.839193], [38.732877, 47.839216], [38.726032, 47.834746], [38.726035, 47.825783], [38.726037, 47.816819], [38.726039, 47.807856], [38.726041, 47.798892], [38.726043, 47.789928], [38.726045, 47.780965], [38.726047, 47.772001], [38.726049, 47.763038], [38.726051, 47.754074], [38.719207, 47.749604], [38.705516, 47.749628], [38.691824, 47.749652], [38.678133, 47.749675], [38.664442, 47.749699], [38.650751, 47.749723], [38.637059, 47.749746], [38.630215, 47.745276], [38.630217, 47.736313], [38.623372, 47.731843], [38.609681, 47.731866], [38.602837, 47.727396], [38.602839, 47.718433], [38.602841, 47.709469], [38.595996, 47.704999], [38.582305, 47.705023], [38.568614, 47.705047], [38.561769, 47.700577], [38.561771, 47.691613], [38.554927, 47.687143], [38.541236, 47.687167], [38.527544, 47.68719], [38.513853, 47.687214], [38.500162, 47.687238], [38.486471, 47.687261], [38.472779, 47.687285], [38.459088, 47.687309], [38.445397, 47.687332], [38.431706, 47.687356], [38.418014, 47.68738], [38.404323, 47.687403], [38.397479, 47.682934], [38.397481, 47.67397], [38.390636, 47.6695], [38.376945, 47.669524], [38.363254, 47.669547], [38.349562, 47.669571], [38.335871, 47.669595], [38.32218, 47.669618], [38.308489, 47.669642], [38.301644, 47.665172], [38.301646, 47.656208], [38.301648, 47.647245], [38.301651, 47.638281], [38.301653, 47.629318], [38.294808, 47.624848], [38.281117, 47.624871], [38.274272, 47.620402], [38.274274, 47.611438], [38.274276, 47.602474], [38.267432, 47.598004], [38.253741, 47.598028], [38.240049, 47.598052], [38.233205, 47.593582], [38.233207, 47.584618], [38.233209, 47.575655], [38.233211, 47.566691], [38.233213, 47.557727], [38.233215, 47.548764], [38.233218, 47.5398], [38.23322, 47.530837], [38.233222, 47.521873], [38.226377, 47.517403], [38.212686, 47.517427], [38.205841, 47.512957], [38.205843, 47.503993], [38.205846, 47.49503], [38.205848, 47.486066], [38.20585, 47.477103], [38.205852, 47.468139], [38.205854, 47.459175], [38.205856, 47.450212], [38.205858, 47.441248], [38.20586, 47.432285], [38.205862, 47.423321], [38.205865, 47.414358], [38.205867, 47.405394], [38.205869, 47.39643], [38.205871, 47.387467], [38.205873, 47.378503], [38.205875, 47.36954], [38.205877, 47.360576], [38.205879, 47.351613], [38.205881, 47.342649], [38.205883, 47.333685], [38.205886, 47.324722], [38.205888, 47.315758], [38.20589, 47.306795], [38.205892, 47.297831], [38.205894, 47.288867], [38.205896, 47.279904], [38.199052, 47.275434], [38.18536, 47.275458], [38.171669, 47.275481], [38.164825, 47.271011], [38.164827, 47.262048], [38.164829, 47.253084], [38.164831, 47.244121], [38.157986, 47.239651], [38.144295, 47.239674], [38.130604, 47.239698], [38.116913, 47.239722], [38.103221, 47.239745], [38.08953, 47.239769], [38.075839, 47.239793], [38.068994, 47.235323], [38.068996, 47.226359], [38.068999, 47.217396], [38.069001, 47.208432], [38.069003, 47.199468], [38.062158, 47.194998], [38.048467, 47.195022], [38.041622, 47.190552], [38.041624, 47.181589], [38.041627, 47.172625], [38.034782, 47.168155], [38.021091, 47.168179], [38.0074, 47.168202], [37.993708, 47.168226], [37.980017, 47.16825], [37.966326, 47.168273], [37.952635, 47.168297], [37.938943, 47.168321], [37.925252, 47.168344], [37.911561, 47.168368], [37.89787, 47.168392], [37.884178, 47.168415], [37.870487, 47.168439], [37.856796, 47.168463], [37.843105, 47.168486], [37.829414, 47.16851], [37.815722, 47.168534], [37.802031, 47.168557], [37.78834, 47.168581], [37.774649, 47.168605], [37.767804, 47.164135], [37.767806, 47.155171], [37.760962, 47.150701], [37.74727, 47.150725], [37.733579, 47.150749], [37.719888, 47.150772], [37.713041, 47.155266], [37.713039, 47.164229], [37.713037, 47.173193], [37.713035, 47.182157], [37.713033, 47.19112], [37.706186, 47.195614], [37.692495, 47.195637], [37.678804, 47.195661], [37.671957, 47.200155], [37.671955, 47.209118], [37.671953, 47.218082], [37.671951, 47.227045], [37.671949, 47.236009], [37.678793, 47.240479], [37.692484, 47.240455], [37.706176, 47.240432], [37.719867, 47.240408], [37.733558, 47.240384], [37.747249, 47.240361], [37.760941, 47.240337], [37.774632, 47.240313], [37.788323, 47.24029], [37.802014, 47.240266], [37.815705, 47.240242], [37.829397, 47.240219], [37.836241, 47.244689], [37.836239, 47.253652], [37.836237, 47.262616], [37.836235, 47.271579], [37.84308, 47.276049], [37.856771, 47.276026], [37.870462, 47.276002], [37.884153, 47.275978], [37.897844, 47.275955], [37.911536, 47.275931], [37.925227, 47.275907], [37.932071, 47.280377], [37.932069, 47.289341], [37.932067, 47.298304], [37.932065, 47.307268], [37.932063, 47.316232], [37.932061, 47.325195], [37.932059, 47.334159], [37.932057, 47.343122], [37.932055, 47.352086], [37.932053, 47.361049], [37.93205, 47.370013], [37.932048, 47.378977], [37.932046, 47.38794], [37.932044, 47.396904], [37.932042, 47.405867], [37.93204, 47.414831], [37.932038, 47.423795], [37.932036, 47.432758], [37.932034, 47.441722], [37.932031, 47.450685], [37.932029, 47.459649], [37.932027, 47.468612], [37.932025, 47.477576], [37.932023, 47.48654], [37.932021, 47.495503], [37.932019, 47.504467], [37.932017, 47.51343], [37.932015, 47.522394], [37.932013, 47.531357], [37.925166, 47.535851], [37.911475, 47.535875], [37.904628, 47.540368], [37.904626, 47.549332], [37.904624, 47.558296], [37.904622, 47.567259], [37.90462, 47.576223], [37.904617, 47.585186], [37.904615, 47.59415], [37.904613, 47.603113], [37.904611, 47.612077], [37.904609, 47.621041], [37.904607, 47.630004], [37.904605, 47.638968], [37.904603, 47.647931], [37.904601, 47.656895], [37.904598, 47.665858], [37.897752, 47.670352], [37.884061, 47.670376], [37.870369, 47.670399], [37.856678, 47.670423], [37.842987, 47.670447], [37.829296, 47.67047], [37.815604, 47.670494], [37.801913, 47.670518], [37.788222, 47.670541], [37.774531, 47.670565], [37.760839, 47.670589], [37.747148, 47.670612], [37.740302, 47.675106], [37.740299, 47.68407], [37.733453, 47.688563], [37.719762, 47.688587], [37.712915, 47.693081], [37.712913, 47.702044], [37.712911, 47.711008], [37.712909, 47.719971], [37.712906, 47.728935], [37.712904, 47.737898], [37.712902, 47.746862], [37.7129, 47.755826], [37.712898, 47.764789], [37.712896, 47.773753], [37.719741, 47.778223], [37.733432, 47.778199], [37.740276, 47.782669], [37.740274, 47.791633], [37.740272, 47.800596], [37.74027, 47.80956], [37.740268, 47.818523], [37.740266, 47.827487], [37.740264, 47.83645], [37.740262, 47.845414], [37.740259, 47.854378], [37.740257, 47.863341], [37.740255, 47.872305], [37.740253, 47.881268], [37.733406, 47.885762], [37.719715, 47.885786], [37.712869, 47.890279], [37.712866, 47.899243], [37.712864, 47.908206], [37.712862, 47.91717], [37.71286, 47.926134], [37.706014, 47.930627], [37.692322, 47.930651], [37.678631, 47.930674], [37.671784, 47.935168], [37.671782, 47.944132], [37.664936, 47.948625], [37.651244, 47.948649], [37.644398, 47.953143], [37.644396, 47.962106], [37.65124, 47.966576], [37.664931, 47.966552], [37.678623, 47.966529], [37.692314, 47.966505], [37.706005, 47.966481], [37.712852, 47.961988], [37.712854, 47.953024], [37.719701, 47.948531], [37.733392, 47.948507], [37.747083, 47.948483], [37.760774, 47.94846], [37.767621, 47.943966], [37.767623, 47.935002], [37.77447, 47.930509], [37.788161, 47.930485], [37.801852, 47.930461], [37.815543, 47.930438], [37.829235, 47.930414], [37.842926, 47.93039], [37.856617, 47.930367], [37.870308, 47.930343], [37.884, 47.930319], [37.897691, 47.930296], [37.911382, 47.930272], [37.925073, 47.930248], [37.931918, 47.934718], [37.931916, 47.943682], [37.931914, 47.952646], [37.931911, 47.961609], [37.931909, 47.970573], [37.931907, 47.979536], [37.931905, 47.9885], [37.931903, 47.997463], [37.931901, 48.006427], [37.931899, 48.015391], [37.931897, 48.024354], [37.931895, 48.033318], [37.925048, 48.037811], [37.911357, 48.037835], [37.90451, 48.042329], [37.904508, 48.051292], [37.897661, 48.055786], [37.88397, 48.05581], [37.877123, 48.060303], [37.877121, 48.069267], [37.877119, 48.07823], [37.877117, 48.087194], [37.877115, 48.096157], [37.88396, 48.100627], [37.897651, 48.100604], [37.904495, 48.105074], [37.904493, 48.114037], [37.904491, 48.123001], [37.904489, 48.131964], [37.904487, 48.140928], [37.911331, 48.145398], [37.925023, 48.145374], [37.931867, 48.149844], [37.931865, 48.158808], [37.93871, 48.163278], [37.952401, 48.163254], [37.966092, 48.16323], [37.972937, 48.1677], [37.972935, 48.176664], [37.979779, 48.181134], [37.99347, 48.18111], [38.000315, 48.18558], [38.000313, 48.194544], [38.000311, 48.203507], [38.000309, 48.212471], [38.000307, 48.221435], [38.000304, 48.230398], [38.000302, 48.239362], [38.0003, 48.248325], [38.000298, 48.257289], [38.000296, 48.266252], [38.000294, 48.275216], [38.000292, 48.28418], [38.00029, 48.293143], [38.000288, 48.302107], [38.000286, 48.31107], [38.000283, 48.320034], [38.000281, 48.328997], [38.007126, 48.333467], [38.020817, 48.333444], [38.034508, 48.33342], [38.0482, 48.333396], [38.061891, 48.333373], [38.068735, 48.337843], [38.068733, 48.346806], [38.068731, 48.35577], [38.075576, 48.36024], [38.089267, 48.360216], [38.102958, 48.360192], [38.116649, 48.360169], [38.130341, 48.360145], [38.144032, 48.360121], [38.157723, 48.360098], [38.16457, 48.355604], [38.164572, 48.346641], [38.164574, 48.337677], [38.171421, 48.333183], [38.185112, 48.33316], [38.198803, 48.333136], [38.212494, 48.333112], [38.226186, 48.333089], [38.239877, 48.333065], [38.253568, 48.333041], [38.267259, 48.333018], [38.280951, 48.332994], [38.294642, 48.33297], [38.308333, 48.332947], [38.322024, 48.332923], [38.335715, 48.332899], [38.349407, 48.332876], [38.363098, 48.332852], [38.376789, 48.332828], [38.39048, 48.332805], [38.404172, 48.332781], [38.417863, 48.332757], [38.431554, 48.332734], [38.445245, 48.33271], [38.458937, 48.332686], [38.472628, 48.332663], [38.486319, 48.332639], [38.50001, 48.332615], [38.506855, 48.337085], [38.506853, 48.346049], [38.506851, 48.355012], [38.506849, 48.363976], [38.506846, 48.37294], [38.506844, 48.381903], [38.506842, 48.390867], [38.50684, 48.39983], [38.506838, 48.408794], [38.506836, 48.417758], [38.51368, 48.422227], [38.527372, 48.422204], [38.534216, 48.426674], [38.534214, 48.435637], [38.541059, 48.440107], [38.55475, 48.440084], [38.568441, 48.44006], [38.582132, 48.440036], [38.595824, 48.440013], [38.602668, 48.444483], [38.602666, 48.453446], [38.602664, 48.46241], [38.602662, 48.471373], [38.60266, 48.480337], [38.602658, 48.4893], [38.602656, 48.498264], [38.602653, 48.507228], [38.602651, 48.516191], [38.602649, 48.525155], [38.602647, 48.534118], [38.602645, 48.543082], [38.60949, 48.547552], [38.623181, 48.547528], [38.630028, 48.543035], [38.63003, 48.534071], [38.630032, 48.525107], [38.630034, 48.516144], [38.630036, 48.50718], [38.630038, 48.498217], [38.63004, 48.489253], [38.630042, 48.48029], [38.630044, 48.471326], [38.636891, 48.466832], [38.650582, 48.466809], [38.664273, 48.466785], [38.677965, 48.466761], [38.691656, 48.466738], [38.705347, 48.466714], [38.719038, 48.46669], [38.73273, 48.466667], [38.746421, 48.466643], [38.760112, 48.466619], [38.773803, 48.466596], [38.787495, 48.466572], [38.794341, 48.462078], [38.794343, 48.453115], [38.794345, 48.444151], [38.801192, 48.439658], [38.814883, 48.439634], [38.828575, 48.43961], [38.842266, 48.439587], [38.855957, 48.439563], [38.869648, 48.439539], [38.88334, 48.439516], [38.897031, 48.439492], [38.910722, 48.439468], [38.924413, 48.439445], [38.938104, 48.439421], [38.951796, 48.439397], [38.965487, 48.439374], [38.979178, 48.43935], [38.992869, 48.439326], [39.006561, 48.439303], [39.020252, 48.439279], [39.027096, 48.443749], [39.027094, 48.452712], [39.027092, 48.461676], [39.02709, 48.47064], [39.027088, 48.479603], [39.033933, 48.484073], [39.047624, 48.484049], [39.061315, 48.484026], [39.075006, 48.484002], [39.088697, 48.483978], [39.102389, 48.483955], [39.11608, 48.483931], [39.122925, 48.488401], [39.122922, 48.497365], [39.12292, 48.506328], [39.122918, 48.515292], [39.122916, 48.524255], [39.122914, 48.533219], [39.122912, 48.542183], [39.12291, 48.551146], [39.122908, 48.56011], [39.122906, 48.569073], [39.122903, 48.578037], [39.122901, 48.587], [39.122899, 48.595964], [39.122897, 48.604928], [39.122895, 48.613891], [39.116048, 48.618385], [39.102357, 48.618408], [39.088666, 48.618432], [39.074975, 48.618456], [39.061283, 48.618479], [39.047592, 48.618503], [39.033901, 48.618527], [39.02021, 48.61855], [39.006519, 48.618574], [38.992827, 48.618598], [38.979136, 48.618621], [38.965445, 48.618645], [38.951754, 48.618669], [38.938062, 48.618692], [38.924371, 48.618716], [38.91068, 48.61874], [38.903833, 48.623233], [38.903831, 48.632197], [38.896984, 48.636691], [38.883293, 48.636714], [38.869602, 48.636738], [38.862755, 48.641232], [38.862753, 48.650195], [38.862751, 48.659159], [38.862749, 48.668122], [38.862747, 48.677086], [38.862745, 48.686049], [38.862743, 48.695013], [38.862741, 48.703977], [38.862738, 48.71294], [38.862736, 48.721904], [38.862734, 48.730867], [38.862732, 48.739831], [38.86273, 48.748795], [38.862728, 48.757758], [38.855881, 48.762252], [38.84219, 48.762275], [38.828499, 48.762299], [38.814808, 48.762323], [38.801116, 48.762346], [38.79427, 48.76684], [38.794268, 48.775804], [38.794265, 48.784767], [38.787419, 48.789261], [38.773728, 48.789284], [38.760036, 48.789308], [38.746345, 48.789332], [38.732654, 48.789355], [38.725807, 48.793849], [38.725805, 48.802813], [38.718958, 48.807306], [38.705267, 48.80733], [38.698421, 48.811824], [38.698418, 48.820787], [38.698416, 48.829751], [38.69157, 48.834244], [38.677878, 48.834268], [38.671032, 48.838762], [38.67103, 48.847725], [38.671028, 48.856689], [38.671025, 48.865652], [38.671023, 48.874616], [38.671021, 48.88358], [38.671019, 48.892543], [38.671017, 48.901507], [38.671015, 48.91047], [38.664168, 48.914964], [38.650477, 48.914988], [38.636786, 48.915011], [38.629939, 48.919505], [38.629937, 48.928468], [38.629935, 48.937432], [38.629933, 48.946396], [38.629931, 48.955359], [38.629929, 48.964323], [38.629926, 48.973286], [38.62308, 48.97778], [38.609389, 48.977804], [38.602542, 48.982297], [38.60254, 48.991261], [38.602538, 49.000224], [38.609382, 49.004694], [38.623073, 49.004671], [38.629918, 49.009141], [38.629916, 49.018104], [38.636761, 49.022574], [38.650452, 49.02255], [38.664143, 49.022527], [38.670988, 49.026997], [38.670985, 49.03596], [38.670983, 49.044924], [38.677828, 49.049394]]]}}, {"type": "Feature", "properties": {"sourceComponent": 0}, "geometry": {"type": "Polygon", "coordinates": [[[35.337538, 47.477579], [35.351229, 47.477556], [35.358076, 47.473062], [35.358078, 47.464098], [35.364924, 47.459605], [35.378616, 47.459581], [35.392307, 47.459557], [35.405998, 47.459534], [35.419689, 47.45951], [35.43338, 47.459486], [35.447072, 47.459463], [35.453918, 47.454969], [35.45392, 47.446006], [35.453923, 47.437042], [35.460769, 47.432548], [35.47446, 47.432525], [35.488152, 47.432501], [35.494998, 47.428007], [35.495, 47.419044], [35.501847, 47.41455], [35.515538, 47.414527], [35.52923, 47.414503], [35.542921, 47.414479], [35.556612, 47.414456], [35.563459, 47.409962], [35.563461, 47.400998], [35.563463, 47.392035], [35.57031, 47.387541], [35.584001, 47.387517], [35.590848, 47.383024], [35.59085, 47.37406], [35.597696, 47.369567], [35.611388, 47.369543], [35.618234, 47.365049], [35.618236, 47.356086], [35.625083, 47.351592], [35.638774, 47.351568], [35.652465, 47.351545], [35.659312, 47.347051], [35.659314, 47.338088], [35.659316, 47.329124], [35.666163, 47.32463], [35.679854, 47.324607], [35.686701, 47.320113], [35.686703, 47.31115], [35.69355, 47.306656], [35.707241, 47.306632], [35.720932, 47.306609], [35.734623, 47.306585], [35.748315, 47.306561], [35.755161, 47.302068], [35.755163, 47.293104], [35.755165, 47.28414], [35.762012, 47.279647], [35.775703, 47.279623], [35.78255, 47.27513], [35.782552, 47.266166], [35.789399, 47.261672], [35.80309, 47.261649], [35.816781, 47.261625], [35.830473, 47.261601], [35.844164, 47.261578], [35.857855, 47.261554], [35.871546, 47.26153], [35.885237, 47.261507], [35.898929, 47.261483], [35.91262, 47.261459], [35.919467, 47.256966], [35.919469, 47.248002], [35.926315, 47.243509], [35.940007, 47.243485], [35.953698, 47.243461], [35.967389, 47.243438], [35.98108, 47.243414], [35.994772, 47.24339], [36.008463, 47.243367], [36.022154, 47.243343], [36.035845, 47.243319], [36.049536, 47.243296], [36.063228, 47.243272], [36.076919, 47.243248], [36.09061, 47.243225], [36.104301, 47.243201], [36.117993, 47.243177], [36.131684, 47.243154], [36.145375, 47.24313], [36.152222, 47.238636], [36.152224, 47.229673], [36.152226, 47.220709], [36.159073, 47.216215], [36.172764, 47.216192], [36.179611, 47.211698], [36.179613, 47.202735], [36.172768, 47.198265], [36.159077, 47.198288], [36.152232, 47.193818], [36.152234, 47.184855], [36.152236, 47.175891], [36.152239, 47.166928], [36.152241, 47.157964], [36.152243, 47.149], [36.152245, 47.140037], [36.152247, 47.131073], [36.152249, 47.12211], [36.152251, 47.113146], [36.152253, 47.104183], [36.152255, 47.095219], [36.152258, 47.086255], [36.15226, 47.077292], [36.152262, 47.068328], [36.152264, 47.059365], [36.152266, 47.050401], [36.152268, 47.041438], [36.15227, 47.032474], [36.152272, 47.02351], [36.159119, 47.019017], [36.17281, 47.018993], [36.186501, 47.018969], [36.200193, 47.018946], [36.213884, 47.018922], [36.220731, 47.014428], [36.220733, 47.005465], [36.227579, 47.000971], [36.241271, 47.000948], [36.248117, 46.996454], [36.248119, 46.98749], [36.254966, 46.982997], [36.268657, 46.982973], [36.282348, 46.982949], [36.29604, 46.982926], [36.309731, 46.982902], [36.323422, 46.982878], [36.337113, 46.982855], [36.350805, 46.982831], [36.364496, 46.982807], [36.378187, 46.982784], [36.391878, 46.98276], [36.40557, 46.982736], [36.419261, 46.982713], [36.432952, 46.982689], [36.446643, 46.982665], [36.453488, 46.987135], [36.453486, 46.996099], [36.453484, 47.005063], [36.453481, 47.014026], [36.453479, 47.02299], [36.453477, 47.031953], [36.453475, 47.040917], [36.453473, 47.04988], [36.453471, 47.058844], [36.453469, 47.067808], [36.453467, 47.076771], [36.453465, 47.085735], [36.453463, 47.094698], [36.45346, 47.103662], [36.453458, 47.112625], [36.453456, 47.121589], [36.453454, 47.130553], [36.453452, 47.139516], [36.45345, 47.14848], [36.453448, 47.157443], [36.453446, 47.166407], [36.453444, 47.17537], [36.453441, 47.184334], [36.453439, 47.193298], [36.453437, 47.202261], [36.453435, 47.211225], [36.453433, 47.220188], [36.453431, 47.229152], [36.453429, 47.238116], [36.453427, 47.247079], [36.453425, 47.256043], [36.460269, 47.260513], [36.47396, 47.260489], [36.487652, 47.260465], [36.501343, 47.260442], [36.515034, 47.260418], [36.528725, 47.260394], [36.53557, 47.264864], [36.535568, 47.273828], [36.535566, 47.282791], [36.535564, 47.291755], [36.542408, 47.296225], [36.549253, 47.300695], [36.556097, 47.305165], [36.569789, 47.305141], [36.58348, 47.305118], [36.597171, 47.305094], [36.610862, 47.30507], [36.624553, 47.305047], [36.638245, 47.305023], [36.651936, 47.304999], [36.665627, 47.304976], [36.679318, 47.304952], [36.69301, 47.304928], [36.706701, 47.304905], [36.720392, 47.304881], [36.734083, 47.304857], [36.747775, 47.304833], [36.761466, 47.30481], [36.775157, 47.304786], [36.782004, 47.300293], [36.782006, 47.291329], [36.782008, 47.282365], [36.788855, 47.277872], [36.802546, 47.277848], [36.816237, 47.277824], [36.829928, 47.277801], [36.84362, 47.277777], [36.857311, 47.277753], [36.871002, 47.27773], [36.884693, 47.277706], [36.898384, 47.277682], [36.912076, 47.277659], [36.925767, 47.277635], [36.939458, 47.277611], [36.953149, 47.277588], [36.966841, 47.277564], [36.973687, 47.27307], [36.973689, 47.264107], [36.973691, 47.255143], [36.973694, 47.24618], [36.98054, 47.241686], [36.994231, 47.241662], [37.007923, 47.241639], [37.021614, 47.241615], [37.035305, 47.241591], [37.042152, 47.237098], [37.042154, 47.228134], [37.042156, 47.219171], [37.049003, 47.214677], [37.062694, 47.214653], [37.076385, 47.21463], [37.090076, 47.214606], [37.103768, 47.214582], [37.117459, 47.214559], [37.13115, 47.214535], [37.144841, 47.214511], [37.151688, 47.210018], [37.15169, 47.201054], [37.151692, 47.192091], [37.151694, 47.183127], [37.151696, 47.174163], [37.144852, 47.169693], [37.131161, 47.169717], [37.117469, 47.169741], [37.110625, 47.165271], [37.110627, 47.156307], [37.103782, 47.151837], [37.090091, 47.151861], [37.083247, 47.147391], [37.083249, 47.138427], [37.083251, 47.129464], [37.076406, 47.124994], [37.062715, 47.125018], [37.049024, 47.125041], [37.035333, 47.125065], [37.021641, 47.125089], [37.014797, 47.120619], [37.014799, 47.111655], [37.007954, 47.107185], [36.994263, 47.107209], [36.980572, 47.107232], [36.973727, 47.102762], [36.973729, 47.093799], [36.966885, 47.089329], [36.953194, 47.089353], [36.946349, 47.084883], [36.946351, 47.075919], [36.946353, 47.066956], [36.939509, 47.062486], [36.925817, 47.062509], [36.912126, 47.062533], [36.898435, 47.062557], [36.884744, 47.06258], [36.877899, 47.05811], [36.877901, 47.049147], [36.871057, 47.044677], [36.857365, 47.0447], [36.850521, 47.04023], [36.850523, 47.031267], [36.850525, 47.022303], [36.843681, 47.017833], [36.829989, 47.017857], [36.816298, 47.017881], [36.809454, 47.013411], [36.809456, 47.004447], [36.802611, 46.999977], [36.78892, 47.000001], [36.775229, 47.000025], [36.761537, 47.000048], [36.747846, 47.000072], [36.734155, 47.000096], [36.720464, 47.000119], [36.706772, 47.000143], [36.693081, 47.000167], [36.67939, 47.00019], [36.665699, 47.000214], [36.652008, 47.000238], [36.638316, 47.000261], [36.624625, 47.000285], [36.610934, 47.000309], [36.597243, 47.000332], [36.583551, 47.000356], [36.576707, 46.995886], [36.576709, 46.986922], [36.576711, 46.977959], [36.576713, 46.968995], [36.576715, 46.960032], [36.576717, 46.951068], [36.576719, 46.942104], [36.576722, 46.933141], [36.576724, 46.924177], [36.576726, 46.915214], [36.576728, 46.90625], [36.57673, 46.897287], [36.583577, 46.892793], [36.597268, 46.892769], [36.610959, 46.892746], [36.617806, 46.888252], [36.617808, 46.879288], [36.610963, 46.874818], [36.597272, 46.874842], [36.583581, 46.874866], [36.576736, 46.870396], [36.576738, 46.861432], [36.57674, 46.852469], [36.569896, 46.847999], [36.556205, 46.848022], [36.542513, 46.848046], [36.528822, 46.84807], [36.521978, 46.8436], [36.52198, 46.834636], [36.515135, 46.830166], [36.501444, 46.83019], [36.487753, 46.830214], [36.474061, 46.830237], [36.46037, 46.830261], [36.446679, 46.830285], [36.432988, 46.830308], [36.419297, 46.830332], [36.412452, 46.825862], [36.412454, 46.816898], [36.412456, 46.807935], [36.405612, 46.803465], [36.39192, 46.803489], [36.378229, 46.803512], [36.364538, 46.803536], [36.350847, 46.80356], [36.337155, 46.803583], [36.323464, 46.803607], [36.31662, 46.799137], [36.316622, 46.790173], [36.316624, 46.78121], [36.316626, 46.772246], [36.309781, 46.767776], [36.29609, 46.7678], [36.289246, 46.76333], [36.289248, 46.754366], [36.28925, 46.745403], [36.282405, 46.740933], [36.268714, 46.740957], [36.255023, 46.74098], [36.248176, 46.745474], [36.248174, 46.754437], [36.248172, 46.763401], [36.241325, 46.767895], [36.227634, 46.767918], [36.213943, 46.767942], [36.200252, 46.767966], [36.18656, 46.767989], [36.172869, 46.768013], [36.159178, 46.768037], [36.145487, 46.76806], [36.131795, 46.768084], [36.118104, 46.768108], [36.104413, 46.768131], [36.090722, 46.768155], [36.07703, 46.768179], [36.063339, 46.768202], [36.049648, 46.768226], [36.035957, 46.76825], [36.022266, 46.768273], [36.008574, 46.768297], [35.994883, 46.768321], [35.981192, 46.768344], [35.967501, 46.768368], [35.953809, 46.768392], [35.940118, 46.768415], [35.926427, 46.768439], [35.919582, 46.763969], [35.919584, 46.755005], [35.919587, 46.746042], [35.912742, 46.741572], [35.899051, 46.741596], [35.88536, 46.741619], [35.871668, 46.741643], [35.857977, 46.741667], [35.851133, 46.737197], [35.851135, 46.728233], [35.84429, 46.723763], [35.830599, 46.723787], [35.816908, 46.72381], [35.803216, 46.723834], [35.789525, 46.723858], [35.782681, 46.719388], [35.782683, 46.710424], [35.782685, 46.701461], [35.77584, 46.696991], [35.762149, 46.697014], [35.748458, 46.697038], [35.734766, 46.697062], [35.721075, 46.697085], [35.707384, 46.697109], [35.693693, 46.697133], [35.686848, 46.692663], [35.68685, 46.683699], [35.680006, 46.679229], [35.666315, 46.679253], [35.65947, 46.674783], [35.659472, 46.665819], [35.659474, 46.656856], [35.659476, 46.647892], [35.659478, 46.638929], [35.652634, 46.634459], [35.638943, 46.634482], [35.625251, 46.634506], [35.618407, 46.630036], [35.618409, 46.621072], [35.611564, 46.616602], [35.597873, 46.616626], [35.591029, 46.612156], [35.591031, 46.603193], [35.591033, 46.594229], [35.584188, 46.589759], [35.570497, 46.589783], [35.556806, 46.589806], [35.543115, 46.58983], [35.529423, 46.589854], [35.515732, 46.589877], [35.502041, 46.589901], [35.495196, 46.585431], [35.495198, 46.576468], [35.488354, 46.571998], [35.474663, 46.572021], [35.460971, 46.572045], [35.44728, 46.572069], [35.433589, 46.572092], [35.426742, 46.576586], [35.42674, 46.585549], [35.426738, 46.594513], [35.426736, 46.603477], [35.426734, 46.61244], [35.433578, 46.61691], [35.44727, 46.616887], [35.454114, 46.621356], [35.454112, 46.63032], [35.460957, 46.63479], [35.474648, 46.634766], [35.488339, 46.634743], [35.495184, 46.639213], [35.495182, 46.648176], [35.495179, 46.65714], [35.502024, 46.66161], [35.515715, 46.661586], [35.529406, 46.661562], [35.543098, 46.661539], [35.556789, 46.661515], [35.563633, 46.665985], [35.563631, 46.674949], [35.563629, 46.683912], [35.563627, 46.692876], [35.563625, 46.701839], [35.563623, 46.710803], [35.563621, 46.719766], [35.563619, 46.72873], [35.563617, 46.737694], [35.563615, 46.746657], [35.563612, 46.755621], [35.56361, 46.764584], [35.556764, 46.769078], [35.543072, 46.769102], [35.529381, 46.769125], [35.522534, 46.773619], [35.522532, 46.782583], [35.529377, 46.787052], [35.543068, 46.787029], [35.556759, 46.787005], [35.563604, 46.791475], [35.563602, 46.800439], [35.570446, 46.804909], [35.584138, 46.804885], [35.590982, 46.809355], [35.59098, 46.818318], [35.590978, 46.827282], [35.590976, 46.836246], [35.590974, 46.845209], [35.590972, 46.854173], [35.59097, 46.863136], [35.590968, 46.8721], [35.590965, 46.881064], [35.590963, 46.890027], [35.590961, 46.898991], [35.590959, 46.907954], [35.590957, 46.916918], [35.590955, 46.925881], [35.590953, 46.934845], [35.590951, 46.943809], [35.590949, 46.952772], [35.590946, 46.961736], [35.590944, 46.970699], [35.590942, 46.979663], [35.59094, 46.988626], [35.590938, 46.99759], [35.590936, 47.006554], [35.590934, 47.015517], [35.584087, 47.020011], [35.570396, 47.020034], [35.556705, 47.020058], [35.543013, 47.020082], [35.529322, 47.020105], [35.515631, 47.020129], [35.50194, 47.020153], [35.488249, 47.020176], [35.474557, 47.0202], [35.460866, 47.020224], [35.447175, 47.020247], [35.433484, 47.020271], [35.419792, 47.020295], [35.406101, 47.020318], [35.39241, 47.020342], [35.378719, 47.020366], [35.365027, 47.020389], [35.351336, 47.020413], [35.337645, 47.020437], [35.323954, 47.02046], [35.310262, 47.020484], [35.296571, 47.020508], [35.28288, 47.020532], [35.269189, 47.020555], [35.262344, 47.016085], [35.262346, 47.007122], [35.255502, 47.002652], [35.241811, 47.002675], [35.228119, 47.002699], [35.221275, 46.998229], [35.221277, 46.989265], [35.214432, 46.984796], [35.200741, 46.984819], [35.193894, 46.989313], [35.193892, 46.998276], [35.187046, 47.00277], [35.173354, 47.002794], [35.166508, 47.007287], [35.166506, 47.016251], [35.159659, 47.020745], [35.145968, 47.020768], [35.132276, 47.020792], [35.118585, 47.020816], [35.104894, 47.020839], [35.091203, 47.020863], [35.077512, 47.020887], [35.06382, 47.02091], [35.050129, 47.020934], [35.036438, 47.020958], [35.022747, 47.020981], [35.009055, 47.021005], [34.995364, 47.021029], [34.981673, 47.021052], [34.967982, 47.021076], [34.961137, 47.016606], [34.961139, 47.007642], [34.954295, 47.003172], [34.940603, 47.003196], [34.933759, 46.998726], [34.933761, 46.989763], [34.926916, 46.985293], [34.913225, 46.985316], [34.899534, 46.98534], [34.892689, 46.98087], [34.892691, 46.971906], [34.892694, 46.962943], [34.885849, 46.958473], [34.872158, 46.958497], [34.865313, 46.954027], [34.865315, 46.945063], [34.865317, 46.936099], [34.86532, 46.927136], [34.865322, 46.918172], [34.858477, 46.913702], [34.844786, 46.913726], [34.831095, 46.91375], [34.817403, 46.913773], [34.803712, 46.913797], [34.796868, 46.909327], [34.79687, 46.900363], [34.790025, 46.895893], [34.776334, 46.895917], [34.769489, 46.891447], [34.769491, 46.882484], [34.762647, 46.878014], [34.748956, 46.878037], [34.735264, 46.878061], [34.72842, 46.873591], [34.728422, 46.864627], [34.728424, 46.855664], [34.721579, 46.851194], [34.707888, 46.851218], [34.701044, 46.846748], [34.701046, 46.837784], [34.694201, 46.833314], [34.68051, 46.833338], [34.666819, 46.833361], [34.659974, 46.828891], [34.659976, 46.819928], [34.659978, 46.810964], [34.653134, 46.806494], [34.639443, 46.806518], [34.632598, 46.802048], [34.6326, 46.793085], [34.625756, 46.788615], [34.612064, 46.788638], [34.598373, 46.788662], [34.591529, 46.784192], [34.591531, 46.775228], [34.591533, 46.766265], [34.591535, 46.757301], [34.591537, 46.748338], [34.591539, 46.739374], [34.591541, 46.73041], [34.591543, 46.721447], [34.591545, 46.712483], [34.591548, 46.70352], [34.59155, 46.694556], [34.591552, 46.685593], [34.598398, 46.681099], [34.61209, 46.681075], [34.625781, 46.681052], [34.632628, 46.676558], [34.63263, 46.667594], [34.639476, 46.663101], [34.653168, 46.663077], [34.660014, 46.658584], [34.660016, 46.64962], [34.660018, 46.640656], [34.666865, 46.636163], [34.680556, 46.636139], [34.694248, 46.636115], [34.701094, 46.631622], [34.701096, 46.622658], [34.707943, 46.618165], [34.721634, 46.618141], [34.728481, 46.613647], [34.728483, 46.604684], [34.728485, 46.59572], [34.735332, 46.591227], [34.749023, 46.591203], [34.762714, 46.591179], [34.769561, 46.586686], [34.769563, 46.577722], [34.77641, 46.573228], [34.790101, 46.573205], [34.796948, 46.568711], [34.79695, 46.559747], [34.796952, 46.550784], [34.803798, 46.54629], [34.81749, 46.546267], [34.824336, 46.541773], [34.824338, 46.532809], [34.831185, 46.528316], [34.844876, 46.528292], [34.858568, 46.528268], [34.865414, 46.523775], [34.865416, 46.514811], [34.872263, 46.510318], [34.885954, 46.510294], [34.892801, 46.5058], [34.892803, 46.496837], [34.892805, 46.487873], [34.899652, 46.48338], [34.913343, 46.483356], [34.927034, 46.483332], [34.933881, 46.478839], [34.933883, 46.469875], [34.94073, 46.465381], [34.954421, 46.465358], [34.961268, 46.460864], [34.96127, 46.451901], [34.961272, 46.442937], [34.968119, 46.438443], [34.98181, 46.43842], [34.988656, 46.433926], [34.988659, 46.424962], [34.995505, 46.420469], [35.009196, 46.420445], [35.022888, 46.420422], [35.029734, 46.415928], [35.029736, 46.406964], [35.029739, 46.398001], [35.029741, 46.389037], [35.029743, 46.380074], [35.022898, 46.375604], [35.009207, 46.375627], [34.995516, 46.375651], [34.981824, 46.375675], [34.968133, 46.375698], [34.954442, 46.375722], [34.940751, 46.375746], [34.92706, 46.375769], [34.913368, 46.375793], [34.899677, 46.375817], [34.885986, 46.37584], [34.872295, 46.375864], [34.865448, 46.380358], [34.865446, 46.389321], [34.865444, 46.398285], [34.858597, 46.402778], [34.844906, 46.402802], [34.831215, 46.402826], [34.817523, 46.402849], [34.803832, 46.402873], [34.790141, 46.402897], [34.77645, 46.40292], [34.762758, 46.402944], [34.749067, 46.402968], [34.735376, 46.402991], [34.721685, 46.403015], [34.707994, 46.403039], [34.701149, 46.398569], [34.694304, 46.394099], [34.687458, 46.398592], [34.680611, 46.403086], [34.66692, 46.40311], [34.660073, 46.407603], [34.660071, 46.416567], [34.653224, 46.421061], [34.639533, 46.421084], [34.625842, 46.421108], [34.612151, 46.421132], [34.598459, 46.421155], [34.584768, 46.421179], [34.571077, 46.421203], [34.557386, 46.421226], [34.543695, 46.42125], [34.530003, 46.421274], [34.516312, 46.421297], [34.502621, 46.421321], [34.48893, 46.421345], [34.475238, 46.421368], [34.461547, 46.421392], [34.447856, 46.421416], [34.434165, 46.421439], [34.420473, 46.421463], [34.406782, 46.421487], [34.399938, 46.417017], [34.39994, 46.408053], [34.393095, 46.403583], [34.379404, 46.403607], [34.365713, 46.40363], [34.358866, 46.408124], [34.358864, 46.417088], [34.352017, 46.421581], [34.338326, 46.421605], [34.324635, 46.421629], [34.310944, 46.421652], [34.297252, 46.421676], [34.283561, 46.4217], [34.26987, 46.421723], [34.256179, 46.421747], [34.242487, 46.421771], [34.228796, 46.421794], [34.215105, 46.421818], [34.201414, 46.421842], [34.187722, 46.421865], [34.174031, 46.421889], [34.16034, 46.421913], [34.146649, 46.421936], [34.132958, 46.42196], [34.119266, 46.421984], [34.105575, 46.422007], [34.091884, 46.422031], [34.078193, 46.422055], [34.064501, 46.422078], [34.05081, 46.422102], [34.037119, 46.422126], [34.023428, 46.422149], [34.009736, 46.422173], [33.996045, 46.422197], [33.982354, 46.42222], [33.968663, 46.422244], [33.954972, 46.422268], [33.94128, 46.422291], [33.927589, 46.422315], [33.913898, 46.422339], [33.900207, 46.422362], [33.886515, 46.422386], [33.872824, 46.42241], [33.859133, 46.422433], [33.845442, 46.422457], [33.83175, 46.422481], [33.818059, 46.422504], [33.811215, 46.418034], [33.811217, 46.409071], [33.811219, 46.400107], [33.811221, 46.391144], [33.811223, 46.38218], [33.811225, 46.373216], [33.811227, 46.364253], [33.804383, 46.359783], [33.790691, 46.359807], [33.777, 46.35983], [33.763309, 46.359854], [33.749618, 46.359878], [33.742771, 46.364371], [33.742769, 46.373335], [33.749614, 46.377805], [33.763305, 46.377781], [33.770149, 46.382251], [33.770147, 46.391215], [33.770145, 46.400178], [33.770143, 46.409142], [33.770141, 46.418105], [33.770139, 46.427069], [33.770137, 46.436033], [33.770135, 46.444996], [33.770132, 46.45396], [33.77013, 46.462923], [33.770128, 46.471887], [33.770126, 46.48085], [33.76328, 46.485344], [33.749588, 46.485368], [33.742742, 46.489861], [33.74274, 46.498825], [33.742737, 46.507788], [33.742735, 46.516752], [33.742733, 46.525716], [33.735887, 46.530209], [33.722195, 46.530233], [33.708504, 46.530257], [33.701657, 46.53475], [33.701655, 46.543714], [33.694809, 46.548207], [33.681117, 46.548231], [33.674271, 46.552725], [33.674269, 46.561688], [33.674266, 46.570652], [33.681111, 46.575122], [33.694802, 46.575098], [33.708494, 46.575074], [33.722185, 46.575051], [33.735876, 46.575027], [33.742721, 46.579497], [33.742718, 46.588461], [33.742716, 46.597424], [33.742714, 46.606388], [33.742712, 46.615351], [33.74271, 46.624315], [33.742708, 46.633279], [33.742706, 46.642242], [33.742704, 46.651206], [33.742702, 46.660169], [33.7427, 46.669133], [33.742697, 46.678096], [33.742695, 46.68706], [33.742693, 46.696024], [33.742691, 46.704987], [33.742689, 46.713951], [33.742687, 46.722914], [33.742685, 46.731878], [33.742683, 46.740841], [33.742681, 46.749805], [33.742678, 46.758769], [33.742676, 46.767732], [33.742674, 46.776696], [33.742672, 46.785659], [33.74267, 46.794623], [33.742668, 46.803587], [33.749512, 46.808056], [33.763204, 46.808033], [33.776895, 46.808009], [33.790586, 46.807985], [33.804277, 46.807962], [33.817969, 46.807938], [33.83166, 46.807914], [33.845351, 46.807891], [33.859042, 46.807867], [33.872734, 46.807843], [33.886425, 46.80782], [33.900116, 46.807796], [33.913807, 46.807772], [33.927499, 46.807749], [33.934343, 46.812219], [33.934341, 46.821182], [33.934339, 46.830146], [33.934337, 46.839109], [33.934335, 46.848073], [33.934333, 46.857037], [33.93433, 46.866], [33.934328, 46.874964], [33.934326, 46.883927], [33.934324, 46.892891], [33.934322, 46.901855], [33.93432, 46.910818], [33.934318, 46.919782], [33.934316, 46.928745], [33.934314, 46.937709], [33.934312, 46.946672], [33.934309, 46.955636], [33.934307, 46.9646], [33.934305, 46.973563], [33.934303, 46.982527], [33.934301, 46.99149], [33.934299, 47.000454], [33.934297, 47.009417], [33.934295, 47.018381], [33.934293, 47.027345], [33.93429, 47.036308], [33.934288, 47.045272], [33.934286, 47.054235], [33.934284, 47.063199], [33.934282, 47.072162], [33.93428, 47.081126], [33.934278, 47.09009], [33.934276, 47.099053], [33.934274, 47.108017], [33.934272, 47.11698], [33.934269, 47.125944], [33.934267, 47.134908], [33.934265, 47.143871], [33.934263, 47.152835], [33.941108, 47.157305], [33.954799, 47.157281], [33.96849, 47.157257], [33.982181, 47.157234], [33.995873, 47.15721], [34.002717, 47.16168], [34.002715, 47.170643], [34.002713, 47.179607], [34.002711, 47.188571], [34.002709, 47.197534], [34.009553, 47.202004], [34.023245, 47.201981], [34.036936, 47.201957], [34.050627, 47.201933], [34.064318, 47.20191], [34.071163, 47.206379], [34.071161, 47.215343], [34.071159, 47.224307], [34.071156, 47.23327], [34.071154, 47.242234], [34.071152, 47.251197], [34.07115, 47.260161], [34.071148, 47.269125], [34.071146, 47.278088], [34.071144, 47.287052], [34.071142, 47.296015], [34.07114, 47.304979], [34.077984, 47.309449], [34.091675, 47.309425], [34.09852, 47.313895], [34.098518, 47.322859], [34.098516, 47.331822], [34.098514, 47.340786], [34.098512, 47.349749], [34.098509, 47.358713], [34.098507, 47.367677], [34.098505, 47.37664], [34.098503, 47.385604], [34.105348, 47.390074], [34.119039, 47.39005], [34.13273, 47.390026], [34.146421, 47.390003], [34.160113, 47.389979], [34.173804, 47.389955], [34.187495, 47.389932], [34.201186, 47.389908], [34.214878, 47.389884], [34.228569, 47.389861], [34.24226, 47.389837], [34.255951, 47.389813], [34.269643, 47.38979], [34.283334, 47.389766], [34.297025, 47.389742], [34.310716, 47.389719], [34.324407, 47.389695], [34.338099, 47.389671], [34.35179, 47.389648], [34.365481, 47.389624], [34.379172, 47.3896], [34.392864, 47.389577], [34.406555, 47.389553], [34.420246, 47.389529], [34.433937, 47.389506], [34.447629, 47.389482], [34.46132, 47.389458], [34.475011, 47.389435], [34.488702, 47.389411], [34.502393, 47.389387], [34.516085, 47.389364], [34.529776, 47.38934], [34.543467, 47.389316], [34.557158, 47.389293], [34.564005, 47.384799], [34.564007, 47.375835], [34.570854, 47.371342], [34.584545, 47.371318], [34.598236, 47.371294], [34.611928, 47.371271], [34.625619, 47.371247], [34.63931, 47.371223], [34.653001, 47.3712], [34.666692, 47.371176], [34.680384, 47.371152], [34.694075, 47.371129], [34.707766, 47.371105], [34.721457, 47.371081], [34.735149, 47.371058], [34.74884, 47.371034], [34.762531, 47.37101], [34.776222, 47.370987], [34.789914, 47.370963], [34.796758, 47.375433], [34.796756, 47.384397], [34.796754, 47.39336], [34.796752, 47.402324], [34.79675, 47.411287], [34.803594, 47.415757], [34.817285, 47.415734], [34.824132, 47.41124], [34.824134, 47.402276], [34.824136, 47.393313], [34.830983, 47.388819], [34.844674, 47.388796], [34.858366, 47.388772], [34.865212, 47.384278], [34.865214, 47.375315], [34.872061, 47.370821], [34.885752, 47.370797], [34.899443, 47.370774], [34.913135, 47.37075], [34.926826, 47.370726], [34.940517, 47.370703], [34.954208, 47.370679], [34.9679, 47.370655], [34.981591, 47.370632], [34.995282, 47.370608], [35.008973, 47.370584], [35.022665, 47.370561], [35.036356, 47.370537], [35.050047, 47.370513], [35.063738, 47.37049], [35.077429, 47.370466], [35.091121, 47.370442], [35.097965, 47.374912], [35.097963, 47.383876], [35.097961, 47.392839], [35.097959, 47.401803], [35.097957, 47.410767], [35.104801, 47.415237], [35.118493, 47.415213], [35.132184, 47.415189], [35.145875, 47.415166], [35.159566, 47.415142], [35.173258, 47.415118], [35.186949, 47.415095], [35.20064, 47.415071], [35.214331, 47.415047], [35.228022, 47.415024], [35.241714, 47.415], [35.255405, 47.414976], [35.26225, 47.419446], [35.262247, 47.42841], [35.269092, 47.43288], [35.282783, 47.432856], [35.289628, 47.437326], [35.289626, 47.44629], [35.289624, 47.455253], [35.296468, 47.459723], [35.310159, 47.459699], [35.323851, 47.459676], [35.330695, 47.464146], [35.330693, 47.473109], [35.337538, 47.477579]]]}}, {"type": "Feature", "properties": {"sourceComponent": 0}, "geometry": {"type": "Polygon", "coordinates": [[[32.092848, 46.918483], [32.106539, 46.91846], [32.120231, 46.918436], [32.133922, 46.918412], [32.147613, 46.918389], [32.161304, 46.918365], [32.174995, 46.918341], [32.188687, 46.918318], [32.202378, 46.918294], [32.216069, 46.91827], [32.22976, 46.918247], [32.243452, 46.918223], [32.257143, 46.918199], [32.270834, 46.918176], [32.277681, 46.913682], [32.277683, 46.904718], [32.28453, 46.900225], [32.298221, 46.900201], [32.311912, 46.900177], [32.325603, 46.900154], [32.339294, 46.90013], [32.352986, 46.900106], [32.366677, 46.900083], [32.380368, 46.900059], [32.394059, 46.900035], [32.407751, 46.900012], [32.414597, 46.895518], [32.414599, 46.886555], [32.414602, 46.877591], [32.414604, 46.868627], [32.414606, 46.859664], [32.414608, 46.8507], [32.41461, 46.841737], [32.407765, 46.837267], [32.394074, 46.83729], [32.380383, 46.837314], [32.366692, 46.837338], [32.353, 46.837361], [32.339309, 46.837385], [32.325618, 46.837409], [32.311927, 46.837432], [32.298236, 46.837456], [32.284544, 46.83748], [32.270853, 46.837503], [32.257162, 46.837527], [32.243471, 46.837551], [32.229779, 46.837574], [32.216088, 46.837598], [32.209244, 46.833128], [32.209246, 46.824164], [32.209248, 46.815201], [32.202403, 46.810731], [32.188712, 46.810755], [32.175021, 46.810778], [32.161329, 46.810802], [32.147638, 46.810826], [32.133947, 46.810849], [32.120256, 46.810873], [32.113411, 46.806403], [32.113413, 46.797439], [32.106569, 46.792969], [32.092878, 46.792993], [32.086033, 46.788523], [32.086035, 46.77956], [32.079191, 46.77509], [32.065499, 46.775113], [32.051808, 46.775137], [32.038117, 46.775161], [32.024426, 46.775184], [32.010734, 46.775208], [31.997043, 46.775232], [31.990196, 46.779725], [31.990194, 46.788689], [31.997039, 46.793159], [32.01073, 46.793135], [32.017575, 46.797605], [32.017573, 46.806569], [32.017571, 46.815532], [32.017568, 46.824496], [32.017566, 46.833459], [32.017564, 46.842423], [32.017562, 46.851387], [32.024407, 46.855857], [32.038098, 46.855833], [32.044942, 46.860303], [32.04494, 46.869266], [32.044938, 46.87823], [32.051783, 46.8827], [32.065474, 46.882676], [32.079165, 46.882653], [32.08601, 46.887123], [32.086008, 46.896086], [32.086006, 46.90505], [32.086004, 46.914013], [32.092848, 46.918483]]]}}, {"type": "Feature", "properties": {"sourceComponent": 0}, "geometry": {"type": "Polygon", "coordinates": [[[32.448896, 46.595179], [32.462587, 46.595155], [32.476278, 46.595132], [32.483125, 46.590638], [32.483127, 46.581675], [32.489974, 46.577181], [32.503665, 46.577157], [32.517356, 46.577134], [32.531048, 46.57711], [32.544739, 46.577086], [32.55843, 46.577063], [32.572121, 46.577039], [32.578968, 46.572545], [32.57897, 46.563582], [32.578972, 46.554618], [32.585819, 46.550125], [32.59951, 46.550101], [32.606357, 46.545607], [32.606359, 46.536644], [32.613205, 46.53215], [32.626897, 46.532126], [32.640588, 46.532103], [32.654279, 46.532079], [32.66797, 46.532055], [32.681662, 46.532032], [32.695353, 46.532008], [32.709044, 46.531984], [32.715891, 46.527491], [32.715893, 46.518527], [32.715895, 46.509564], [32.715897, 46.5006], [32.715899, 46.491636], [32.715901, 46.482673], [32.715903, 46.473709], [32.72275, 46.469216], [32.736441, 46.469192], [32.750132, 46.469168], [32.763824, 46.469145], [32.777515, 46.469121], [32.784362, 46.464627], [32.784364, 46.455664], [32.784366, 46.4467], [32.784368, 46.437737], [32.78437, 46.428773], [32.791217, 46.424279], [32.804908, 46.424256], [32.818599, 46.424232], [32.83229, 46.424208], [32.839137, 46.419715], [32.839139, 46.410751], [32.839141, 46.401788], [32.839143, 46.392824], [32.839146, 46.38386], [32.845992, 46.379367], [32.859683, 46.379343], [32.873375, 46.37932], [32.880221, 46.374826], [32.880223, 46.365862], [32.88707, 46.361369], [32.900761, 46.361345], [32.907608, 46.356851], [32.90761, 46.347888], [32.907612, 46.338924], [32.914459, 46.334431], [32.92815, 46.334407], [32.941841, 46.334383], [32.948688, 46.32989], [32.94869, 46.320926], [32.955537, 46.316432], [32.969228, 46.316409], [32.982919, 46.316385], [32.99661, 46.316361], [33.003457, 46.311868], [33.003459, 46.302904], [33.003461, 46.293941], [33.003463, 46.284977], [33.003466, 46.276014], [32.996621, 46.271544], [32.98293, 46.271567], [32.976085, 46.267097], [32.976087, 46.258134], [32.969243, 46.253664], [32.955552, 46.253687], [32.948707, 46.249217], [32.948709, 46.240254], [32.948711, 46.23129], [32.941867, 46.22682], [32.928175, 46.226844], [32.914484, 46.226868], [32.907637, 46.231361], [32.907635, 46.240325], [32.907633, 46.249288], [32.900787, 46.253782], [32.887095, 46.253806], [32.873404, 46.253829], [32.859713, 46.253853], [32.846022, 46.253877], [32.83233, 46.2539], [32.818639, 46.253924], [32.804948, 46.253948], [32.791257, 46.253971], [32.777565, 46.253995], [32.763874, 46.254019], [32.750183, 46.254042], [32.736492, 46.254066], [32.722801, 46.25409], [32.715956, 46.24962], [32.715958, 46.240656], [32.71596, 46.231693], [32.709116, 46.227223], [32.695424, 46.227246], [32.681733, 46.22727], [32.668042, 46.227294], [32.654351, 46.227317], [32.640659, 46.227341], [32.626968, 46.227365], [32.613277, 46.227388], [32.599586, 46.227412], [32.585895, 46.227436], [32.572203, 46.227459], [32.558512, 46.227483], [32.551668, 46.223013], [32.55167, 46.21405], [32.544825, 46.20958], [32.531134, 46.209603], [32.517443, 46.209627], [32.510596, 46.214121], [32.510594, 46.223084], [32.503747, 46.227578], [32.490056, 46.227601], [32.476365, 46.227625], [32.462673, 46.227649], [32.448982, 46.227672], [32.435291, 46.227696], [32.4216, 46.22772], [32.407909, 46.227743], [32.394217, 46.227767], [32.387371, 46.232261], [32.387369, 46.241224], [32.387366, 46.250188], [32.38052, 46.254681], [32.366829, 46.254705], [32.353137, 46.254729], [32.339446, 46.254752], [32.325755, 46.254776], [32.318908, 46.25927], [32.318906, 46.268233], [32.325751, 46.272703], [32.339442, 46.27268], [32.353133, 46.272656], [32.366824, 46.272632], [32.380516, 46.272609], [32.394207, 46.272585], [32.407898, 46.272561], [32.421589, 46.272538], [32.43528, 46.272514], [32.448972, 46.27249], [32.462663, 46.272467], [32.476354, 46.272443], [32.490045, 46.272419], [32.503737, 46.272396], [32.517428, 46.272372], [32.531119, 46.272348], [32.54481, 46.272325], [32.558502, 46.272301], [32.572193, 46.272277], [32.585884, 46.272254], [32.599575, 46.27223], [32.60642, 46.2767], [32.606418, 46.285663], [32.606416, 46.294627], [32.606413, 46.303591], [32.606411, 46.312554], [32.606409, 46.321518], [32.606407, 46.330481], [32.606405, 46.339445], [32.606403, 46.348409], [32.606401, 46.357372], [32.606399, 46.366336], [32.606397, 46.375299], [32.606395, 46.384263], [32.606392, 46.393226], [32.60639, 46.40219], [32.606388, 46.411154], [32.606386, 46.420117], [32.599539, 46.424611], [32.585848, 46.424634], [32.572157, 46.424658], [32.558466, 46.424682], [32.544775, 46.424705], [32.531083, 46.424729], [32.517392, 46.424753], [32.503701, 46.424776], [32.49001, 46.4248], [32.476318, 46.424824], [32.462627, 46.424847], [32.448936, 46.424871], [32.435245, 46.424895], [32.421553, 46.424918], [32.407862, 46.424942], [32.394171, 46.424966], [32.38048, 46.424989], [32.366789, 46.425013], [32.353097, 46.425037], [32.339406, 46.42506], [32.325715, 46.425084], [32.312024, 46.425108], [32.298332, 46.425131], [32.284641, 46.425155], [32.27095, 46.425179], [32.257259, 46.425202], [32.243567, 46.425226], [32.229876, 46.42525], [32.216185, 46.425273], [32.202494, 46.425297], [32.188802, 46.425321], [32.181956, 46.429814], [32.181954, 46.438778], [32.175107, 46.443272], [32.161416, 46.443295], [32.154569, 46.447789], [32.154567, 46.456752], [32.154565, 46.465716], [32.154563, 46.47468], [32.154561, 46.483643], [32.161405, 46.488113], [32.175097, 46.48809], [32.188788, 46.488066], [32.202479, 46.488042], [32.21617, 46.488019], [32.229861, 46.487995], [32.243553, 46.487971], [32.257244, 46.487947], [32.270935, 46.487924], [32.284626, 46.4879], [32.298318, 46.487876], [32.312009, 46.487853], [32.318853, 46.492323], [32.318851, 46.501286], [32.318849, 46.51025], [32.325694, 46.51472], [32.339385, 46.514696], [32.353076, 46.514673], [32.366767, 46.514649], [32.380459, 46.514625], [32.39415, 46.514602], [32.407841, 46.514578], [32.414686, 46.519048], [32.414684, 46.528011], [32.414682, 46.536975], [32.414679, 46.545939], [32.414677, 46.554902], [32.414675, 46.563866], [32.414673, 46.572829], [32.421518, 46.577299], [32.435209, 46.577276], [32.442053, 46.581746], [32.442051, 46.590709], [32.448896, 46.595179]]]}}, {"type": "Feature", "properties": {"sourceComponent": 0}, "geometry": {"type": "Polygon", "coordinates": [[[33.681187, 46.252433], [33.694878, 46.252409], [33.701725, 46.247916], [33.701727, 46.238952], [33.701729, 46.229989], [33.701731, 46.221025], [33.701733, 46.212061], [33.70858, 46.207568], [33.722271, 46.207544], [33.735962, 46.20752], [33.749654, 46.207497], [33.763345, 46.207473], [33.770191, 46.202979], [33.770194, 46.194016], [33.77704, 46.189522], [33.790731, 46.189499], [33.804423, 46.189475], [33.818114, 46.189451], [33.831805, 46.189428], [33.838652, 46.184934], [33.838654, 46.17597], [33.838656, 46.167007], [33.845503, 46.162513], [33.859194, 46.16249], [33.866041, 46.157996], [33.866043, 46.149032], [33.872889, 46.144539], [33.886581, 46.144515], [33.900272, 46.144491], [33.913963, 46.144468], [33.927654, 46.144444], [33.941346, 46.14442], [33.955037, 46.144397], [33.968728, 46.144373], [33.982419, 46.144349], [33.99611, 46.144326], [34.009802, 46.144302], [34.023493, 46.144278], [34.037184, 46.144255], [34.050875, 46.144231], [34.064567, 46.144207], [34.071413, 46.139714], [34.071415, 46.13075], [34.071418, 46.121787], [34.078264, 46.117293], [34.091955, 46.117269], [34.098802, 46.112776], [34.098804, 46.103812], [34.098806, 46.094849], [34.098808, 46.085885], [34.105655, 46.081391], [34.119346, 46.081368], [34.133038, 46.081344], [34.139884, 46.07685], [34.139886, 46.067887], [34.139888, 46.058923], [34.139891, 46.04996], [34.139893, 46.040996], [34.146739, 46.036502], [34.160431, 46.036479], [34.167277, 46.031985], [34.167279, 46.023022], [34.167281, 46.014058], [34.174128, 46.009564], [34.187819, 46.009541], [34.201511, 46.009517], [34.215202, 46.009493], [34.228893, 46.00947], [34.242584, 46.009446], [34.256275, 46.009422], [34.269967, 46.009399], [34.283658, 46.009375], [34.297349, 46.009351], [34.31104, 46.009328], [34.324732, 46.009304], [34.331576, 46.013774], [34.331574, 46.022738], [34.331572, 46.031701], [34.33157, 46.040665], [34.331568, 46.049628], [34.331566, 46.058592], [34.331564, 46.067555], [34.331561, 46.076519], [34.338406, 46.080989], [34.352097, 46.080965], [34.365788, 46.080942], [34.372635, 46.076448], [34.372637, 46.067484], [34.372639, 46.058521], [34.379486, 46.054027], [34.393177, 46.054004], [34.400024, 46.04951], [34.400026, 46.040546], [34.406873, 46.036053], [34.420564, 46.036029], [34.427411, 46.031535], [34.427413, 46.022572], [34.427415, 46.013608], [34.427417, 46.004645], [34.427419, 45.995681], [34.434266, 45.991188], [34.447957, 45.991164], [34.461648, 45.99114], [34.468495, 45.986647], [34.468497, 45.977683], [34.475344, 45.973189], [34.489035, 45.973166], [34.502726, 45.973142], [34.516417, 45.973118], [34.530109, 45.973095], [34.536955, 45.968601], [34.536957, 45.959637], [34.536959, 45.950674], [34.536962, 45.94171], [34.536964, 45.932747], [34.536966, 45.923783], [34.536968, 45.91482], [34.53697, 45.905856], [34.536972, 45.896892], [34.536974, 45.887929], [34.536976, 45.878965], [34.536978, 45.870002], [34.53698, 45.861038], [34.543827, 45.856545], [34.557518, 45.856521], [34.57121, 45.856497], [34.584901, 45.856474], [34.598592, 45.85645], [34.612283, 45.856426], [34.625975, 45.856403], [34.632821, 45.851909], [34.632823, 45.842945], [34.632825, 45.833982], [34.632828, 45.825018], [34.63283, 45.816055], [34.632832, 45.807091], [34.632834, 45.798127], [34.63968, 45.793634], [34.653372, 45.79361], [34.660218, 45.789117], [34.660221, 45.780153], [34.667067, 45.775659], [34.680758, 45.775636], [34.69445, 45.775612], [34.708141, 45.775588], [34.721832, 45.775565], [34.735523, 45.775541], [34.749215, 45.775517], [34.762906, 45.775494], [34.776597, 45.77547], [34.790288, 45.775446], [34.803979, 45.775423], [34.817671, 45.775399], [34.831362, 45.775375], [34.845053, 45.775352], [34.858744, 45.775328], [34.865591, 45.770834], [34.865593, 45.761871], [34.865595, 45.752907], [34.872442, 45.748414], [34.886133, 45.74839], [34.899824, 45.748366], [34.913516, 45.748343], [34.927207, 45.748319], [34.934054, 45.743825], [34.934056, 45.734862], [34.940902, 45.730368], [34.954594, 45.730344], [34.96144, 45.725851], [34.961442, 45.716887], [34.961444, 45.707924], [34.961447, 45.69896], [34.961449, 45.689996], [34.968295, 45.685503], [34.981987, 45.685479], [34.988833, 45.680986], [34.988835, 45.672022], [34.995682, 45.667528], [35.009373, 45.667505], [35.023064, 45.667481], [35.029911, 45.662987], [35.029913, 45.654024], [35.029915, 45.64506], [35.029917, 45.636097], [35.02992, 45.627133], [35.023075, 45.622663], [35.009384, 45.622687], [34.995693, 45.62271], [34.988848, 45.618241], [34.98885, 45.609277], [34.982006, 45.604807], [34.968314, 45.604831], [34.96147, 45.600361], [34.961472, 45.591397], [34.961474, 45.582434], [34.961476, 45.57347], [34.961478, 45.564506], [34.954634, 45.560036], [34.940942, 45.56006], [34.934098, 45.55559], [34.9341, 45.546627], [34.934102, 45.537663], [34.934104, 45.528699], [34.934106, 45.519736], [34.934108, 45.510772], [34.93411, 45.501809], [34.934113, 45.492845], [34.934115, 45.483882], [34.934117, 45.474918], [34.934119, 45.465954], [34.934121, 45.456991], [34.940968, 45.452497], [34.954659, 45.452474], [34.96835, 45.45245], [34.982041, 45.452426], [34.995733, 45.452402], [35.009424, 45.452379], [35.023115, 45.452355], [35.036806, 45.452331], [35.050497, 45.452308], [35.064189, 45.452284], [35.07788, 45.45226], [35.091571, 45.452237], [35.098418, 45.447743], [35.09842, 45.43878], [35.098422, 45.429816], [35.105269, 45.425322], [35.11896, 45.425299], [35.132651, 45.425275], [35.146342, 45.425251], [35.160034, 45.425228], [35.173725, 45.425204], [35.187416, 45.42518], [35.201107, 45.425157], [35.214799, 45.425133], [35.221645, 45.420639], [35.221647, 45.411676], [35.228494, 45.407182], [35.242185, 45.407159], [35.255876, 45.407135], [35.262723, 45.402641], [35.262725, 45.393678], [35.262727, 45.384714], [35.262729, 45.375751], [35.262732, 45.366787], [35.269578, 45.362293], [35.283269, 45.36227], [35.296961, 45.362246], [35.310652, 45.362222], [35.324343, 45.362199], [35.338034, 45.362175], [35.351726, 45.362151], [35.365417, 45.362128], [35.379108, 45.362104], [35.392799, 45.36208], [35.406491, 45.362057], [35.420182, 45.362033], [35.433873, 45.362009], [35.447564, 45.361986], [35.461256, 45.361962], [35.474947, 45.361938], [35.488638, 45.361915], [35.502329, 45.361891], [35.51602, 45.361867], [35.529712, 45.361844], [35.543403, 45.36182], [35.557094, 45.361796], [35.570785, 45.361773], [35.584477, 45.361749], [35.598168, 45.361725], [35.611859, 45.361702], [35.62555, 45.361678], [35.639242, 45.361654], [35.652933, 45.361631], [35.666624, 45.361607], [35.680315, 45.361583], [35.694006, 45.36156], [35.707698, 45.361536], [35.721389, 45.361512], [35.73508, 45.361489], [35.748771, 45.361465], [35.762463, 45.361441], [35.776154, 45.361418], [35.789845, 45.361394], [35.803536, 45.36137], [35.817228, 45.361347], [35.830919, 45.361323], [35.84461, 45.361299], [35.858301, 45.361276], [35.871992, 45.361252], [35.885684, 45.361228], [35.899375, 45.361205], [35.913066, 45.361181], [35.926757, 45.361157], [35.940449, 45.361134], [35.95414, 45.36111], [35.967831, 45.361086], [35.981522, 45.361063], [35.988367, 45.365533], [35.988365, 45.374496], [35.988363, 45.38346], [35.988361, 45.392423], [35.988358, 45.401387], [35.988356, 45.41035], [35.988354, 45.419314], [35.988352, 45.428278], [35.98835, 45.437241], [35.988348, 45.446205], [35.988346, 45.455168], [35.988344, 45.464132], [35.995188, 45.468602], [36.00888, 45.468578], [36.022571, 45.468555], [36.036262, 45.468531], [36.049953, 45.468507], [36.063644, 45.468484], [36.077336, 45.46846], [36.091027, 45.468436], [36.104718, 45.468413], [36.118409, 45.468389], [36.132101, 45.468365], [36.145792, 45.468342], [36.159483, 45.468318], [36.173174, 45.468294], [36.186866, 45.468271], [36.200557, 45.468247], [36.214248, 45.468223], [36.227939, 45.4682], [36.241631, 45.468176], [36.255322, 45.468152], [36.269013, 45.468129], [36.282704, 45.468105], [36.296395, 45.468081], [36.310087, 45.468058], [36.323778, 45.468034], [36.337469, 45.46801], [36.35116, 45.467987], [36.358005, 45.472456], [36.358003, 45.48142], [36.358001, 45.490384], [36.357999, 45.499347], [36.357997, 45.508311], [36.357994, 45.517274], [36.357992, 45.526238], [36.364837, 45.530708], [36.378528, 45.530684], [36.392219, 45.530661], [36.405911, 45.530637], [36.419602, 45.530613], [36.433293, 45.53059], [36.446984, 45.530566], [36.453831, 45.526072], [36.453833, 45.517109], [36.446988, 45.512639], [36.433297, 45.512662], [36.419606, 45.512686], [36.412761, 45.508216], [36.412764, 45.499253], [36.412766, 45.490289], [36.412768, 45.481325], [36.41277, 45.472362], [36.405925, 45.467892], [36.392234, 45.467916], [36.38539, 45.463446], [36.385392, 45.454482], [36.378547, 45.450012], [36.364856, 45.450036], [36.358011, 45.445566], [36.358013, 45.436602], [36.358015, 45.427639], [36.358018, 45.418675], [36.35802, 45.409711], [36.358022, 45.400748], [36.358024, 45.391784], [36.358026, 45.382821], [36.358028, 45.373857], [36.35803, 45.364894], [36.358032, 45.35593], [36.358034, 45.346966], [36.358037, 45.338003], [36.358039, 45.329039], [36.358041, 45.320076], [36.358043, 45.311112], [36.358045, 45.302149], [36.358047, 45.293185], [36.358049, 45.284221], [36.358051, 45.275258], [36.364898, 45.270764], [36.378589, 45.27074], [36.385436, 45.266247], [36.385438, 45.257283], [36.378593, 45.252813], [36.364902, 45.252837], [36.351211, 45.252861], [36.33752, 45.252884], [36.323828, 45.252908], [36.310137, 45.252932], [36.296446, 45.252955], [36.282755, 45.252979], [36.269063, 45.253003], [36.255372, 45.253026], [36.241681, 45.25305], [36.22799, 45.253074], [36.221145, 45.248604], [36.221147, 45.23964], [36.214303, 45.23517], [36.200612, 45.235194], [36.18692, 45.235218], [36.180074, 45.239711], [36.180072, 45.248675], [36.173225, 45.253168], [36.159534, 45.253192], [36.145842, 45.253216], [36.132151, 45.253239], [36.11846, 45.253263], [36.104769, 45.253287], [36.091077, 45.25331], [36.077386, 45.253334], [36.063695, 45.253358], [36.050004, 45.253381], [36.036313, 45.253405], [36.022621, 45.253429], [36.00893, 45.253452], [35.995239, 45.253476], [35.988394, 45.249006], [35.988396, 45.240042], [35.981552, 45.235573], [35.967861, 45.235596], [35.961016, 45.231126], [35.961018, 45.222163], [35.96102, 45.213199], [35.954176, 45.208729], [35.940484, 45.208753], [35.926793, 45.208776], [35.913102, 45.2088], [35.899411, 45.208824], [35.88572, 45.208847], [35.872028, 45.208871], [35.858337, 45.208895], [35.85149, 45.213388], [35.851488, 45.222352], [35.851486, 45.231316], [35.851484, 45.240279], [35.851482, 45.249243], [35.844635, 45.253736], [35.830944, 45.25376], [35.824097, 45.258254], [35.824095, 45.267217], [35.817249, 45.271711], [35.803557, 45.271735], [35.789866, 45.271758], [35.776175, 45.271782], [35.762484, 45.271806], [35.755637, 45.276299], [35.755635, 45.285263], [35.755633, 45.294226], [35.748786, 45.29872], [35.735095, 45.298744], [35.721404, 45.298767], [35.707712, 45.298791], [35.694021, 45.298815], [35.687175, 45.303308], [35.687172, 45.312272], [35.680326, 45.316765], [35.666635, 45.316789], [35.652943, 45.316813], [35.639252, 45.316836], [35.625561, 45.31686], [35.61187, 45.316884], [35.598178, 45.316907], [35.584487, 45.316931], [35.570796, 45.316955], [35.557105, 45.316978], [35.543413, 45.317002], [35.529722, 45.317026], [35.516031, 45.317049], [35.50234, 45.317073], [35.488648, 45.317097], [35.474957, 45.31712], [35.461266, 45.317144], [35.454421, 45.312674], [35.454424, 45.303711], [35.447579, 45.299241], [35.433888, 45.299264], [35.427043, 45.294794], [35.427045, 45.285831], [35.427047, 45.276867], [35.420203, 45.272397], [35.406512, 45.272421], [35.39282, 45.272445], [35.379129, 45.272468], [35.365438, 45.272492], [35.358593, 45.268022], [35.358595, 45.259058], [35.358598, 45.250095], [35.3586, 45.241131], [35.351755, 45.236661], [35.338064, 45.236685], [35.331219, 45.232215], [35.331221, 45.223251], [35.331224, 45.214288], [35.331226, 45.205324], [35.331228, 45.196361], [35.33123, 45.187397], [35.331232, 45.178434], [35.331234, 45.16947], [35.324389, 45.165], [35.310698, 45.165024], [35.297007, 45.165047], [35.283316, 45.165071], [35.269625, 45.165095], [35.255933, 45.165118], [35.242242, 45.165142], [35.228551, 45.165166], [35.221706, 45.160696], [35.221708, 45.151732], [35.214864, 45.147262], [35.201173, 45.147286], [35.194328, 45.142816], [35.19433, 45.133852], [35.187486, 45.129382], [35.173794, 45.129406], [35.16695, 45.124936], [35.166952, 45.115972], [35.166954, 45.107009], [35.160109, 45.102539], [35.146418, 45.102563], [35.132727, 45.102586], [35.125882, 45.098116], [35.125885, 45.089153], [35.11904, 45.084683], [35.105349, 45.084706], [35.098504, 45.080237], [35.098506, 45.071273], [35.098508, 45.062309], [35.09851, 45.053346], [35.098513, 45.044382], [35.091668, 45.039912], [35.077977, 45.039936], [35.064286, 45.03996], [35.050594, 45.039983], [35.036903, 45.040007], [35.023212, 45.040031], [35.009521, 45.040054], [34.995829, 45.040078], [34.982138, 45.040102], [34.968447, 45.040125], [34.954756, 45.040149], [34.941064, 45.040173], [34.927373, 45.040196], [34.913682, 45.04022], [34.899991, 45.040244], [34.8863, 45.040267], [34.872608, 45.040291], [34.858917, 45.040315], [34.845226, 45.040338], [34.831535, 45.040362], [34.817843, 45.040386], [34.804152, 45.040409], [34.790461, 45.040433], [34.77677, 45.040457], [34.763078, 45.04048], [34.749387, 45.040504], [34.735696, 45.040528], [34.722005, 45.040551], [34.708313, 45.040575], [34.701469, 45.036105], [34.701471, 45.027141], [34.694626, 45.022671], [34.680935, 45.022695], [34.667244, 45.022719], [34.653553, 45.022742], [34.639862, 45.022766], [34.633017, 45.018296], [34.633019, 45.009333], [34.633021, 45.000369], [34.626177, 44.995899], [34.612485, 44.995923], [34.598794, 44.995946], [34.585103, 44.99597], [34.571412, 44.995994], [34.564567, 44.991524], [34.564569, 44.98256], [34.557725, 44.97809], [34.544033, 44.978114], [34.530342, 44.978138], [34.516651, 44.978161], [34.50296, 44.978185], [34.496115, 44.973715], [34.496117, 44.964751], [34.496119, 44.955788], [34.489275, 44.951318], [34.475584, 44.951342], [34.461892, 44.951365], [34.448201, 44.951389], [34.43451, 44.951413], [34.427665, 44.946943], [34.427667, 44.937979], [34.420823, 44.933509], [34.407132, 44.933533], [34.400287, 44.929063], [34.400289, 44.920099], [34.393445, 44.915629], [34.379753, 44.915653], [34.372909, 44.911183], [34.372911, 44.902219], [34.372913, 44.893256], [34.372915, 44.884292], [34.372917, 44.875329], [34.366073, 44.870859], [34.352381, 44.870882], [34.33869, 44.870906], [34.331846, 44.866436], [34.331848, 44.857473], [34.33185, 44.848509], [34.331852, 44.839545], [34.331854, 44.830582], [34.325009, 44.826112], [34.311318, 44.826135], [34.304474, 44.821666], [34.304476, 44.812702], [34.304478, 44.803738], [34.30448, 44.794775], [34.304482, 44.785811], [34.297638, 44.781341], [34.283946, 44.781365], [34.270255, 44.781389], [34.256564, 44.781412], [34.242873, 44.781436], [34.236028, 44.776966], [34.23603, 44.768002], [34.229186, 44.763532], [34.215494, 44.763556], [34.201803, 44.76358], [34.194959, 44.75911], [34.194961, 44.750146], [34.194963, 44.741183], [34.188118, 44.736713], [34.174427, 44.736736], [34.160736, 44.73676], [34.147045, 44.736784], [34.1402, 44.732314], [34.140202, 44.72335], [34.133357, 44.71888], [34.119666, 44.718904], [34.105975, 44.718928], [34.09913, 44.714458], [34.099133, 44.705494], [34.099135, 44.69653], [34.099137, 44.687567], [34.099139, 44.678603], [34.092294, 44.674133], [34.078603, 44.674157], [34.064912, 44.674181], [34.051221, 44.674204], [34.037529, 44.674228], [34.023838, 44.674252], [34.010147, 44.674275], [34.003302, 44.669805], [34.003304, 44.660842], [33.99646, 44.656372], [33.982769, 44.656396], [33.969077, 44.656419], [33.955386, 44.656443], [33.941695, 44.656467], [33.928004, 44.65649], [33.914313, 44.656514], [33.900621, 44.656538], [33.88693, 44.656561], [33.873239, 44.656585], [33.859548, 44.656609], [33.845856, 44.656632], [33.832165, 44.656656], [33.818474, 44.65668], [33.804783, 44.656703], [33.791091, 44.656727], [33.7774, 44.656751], [33.770554, 44.661244], [33.770551, 44.670208], [33.763705, 44.674701], [33.750014, 44.674725], [33.736322, 44.674749], [33.722631, 44.674772], [33.70894, 44.674796], [33.702093, 44.67929], [33.702091, 44.688253], [33.702089, 44.697217], [33.702087, 44.70618], [33.702085, 44.715144], [33.695238, 44.719638], [33.681547, 44.719661], [33.6747, 44.724155], [33.674698, 44.733118], [33.667851, 44.737612], [33.65416, 44.737636], [33.640469, 44.737659], [33.626778, 44.737683], [33.613086, 44.737707], [33.599395, 44.73773], [33.585704, 44.737754], [33.572013, 44.737778], [33.558322, 44.737801], [33.54463, 44.737825], [33.537784, 44.742319], [33.537782, 44.751282], [33.537779, 44.760246], [33.544624, 44.764716], [33.558315, 44.764692], [33.572006, 44.764669], [33.585698, 44.764645], [33.599389, 44.764621], [33.61308, 44.764598], [33.626771, 44.764574], [33.640463, 44.76455], [33.654154, 44.764527], [33.667845, 44.764503], [33.681536, 44.764479], [33.695228, 44.764456], [33.702072, 44.768925], [33.70207, 44.777889], [33.702068, 44.786853], [33.702066, 44.795816], [33.702064, 44.80478], [33.702062, 44.813743], [33.702059, 44.822707], [33.702057, 44.831671], [33.702055, 44.840634], [33.702053, 44.849598], [33.702051, 44.858561], [33.702049, 44.867525], [33.702047, 44.876488], [33.702045, 44.885452], [33.702043, 44.894416], [33.702041, 44.903379], [33.702038, 44.912343], [33.702036, 44.921306], [33.702034, 44.93027], [33.702032, 44.939233], [33.70203, 44.948197], [33.702028, 44.957161], [33.702026, 44.966124], [33.702024, 44.975088], [33.702022, 44.984051], [33.702019, 44.993015], [33.702017, 45.001978], [33.702015, 45.010942], [33.702013, 45.019906], [33.702011, 45.028869], [33.702009, 45.037833], [33.702007, 45.046796], [33.702005, 45.05576], [33.702003, 45.064724], [33.702001, 45.073687], [33.701998, 45.082651], [33.695152, 45.087144], [33.681461, 45.087168], [33.674614, 45.091662], [33.674612, 45.100625], [33.67461, 45.109589], [33.674608, 45.118552], [33.674605, 45.127516], [33.674603, 45.136479], [33.674601, 45.145443], [33.674599, 45.154407], [33.674597, 45.16337], [33.674595, 45.172334], [33.674593, 45.181297], [33.674591, 45.190261], [33.674589, 45.199225], [33.674586, 45.208188], [33.66774, 45.212682], [33.660893, 45.217175], [33.660891, 45.226139], [33.660889, 45.235102], [33.660887, 45.244066], [33.660885, 45.25303], [33.660883, 45.261993], [33.660881, 45.270957], [33.660878, 45.27992], [33.660876, 45.288884], [33.660874, 45.297848], [33.660872, 45.306811], [33.66087, 45.315775], [33.660868, 45.324738], [33.660866, 45.333702], [33.660864, 45.342665], [33.654017, 45.347159], [33.640326, 45.347183], [33.626635, 45.347206], [33.612943, 45.34723], [33.599252, 45.347254], [33.585561, 45.347277], [33.57187, 45.347301], [33.558178, 45.347325], [33.544487, 45.347348], [33.530796, 45.347372], [33.517105, 45.347396], [33.510258, 45.351889], [33.510256, 45.360853], [33.503409, 45.365347], [33.489718, 45.36537], [33.476027, 45.365394], [33.462336, 45.365418], [33.448644, 45.365441], [33.434953, 45.365465], [33.421262, 45.365489], [33.407571, 45.365512], [33.393879, 45.365536], [33.380188, 45.36556], [33.366497, 45.365583], [33.352806, 45.365607], [33.339114, 45.365631], [33.325423, 45.365654], [33.311732, 45.365678], [33.298041, 45.365702], [33.28435, 45.365725], [33.270658, 45.365749], [33.256967, 45.365773], [33.243276, 45.365796], [33.229585, 45.36582], [33.215893, 45.365844], [33.209047, 45.370337], [33.209045, 45.379301], [33.209042, 45.388264], [33.202196, 45.392758], [33.188505, 45.392782], [33.181658, 45.397275], [33.181656, 45.406239], [33.174809, 45.410732], [33.161118, 45.410756], [33.147427, 45.41078], [33.14058, 45.415273], [33.140578, 45.424237], [33.140576, 45.433201], [33.140574, 45.442164], [33.140572, 45.451128], [33.133725, 45.455621], [33.120034, 45.455645], [33.113187, 45.460139], [33.113185, 45.469102], [33.113183, 45.478066], [33.113181, 45.487029], [33.113179, 45.495993], [33.113176, 45.504957], [33.113174, 45.51392], [33.106328, 45.518414], [33.092636, 45.518437], [33.078945, 45.518461], [33.065254, 45.518485], [33.051563, 45.518508], [33.037872, 45.518532], [33.02418, 45.518556], [33.010489, 45.518579], [32.996798, 45.518603], [32.983107, 45.518627], [32.97626, 45.52312], [32.976258, 45.532084], [32.969411, 45.536578], [32.95572, 45.536601], [32.942029, 45.536625], [32.928337, 45.536649], [32.914646, 45.536672], [32.900955, 45.536696], [32.887264, 45.53672], [32.873573, 45.536743], [32.859881, 45.536767], [32.84619, 45.536791], [32.832499, 45.536814], [32.818808, 45.536838], [32.805116, 45.536862], [32.791425, 45.536885], [32.777734, 45.536909], [32.764043, 45.536933], [32.750351, 45.536956], [32.73666, 45.53698], [32.722969, 45.537004], [32.709278, 45.537027], [32.695586, 45.537051], [32.681895, 45.537075], [32.675051, 45.532605], [32.675053, 45.523641], [32.668208, 45.519171], [32.654517, 45.519195], [32.640826, 45.519218], [32.627135, 45.519242], [32.613443, 45.519266], [32.599752, 45.519289], [32.586061, 45.519313], [32.579214, 45.523807], [32.579212, 45.53277], [32.586057, 45.53724], [32.599748, 45.537217], [32.606592, 45.541687], [32.60659, 45.55065], [32.606588, 45.559614], [32.613433, 45.564084], [32.627124, 45.56406], [32.640815, 45.564036], [32.64766, 45.568506], [32.647658, 45.57747], [32.654502, 45.58194], [32.668194, 45.581916], [32.681885, 45.581892], [32.695576, 45.581869], [32.709267, 45.581845], [32.722958, 45.581821], [32.73665, 45.581798], [32.750341, 45.581774], [32.764032, 45.58175], [32.777723, 45.581727], [32.784568, 45.586197], [32.784566, 45.59516], [32.784564, 45.604124], [32.784562, 45.613087], [32.78456, 45.622051], [32.791404, 45.626521], [32.805095, 45.626497], [32.818787, 45.626474], [32.832478, 45.62645], [32.846169, 45.626426], [32.85986, 45.626403], [32.873551, 45.626379], [32.887243, 45.626355], [32.900934, 45.626332], [32.914625, 45.626308], [32.928316, 45.626284], [32.942008, 45.626261], [32.955699, 45.626237], [32.96939, 45.626213], [32.976235, 45.630683], [32.976233, 45.639647], [32.97623, 45.64861], [32.976228, 45.657574], [32.976226, 45.666538], [32.976224, 45.675501], [32.976222, 45.684465], [32.97622, 45.693428], [32.976218, 45.702392], [32.976216, 45.711355], [32.976214, 45.720319], [32.976212, 45.729283], [32.983056, 45.733753], [32.996747, 45.733729], [33.010439, 45.733705], [33.02413, 45.733682], [33.037821, 45.733658], [33.044666, 45.738128], [33.044663, 45.747091], [33.051508, 45.751561], [33.065199, 45.751538], [33.07889, 45.751514], [33.092582, 45.75149], [33.106273, 45.751467], [33.113118, 45.755937], [33.113115, 45.7649], [33.113113, 45.773864], [33.119958, 45.778334], [33.133649, 45.77831], [33.14734, 45.778286], [33.161032, 45.778263], [33.174723, 45.778239], [33.181567, 45.782709], [33.181565, 45.791673], [33.18841, 45.796143], [33.202101, 45.796119], [33.208946, 45.800589], [33.208944, 45.809552], [33.208941, 45.818516], [33.215786, 45.822986], [33.229477, 45.822962], [33.243168, 45.822939], [33.25686, 45.822915], [33.270551, 45.822891], [33.284242, 45.822868], [33.297933, 45.822844], [33.311625, 45.82282], [33.325316, 45.822797], [33.339007, 45.822773], [33.352698, 45.822749], [33.36639, 45.822726], [33.380081, 45.822702], [33.393772, 45.822678], [33.407463, 45.822655], [33.421154, 45.822631], [33.434846, 45.822607], [33.44169, 45.827077], [33.441688, 45.836041], [33.441686, 45.845004], [33.441684, 45.853968], [33.441682, 45.862932], [33.44168, 45.871895], [33.441678, 45.880859], [33.448522, 45.885329], [33.462213, 45.885305], [33.469058, 45.889775], [33.469056, 45.898739], [33.4759, 45.903209], [33.489592, 45.903185], [33.503283, 45.903161], [33.516974, 45.903138], [33.530665, 45.903114], [33.544357, 45.90309], [33.558048, 45.903067], [33.571739, 45.903043], [33.58543, 45.903019], [33.599122, 45.902996], [33.612813, 45.902972], [33.626504, 45.902948], [33.640195, 45.902924], [33.653886, 45.902901], [33.667578, 45.902877], [33.681269, 45.902853], [33.69496, 45.90283], [33.708651, 45.902806], [33.722343, 45.902782], [33.736034, 45.902759], [33.742878, 45.907229], [33.742876, 45.916192], [33.742874, 45.925156], [33.749719, 45.929626], [33.76341, 45.929602], [33.770255, 45.934072], [33.770252, 45.943036], [33.77025, 45.951999], [33.770248, 45.960963], [33.770246, 45.969926], [33.770244, 45.97889], [33.770242, 45.987854], [33.77024, 45.996817], [33.770238, 46.005781], [33.770236, 46.014744], [33.770234, 46.023708], [33.770231, 46.032672], [33.770229, 46.041635], [33.770227, 46.050599], [33.770225, 46.059562], [33.770223, 46.068526], [33.770221, 46.077489], [33.770219, 46.086453], [33.770217, 46.095417], [33.76337, 46.09991], [33.749679, 46.099934], [33.735988, 46.099958], [33.722296, 46.099981], [33.708605, 46.100005], [33.694914, 46.100029], [33.681223, 46.100052], [33.674376, 46.104546], [33.674374, 46.113509], [33.674372, 46.122473], [33.67437, 46.131437], [33.674368, 46.1404], [33.674365, 46.149364], [33.674363, 46.158327], [33.674361, 46.167291], [33.674359, 46.176254], [33.674357, 46.185218], [33.674355, 46.194182], [33.674353, 46.203145], [33.674351, 46.212109], [33.674349, 46.221072], [33.674346, 46.230036], [33.674344, 46.238999], [33.674342, 46.247963], [33.681187, 46.252433]]]}}]}