{"type":"FeatureCollection","metadata":{"dataCartografica":"2025-03-13","revisionatoIl":"2026-07-20","revisioneSorgente":{"id":"1741873398","timestampUtc":"2025-03-13T13:43:18Z"},"fonti":[{"id":"deepstate-history-1741873398","titolo":"DeepStateMap — revisione storica 1741873398","autore":"DeepStateUA","url":"https://deepstatemap.live/api/history/1741873398/geojson","ruolo":"base vettoriale primaria datata per controllo russo, stato ignoto e controllo ucraino in Russia"},{"id":"deepstate-history-index","titolo":"DeepStateMap — indice pubblico delle revisioni storiche","autore":"DeepStateUA","url":"https://deepstatemap.live/api/history/public","ruolo":"riscontro dell'identificativo e del timestamp UTC della revisione 1741873398"},{"id":"isw-2025-03-13","titolo":"Russian Offensive Campaign Assessment, March 13, 2025","url":"https://www.criticalthreats.org/analysis/russian-offensive-campaign-assessment-march-13-2025","ruolo":"verifica coeva del fronte in Ucraina e del ripiegamento ucraino nell'oblast di Kursk"},{"id":"viina-2","titolo":"VIINA 2.0 — Territorial Control Data","autori":"Yuri M. Zhukov e Natalie Ayers","url":"https://github.com/zhukovyuri/VIINA","licenza":"ODbL 1.0","ruolo":"verifica indipendente giornaliera dell'attribuzione presso i centri abitati e delle località contese"}],"note":"Il perimetro di Kursk esclude Sudža, già perduta, le direttrici di ritirata e le massime rivendicate. Le aree a stato ignoto sono separate dal controllo territoriale.","incertezza":"Alta nella stretta fascia residua a sud e ovest di Sudža, media sulle altre fasce grigie. Il perimetro ucraino in Russia è la sola parte blu non coperta da riconquista russa o stato ignoto nella revisione del giorno.","notePerCategoria":{"pre-2022":"Crimea e porzioni del Donbas già controllate prima del 24 febbraio 2022; perimetro identico alla geometria approvata di Fase 3.","post-2022":"Territorio sotto controllo russo acquisito dal 24 febbraio 2022, al netto del perimetro pre-2022 durante l'importazione.","conteso":"Solo poligoni a stato ignoto della revisione DeepState, al netto delle aree di controllo consolidato; non sono raid, infiltrazioni o semplici presenze.","ucraino-in-russia":"Solo area blu esterna al confine ucraino non coperta da riconquista russa o stato ignoto; escluse massime avanzate e presenze discontinue."},"normalizzazioneGeometrica":{"metodo":"snap topologico; dissoluzione per categoria; semplificazione Douglas-Peucker; sottrazione preventiva delle categorie","snapGradi":0.000005,"tolleranzaControlloEContesoMetri":50,"tolleranzaUcrainoInRussiaMetri":20,"fasciaTecnicaSeparazioneOrigineMetri":25,"isoleScartateSottoKm2":{"controllo":0.01,"conteso":0.005,"ucrainoInRussia":0.001},"motivazione":"rendere robuste le operazioni booleane senza alterare la lettura cartografica alla scala del renderer; la fascia tecnica è inferiore all’incertezza delle fonti"}},"features":[{"type":"Feature","properties":{"categoria":"pre-2022","sourceLayer":"Frontiera F3 — perimetro pre-2022 approvato"},"geometry":{"type":"MultiPolygon","coordinates":[[[[32.478939,45.389163],[32.507445,45.381957],[32.513458,45.372038],[32.510377,45.360884],[32.489453,45.346136],[32.551846,45.332385],[32.569816,45.332888],[32.578538,45.327642],[32.65299,45.313322],[32.675688,45.320614],[32.685502,45.332102],[32.712159,45.341307],[32.735393,45.354972],[32.76522,45.363836],[32.84671,45.365264],[32.907019,45.359436],[32.966765,45.336694],[32.991848,45.322499],[33.035244,45.29016],[33.062776,45.27566],[33.107907,45.23151],[33.138912,45.216317],[33.148825,45.202143],[33.185236,45.183717],[33.201984,45.183225],[33.225292,45.174695],[33.257295,45.147804],[33.284289,45.148276],[33.300138,45.162027],[33.29792,45.165633],[33.305239,45.17277],[33.350015,45.173699],[33.380282,45.185909],[33.376436,45.191845],[33.391196,45.197375],[33.432652,45.184093],[33.509265,45.13445],[33.56149,45.081073],[33.58086,45.050881],[33.602595,44.997973],[33.604377,44.980471],[33.597652,44.97655],[33.610962,44.925721],[33.6052,44.866386],[33.594636,44.847578],[33.569694,44.838843],[33.55297,44.841655],[33.548513,44.834598],[33.549545,44.810828],[33.533513,44.792608],[33.540722,44.761758],[33.539777,44.744321],[33.547583,44.724445],[33.546363,44.677979],[33.535667,44.64599],[33.508271,44.631916],[33.494615,44.617766],[33.450155,44.615946],[33.373305,44.584056],[33.403694,44.553239],[33.46013,44.522891],[33.486243,44.494968],[33.506071,44.500846],[33.554048,44.486877],[33.601948,44.491739],[33.627013,44.479579],[33.63834,44.458687],[33.64553,44.421924],[33.673869,44.412807],[33.702892,44.416926],[33.733092,44.383332],[33.759005,44.386932],[33.778737,44.381452],[33.846027,44.401142],[33.882423,44.400268],[33.939412,44.389646],[33.963406,44.38885],[34.034986,44.403674],[34.057232,44.416521],[34.128936,44.427878],[34.171984,44.491011],[34.260362,44.507556],[34.308946,44.552088],[34.334843,44.545507],[34.349035,44.546767],[34.349805,44.57185],[34.354354,44.585681],[34.375816,44.591703],[34.377892,44.612309],[34.389678,44.628884],[34.403924,44.639751],[34.412176,44.658807],[34.432149,44.682765],[34.474964,44.715071],[34.625628,44.773956],[34.677858,44.787856],[34.728811,44.807825],[34.747987,44.807058],[34.763731,44.815057],[34.912095,44.81577],[34.920318,44.82153],[34.920988,44.828751],[34.967823,44.838027],[34.988701,44.828075],[35.0007,44.83203],[35.029503,44.828249],[35.047274,44.814837],[35.043666,44.799459],[35.081062,44.790612],[35.09398,44.801375],[35.111022,44.80702],[35.118455,44.81723],[35.133101,44.822812],[35.130569,44.829311],[35.139391,44.861252],[35.169311,44.900247],[35.190556,44.907887],[35.216612,44.909005],[35.243653,44.916792],[35.25652,44.938423],[35.249825,44.952823],[35.271282,44.967596],[35.283641,44.96616],[35.294987,44.959711],[35.301518,44.965776],[35.322807,44.966441],[35.322466,44.95921],[35.344315,44.964188],[35.351803,44.954952],[35.382973,44.943891],[35.394038,44.954933],[35.356103,44.97733],[35.358416,44.985552],[35.366739,44.992559],[35.428693,45.012912],[35.412652,45.025778],[35.385966,45.035246],[35.389399,45.049444],[35.414638,45.07541],[35.451063,45.097366],[35.541346,45.125861],[35.58496,45.129359],[35.62977,45.122303],[35.692135,45.104626],[35.748793,45.081465],[35.777878,45.066304],[35.804886,45.045558],[35.814483,45.033306],[35.810165,45.021418],[35.82978,45.014076],[35.834113,45.0091],[35.828278,45.004552],[35.842096,44.998366],[35.870587,45.004186],[35.907658,45.018079],[35.925851,45.019111],[35.954083,45.011219],[35.984215,45.022859],[35.994952,45.03511],[36.012561,45.044932],[36.035405,45.049216],[36.07129,45.048252],[36.201045,45.033023],[36.225684,45.026816],[36.24793,45.04068],[36.249153,45.047687],[36.282137,45.05499],[36.372884,45.057475],[36.440096,45.083327],[36.456018,45.095623],[36.454606,45.105555],[36.43318,45.117691],[36.425628,45.128893],[36.417779,45.164294],[36.407778,45.172889],[36.403912,45.214162],[36.423049,45.23723],[36.423707,45.245262],[36.435783,45.258066],[36.43962,45.271622],[36.436333,45.276239],[36.426012,45.27864],[36.421663,45.286584],[36.435179,45.295073],[36.484438,45.305478],[36.499502,45.318675],[36.47329,45.330744],[36.472041,45.341233],[36.477812,45.349132],[36.518286,45.351539],[36.535225,45.349918],[36.534981,45.345637],[36.54435,45.344735],[36.596554,45.345031],[36.60599,45.347733],[36.612025,45.355938],[36.630569,45.360521],[36.633217,45.362811],[36.630106,45.373786],[36.648733,45.38292],[36.611273,45.407542],[36.607593,45.412573],[36.61553,45.422271],[36.598276,45.438662],[36.57528,45.442252],[36.565672,45.436625],[36.56594,45.428443],[36.554467,45.424368],[36.532672,45.42719],[36.495456,45.450514],[36.470548,45.458514],[36.461093,45.456435],[36.447174,45.460135],[36.432474,45.447875],[36.415458,45.446825],[36.376602,45.463689],[36.372894,45.47138],[36.357563,45.471617],[36.344848,45.484307],[36.33933,45.482513],[36.336302,45.474221],[36.322868,45.471297],[36.293683,45.483861],[36.265345,45.478566],[36.17039,45.472361],[36.12387,45.463618],[36.068785,45.445463],[36.068942,45.404374],[36.04285,45.384009],[35.99701,45.371491],[35.941221,45.380044],[35.886842,45.407774],[35.846507,45.446506],[35.87606,45.463856],[35.867831,45.473251],[35.841775,45.474473],[35.823649,45.46632],[35.817747,45.458869],[35.818368,45.451418],[35.826475,45.440129],[35.748929,45.396331],[35.745726,45.39066],[35.748889,45.384633],[35.760985,45.381258],[35.753728,45.366548],[35.724851,45.351594],[35.71557,45.338458],[35.632903,45.324584],[35.525825,45.291193],[35.498759,45.306176],[35.467835,45.307544],[35.382064,45.352514],[35.311256,45.411424],[35.201458,45.523343],[35.109867,45.599025],[35.050056,45.667202],[34.977053,45.765285],[34.958219,45.760037],[34.800881,45.804735],[34.796134,45.892053],[34.782879,45.904975],[34.752716,45.910231],[34.700883,45.959179],[34.651415,45.973908],[34.556042,45.988691],[34.478552,45.946947],[34.436726,45.968164],[34.382464,46.034692],[34.227754,46.060816],[34.160772,46.08043],[34.122582,46.108122],[34.038334,46.116935],[33.82395,46.187069],[33.740532,46.185128],[33.6897,46.204334],[33.60668,46.146878],[33.612528,46.138238],[33.616561,46.11536],[33.633038,46.097381],[33.637282,46.081351],[33.623699,46.071722],[33.611338,46.054819],[33.629384,45.977458],[33.627758,45.958848],[33.616479,45.949068],[33.617606,45.944243],[33.634992,45.941326],[33.647501,45.945166],[33.640135,45.949356],[33.659761,45.954586],[33.692314,45.95526],[33.744939,45.95033],[33.747278,45.946685],[33.751076,45.9488],[33.757987,45.934494],[33.749506,45.928276],[33.730928,45.930188],[33.701995,45.911004],[33.691971,45.913471],[33.680094,45.90854],[33.675115,45.898868],[33.684191,45.850098],[33.661598,45.86426],[33.662233,45.871524],[33.642234,45.876325],[33.616272,45.892143],[33.593725,45.885292],[33.581653,45.871206],[33.568716,45.874008],[33.548213,45.843531],[33.542129,45.840258],[33.527171,45.849723],[33.507622,45.841072],[33.50089,45.848355],[33.520062,45.857708],[33.544102,45.880335],[33.540593,45.884913],[33.517951,45.867777],[33.432207,45.838576],[33.373494,45.797187],[33.32241,45.775037],[33.23866,45.752804],[33.21192,45.757728],[33.182114,45.773902],[33.172486,45.786603],[33.185831,45.807952],[33.182338,45.80993],[33.175838,45.805742],[33.165737,45.78827],[33.159184,45.749182],[33.152919,45.733355],[33.1378,45.719814],[33.127908,45.719842],[33.114638,45.712775],[33.095704,45.715503],[33.0691,45.706833],[33.017154,45.687009],[33.006337,45.679383],[32.999393,45.681147],[32.908691,45.640338],[32.820181,45.586841],[32.821299,45.58301],[32.841008,45.582406],[32.843141,45.570597],[32.833962,45.560234],[32.825974,45.55733],[32.793178,45.56389],[32.772105,45.557869],[32.736877,45.543007],[32.72322,45.533026],[32.59058,45.48558],[32.538208,45.454884],[32.524271,45.438872],[32.500388,45.424663],[32.48807,45.407956],[32.479703,45.404263],[32.478939,45.389163]]],[[[36.50714,45.295558],[36.533319,45.279798],[36.549112,45.261314],[36.578294,45.249048],[36.547052,45.279677],[36.519242,45.293988],[36.50714,45.295558]]],[[[37.521854,47.94582],[37.542839,47.932477],[37.5350299,47.918015],[37.644034,47.886626],[37.634262,47.838423],[37.634549,47.802538],[37.623169,47.77311],[37.637589,47.751994],[37.67268,47.724717],[37.764495,47.684702],[37.803977,47.660196],[37.8312754,47.6567292],[37.8523854,47.641694],[37.8458595,47.6237619],[37.8159936,47.5852213],[37.819427,47.546303],[37.892555,47.469773],[37.878478,47.441684],[37.863715,47.426588],[37.855819,47.403124],[37.856849,47.392898],[37.850326,47.384298],[37.83831,47.378022],[37.841643,47.369022],[37.851599,47.365534],[37.837623,47.352442],[37.848609,47.350116],[37.859152,47.354371],[37.861212,47.347858],[37.856849,47.343603],[37.829283,47.342507],[37.824577,47.321498],[37.834876,47.30823],[37.827666,47.302643],[37.833846,47.285412],[37.833503,47.249301],[37.8005435,47.1732715],[37.818054,47.119099],[37.829283,47.112742],[37.83831,47.099704],[37.895473,47.110921],[37.983964,47.083576],[37.99023,47.091466],[37.975882,47.095683],[37.993063,47.099003],[38.032545,47.08907],[38.040012,47.091875],[38.054332,47.108302],[38.062671,47.110804],[38.08885,47.105956],[38.122869,47.080622],[38.132826,47.06402],[38.131796,47.053729],[38.106046,47.047179],[38.080408,47.026545],[38.084988,47.020418],[38.163265,47.065455],[38.186556,47.093712],[38.230118,47.119406],[38.229247,47.127085],[38.236312,47.139527],[38.234781,47.202589],[38.24279,47.217117],[38.233869,47.225801],[38.234334,47.230986],[38.253541,47.233616],[38.260502,47.238316],[38.288189,47.23856],[38.288043,47.2565],[38.324491,47.256821],[38.333735,47.268938],[38.323394,47.281132],[38.333354,47.292132],[38.333288,47.296975],[38.327091,47.299009],[38.334511,47.301408],[38.336304,47.306408],[38.220978,47.30538],[38.221472,47.327345],[38.227214,47.32971],[38.222079,47.332853],[38.230493,47.338902],[38.230693,47.343169],[38.246788,47.351445],[38.250461,47.357713],[38.245559,47.363193],[38.258732,47.373353],[38.286492,47.37356],[38.286416,47.391477],[38.302085,47.39287],[38.302022,47.475121],[38.289402,47.476754],[38.295072,47.508064],[38.284908,47.508376],[38.284804,47.544465],[38.305114,47.544851],[38.31115,47.553619],[38.31097,47.576028],[38.350737,47.576206],[38.35012,47.616689],[38.456688,47.617004],[38.456275,47.644253],[38.620087,47.64487],[38.629589,47.653336],[38.629274,47.669278],[38.665887,47.669418],[38.665616,47.697176],[38.6592,47.700057],[38.729124,47.698807],[38.730305,47.680361],[38.773164,47.685764],[38.770869,47.720629],[38.788943,47.737015],[38.798157,47.77844],[38.788677,47.815974],[38.835102,47.816059],[38.8393994,47.8642544],[39.082778,47.869927],[39.082891,47.851604],[39.109389,47.851752],[39.109535,47.842747],[39.149682,47.842582],[39.236213,47.853953],[39.241734,47.867014],[39.39045,47.866185],[39.412529,47.830898],[39.437354,47.839834],[39.44625,47.850644],[39.478474,47.859474],[39.520308,47.825141],[39.534491,47.83253],[39.542168,47.824981],[39.565587,47.836556],[39.73791,47.827729],[39.763184,47.846537],[39.762505,47.870145],[39.794941,47.866833],[39.793904,47.915897],[39.806594,47.933666],[39.805888,47.950562],[39.827391,47.950834],[39.815408,47.970866],[39.823031,47.98354],[39.816717,47.984542],[39.817916,47.994778],[39.813736,47.998502],[39.81672,48.001463],[39.795218,48.010703],[39.785081,48.023125],[39.779662,48.039336],[39.877208,48.041378],[39.885886,48.047866],[39.832202,48.0665],[39.868584,48.079444],[39.879951,48.115164],[39.910275,48.138416],[39.909184,48.16933],[39.913886,48.178015],[39.940934,48.18081],[39.942194,48.230744],[40.00754,48.223312],[40.003076,48.239476],[40.01951,48.252508],[40.018989,48.25706],[40.016777,48.269458],[40.008963,48.272654],[39.999745,48.28929],[39.990815,48.317082],[39.972492,48.312971],[39.971265,48.307302],[39.963063,48.302596],[39.971011,48.302796],[39.970224,48.298747],[39.958283,48.29805],[39.95666,48.303185],[39.951971,48.303551],[39.948411,48.294295],[39.937703,48.292225],[39.936215,48.285058],[39.930156,48.282764],[39.934695,48.279066],[39.924907,48.271485],[39.914829,48.269678],[39.90822,48.277008],[39.912695,48.288202],[39.910188,48.292982],[39.886916,48.304089],[39.887199,48.308777],[39.841068,48.310051],[39.840394,48.329117],[39.845593,48.332774],[39.877934,48.334073],[39.918581,48.341692],[39.918603,48.347207],[39.943644,48.34812],[39.947507,48.35523],[39.94253,48.354963],[39.944422,48.357166],[39.934751,48.372274],[39.943278,48.383791],[39.941535,48.387072],[39.926845,48.375075],[39.92122,48.375928],[39.914558,48.386827],[39.905962,48.390316],[39.918644,48.397611],[39.906312,48.403562],[39.912763,48.41558],[39.910297,48.421956],[39.895926,48.429242],[39.888817,48.441993],[39.896766,48.44422],[39.897326,48.448112],[39.857752,48.463363],[39.846338,48.473712],[39.846469,48.499306],[39.84871,48.50284],[39.861877,48.501924],[39.866756,48.508883],[39.854533,48.552999],[39.85763,48.561413],[39.846829,48.572934],[39.821685,48.578332],[39.825051,48.586152],[39.80861,48.583972],[39.789985,48.593369],[39.773425,48.592326],[39.770368,48.587994],[39.751295,48.58209],[39.751054,48.588836],[39.746721,48.590673],[39.721237,48.584834],[39.6713252,48.5892403],[39.6334311,48.5812628],[39.6236025,48.5870259],[39.6110289,48.5740514],[39.6010726,48.5749594],[39.5968664,48.5795022],[39.6058783,48.5855209],[39.600613,48.5928753],[39.5913857,48.5922505],[39.5743396,48.5817384],[39.5640858,48.5845992],[39.5694136,48.5911155],[39.5635639,48.5990889],[39.549059,48.595854],[39.549314,48.585973],[39.5306906,48.5856913],[39.5292488,48.5912185],[39.5350124,48.5928382],[39.5341908,48.5967686],[39.5245243,48.6026385],[39.5298325,48.6093625],[39.5129236,48.6221295],[39.5175713,48.6266987],[39.5165791,48.6337256],[39.4672186,48.6285546],[39.4654267,48.6335035],[39.4686795,48.6376897],[39.454215,48.639786],[39.449575,48.644557],[39.452373,48.65471],[39.410694,48.657656],[39.408033,48.65981],[39.413526,48.66684],[39.411724,48.670524],[39.390524,48.678799],[39.389599,48.684749],[39.377986,48.686237],[39.355953,48.697214],[39.346855,48.712224],[39.374183,48.718652],[39.353722,48.726891],[39.358871,48.736175],[39.349266,48.742496],[39.343138,48.757361],[39.353893,48.76549],[39.351063,48.768547],[39.33167,48.766602],[39.326603,48.768309],[39.326256,48.775559],[39.311844,48.774069],[39.292617,48.760605],[39.286434,48.748901],[39.272383,48.753887],[39.268663,48.741949],[39.256311,48.74227],[39.259229,48.733835],[39.24978,48.712564],[39.239588,48.709125],[39.232364,48.711412],[39.207173,48.6983],[39.200371,48.699999],[39.196508,48.706513],[39.174249,48.680329],[39.148672,48.675285],[39.141898,48.66665],[39.141984,48.660868],[39.123187,48.660018],[39.103618,48.649869],[39.075894,48.651626],[39.042678,48.646466],[39.012372,48.658336],[39.009633,48.662626],[39.025426,48.661974],[39.026284,48.667274],[39.014354,48.683427],[39.015548,48.694891],[39.001815,48.698007],[38.998986,48.711196],[38.984305,48.711828],[38.999333,48.719624],[38.978812,48.744892],[38.961131,48.746137],[38.961045,48.736515],[38.943707,48.733854],[38.932464,48.736798],[38.936959,48.747117],[38.918028,48.742911],[38.90474,48.750608],[38.863879,48.75138],[38.847148,48.742911],[38.830067,48.717038],[38.808438,48.713414],[38.767067,48.71432],[38.691716,48.729363],[38.674549,48.729363],[38.678412,48.723701],[38.583218,48.71987],[38.577732,48.696742],[38.572231,48.689056],[38.559446,48.686695],[38.548978,48.675294],[38.527284,48.674642],[38.516148,48.670562],[38.515247,48.666367],[38.431476,48.650492],[38.4263261,48.6386961],[38.4362747,48.6292431],[38.4412529,48.6172714],[38.438793,48.6110275],[38.40607,48.60193],[38.402637,48.59194],[38.402637,48.547867],[38.414303,48.520605],[38.405377,48.473366],[38.389247,48.432278],[38.390964,48.415874],[38.321754,48.371053],[38.273689,48.359192],[38.2385206,48.3867172],[38.1890602,48.4165331],[38.163094,48.402117],[38.148548,48.414482],[38.117477,48.420805],[38.113706,48.408013],[38.042123,48.409086],[38.004802,48.393954],[37.978623,48.391275],[37.974959,48.381115],[37.9500832,48.3734333],[37.942023,48.3574628],[37.9292962,48.3594898],[37.9185517,48.3465274],[37.9054956,48.3404377],[37.9006815,48.3232554],[37.9011467,48.2908822],[37.8943398,48.286666],[37.895347,48.268546],[37.89157,48.255061],[37.896571,48.215429],[37.88333,48.199712],[37.856208,48.192846],[37.828593,48.17515],[37.8168038,48.1322916],[37.789283,48.100177],[37.756436,48.08667],[37.7430873,48.0868254],[37.7266508,48.0795824],[37.7257935,48.0733245],[37.693049,48.069307],[37.687749,48.061894],[37.694294,48.056545],[37.691199,48.053406],[37.68785,48.054754],[37.64781,48.028944],[37.616482,48.018095],[37.575455,48.013961],[37.573394,48.006899],[37.556143,48.009855],[37.549621,47.997364],[37.558546,47.986451],[37.5412006,47.9745867],[37.525158,47.957202],[37.521854,47.94582]]]]}},{"type":"Feature","geometry":{"type":"MultiPolygon","coordinates":[[[[35.8877542,50.4375065],[35.8944919,50.4356341],[35.8975389,50.4362901],[35.9040191,50.4350054],[35.9033325,50.4339393],[35.9129455,50.4315883],[35.9247473,50.431643],[35.9275796,50.4302762],[35.9352186,50.4287452],[35.9413125,50.431151],[35.94363,50.4333926],[35.937536,50.4333926],[35.9376218,50.4318071],[35.9352186,50.4301122],[35.9323003,50.4309323],[35.9322145,50.4319711],[35.9281804,50.4337206],[35.9276655,50.4348687],[35.920799,50.4373835],[35.9192541,50.4357981],[35.911701,50.4347047],[35.9047487,50.4389688],[35.9036329,50.4380941],[35.9011438,50.4381488],[35.9001996,50.4390235],[35.8959081,50.4386955],[35.8941915,50.4378208],[35.8892133,50.4389688],[35.8877542,50.4375065]]],[[[36.57731393397784,45.249198486612514],[36.552366413941606,45.25968758901251],[36.571599,45.250076],[36.57731393397784,45.249198486612514]]],[[[38.70160247919875,48.72762385123516],[38.76489827807233,48.71498759447224],[38.753514,48.718492],[38.70160247919875,48.72762385123516]]],[[[37.83805181564222,47.09956504458068],[37.8380457685495,47.0995695278563],[37.838011566591625,47.09960826467426],[37.82901569356581,47.11260120721411],[37.817792619121136,47.11896188650324],[37.81775492316018,47.11900404054938],[37.81773166607021,47.11905077909473],[37.80021352529275,47.17326054338949],[37.800215459902255,47.17329811473026],[37.80022658704381,47.173334940271104],[37.80299713846386,47.1797260143209],[37.82835331909868,47.2382173409515],[37.833172465011586,47.24933408766236],[37.83351467638557,47.28538579090805],[37.82733519190096,47.30263242106454],[37.82733826967377,47.302675311018376],[37.82735332913921,47.302717019712205],[37.82737981975583,47.302756022290694],[37.82741677305767,47.30279089282994],[37.83447699773751,47.308261858530685],[37.82425795168966,47.32143750580389],[37.82424632302344,47.321484300958836],[37.82424945890808,47.321531707789724],[37.82897112174817,47.342582986910394],[37.82899867664288,47.342622400393665],[37.82903695412528,47.34265746185387],[37.82908451066825,47.342686849029064],[37.8291395527973,47.3427094536479],[37.82920000472713,47.34272442322659],[37.829263586646675,47.34273119321968],[37.85666874297522,47.34382079829819],[37.86085778247599,47.34790616411999],[37.85892467950585,47.35401785360476],[37.84871553908371,47.34990333739109],[37.848647754044485,47.34989296134927],[37.84857826564529,47.34989238862682],[37.848510128115876,47.34990164439665],[37.83746632410134,47.352244089250405],[37.83741412790328,47.35226761236917],[37.83736940195271,47.352297372456256],[37.83733374587491,47.35233230515021],[37.83730843492118,47.352371161090495],[37.83729437435798,47.35241255059956],[37.83729206708736,47.35245499338377],[37.83730159565705,47.352496971475595],[37.837322619304146,47.35253698352368],[37.8373543861387,47.35257359848916],[37.838344751986064,47.35350132870382],[37.849872071608694,47.36429960364075],[37.85110474687451,47.36545431842823],[37.84143211143764,47.36884869285028],[37.84138300495448,47.36888261336095],[37.84134553183237,47.368922770709226],[37.841321368819216,47.36896736807058],[37.83797880772449,47.37801021924663],[37.83798163142332,47.378053509024],[37.837996679926874,47.378095625773206],[37.83802339302335,47.378135001531675],[37.838060776234485,47.378170170377665],[37.83810743783599,47.378199823006035],[37.850064771627444,47.38444519578239],[37.85651175019194,47.39294503184925],[37.855484657654344,47.403142156284815],[37.86340978960979,47.42667631499685],[37.86343813983823,47.426711904870295],[37.878177322794755,47.44178363517179],[37.89218884903102,47.4697423437022],[37.81912080369818,47.54621514411466],[37.81910310247911,47.546251648386225],[37.8190948757455,47.5462896547851],[37.81566306888504,47.58524837472691],[37.81567562594858,47.58528791682031],[37.81569849295704,47.58532529895897],[37.84554549314685,47.623841798988074],[37.85201840176556,47.64162860584642],[37.83110743169789,47.656521996198904],[37.80385565458374,47.659986820796455],[37.80380028057683,47.66000555681451],[37.80375101032869,47.66003087065197],[37.80039624152118,47.662113129746935],[37.76588406781177,47.68353436373258],[37.764289804554565,47.684523901121764],[37.67245753305356,47.724546554327965],[37.6373049553496,47.75187149682399],[37.62284164511835,47.77306490574574],[37.622834952275404,47.77311584150366],[37.62284557713418,47.77316647445088],[37.63421442027581,47.80256610472562],[37.63392750349595,47.83844013141328],[37.64366784244254,47.88648705110133],[37.56979585848392,47.9077622719246],[37.548955700424735,47.913764262678626],[37.53484214810266,47.91782898283588],[37.53479333704128,47.917855941156134],[37.534752954014486,47.91788856631276],[37.53472243776787,47.91792569596742],[37.53470287552985,47.91796600729703],[37.53469496427451,47.918008064121445],[37.534698985886834,47.91805036806984],[37.534714797116095,47.918091411963395],[37.542449197609734,47.93241525356704],[37.52157934463529,47.94569120011518],[37.521546523805995,47.9457304623341],[37.521526047167114,47.945773319233695],[37.52151873682284,47.94581805024376],[37.5215248862954,47.945862859549926],[37.52153935418584,47.9459126177773],[37.524845677791944,47.95728378501557],[37.52487271445962,47.95732004667609],[37.54093533438434,47.97472639958858],[37.544229908255524,47.9769798931736],[37.54503042941081,47.97752745087261],[37.55813229510244,47.98648914711688],[37.54929955407993,47.99729944418876],[37.54928652663885,47.99734552780232],[37.54928808686471,47.99739241708059],[37.549304166749096,47.99743806699946],[37.55585197635638,48.0099669345469],[37.555887867499806,48.010000954040194],[37.555932529599595,48.01002995595662],[37.55598442727217,48.01005294326619],[37.55604177638131,48.010069125708306],[37.556102605374114,48.01007794696033],[37.55616482306131,48.01007910376362],[37.55622629051096,48.01007255634937],[37.57313270699359,48.00717560241369],[37.575145464232236,48.01404794999765],[37.57517835667193,48.014088233537215],[37.57522280575815,48.01412320199427],[37.57527695467042,48.014151394576295],[37.575338541370584,48.01417163354797],[37.57540499309917,48.01418307343207],[37.57948488235606,48.01459417501743],[37.60790154003021,48.01745752063414],[37.61637700328627,48.01831153312365],[37.64761214095316,48.0291283855653],[37.6876658391634,48.05494183737034],[37.68772130108777,48.05496144971892],[37.687781251475414,48.05497382717553],[37.68784359951697,48.05497853806767],[37.68790617077999,48.05497541809965],[37.68796678304676,48.054964576082554],[37.68802332242355,48.05494639013939],[37.69109597679344,48.053709621184865],[37.69387747595077,48.05653067789928],[37.68745361794636,48.061786929480846],[37.687428825840584,48.06182582637128],[37.68741538110402,48.06186713944146],[37.68741376026292,48.06190940450319],[37.68742402079097,48.0619511236249],[37.68744579906826,48.06199081822029],[37.692778315739154,48.069440110024786],[37.69282048561244,48.06947167634086],[37.69287076796359,48.06949739653519],[37.69292737773074,48.06951635751577],[37.69298830521513,48.06952788614837],[37.69377908077085,48.06962490831101],[37.722930275166895,48.07320153875111],[37.7254820319559,48.073514619954],[37.72632688135435,48.07964242256402],[37.726348093617226,48.07968005109721],[37.72637900938592,48.07971454936725],[37.72641863764699,48.07974481150218],[37.7264657080939,48.07976986742123],[37.74296168262842,48.08703371300033],[37.74302620024613,48.087046238857894],[37.743093158122136,48.08704994472476],[37.7563435077778,48.08689568967998],[37.789033688755524,48.10033822257275],[37.79169129143076,48.10343945506728],[37.80472811847667,48.11865250103427],[37.816483203358665,48.13236984544836],[37.828281438959806,48.17523525783047],[37.82831453914401,48.17527630819727],[37.828359633203455,48.17531191825373],[37.85602783383638,48.19303576533265],[37.856088391783864,48.19305594803956],[37.88309606528907,48.19989301198213],[37.8962264847352,48.21547885790111],[37.895654576369395,48.220011118153],[37.89191682289649,48.249632072329675],[37.89123022379893,48.25507323385998],[37.89500845686484,48.268562634851676],[37.89400759873815,48.28670566649719],[37.894027905420415,48.28675181699524],[37.89406251236574,48.286794032844405],[37.89410983288821,48.286830378459626],[37.9008077567456,48.290979092852055],[37.900343646329624,48.32327617534077],[37.90518156806167,48.34052055014376],[37.90520625361693,48.34055248153706],[37.905211430709905,48.340559178238436],[37.90525192051633,48.340593263411755],[37.90530152329041,48.34062153096972],[37.91829350583451,48.34668133748311],[37.92903543263135,48.359632677182326],[37.92907971680465,48.35966226687941],[37.92913147545608,48.359685901888845],[37.92918892153139,48.359702766168155],[37.9292500716007,48.35971227744618],[37.92931281434196,48.359714107327775],[37.92937498344097,48.359708192632766],[37.929834144006,48.35963506205345],[37.941326239568625,48.357804714087955],[37.94180091415291,48.357729112588224],[37.943466268370095,48.36102585843409],[37.94882456326554,48.37163317323543],[37.949790911354334,48.3735461620846],[37.94983117215669,48.373582992550716],[37.94988178551949,48.373613674135036],[37.949940672409824,48.37363694652746],[37.95201823346467,48.37427850264735],[37.971165474812146,48.380191219309374],[37.97466823447642,48.38127288037241],[37.97831589824688,48.39136906990228],[37.978349592714544,48.391407189625255],[37.9783938782559,48.39144018871099],[37.9784470393835,48.39146678886109],[37.97850701678273,48.39148595965348],[37.97857148708503,48.39149695845947],[38.00468353260537,48.394169107201066],[38.042004458243824,48.40929634192688],[38.04206652872615,48.409307428200876],[38.042130637668414,48.40931052158615],[38.11342870953135,48.408241792585294],[38.11716265997583,48.42088816396719],[38.11719127756391,48.42092533121572],[38.11722976440927,48.4209583420852],[38.11727679113823,48.42098605633238],[38.11733073338911,48.42100751666536],[38.11738972791993,48.421021981810746],[38.11745173696889,48.42102895211935],[38.11751461864397,48.42102818682545],[38.11757620091006,48.42101971236352],[38.11973017764827,48.42058103918912],[38.14689122675937,48.41504949215706],[38.148710498036095,48.414678984206866],[38.148767105815125,48.41465313216627],[38.148814677325966,48.41462022242136],[38.16314531084953,48.402438264876295],[38.188900444623975,48.41673107235415],[38.18896445202721,48.41674850008827],[38.18903246222762,48.41675692297882],[38.18910163202159,48.416755988902075],[38.18916906972612,48.41674573690767],[38.18923195607203,48.416726595585985],[38.1892876620691,48.416699365150016],[38.238762209170154,48.38687502776722],[38.27379339196567,48.3594573336823],[38.32156919600076,48.3712469710909],[38.363706132612755,48.398535311569916],[38.38505661636383,48.41236211809256],[38.390615592371375,48.415962171684626],[38.3889099790323,48.432298784159514],[38.388919446719065,48.43233458609928],[38.40504361945922,48.47340842326353],[38.40787482453465,48.48839251830466],[38.407891702448765,48.4884818443204],[38.41319029649151,48.51652454508047],[38.41319601399685,48.51655480486074],[38.41395800953194,48.52058765066826],[38.40229746516849,48.54783690757511],[38.40229746500627,48.591965418140596],[38.40575899027272,48.60202020524764],[38.405790322465705,48.60205739834555],[38.405831706165166,48.60209001282909],[38.405881654072715,48.602116876544734],[38.405938371086414,48.602137024017935],[38.438506606084054,48.61119150737247],[38.44090123820731,48.6172698371145],[38.435962493833905,48.629146465399266],[38.426017182737716,48.6386024792937],[38.42599700272272,48.63864003969472],[38.42598718848817,48.63867936588025],[38.425988049183786,48.63871921916767],[38.42599955772461,48.63875834426897],[38.43117494289117,48.65059629325952],[38.43121276091423,48.6506340963529],[38.43126129580719,48.65066611452827],[38.43131857165601,48.650691044275014],[38.431382256677374,48.65070787066198],[38.433116468742924,48.65103651228273],[38.45969437684042,48.656073155128624],[38.51494129049931,48.66654271395986],[38.515825793320104,48.670633831992745],[38.51585124509335,48.670671682335644],[38.515886788631306,48.670705802732485],[38.51593121522026,48.67073503284744],[38.515983014051756,48.67075837864709],[38.52719131682139,48.67485807867749],[38.52726853661072,48.67486634656836],[38.54878124343071,48.67551289795281],[38.55919324282149,48.68684530652712],[38.55924031936611,48.68687387992245],[38.55929466445243,48.68689613193627],[38.5593543575881,48.68691127620482],[38.571989758297924,48.689244651197754],[38.57740342308811,48.696808686202914],[38.57783372219249,48.69862067711549],[38.58251848965482,48.71834824796754],[38.58289809093965,48.71994675019895],[38.58292643420751,48.71998590581173],[38.58296566204034,48.72002073452914],[38.583014310026755,48.7200499361444],[38.58307056207772,48.72007242051656],[38.5831323182237,48.72008734826837],[38.583197273011116,48.72009416212257],[38.67789925646842,48.723905362156785],[38.67421700241987,48.72931321551555],[38.67420863069589,48.7293575732837],[38.674213743354706,48.72940214606114],[38.674232137883415,48.72944516800947],[38.674263085577365,48.72948493472506],[38.67430536040448,48.72951987076324],[38.674357287573706,48.72954859205406],[38.67441680988383,48.72956996073662],[38.67448156922442,48.72958313023957],[38.674549000000006,48.729587578821025],[38.69142926018152,48.729587578821025],[38.69176604514637,48.729587578821025],[38.70151813927816,48.72764068870164],[38.753516,48.718494],[38.76492484944457,48.7149822898124],[38.76712288159513,48.71454347872032],[38.808401028720944,48.713639512138634],[38.82982152541481,48.71722857850929],[38.846862976854275,48.74303391674829],[38.846898263875794,48.74306369037321],[38.846940621527544,48.74308914099997],[38.848055992362525,48.74365324160233],[38.86016540615537,48.74977759719827],[38.86069838474426,48.75004715198095],[38.86291315729458,48.7511672767776],[38.86095745507976,48.75073654072209],[38.862916818114115,48.751169128243],[38.8637379583579,48.75158442124835],[38.863811616817365,48.75160014050951],[38.86388875651748,48.75160448667414],[38.872324940805505,48.75144440743519],[38.87762,48.752591],[38.879079,48.752478],[38.88024269056814,48.75129416565372],[38.90480823088697,48.7508280268326],[38.90486466757909,48.75081699558662],[38.904917380872064,48.75079972240226],[38.90496479640343,48.750776723170965],[38.906459549608265,48.74991089419385],[38.911137,48.748007],[38.91258157117147,48.7463647411227],[38.91810528497196,48.74316515509454],[38.919143124701634,48.743395482514856],[38.922876216061766,48.74501023260856],[38.91915091323893,48.743397211022305],[38.927058499922424,48.745152139061446],[38.9369157901146,48.74733976414108],[38.93698301318137,48.747341019944656],[38.937049300033536,48.74733354184091],[38.93711206631204,48.74731762138254],[38.937168864921446,48.74729387926834],[38.93721748143879,48.74726324114275],[38.93725602044965,48.747226901506195],[38.937282979444895,48.747186277143314],[38.93729730739719,48.747142951885095],[38.937298445733845,48.74709861485876],[38.937286350109034,48.747054994633],[38.93723285170988,48.74693218247425],[38.93886,48.745814],[38.93795846306615,48.744073827079],[38.938858,48.745812],[38.937231720431484,48.746929585485475],[38.93566569038668,48.74333457080244],[38.93287649198315,48.73693162262923],[38.94373360955299,48.734088663394346],[38.94603196180775,48.73444140986255],[38.94607,48.734451],[38.94608989510727,48.7344503013485],[38.96070607152402,48.73669356262359],[38.96074724817733,48.741005992593635],[38.96074731040359,48.74101250954874],[38.960787402996395,48.745211405886224],[38.9607874124727,48.74521239833947],[38.96079664923587,48.74617976433745],[38.9608143715619,48.74621973506757],[38.96084298116432,48.74625686097434],[38.960881494322955,48.746289865481124],[38.960928586775765,48.746317613723626],[38.960982639252315,48.74633915157312],[38.96104179315266,48.74635373844538],[38.961104014456836,48.746360872766715],[38.961167163667284,48.746360309221316],[38.96362508175335,48.74618664593433],[38.964095,48.746196],[38.96421463120907,48.7461449915371],[38.97891294309408,48.745106487784845],[38.97897391557632,48.74508957537158],[38.97902878018088,48.745065209962185],[38.9790754672836,48.74503431068275],[38.979112215745864,48.7449980431319],[38.97940599020048,48.744636173985064],[38.981218,48.743847],[38.981825748492035,48.741655534059625],[38.98560939384328,48.73699486839024],[38.989543,48.734989],[38.991439,48.730611],[38.998391,48.724269],[38.999209744815616,48.72024205913252],[38.999658964090706,48.71968871423386],[38.999671937046294,48.7196448190925],[38.99967146936044,48.71960009838432],[38.999657579614684,48.71955632551893],[38.9996308186424,48.71951523631448],[38.999592247680326,48.71947846016417],[38.999543396281105,48.719447455423634],[38.99908623437215,48.71921029720751],[38.99804701249958,48.7174736930063],[38.99908529398769,48.719209809371804],[38.99282245184482,48.715960884994274],[38.98521402780707,48.712013923891476],[38.99665577593183,48.711517848298186],[38.996925,48.711604],[38.99756252413663,48.71147853475547],[38.999073546602034,48.71141302191968],[38.999135617358746,48.71139771493285],[38.99919201662692,48.7113747616785],[38.99924060651139,48.71134503223637],[38.999279545153215,48.711309653546635],[38.999307356547774,48.71126996669035],[38.999322986493006,48.71122747605257],[39.002122690708006,48.69817466534008],[39.015716469374695,48.69508611523197],[39.015768463277276,48.695062053754114],[39.015812777912984,48.69503203410922],[39.015847869712644,48.69499710195289],[39.01587251636802,48.694958474052854],[39.015885859405735,48.69491749590521],[39.015887434086906,48.694875594867106],[39.0156231675929,48.692338448095896],[39.015729,48.688642],[39.01491704591666,48.68555917652117],[39.014699594189366,48.683471484890475],[39.01670274994536,48.68075772631371],[39.019584,48.679141],[39.01997361050407,48.676326555213784],[39.02661200074537,48.66733325132349],[39.02662295506213,48.66729200039184],[39.02662212167577,48.667250123485275],[39.02650597398701,48.666537803706696],[39.02748580790611,48.663249643242864],[39.02650522488092,48.666533209529355],[39.025799654040796,48.66220602859321],[39.025799540886915,48.66220533463412],[39.02575109142161,48.66190819990191],[39.025726293108455,48.661868665450406],[39.02569059159795,48.66183295556982],[39.02564528317915,48.66180236683163],[39.025592012944415,48.66177800986418],[39.02553271505803,48.66176076902877],[39.02546954253077,48.661751270310894],[39.02540478904971,48.66174985859262],[39.01015956450603,48.662379244298954],[39.01264174500549,48.658491443609755],[39.01372562751388,48.6580669170596],[39.019155,48.656978],[39.02851,48.653009],[39.032209,48.652876],[39.03426723975527,48.65002134042927],[39.042733530264485,48.646705330553026],[39.07587101944992,48.65185006508354],[39.07592646129441,48.65184955258214],[39.0925992812919,48.65079291777337],[39.098556,48.650892],[39.10200342211537,48.650196933258336],[39.1035150674302,48.65010113320421],[39.12303407742997,48.66021858117967],[39.12309715289842,48.66023459565037],[39.123163777450976,48.66024205436876],[39.126624132441236,48.66039853158454],[39.127309,48.660474],[39.12770097941116,48.66044722659305],[39.141640859156915,48.6610775878066],[39.14156722870138,48.666702090812635],[39.14159606621137,48.666753304685834],[39.143265524828344,48.66887902306395],[39.1432680497696,48.66888223806669],[39.14651709832025,48.67301924520499],[39.14840725213465,48.675425974344535],[39.148455112316164,48.67545798771606],[39.14851167472443,48.67548306032273],[39.14857466990443,48.67550018617073],[39.15081391861615,48.675941785174615],[39.151943,48.676288],[39.15228416185871,48.67623172972074],[39.17401974381678,48.680518172442014],[39.196251377562966,48.70666050097856],[39.19630230522822,48.70669191340058],[39.19636186373496,48.706715818773056],[39.19642755404903,48.706731214038754],[39.19649661983954,48.70673745321944],[39.196566163136715,48.70673427452182],[39.19663326593402,48.70672181132267],[39.196695112631176,48.70670058657219],[39.19674910817943,48.706671490850475],[39.196792986970884,48.706635744997875],[39.19682490790251,48.70659484888762],[39.196985963777145,48.7063232651087],[39.198356,48.705779],[39.199855287225766,48.701484809467885],[39.20063278646731,48.70017373539125],[39.20711341444763,48.69855500671407],[39.21392471811835,48.70209897997633],[39.22035124637476,48.705442751655134],[39.22649805969831,48.70864098552047],[39.229011814603794,48.70994891137484],[39.22678546354894,48.70897720231971],[39.22902198131763,48.70995420119361],[39.23220624175476,48.71161099619128],[39.23226468757712,48.711626805231134],[39.23232655418575,48.711635215433844],[39.23238971060469,48.711635937112426],[39.23245198142919,48.71162894540888],[39.23251122175971,48.71161448115042],[39.23344740868862,48.71131809957988],[39.235993,48.71109],[39.238514476269174,48.709713948313485],[39.239583184606715,48.709375612618175],[39.249494585651014,48.71271993575016],[39.25393748084834,48.72272164717095],[39.253940144636395,48.722727643810124],[39.255416896212836,48.72605206233718],[39.25541747542117,48.72605336623348],[39.25887731324065,48.73384204858954],[39.25861431139668,48.734604178366304],[39.258611064718465,48.73461358662787],[39.256071060457955,48.74197404026874],[39.25607098386532,48.741974262219756],[39.25597051526151,48.742265401298624],[39.255976152218196,48.74231094712217],[39.25599565326343,48.742354797587204],[39.25602821100667,48.742395137100075],[39.25607247744648,48.742430295431156],[39.2561266197798,48.74245881687082],[39.25618839628628,48.74247952050376],[39.25625524914596,48.74249154910561],[39.256324410347034,48.742494404637185],[39.257251683428606,48.74247030694944],[39.258537,48.742744],[39.259901981178004,48.74240143182639],[39.26838758753726,48.742180910497304],[39.270809216077744,48.74993675608131],[39.27081044547711,48.74994069352733],[39.271944490392535,48.75357274406784],[39.270810757260286,48.75276025933265],[39.27194465458174,48.7535732699231],[39.272070531409064,48.75397642062067],[39.272105053132904,48.754016828982145],[39.27215142811574,48.75405170072842],[39.27220767868087,48.75407954872539],[39.27227140598678,48.75409918537028],[39.27233989232873,48.754109773239634],[39.272410217040694,48.75411086080324],[39.272479381054495,48.75410240168084],[39.272544434803024,48.754084756620166],[39.27332385509635,48.75380817921026],[39.274778,48.753683],[39.275335457448584,48.75309436180891],[39.286243715425535,48.74922356480288],[39.292325699461166,48.76072145285464],[39.29236892370788,48.76075892371519],[39.31165281259593,48.774254903615386],[39.311718985640404,48.77427792070028],[39.311791185954576,48.77429086525651],[39.31321040053379,48.77443719824921],[39.314592,48.774807],[39.324549,48.776051],[39.32568975698006,48.77572392514908],[39.32626714471945,48.77578345869467],[39.3263307109755,48.77577811536222],[39.32639163545853,48.77576502419892],[39.32644776388831,48.77574464810685],[39.32649711157859,48.77571770758174],[39.32653793361671,48.77568515523534],[39.32656878656359,48.77564814211032],[39.326588579492125,48.77560797697867],[39.326596612559484,48.77556608006305],[39.326615457207595,48.775172296533],[39.327974,48.773695],[39.32748300451054,48.772108014610836],[39.327972,48.773692],[39.326615678543945,48.775167671421016],[39.32681026441826,48.77110154548268],[39.32693722105466,48.768448620782294],[39.32930199720596,48.767651960393174],[39.332378814165445,48.766900107838495],[39.351078208538965,48.768771355002244],[39.35114409460352,48.768765125638936],[39.35120688613484,48.76875057277268],[39.35126418704134,48.76872825173401],[39.35131381075842,48.768699014282305],[39.351353863688225,48.76866397610207],[39.35180187764512,48.7681785274516],[39.354504,48.766831],[39.35402193100086,48.765772973140386],[39.35421454656718,48.765564263198904],[39.35423100519377,48.76551826105491],[39.35423249291601,48.765471007196865],[39.35421894388165,48.76542459458672],[39.354190958241375,48.7653810789203],[39.35414977556036,48.765342387577604],[39.35196837924117,48.76369362084772],[39.35196358009332,48.763689993503505],[39.35110644613387,48.76304214517674],[39.35110170837624,48.763038564233156],[39.34351454044796,48.75730394831574],[39.34458392747371,48.75470983937512],[39.347029,48.750214],[39.34709325344292,48.74862274015385],[39.34957082152561,48.74261267891357],[39.35646769387164,48.738069776903956],[39.358194,48.737008],[39.35821330426664,48.73691996049826],[39.35915262881583,48.73630123665242],[39.35918364502122,48.73626398398122],[39.359203464677556,48.73622354461164],[39.359211378024966,48.73618136677031],[39.359207101698985,48.73613896093884],[39.35919078887421,48.7360978457599],[39.35861944785267,48.73506769231246],[39.35887499784541,48.7339022248824],[39.35861873317671,48.73506640371972],[39.357100500979136,48.73232896307854],[39.35711999652318,48.732346234271525],[39.3571004963866,48.732328954798],[39.35413762406721,48.72698676332381],[39.37166117338384,48.71992581923763],[39.372606,48.719872],[39.37349476799477,48.71918699008889],[39.374415690594205,48.71881591326736],[39.37446132453908,48.71878129428455],[39.37449534258975,48.71874127923668],[39.37451632503116,48.71869753815264],[39.37452339619746,48.71865189656298],[39.37451626101264,48.718606259310725],[39.3744952172992,48.71856253105275],[39.37446114334246,48.718522536769854],[39.374415461230406,48.718487945602796],[39.37436007749992,48.71846020119295],[39.37429730356709,48.71844046143427],[39.374095322358635,48.71839295215795],[39.37378708656995,48.717492253588745],[39.37409450042687,48.718392758826184],[39.36669496820494,48.71665226809603],[39.36668881377988,48.71665082047482],[39.35929481069173,48.714911630287155],[39.35928135494511,48.71490846527597],[39.352500482247855,48.7133134933618],[39.35249284618699,48.713311697235675],[39.34730231898799,48.71209080053524],[39.34972489457486,48.708093955792656],[39.350505,48.707639],[39.353673117363044,48.70158004820642],[39.356233685848025,48.697355538249866],[39.35756146380666,48.696694028281264],[39.360313,48.6958],[39.371472908416216,48.68976323143607],[39.37812809388467,48.68644756295278],[39.3897233099956,48.684958046037316],[39.38977868388976,48.68493969135791],[39.38982809612094,48.68491500985482],[39.38986990727069,48.6848848204256],[39.389902730120895,48.684850124711424],[39.38992547567889,48.6848120738632],[39.38993738930678,48.68477193034739],[39.38998501352568,48.684465577881596],[39.390931,48.68376],[39.39028670483024,48.682524887258424],[39.39084482551345,48.67893466254815],[39.403302277495406,48.674069613495355],[39.405823,48.673814],[39.41020545626698,48.67137369274105],[39.41194695171458,48.67069358088591],[39.41198956100375,48.67066428517913],[39.41202348230909,48.67063039999557],[39.412047605894756,48.670593033907785],[39.41240164527545,48.669866467014025],[39.413872,48.668429],[39.41359372279744,48.66742006102225],[39.413863791089234,48.666865821323015],[39.41386490377719,48.66682160766503],[39.413852877196426,48.66677810709562],[39.41382817764878,48.66673700612577],[39.408437389864744,48.65983788030114],[39.41086908627922,48.65786948554467],[39.417298643237096,48.65741428995947],[39.420748,48.658225],[39.432325,48.656751],[39.43430531115005,48.65621026296295],[39.44269324940669,48.65561641917428],[39.446504,48.656303],[39.45128525355353,48.65500812806164],[39.45247739996775,48.65492372725639],[39.452541234360865,48.65490515313074],[39.45259798653238,48.65487836364212],[39.452645267380866,48.65484448655626],[39.452681086533566,48.6548049480052],[39.45270393613437,48.65476141244952],[39.45271285431673,48.6547157126078],[39.452707465690295,48.65466977230376],[39.452601757197456,48.65428620133452],[39.45338419586452,48.65281350815132],[39.452600806245705,48.65428275073681],[39.4519255056099,48.65183237317072],[39.44993340856161,48.64460390386719],[39.4544249921983,48.63998548367602],[39.46352676866167,48.63866339473913],[39.465815,48.638667],[39.467531344788696,48.63808170545949],[39.468817815370315,48.63789483770566],[39.468877630757426,48.63787216494294],[39.46892928902034,48.63784198008436],[39.4689706633855,48.63780552585179],[39.46900005048203,48.63776430307658],[39.46901624046781,48.637720008908566],[39.46901856683475,48.637674466942805],[39.469006933843524,48.637629552141384],[39.46898182045908,48.63758711364116],[39.46578647516605,48.63347488986318],[39.46747589650774,48.628808938373176],[39.488109484562905,48.63096852216885],[39.48811028923382,48.630968606388535],[39.51550000697729,48.63383531044644],[39.5116376,48.6357039],[39.51047913114099,48.63552169671149],[39.511638,48.635704],[39.515500136792625,48.63383532403337],[39.516595122289665,48.63394992906133],[39.5166636790441,48.633943111661914],[39.516728715469505,48.63392724112148],[39.5167875246409,48.63390297799959],[39.5168376588314,48.63387133216854],[39.51687703139247,48.633833620779335],[39.516904003602924,48.633791413438175],[39.51691745287249,48.633746466875635],[39.51704911585983,48.632805628470926],[39.51704914261068,48.63280543731445],[39.51777291399516,48.6276335060942],[39.51777305435699,48.627632503095604],[39.51790797131629,48.62666841243252],[39.51788886143515,48.62661883013853],[39.51785326808917,48.62657339363495],[39.513351315838236,48.62214751028555],[39.51529247743583,48.62068104909808],[39.52953673922232,48.609920143318796],[39.529537814771004,48.609919330789644],[39.530127411977894,48.609473916342324],[39.530155015415275,48.60943294727959],[39.53016975565799,48.60938916852508],[39.53017104484118,48.60934432614703],[39.53015883158273,48.60930020863051],[39.530133603027,48.609258575545745],[39.524945966650634,48.60268735539263],[39.534460028027056,48.5969054653421],[39.53449157823329,48.59687284101238],[39.534514184594954,48.59683711702965],[39.53452717491676,48.59679935566963],[39.53535153604406,48.59282714395446],[39.53534254523148,48.59278571622999],[39.53532208858805,48.59274611126873],[39.53529087659101,48.59270970453583],[39.53524999324047,48.59267776042034],[39.53520085841031,48.592651388324484],[39.5351451785357,48.59263150413559],[39.52962912549722,48.591081372558435],[39.53097539943824,48.58592024545278],[39.5489687854426,48.58619241578062],[39.548725760328416,48.59589715578338],[39.54874674186394,48.59594224095993],[39.54878150035233,48.59598343294191],[39.54882850226478,48.59601891432052],[39.5488856738744,48.59604711963786],[39.54895049274838,48.59606680445755],[39.550309380249644,48.596369396519655],[39.554981,48.598295],[39.56178255875193,48.59892420163684],[39.56352361072912,48.599311892676404],[39.56359354475593,48.599312621480976],[39.563662221232526,48.59930385995484],[39.563726726859386,48.59928597976765],[39.56378432527367,48.599259739408026],[39.563832573130625,48.59922625200684],[39.563869423752834,48.59918693811604],[39.56974152768895,48.59117372220867],[39.56975223838512,48.59113182167547],[39.56975082416005,48.591089336763766],[39.569737335680074,48.59104778864064],[39.56971225592623,48.591008664927934],[39.564562336451395,48.58470998527225],[39.57426893097063,48.582001852023396],[39.580242474528134,48.585683143218425],[39.58024528659411,48.58568487619879],[39.587085505093015,48.589900269606346],[39.587087340494705,48.58990140070182],[39.59121280490897,48.59244378374087],[39.59127949159296,48.592463809481075],[39.59135111960939,48.59247391110974],[39.600647935610574,48.593098686961625],[39.60071598769663,48.593089299524486],[39.600779723006795,48.59307094227714],[39.600836470054205,48.593044384671494],[39.600883850277825,48.59301073987953],[39.60091987774172,48.592971418132855],[39.601404292704785,48.592293802164306],[39.601404722707734,48.59229320066169],[39.605948870580995,48.58593669354043],[39.6059491374092,48.58593632029215],[39.60620819267709,48.58557394505678],[39.606217595087784,48.58552867599882],[39.606212951102314,48.585483085044466],[39.60619445301291,48.58543905960019],[39.60616286664923,48.58539842225761],[39.606119499668736,48.58536285534153],[39.59729494755418,48.579469303837364],[39.60127811067687,48.57516736004244],[39.6108602795893,48.57429348022143],[39.61632984847123,48.57993412758713],[39.62315269482419,48.586970380560295],[39.62335685133614,48.58718092272846],[39.62340602211339,48.58720905133051],[39.6234623964435,48.58723046503098],[39.623523907456715,48.58724437872968],[39.62358829994794,48.58725028230188],[39.623653213063015,48.587247959301905],[39.62371626685912,48.58723749489909],[39.62377514956521,48.58721927275509],[39.62382770234261,48.5871939609569],[39.63351194255867,48.58151549770968],[39.671295456062936,48.58946401538638],[39.67137011498604,48.589462905071294],[39.68719239607162,48.588066086728674],[39.687101,48.589208],[39.682672,48.592689],[39.679362,48.591808],[39.678799,48.590094],[39.676478,48.590863],[39.676018,48.594721],[39.678178,48.59586],[39.679654,48.595476],[39.680608,48.596402],[39.678671,48.59812],[39.676001,48.59795],[39.675274,48.59694],[39.671427,48.595451],[39.668806,48.596567],[39.668158,48.601311],[39.670944,48.603218],[39.670576,48.604588],[39.667113,48.605231],[39.663374,48.604922],[39.661023,48.606551],[39.660623,48.60909],[39.6679888,48.6213132],[39.671535,48.624331],[39.680063,48.629498],[39.687768,48.632823],[39.69424,48.637614],[39.69377,48.643208],[39.69153,48.644962],[39.691241,48.646322],[39.693715,48.649408],[39.70227,48.653309],[39.7054403,48.6565483],[39.7064362,48.6568874],[39.7092384,48.6545615],[39.7114863,48.6556365],[39.709526,48.662254],[39.711308,48.667218],[39.710291,48.668063],[39.7045764,48.6666239],[39.702902,48.667225],[39.701721,48.669404],[39.704033,48.671485],[39.712113,48.674652],[39.713498,48.676128],[39.714196,48.680225],[39.721986,48.682727],[39.722967,48.684162],[39.718497,48.687429],[39.716681,48.689934],[39.718827,48.693317],[39.715965,48.695208],[39.720211,48.697203],[39.717876,48.703361],[39.713158,48.700835],[39.704492,48.706805],[39.712561,48.71167],[39.712262,48.715916],[39.704838,48.721463],[39.725463,48.72709],[39.726615,48.729372],[39.722706,48.731886],[39.725599,48.737681],[39.725011,48.740452],[39.731647,48.742096],[39.732192,48.744333],[39.733628,48.744907],[39.737309,48.743188],[39.739365,48.743631],[39.738736,48.747477],[39.736921,48.748898],[39.736376,48.752183],[39.740082,48.766418],[39.755303,48.767977],[39.76094,48.763862],[39.766204,48.764237],[39.768551,48.76631],[39.76866,48.769329],[39.766036,48.771031],[39.76363,48.771034],[39.765451,48.778079],[39.773495,48.784419],[39.780194,48.786082],[39.785854,48.799158],[39.797126,48.840576],[39.804672,48.843576],[39.808044,48.83948],[39.807503,48.838581],[39.827832,48.831465],[39.830439,48.833554],[39.886255,48.820946],[39.936737,48.800795],[39.976403,48.793903],[40.078831,48.869867],[40.071286,48.876975],[40.055495,48.910098],[40.031195,48.915801],[40.00398,48.900793],[39.99343,48.868286],[39.950652,48.875459],[39.940309,48.886691],[39.924336,48.895717],[39.853161,48.890737],[39.845802,48.902911],[39.836789,48.903052],[39.834653,48.891944],[39.828093,48.887404],[39.818786,48.895506],[39.818635,48.905788],[39.805377,48.914842],[39.782372,48.915745],[39.790097,48.938471],[39.776879,48.946025],[39.775576,48.955491],[39.75779,48.966535],[39.748412,48.979267],[39.75208,48.986592],[39.747268,48.987412],[39.7303802,48.9782018],[39.717623,48.982354],[39.71677,48.987067],[39.707619,48.99359],[39.705674,48.997642],[39.699288,49.00097],[39.693269,48.999302],[39.691124,48.99629],[39.67693,48.989538],[39.663411,49.000872],[39.670277,49.003148],[39.679204,49.012886],[39.673658,49.014934],[39.675663,49.026888],[39.681736,49.028733],[39.683582,49.036925],[39.673217,49.03933],[39.682089,49.045779],[39.693366,49.05054],[39.74032,49.04222],[39.766623,49.040132],[39.787133,49.049358],[39.803143,49.059202],[39.880305,49.06432],[39.910263,49.057462],[39.937951,49.056277],[39.942532,49.071347],[39.938169,49.082798],[39.958701,49.105564],[39.972108,49.124488],[40.031575,49.180241],[40.07613,49.186828],[40.10829,49.210883],[40.137226,49.239885],[40.188228,49.238626],[40.21437,49.244887],[40.219264,49.265172],[40.185745,49.284288],[40.18404,49.303985],[40.188526,49.307443],[40.196814,49.345228],[40.176429,49.356618],[40.170182,49.3564],[40.159805,49.366018],[40.162603,49.367837],[40.156906,49.372669],[40.105631,49.391292],[40.0475347,49.4445276],[40.02919,49.453599],[40.04176,49.499103],[40.037599,49.519895],[40.168435,49.568921],[40.135258,49.616254],[40.063538,49.599233],[40.056729,49.606573],[39.952223,49.596549],[39.934601,49.572783],[39.890224,49.558359],[39.838914,49.563518],[39.805312,49.55805],[39.750232,49.596719],[39.714635,49.606479],[39.696747,49.604291],[39.686926,49.611558],[39.659995,49.614811],[39.638379,49.6351],[39.613305,49.691362],[39.59136,49.719134],[39.610109,49.733798],[39.533835,49.740848],[39.478761,49.756475],[39.438201,49.760006],[39.412062,49.753111],[39.376963,49.738424],[39.307924,49.753044],[39.28556,49.755666],[39.27547,49.768026],[39.264639,49.76848],[39.250371,49.777802],[39.239146,49.798226],[39.228992,49.808432],[39.225656,49.840184],[39.188395,49.886222],[39.178402,49.888001],[39.130738,49.861568],[39.110366,49.837773],[39.069763,49.818731],[39.066233,49.815349],[39.033522,49.822372],[39.02166,49.82091],[38.984906,49.807783],[38.971138,49.807221],[38.949095,49.796102],[38.94035,49.800888],[38.930753,49.797174],[38.927811,49.798576],[38.9287,49.803888],[38.920357,49.804946],[38.916163,49.812724],[38.919124,49.814665],[38.909372,49.81917],[38.907392,49.828412],[38.913507,49.82863],[38.915094,49.831059],[38.911398,49.834589],[38.913878,49.836114],[38.912225,49.844315],[38.906706,49.845044],[38.90505,49.849149],[38.918648,49.8579],[38.916488,49.859925],[38.909338,49.860103],[38.898467,49.870416],[38.876416,49.869423],[38.869398,49.864488],[38.856713,49.869139],[38.849104,49.865103],[38.836346,49.867366],[38.8320172,49.8767018],[38.794958,49.88331],[38.79015,49.87851],[38.777683,49.88532],[38.768232,49.896044],[38.743847,49.897307],[38.733846,49.905025],[38.723247,49.927005],[38.6929,49.934766],[38.6853,49.960344],[38.715315,49.982384],[38.715136,49.98771],[38.687546,50.008152],[38.679052,50.005448],[38.676054,49.992814],[38.679731,49.974494],[38.666941,49.972156],[38.646196,49.955937],[38.616078,49.97439],[38.58157,49.977416],[38.526715,49.958271],[38.507898,49.96403],[38.487706,49.963602],[38.4833,49.976528],[38.47752,49.983271],[38.465914,49.983961],[38.46804,49.995247],[38.434095,50.001019],[38.416008,49.981338],[38.397563,49.990585],[38.349575,50.006444],[38.354164,50.019048],[38.3512,50.034741],[38.333976,50.059093],[38.329442,50.08551],[38.313196,50.088337],[38.301154,50.087142],[38.291493,50.079436],[38.275781,50.07344],[38.25406,50.072508],[38.178568,50.079969],[38.185066,50.055692],[38.183827,50.045832],[38.187923,50.04072],[38.188245,50.023603],[38.1858237,50.0225529],[38.217126,49.987182],[38.196332,49.969759],[38.162402,49.951496],[38.171565,49.941901],[38.126682,49.92215],[38.124994,49.942552],[38.056464,49.923247],[38.033921,49.904761],[38.012367,49.918497],[38.043687,49.932897],[38.005373,49.967245],[37.999075,49.963601],[37.980562,49.976794],[37.965809,49.979304],[37.962041,49.982918],[37.939445,50.015581],[37.9305715,50.0160342],[37.9238385,50.0154807],[37.9221125,50.0162524],[37.9131768,50.0148177],[37.9123006,50.0078667],[37.9134054,50.0068228],[37.910757,50.003572],[37.8952055,50.0075726],[37.8925795,50.0043596],[37.8955754,50.0034912],[37.892271,49.995688],[37.891372,49.989483],[37.886912,49.988883],[37.88546,49.981438],[37.879411,49.980971],[37.874907,49.981938],[37.855187,49.974597],[37.854856,49.971257],[37.829987,49.973632],[37.817461,49.959572],[37.819181,49.957566],[37.817811,49.956443],[37.808376,49.953692],[37.808337,49.950742],[37.802781,49.948025],[37.801907,49.946959],[37.804638,49.946003],[37.802204,49.943098],[37.793004,49.940646],[37.788634,49.937398],[37.786309,49.938492],[37.780202,49.93554],[37.773713,49.929327],[37.775018,49.921524],[37.771121,49.913478],[37.7685905,49.9125778],[37.7535285,49.913556],[37.7471775,49.9125705],[37.7492381,49.9082686],[37.7443477,49.9005486],[37.738516,49.8977124],[37.7329278,49.9005174],[37.7082321,49.8926171],[37.7063677,49.8941717],[37.7018286,49.8929519],[37.7010675,49.8957096],[37.7035231,49.8975993],[37.7020473,49.8991662],[37.6989405,49.8996274],[37.6940245,49.8910215],[37.6859762,49.8847201],[37.6794752,49.8748788],[37.6832967,49.8639353],[37.6763857,49.864074],[37.6706764,49.8627186],[37.6707119,49.8592157],[37.6727219,49.8562383],[37.6813764,49.8550976],[37.6845516,49.8510757],[37.6801793,49.8485128],[37.6750869,49.8487189],[37.6731845,49.8515059],[37.6660965,49.8531483],[37.6487652,49.8550717],[37.6489959,49.8531052],[37.6595824,49.8497977],[37.6648749,49.8436605],[37.6691368,49.8429473],[37.6726954,49.8394004],[37.6748668,49.8315227],[37.6667879,49.828848],[37.6338847,49.8248755],[37.6297118,49.8230344],[37.6268686,49.8203864],[37.622395,49.8205625],[37.6230829,49.8241867],[37.6170778,49.8247906],[37.6157104,49.8234517],[37.6183822,49.8177283],[37.6169933,49.8111039],[37.6096666,49.8025407],[37.6121405,49.7985356],[37.6243994,49.7936988],[37.6314957,49.7854541],[37.6264601,49.7781724],[37.633269,49.7761005],[37.6467386,49.7804454],[37.6579446,49.7793822],[37.666195,49.774498],[37.6720404,49.7671743],[37.677727,49.7634893],[37.689569,49.763034],[37.700237,49.767259],[37.709672,49.764685],[37.717219,49.760289],[37.731469,49.758221],[37.746953,49.757894],[37.759173,49.753462],[37.763958,49.749679],[37.7778709,49.7470144],[37.785384,49.73968],[37.794385,49.736725],[37.804329,49.735322],[37.81084,49.740881],[37.831842,49.740466],[37.843778,49.733858],[37.840488,49.731728],[37.843161,49.728888],[37.840806,49.725637],[37.842632,49.724289],[37.885402,49.705914],[37.901884,49.703209],[37.903211,49.693762],[37.894796,49.685008],[37.892407,49.67743],[37.881858,49.674164],[37.883661,49.662999],[37.885536,49.659628],[37.889758,49.658469],[37.890805,49.650614],[37.885241,49.6509],[37.879635,49.649599],[37.878999,49.648504],[37.873369,49.648036],[37.873472,49.647149],[37.884046,49.643734],[37.8754319,49.6238223],[37.847763,49.607847],[37.787941,49.607704],[37.789024,49.603152],[37.803024,49.603214],[37.804075,49.594326],[37.790894,49.594665],[37.790625,49.592201],[37.796328,49.590543],[37.79249,49.580292],[37.7721643,49.5749122],[37.7705703,49.5721381],[37.7612521,49.5695864],[37.7538315,49.5634959],[37.7538385,49.5617803],[37.7606685,49.5592012],[37.7596029,49.5561771],[37.7318293,49.5571717],[37.7153675,49.5563607],[37.7017524,49.5529328],[37.7008501,49.5443336],[37.6960211,49.5411357],[37.6953232,49.530318],[37.6928279,49.5268861],[37.6969683,49.5253315],[37.7007644,49.5148622],[37.6967156,49.5088257],[37.695034,49.502686],[37.6976259,49.5024027],[37.7063034,49.5073888],[37.713266,49.513489],[37.7235744,49.5146237],[37.7337532,49.5108184],[37.7289311,49.5019971],[37.7483262,49.4952016],[37.7625573,49.5037586],[37.7733578,49.5056254],[37.7991651,49.5046294],[37.8082886,49.4913692],[37.7989061,49.4775791],[37.7906522,49.468416],[37.7981455,49.4600918],[37.8010122,49.4516611],[37.7986045,49.4447114],[37.7700665,49.4363492],[37.7726215,49.4341817],[37.8086348,49.4314464],[37.8115875,49.4084649],[37.8495282,49.4072309],[37.846639,49.3866555],[37.8471391,49.3812728],[37.8622302,49.3804157],[37.8756474,49.3776019],[37.8906119,49.3820535],[37.9163733,49.3827975],[37.9157302,49.3725213],[37.9252775,49.3678854],[37.9228116,49.3637004],[37.926805,49.3618147],[37.9341414,49.3680762],[37.949072,49.362706],[37.954308,49.361588],[37.949573,49.353118],[37.947628,49.351399],[37.941921,49.349687],[37.943867,49.346904],[37.941177,49.344568],[37.942329,49.341848],[37.941789,49.338838],[37.950047,49.337701],[37.957295,49.334845],[37.962823,49.334169],[37.964944,49.332475],[37.966392,49.322245],[37.961857,49.317318],[37.961584,49.311489],[37.969378,49.311145],[37.969614,49.303038],[37.962008,49.303265],[37.967716,49.286555],[37.983734,49.28089],[37.98938,49.283586],[37.997847,49.283115],[37.999277,49.28581],[38.002595,49.288282],[38.008788,49.28801],[38.012922,49.285051],[38.006727,49.273896],[38.014016,49.268431],[38.009803,49.261509],[37.9978763,49.2521276],[37.9898521,49.2500146],[37.9743888,49.2400204],[37.9673353,49.2404595],[37.9614703,49.2396706],[37.9575295,49.2340801],[37.9520438,49.2330285],[37.9522658,49.2307164],[37.97143,49.2194694],[37.9649976,49.2002374],[37.9581815,49.1983637],[37.9544302,49.1964174],[37.9569319,49.1952759],[37.9630385,49.1953683],[37.9760129,49.1916208],[37.9762814,49.1752103],[37.9704665,49.1598],[37.963664,49.157664],[37.9647264,49.1479234],[37.9586644,49.1390226],[37.9495153,49.1304535],[37.9334074,49.1202578],[37.9386735,49.1169696],[37.9368466,49.1153365],[37.9204039,49.1151053],[37.9087715,49.1038594],[37.9158514,49.0972198],[37.9197957,49.0907963],[37.9166936,49.0884334],[37.9177115,49.0817984],[37.9321057,49.0822442],[37.9442432,49.0872946],[37.954786,49.1007655],[37.9679569,49.095683],[37.9647186,49.0833132],[37.9874952,49.0757447],[37.993809,49.074533],[37.998925,49.07085],[37.998026,49.066145],[38.002696,49.061513],[38.001823,49.053481],[38.008232,49.039704],[38.003003,49.03906],[38.008864,49.02066],[38.006339,49.018375],[38.00967,49.015013],[38.041265,49.014787],[38.058477,49.013686],[38.05921,49.00791],[38.072416,49.00747],[38.085682,49.004997],[38.091616,48.99911],[38.098026,48.99471],[38.102926,48.985722],[38.105879,48.976208],[38.157073,48.976912],[38.169416,48.97551],[38.200339,48.974727],[38.202165,48.957348],[38.203698,48.957331],[38.203931,48.954594],[38.200313,48.954295],[38.201772,48.949913],[38.205763,48.945023],[38.207094,48.9414],[38.206063,48.939688],[38.21117,48.939329],[38.218938,48.942542],[38.227438,48.943041],[38.23465,48.944666],[38.2405791,48.9414079],[38.2414749,48.9344051],[38.2456348,48.9269435],[38.2510398,48.9203019],[38.2582657,48.9186979],[38.2612003,48.9135404],[38.2668335,48.9105725],[38.270354,48.90747],[38.267509,48.903563],[38.261915,48.901493],[38.262502,48.900157],[38.2531846,48.891694],[38.238919,48.8902996],[38.233854,48.882038],[38.235014,48.877435],[38.228545,48.868924],[38.2294311,48.8643291],[38.242558,48.865034],[38.244884,48.856618],[38.252486,48.842491],[38.2399546,48.8313143],[38.2420494,48.8206943],[38.241633,48.8079385],[38.2316466,48.7957738],[38.2249439,48.7935166],[38.2060917,48.7901739],[38.1915251,48.7865335],[38.1880228,48.7896102],[38.184606,48.790764],[38.1758628,48.7885075],[38.174168,48.7862337],[38.1771302,48.7830476],[38.1782569,48.7730725],[38.1593018,48.7647511],[38.1421778,48.7676056],[38.1290239,48.7674481],[38.1088325,48.7653364],[38.0924818,48.7678926],[38.0822474,48.7711945],[38.0706388,48.7717801],[38.0695618,48.7693353],[38.0699675,48.765454],[38.0741493,48.7611201],[38.060568,48.7490694],[38.0582375,48.7482236],[38.053961,48.747843],[38.0513581,48.7485092],[38.048427,48.747183],[38.042234,48.747044],[38.034627,48.750284],[38.029467,48.750722],[38.027522,48.74731],[38.026323,48.741013],[37.998693,48.738288],[37.99097,48.725148],[37.988396,48.716876],[37.979729,48.707306],[37.962794,48.7011],[37.93865,48.702072],[37.934579,48.703062],[37.9295206,48.7026555],[37.9190656,48.6975365],[37.9123888,48.6956746],[37.910438,48.690366],[37.915522,48.688725],[37.9107748,48.6846255],[37.911087,48.6834025],[37.9012812,48.6790533],[37.8871049,48.6785062],[37.8832782,48.6752424],[37.8889641,48.6716469],[37.8940485,48.6634029],[37.8856742,48.6543223],[37.8697595,48.6516372],[37.8652311,48.6459388],[37.8499208,48.6478501],[37.8456999,48.6360879],[37.835466,48.6359546],[37.83477,48.6317756],[37.8459177,48.6275963],[37.8468251,48.6191209],[37.8438657,48.6183991],[37.8410562,48.6132006],[37.8435921,48.6079352],[37.8386755,48.6053626],[37.8244724,48.6007811],[37.8169431,48.5997278],[37.8133931,48.5976688],[37.813675,48.5953943],[37.8085588,48.5936042],[37.8086354,48.5921262],[37.8279529,48.5945309],[37.8385736,48.5881642],[37.8365728,48.5847599],[37.8370608,48.5823265],[37.8487066,48.5752082],[37.8545943,48.5684716],[37.8532328,48.5554899],[37.8583943,48.5545789],[37.8570198,48.5472424],[37.8646376,48.5471554],[37.865217,48.5430908],[37.8794223,48.5374031],[37.8892734,48.5379419],[37.9143486,48.5289861],[37.9188495,48.5172863],[37.9361822,48.5131335],[37.9382367,48.4984033],[37.9505746,48.4945111],[37.9502938,48.4889329],[37.9410757,48.4866748],[37.9444342,48.4778618],[37.956586,48.460819],[37.956943,48.458893],[37.940427,48.452091],[37.940228,48.449226],[37.952923,48.429599],[37.951222,48.42725],[37.9407248,48.4240612],[37.9397575,48.4222287],[37.9411077,48.4196409],[37.9316411,48.4184117],[37.928969,48.4148738],[37.9120523,48.4108804],[37.9111501,48.4100892],[37.909132,48.4105799],[37.9084863,48.4098805],[37.9027746,48.4113302],[37.9001258,48.4080151],[37.8919066,48.4070316],[37.8901821,48.4018788],[37.886192,48.4010281],[37.8744667,48.3997357],[37.8683863,48.4006494],[37.866623,48.3999402],[37.8617484,48.4024519],[37.8580756,48.4030261],[37.8553224,48.4007447],[37.8549836,48.3985512],[37.8520685,48.3981251],[37.850139,48.3987141],[37.84685,48.3974974],[37.8447731,48.3996107],[37.8426252,48.4002973],[37.8474881,48.4045982],[37.8456571,48.4053726],[37.84678,48.4064578],[37.8494747,48.4056038],[37.85138,48.4065015],[37.8494658,48.4065019],[37.846601,48.407981],[37.8418797,48.4040556],[37.8361734,48.4054272],[37.8373066,48.4073709],[37.8362256,48.4077258],[37.8344928,48.4055297],[37.8316811,48.4068302],[37.8295769,48.4058984],[37.8319329,48.4024706],[37.834246,48.4010086],[37.8324353,48.3998083],[37.8382033,48.3966151],[37.8380918,48.395673],[37.8454919,48.3919368],[37.8434259,48.3891943],[37.8398654,48.388983],[37.8339795,48.3962687],[37.8243208,48.4016361],[37.8229712,48.4033544],[37.8246148,48.4046356],[37.82225,48.4038636],[37.8187497,48.4067495],[37.8172079,48.4097701],[37.8164017,48.4094341],[37.8178793,48.4069674],[37.8176071,48.4046581],[37.8162324,48.404007],[37.8170475,48.4035594],[37.8194075,48.4042513],[37.8206942,48.4023303],[37.8172394,48.3996054],[37.8262082,48.3962639],[37.8252607,48.3904458],[37.8319421,48.3872347],[37.8316988,48.3831842],[37.8422271,48.3824397],[37.8420215,48.3803306],[37.8395883,48.3805444],[37.8399705,48.3774234],[37.8384685,48.3754707],[37.8402833,48.3740261],[37.838901,48.372225],[37.8462977,48.3705559],[37.851891,48.3646574],[37.8705267,48.3543096],[37.8599687,48.3490018],[37.8521984,48.3489622],[37.8511228,48.3508618],[37.8385432,48.3531159],[37.8301972,48.3621841],[37.8212606,48.3617706],[37.8157144,48.3592468],[37.8221541,48.3490654],[37.8091859,48.3400242],[37.8043922,48.3394407],[37.799766,48.3485667],[37.7831052,48.3479085],[37.7842125,48.3443855],[37.7908126,48.3423455],[37.7886663,48.3321821],[37.794666,48.327944],[37.7967536,48.3120743],[37.7884667,48.3048727],[37.7887635,48.2991548],[37.7935612,48.2955236],[37.8053483,48.2961362],[37.8090843,48.2727003],[37.788929,48.27134],[37.7818166,48.2663306],[37.7701003,48.2668012],[37.7640276,48.2629127],[37.760959,48.2575949],[37.7546493,48.2563026],[37.7487912,48.2513746],[37.7395,48.2464744],[37.7263291,48.2458096],[37.7232417,48.2541568],[37.735645,48.2642152],[37.7348512,48.2662726],[37.7096093,48.2658049],[37.690753,48.2645265],[37.6706937,48.2718296],[37.6583772,48.2722153],[37.643657,48.273901],[37.6329988,48.2704582],[37.6327003,48.2740225],[37.6158136,48.2766628],[37.6175286,48.2865592],[37.6062298,48.2883881],[37.6028704,48.2880469],[37.5992533,48.2856924],[37.5713905,48.2969714],[37.578493,48.3042877],[37.5785577,48.3203934],[37.5821251,48.3243909],[37.5797608,48.3293767],[37.5774744,48.3304376],[37.5735573,48.3278464],[37.5681264,48.3284843],[37.5536195,48.3147515],[37.5315345,48.3249982],[37.5207877,48.3313762],[37.4948776,48.3204134],[37.4960792,48.3182445],[37.4911406,48.3166185],[37.4846183,48.3229767],[37.4786955,48.3272229],[37.4752563,48.3289209],[37.4705477,48.3276497],[37.473472,48.3251309],[37.477941,48.3237533],[37.4824515,48.3200952],[37.4772004,48.3155236],[37.4788067,48.3133602],[37.4839072,48.3138284],[37.4837721,48.2968265],[37.4797539,48.294703],[37.475903,48.2879191],[37.4608985,48.2850247],[37.4553543,48.2868793],[37.4477497,48.2856495],[37.4212214,48.2886363],[37.4197822,48.2823961],[37.4126114,48.2815673],[37.4016367,48.2754269],[37.401306,48.2733991],[37.3937056,48.2659467],[37.3838713,48.2660899],[37.3734146,48.2636904],[37.3661341,48.262948],[37.3531066,48.258296],[37.3470471,48.2584789],[37.3404044,48.2538758],[37.3360486,48.2573047],[37.3315209,48.2575905],[37.3299331,48.2532472],[37.3251098,48.2527453],[37.3229129,48.2543519],[37.3172581,48.253964],[37.3173921,48.2524698],[37.3153442,48.2502959],[37.3163862,48.2467503],[37.3120319,48.2453175],[37.3133549,48.2363496],[37.3082945,48.2349453],[37.3091993,48.2316827],[37.3082838,48.230975],[37.3061234,48.2322111],[37.3049113,48.2313626],[37.3063171,48.2300567],[37.3026646,48.2239285],[37.2857036,48.2206925],[37.2796179,48.2212416],[37.2771002,48.2154686],[37.2594774,48.2159288],[37.2508465,48.2115223],[37.2363859,48.213725],[37.2316071,48.2109691],[37.2221076,48.2103866],[37.2177861,48.2149981],[37.2174262,48.2164062],[37.2197914,48.2166919],[37.219801,48.2174493],[37.2165973,48.2167605],[37.2169373,48.2148984],[37.211254,48.2139266],[37.2075265,48.2163793],[37.1863602,48.2177387],[37.1820382,48.218837],[37.1748204,48.224716],[37.1712075,48.226478],[37.1591744,48.2254271],[37.1557943,48.2259559],[37.1462131,48.2231887],[37.1449157,48.2262748],[37.1377816,48.226759],[37.134074,48.2327741],[37.1234561,48.2377877],[37.118949,48.2358256],[37.1222536,48.2319533],[37.1052446,48.231265],[37.1033483,48.2333239],[37.104027,48.2385843],[37.1140974,48.2475234],[37.1112929,48.2490887],[37.1005062,48.2478247],[37.0983025,48.2490751],[37.1041727,48.2547211],[37.1006879,48.2566525],[37.0886819,48.2535761],[37.0828572,48.2475839],[37.0743816,48.2487863],[37.0693383,48.2524457],[37.0790073,48.2587337],[37.0784632,48.26085],[37.0726105,48.2649967],[37.0596296,48.2641376],[37.0616639,48.2562165],[37.0494001,48.2498003],[37.0462899,48.2494034],[37.0404211,48.246768],[37.0377389,48.2472699],[37.0331575,48.2461208],[37.0191496,48.2454951],[37.0152528,48.2431417],[37.0075369,48.2405024],[37.0076247,48.2382363],[37.0058223,48.2372645],[36.9931941,48.2221279],[36.9933141,48.2208493],[37.0186683,48.2220854],[37.0221267,48.2129488],[37.0263875,48.2125844],[37.0290989,48.2075414],[37.0283086,48.2039828],[37.0290076,48.1979701],[37.0277326,48.196448],[37.0320022,48.1777619],[37.0254757,48.1751975],[37.0288139,48.1412495],[37.0123936,48.1434518],[37.0091055,48.1413012],[37.0073331,48.1375629],[37.0000235,48.1379098],[37.0007891,48.1312094],[36.9779511,48.1290914],[36.9786956,48.1262336],[37.0043519,48.1290917],[37.0070493,48.1217207],[37.0065329,48.1128017],[37.0089925,48.1084496],[37.0045373,48.1062013],[36.9864311,48.1046328],[36.9852413,48.1063649],[36.9835305,48.1059772],[36.9846708,48.1004385],[36.9865926,48.1004491],[36.9869052,48.1025088],[37.0043738,48.1044685],[37.0134022,48.0987678],[37.022661,48.1002629],[37.0278088,48.098638],[37.0299378,48.0931995],[37.0442373,48.093966],[37.0521838,48.083187],[37.0969467,48.0869795],[37.1031157,48.0659706],[37.0787191,48.0654147],[37.0798967,48.0612364],[37.0908709,48.0586023],[37.0928639,48.0390223],[37.0841612,48.0383564],[37.0841014,48.0362444],[37.0814106,48.0336961],[37.0678817,48.0328083],[37.0668814,48.0351259],[37.0422289,48.0339034],[37.0276417,48.0311791],[37.0182015,48.0268103],[37.0184595,48.0251141],[37.0310919,48.0262379],[37.0321444,48.0209458],[37.0350611,48.0204435],[37.0408849,48.0214349],[37.0377824,48.0263873],[37.0493443,48.0292025],[37.065082,48.0304133],[37.0731071,48.0302841],[37.0805315,48.0272706],[37.0778278,48.0264956],[37.0703177,48.0218028],[37.0630104,48.0215081],[37.0619742,48.0200037],[37.0594296,48.0195209],[37.0498922,48.0210707],[37.0479307,48.0189131],[37.0530823,48.0170444],[37.0565416,48.0192121],[37.0591778,48.018218],[37.0588006,48.016989],[37.0614276,48.0176258],[37.0650841,48.0164006],[37.064964,48.015118],[37.0694538,48.0142729],[37.0715057,48.0179841],[37.0759776,48.0176489],[37.0756431,48.0184618],[37.0819048,48.0183582],[37.0859469,48.0128235],[37.094593,48.0119654],[37.0909733,48.0034259],[37.0640485,47.9987754],[37.0624682,47.9966756],[37.0495419,47.9959888],[37.0435472,47.9935756],[37.0422793,47.9912661],[37.0491065,47.9891854],[37.0617606,47.9837382],[37.06111,47.9710658],[37.0523045,47.9593053],[37.0499384,47.9394975],[37.0235317,47.9381781],[37.0161025,47.9365672],[37.0073989,47.9368534],[37.0069348,47.9389794],[36.9859135,47.9408473],[36.9830793,47.9312261],[36.9715877,47.9218886],[36.9233783,47.9240148],[36.9162051,47.9108163],[36.8904299,47.9089562],[36.8778214,47.892893],[36.8549457,47.8942337],[36.8540275,47.8989324],[36.8320697,47.9016138],[36.8273563,47.9121313],[36.8139171,47.9179696],[36.8096973,47.9182682],[36.8065628,47.9213507],[36.8006816,47.9209242],[36.7999056,47.9183455],[36.8002426,47.9097364],[36.7982294,47.9063482],[36.787746,47.9074858],[36.7811984,47.911057],[36.7643722,47.9088066],[36.7661666,47.8957253],[36.7576564,47.8925922],[36.7422682,47.889887],[36.7427619,47.887958],[36.7479253,47.8832298],[36.7491403,47.8785589],[36.7277997,47.8767635],[36.72458,47.8736684],[36.7237777,47.8703474],[36.7164484,47.8690386],[36.7155228,47.8680331],[36.7311807,47.8683256],[36.7487636,47.8699463],[36.7523188,47.8638787],[36.7488604,47.8585502],[36.7306585,47.8507308],[36.7310792,47.848147],[36.7010427,47.8428942],[36.7029639,47.8338345],[36.6984346,47.8245607],[36.7027215,47.7995928],[36.6907329,47.7967126],[36.6915537,47.7902188],[36.665946,47.7803767],[36.6285169,47.777943],[36.6208578,47.7843013],[36.6088594,47.7834382],[36.6038158,47.7642894],[36.5912836,47.7618547],[36.593688,47.7513358],[36.5852542,47.74822],[36.5779377,47.7359256],[36.5811244,47.7198943],[36.5738421,47.7175424],[36.555749,47.70034],[36.5537424,47.6878145],[36.5531092,47.6710131],[36.538214,47.668917],[36.521186,47.668959],[36.5076589,47.6544507],[36.4832921,47.6428385],[36.4170491,47.6378498],[36.4030818,47.6436789],[36.3861042,47.6411535],[36.3852517,47.6403692],[36.3860706,47.6361207],[36.3767226,47.6351407],[36.3727825,47.6327431],[36.373645,47.629057],[36.367813,47.628263],[36.3499941,47.6407896],[36.3426187,47.6377224],[36.3460583,47.6330359],[36.3408192,47.6266576],[36.338205,47.618398],[36.310331,47.6057183],[36.2707665,47.5950414],[36.2225906,47.5875224],[36.2243629,47.5780835],[36.2133627,47.5766493],[36.2105165,47.5771254],[36.2046516,47.5821304],[36.128116,47.574827],[36.116706,47.57794],[36.105724,47.578503],[36.087362,47.573854],[36.08291,47.551831],[36.0737337,47.5329318],[36.0671355,47.5262561],[36.0316841,47.5261243],[36.0300099,47.5222894],[36.020784,47.515904],[36.018983,47.5113156],[35.9951705,47.5126051],[35.971276,47.5100656],[35.9680573,47.5067029],[35.9614617,47.4899143],[35.9419428,47.4925534],[35.941736,47.4854486],[35.9232632,47.4847921],[35.9214927,47.4752318],[35.9116146,47.4689173],[35.8961111,47.4659602],[35.8957318,47.4634724],[35.8554209,47.4617802],[35.8490339,47.4593942],[35.8464078,47.4554322],[35.8194384,47.4583628],[35.8019409,47.4585724],[35.8028043,47.4681927],[35.7993754,47.4735194],[35.7906815,47.4808849],[35.7822566,47.4856684],[35.7451416,47.4868222],[35.7463914,47.4898851],[35.731603,47.4907137],[35.7185298,47.4947885],[35.7115039,47.505541],[35.6995239,47.506848],[35.6870634,47.5097609],[35.6704842,47.5022091],[35.654663,47.500962],[35.6346285,47.5004876],[35.6329032,47.502978],[35.6408407,47.5074928],[35.6369349,47.5109636],[35.6236289,47.5058463],[35.6211815,47.507665],[35.6165026,47.5062368],[35.6161569,47.5043081],[35.6131342,47.5043006],[35.592551,47.519323],[35.5672797,47.5284839],[35.5479326,47.52628],[35.539021,47.519038],[35.5152972,47.512315],[35.5094445,47.5069227],[35.4988711,47.5108643],[35.4869806,47.5111117],[35.4882243,47.5019664],[35.471171,47.4965074],[35.454356,47.4999972],[35.4456078,47.5039494],[35.43765,47.5035079],[35.4312031,47.5059976],[35.4226959,47.5058198],[35.4169025,47.5088946],[35.4143695,47.5164307],[35.3841959,47.5154398],[35.3760556,47.5202236],[35.376455,47.5246886],[35.3649692,47.5318681],[35.3659289,47.5351931],[35.3582509,47.5367048],[35.3482117,47.537082],[35.3415297,47.536044],[35.3347217,47.525284],[35.3264255,47.5168163],[35.3135036,47.512683],[35.2993806,47.510983],[35.2808956,47.503398],[35.2736536,47.493721],[35.2807956,47.472193],[35.2644226,47.473907],[35.2026416,47.445003],[35.1486616,47.445686],[35.1022275,47.4510382],[35.0624315,47.448694],[35.0461575,47.437757],[35.0288205,47.418144],[34.9686925,47.389233],[34.9354434,47.391632],[34.8837134,47.406118],[34.8633714,47.420884],[34.8747414,47.437558],[34.8741834,47.449528],[34.8599234,47.451254],[34.8252014,47.464803],[34.7923044,47.467747],[34.7491533,47.492601],[34.7089813,47.490582],[34.6894133,47.494893],[34.6801983,47.510731],[34.6420713,47.544419],[34.6283773,47.54583],[34.6180343,47.544491],[34.5990392,47.53467],[34.5862482,47.521809],[34.5445292,47.532707],[34.5331372,47.530459],[34.5006222,47.499673],[34.4358392,47.496913],[34.4052178,47.500758],[34.3869481,47.513875],[34.3741314,47.5071964],[34.3383711,47.467761],[34.3349111,47.447001],[34.2961021,47.428688],[34.2696791,47.439549],[34.199289,47.412104],[34.145724,47.424467],[34.118345,47.420566],[34.064873,47.424317],[34.0466769,47.417654],[34.0422339,47.410429],[33.9827319,47.230662],[33.9678599,47.211277],[33.9448439,47.197252],[33.9298141,47.1772162],[33.9031259,47.159977],[33.8499508,47.137794],[33.8407868,47.098524],[33.8023168,47.059017],[33.6976678,46.995131],[33.6956098,46.95542],[33.6881588,46.920449],[33.6784458,46.900926],[33.6568158,46.904678],[33.6338217,46.899514],[33.6340277,46.866257],[33.63746,46.8471761],[33.6202977,46.829034],[33.5634722,46.8182091],[33.4702657,46.820961],[33.4029376,46.773597],[33.3895301,46.7827267],[33.3771844,46.7763058],[33.3724696,46.776123],[33.3714076,46.777142],[33.3705596,46.776837],[33.3716106,46.775729],[33.3574455,46.7670354],[33.3588964,46.7640157],[33.3401572,46.7570422],[33.3133962,46.7514766],[33.2863056,46.749398],[33.2543812,46.752574],[33.239884,46.7635404],[33.1978698,46.7675023],[33.153349,46.7627951],[33.1414551,46.7593674],[33.1401905,46.756687],[33.1371655,46.755756],[33.1320618,46.7551279],[33.0904107,46.743645],[33.0819791,46.7380097],[33.0733123,46.7384001],[33.0621896,46.7322653],[33.0541727,46.7314321],[33.0484378,46.7376035],[33.0441725,46.7384806],[33.04052,46.7292259],[33.0248939,46.7245733],[33.0195804,46.717745],[32.9910914,46.714538],[32.9798474,46.710469],[32.9542314,46.711542],[32.9427764,46.713303],[32.9333934,46.717207],[32.9285594,46.718374],[32.9233554,46.718326],[32.9053064,46.711285],[32.8917669,46.698237],[32.8910233,46.6932022],[32.8857311,46.68905],[32.8799589,46.6864742],[32.8750452,46.6868421],[32.8459334,46.6632763],[32.8336319,46.6549499],[32.8170258,46.6458912],[32.8035754,46.6408897],[32.7987104,46.6321159],[32.7843919,46.6280188],[32.7675244,46.6355784],[32.7511208,46.6303085],[32.7199882,46.6317615],[32.6844589,46.6212449],[32.6787383,46.6141517],[32.6890771,46.6064164],[32.6917769,46.6012578],[32.6665008,46.5825337],[32.5823333,46.5551263],[32.5538035,46.541271],[32.5318552,46.5368679],[32.5206882,46.5403559],[32.5145852,46.5410099],[32.5089902,46.5400139],[32.5002652,46.5334449],[32.4891291,46.5273829],[32.4647821,46.5080599],[32.4570671,46.5038109],[32.4483221,46.5028689],[32.4377211,46.5033619],[32.4326891,46.4947589],[32.4316761,46.4891869],[32.4282591,46.4853879],[32.4178411,46.4850379],[32.417638,46.4794622],[32.4013006,46.4719945],[32.3439201,46.4624858],[32.3020961,46.4677989],[32.2564424,46.4771961],[32.2369329,46.4802785],[32.2084966,46.4781547],[32.126377,46.4986617],[32.0788785,46.4992337],[32.0463952,46.4889388],[31.999388,46.4880276],[31.9109057,46.5115562],[31.9049095,46.517962],[31.8987539,46.5186059],[31.8649138,46.5176219],[31.8070708,46.5294639],[31.7569208,46.5479549],[31.6976507,46.5450339],[31.6628557,46.5364049],[31.6314977,46.5405179],[31.5816717,46.5372479],[31.5540826,46.5454649],[31.5305176,46.5576319],[31.5134156,46.5808289],[31.5112956,46.5766899],[31.5216196,46.5616069],[31.5469496,46.5387319],[31.6142447,46.5019459],[31.6942997,46.4403369],[31.7249455,46.4144723],[31.7452095,46.3864323],[31.7738378,46.3711594],[31.7768872,46.3741195],[31.7376658,46.4262219],[31.7202637,46.4333549],[31.7069757,46.4454549],[31.6971237,46.4472639],[31.6969167,46.4575119],[31.7042637,46.4665769],[31.7164527,46.4786779],[31.7420388,46.4853379],[31.7709038,46.4845789],[31.7970178,46.4781389],[31.8921178,46.4568289],[31.9528229,46.4374829],[31.9748439,46.4392309],[32.0022429,46.4534579],[32.0290379,46.4375689],[32.0355679,46.4165919],[32.0090489,46.3641429],[31.9697689,46.3483889],[31.8682748,46.3343839],[31.8234478,46.3371309],[31.7725378,46.3271729],[31.7455888,46.3060499],[31.7477378,46.2981679],[31.7580908,46.2948689],[31.7680158,46.2965449],[31.7745058,46.2939519],[31.7712118,46.2888669],[31.7755438,46.2854899],[31.7751098,46.2822939],[31.7821278,46.2768669],[31.7832868,46.2725389],[31.7771958,46.2681569],[31.7796018,46.2644959],[31.7844068,46.2651129],[31.7845138,46.2688919],[31.7917018,46.2739169],[31.8097238,46.2721229],[31.8143578,46.2694769],[31.8132408,46.2647729],[31.8183038,46.2643399],[31.8346938,46.2661669],[31.8331418,46.2698209],[31.8351908,46.2728569],[31.8476968,46.2679509],[31.8507378,46.2682829],[31.8612198,46.2721719],[31.8708308,46.2658029],[31.8740008,46.2652859],[31.8832878,46.2734449],[31.8950659,46.2807729],[31.9044879,46.2974679],[31.9368189,46.2921709],[31.9437419,46.2855879],[31.9555959,46.2659249],[31.9695109,46.2572369],[32.0285419,46.2456249],[32.0514159,46.2498139],[32.077751,46.2389489],[32.087826,46.2214899],[32.12115,46.2044209],[32.165963,46.1969219],[32.187022,46.1756949],[32.20613,46.1722089],[32.208103,46.1868279],[32.221809,46.1877389],[32.239877,46.1785439],[32.227939,46.1683759],[32.2383866,46.1498051],[32.2260411,46.1318861],[32.3892209,46.0945518],[32.5465374,46.0652942],[32.5748973,46.0637266],[32.6378808,46.0537028],[32.7396149,46.0336126],[32.9120662,46.0104008],[32.9680429,46.0125725],[33.0363766,46.0080341],[33.0700551,46.014197],[33.0496585,46.0277516],[33.0174514,46.0256746],[32.9728824,46.030736],[32.9414071,46.0460889],[32.936279,46.039686],[32.926517,46.031197],[32.9080363,46.0266225],[32.8785745,46.025916],[32.7952785,46.0303099],[32.7193638,46.039073],[32.6200553,46.0603997],[32.5521201,46.0682825],[32.5418471,46.0681868],[32.5396283,46.0734981],[32.5442762,46.0804766],[32.5961414,46.0958488],[32.6466589,46.107865],[32.6770504,46.0998169],[32.7037448,46.1062335],[32.7328476,46.1097869],[32.7584466,46.1190283],[32.8289775,46.111371],[32.8637174,46.1157227],[32.9132757,46.1067933],[33.0296046,46.1132428],[33.0314748,46.1497263],[33.062645,46.1555911],[33.1015746,46.1318733],[33.1404697,46.1276416],[33.1814552,46.1475617],[33.1953058,46.1701366],[33.2228929,46.1570383],[33.2080208,46.1270291],[33.2566584,46.1386509],[33.2840087,46.1250405],[33.3086112,46.1143165],[33.3029958,46.0935952],[33.2780393,46.0945251],[33.2885474,46.0749609],[33.3182342,46.0763028],[33.3183151,46.0991141],[33.3499462,46.093137],[33.3664607,46.0752498],[33.4075754,46.0409617],[33.4370872,46.0401646],[33.4604216,46.0460342],[33.4911413,46.0322404],[33.5101802,46.0284516],[33.4931423,46.0527188],[33.4966987,46.070314],[33.5151162,46.08243],[33.5616884,46.0740552],[33.5139842,46.1075148],[33.5453724,46.1233099],[33.5805716,46.1571784],[33.606399576386515,46.14698863394878],[33.60640914696726,46.14700138196976],[33.606450849080574,46.14703684411166],[33.689516350944224,46.20451915110582],[33.68956826151882,46.204539238525584],[33.689624597475174,46.20455243159083],[33.68968346636793,46.204558287117635],[33.68974289066187,46.20455660840603],[33.68980087416396,46.20454745184758],[33.689855469082254,46.20453112503122],[33.69296006883536,46.203358104283616],[33.73712467554731,46.186671251193715],[33.74060964955972,46.18535451243622],[33.82401565410458,46.187288931134944],[33.82408852199686,46.18727207374131],[34.03842935316851,46.117152147336874],[34.12269885861416,46.108331455840315],[34.12276178669613,46.108308812899864],[34.122816102104885,46.1082772207624],[34.16095965499971,46.08061882339317],[34.2278558383709,46.06102993759903],[34.382602615718916,46.034894917307874],[34.38265900001768,46.03487119190511],[34.38270728400705,46.03484002291695],[34.382745461984825,46.03480270510343],[34.43697276302004,45.96831685869211],[34.47854614708464,45.94722797946985],[34.55590443065609,45.988894222850924],[34.55597148236148,45.98891016906666],[34.556041924201566,45.98891557881486],[34.55611236968568,45.98891019202189],[34.65151378645711,45.974122843141586],[34.70106053327622,45.9593666278401],[34.7011053061172,45.95934195057445],[34.70114312478572,45.95931217593069],[34.75290704193672,45.91042922588409],[34.78301111469288,45.905179900398],[34.783060727991085,45.905160592850706],[34.78310470357409,45.90513552773183],[34.78314167720458,45.905105482631555],[34.796427836814395,45.89214578854447],[34.79644802871258,45.89210461176887],[34.79645643392187,45.89206149782716],[34.80119506242087,45.80488831185769],[34.95822018629442,45.76027916070389],[34.976930170641296,45.7654873006033],[34.8959634,45.89884],[34.8524734,46.009247],[34.8346404,46.115559],[34.8337824,46.200162],[34.9030034,46.236419],[35.0248135,46.256333],[35.0798625,46.276666],[35.1177696,46.314272],[35.1380016,46.348282],[35.1783566,46.362948],[35.1931726,46.370951],[35.2182731,46.4304054],[35.2117588,46.447041],[35.2464475,46.4464048],[35.2680364,46.4322011],[35.2549465,46.4049822],[35.2661022,46.355554],[35.2898036,46.356581],[35.3078947,46.348318],[35.3179197,46.337862],[35.3311927,46.3311579],[35.3174417,46.317067],[35.3000922,46.3144917],[35.2943022,46.3064241],[35.2989867,46.299007],[35.2532032,46.2487007],[35.2090226,46.190401],[35.1368332,46.1620333],[35.0293468,46.1450168],[35.0308253,46.1273641],[34.9912944,46.1045909],[34.978187,46.0766593],[35.0664193,46.0993871],[35.1336065,46.1195453],[35.1886302,46.1514651],[35.2658686,46.250892],[35.3602357,46.354693],[35.4578287,46.441261],[35.5657181,46.4754297],[35.6242655,46.5043364],[35.7239866,46.5868415],[35.8739383,46.6456624],[35.9936152,46.6660587],[36.1146898,46.6566385],[36.1898851,46.66706],[36.2290441,46.650535],[36.2598962,46.61865],[36.1908501,46.534705],[36.1665141,46.527707],[36.1550673,46.5279538],[36.1431422,46.5033058],[36.1717045,46.4981772],[36.2328002,46.5559024],[36.3322034,46.6770342],[36.414958,46.7260118],[36.5366359,46.7585761],[36.7110616,46.7814128],[36.7760999,46.7542565],[36.8108785,46.7303716],[36.8182917,46.7021299],[36.7876141,46.6641502],[36.7492259,46.6430472],[36.7503553,46.6311811],[36.7697679,46.6322195],[36.8049875,46.659181],[36.8380535,46.70579],[36.8685205,46.76572],[36.8974913,46.8109338],[37.0061259,46.8692952],[37.036174,46.8706509],[37.2381602,46.9510306],[37.2828449,46.937346],[37.3161731,46.9142709],[37.3240055,46.891819],[37.2978535,46.8727626],[37.2841756,46.8725455],[37.2855691,46.866901],[37.3089232,46.8701227],[37.3418924,46.8950477],[37.4780681,47.0314305],[37.5285478,47.0775291],[37.574156,47.0853587],[37.6204629,47.086602],[37.6273779,47.09413],[37.6758119,47.077916],[37.6840329,47.076706],[37.6858859,47.080525],[37.71388,47.079862],[37.774395,47.087579],[37.794085,47.083807],[37.821989,47.09092],[37.83805181564222,47.09956504458068]]],[[[38.872334559831394,48.751444224911154],[38.88023864921854,48.75129424233959],[38.879077,48.752476],[38.877618,48.752589],[38.872334559831394,48.751444224911154]]],[[[38.906475890673654,48.74990142870625],[38.91257390676628,48.74636918069446],[38.911135,48.748005],[38.906475890673654,48.74990142870625]]],[[[38.97940959582973,48.74463173259828],[38.98182186836273,48.7416603135735],[38.981216,48.743845],[38.97940959582973,48.74463173259828]]],[[[38.985613577282045,48.73698971526208],[38.99920653406949,48.720246014105264],[38.998389,48.724267],[38.991437,48.730608],[38.989541,48.734987],[38.985613577282045,48.73698971526208]]],[[[39.015621540666814,48.692322828445434],[39.014918009677864,48.68556842931589],[39.015727,48.68864],[39.015621540666814,48.692322828445434]]],[[[39.01670668411026,48.680752396536576],[39.01997080807008,48.6763303517879],[39.019582,48.679139],[39.01670668411026,48.680752396536576]]],[[[39.01373924651011,48.658061582878595],[39.034261907427215,48.65002342895346],[39.032206,48.652874],[39.028508,48.653006],[39.019153,48.656975],[39.01373924651011,48.658061582878595]]],[[[39.092636361564054,48.650790567822604],[39.101983703679885,48.650198182908085],[39.098554,48.650889],[39.092636361564054,48.650790567822604]]],[[[39.19698652542832,48.706322318012866],[39.19984809716239,48.70149693386004],[39.198354,48.705777],[39.19698652542832,48.706322318012866]]],[[[39.233460202806306,48.71131404917009],[39.238500265201814,48.709718447306514],[39.23599,48.711088],[39.233460202806306,48.71131404917009]]],[[[39.313225378483786,48.77443874260218],[39.32568290898435,48.77572321906297],[39.324546,48.776049],[39.31459,48.774804],[39.313225378483786,48.77443874260218]]],[[[39.35180334902501,48.768176933127656],[39.35402184138782,48.765773070241224],[39.354502,48.766828],[39.35180334902501,48.768176933127656]]],[[[39.3445955567992,48.75468162906725],[39.34709094674139,48.748628335728625],[39.347027,48.750212],[39.3445955567992,48.75468162906725]]],[[[39.34972809267765,48.70808867945767],[39.35365093924746,48.70161663838968],[39.350503,48.707637],[39.34972809267765,48.70808867945767]]],[[[39.35757675528887,48.69668640993827],[39.37140077619024,48.68979916830806],[39.360311,48.695798],[39.35757675528887,48.69668640993827]]],[[[39.403311005005904,48.674066205112425],[39.41018229063524,48.671382739690216],[39.405821,48.673812],[39.403311005005904,48.674066205112425]]],[[[39.41730364581235,48.65741393579041],[39.43429272278565,48.656211154185776],[39.432323,48.656749],[39.420746,48.658223],[39.41730364581235,48.65741393579041]]],[[[39.442699426217814,48.65561598187243],[39.4512682334254,48.65500933304158],[39.446501,48.656301],[39.442699426217814,48.65561598187243]]],[[[39.550309786868006,48.59636948706393],[39.56178162825489,48.59892399443719],[39.5549814,48.5982948],[39.550309786868006,48.59636948706393]]],[[[39.69761805721197,48.58714569132955],[39.711697928605055,48.5859026959285],[39.702546,48.587778],[39.69761805721197,48.58714569132955]]],[[[39.72180800770029,48.58520240926321],[39.72750971611052,48.586507942395436],[39.726252,48.586624],[39.723379,48.586216],[39.72180800770029,48.58520240926321]]],[[[39.791086594447115,48.593095666653326],[39.80256154569686,48.58730612180149],[39.800216,48.589553],[39.796119,48.591847],[39.791086594447115,48.593095666653326]]],[[[39.818518218473486,48.58551196060755],[39.82433256196479,48.586281217394664],[39.82236,48.586636],[39.818518218473486,48.58551196060755]]],[[[39.82526307989717,48.58582462269841],[39.822933208391454,48.58041188228861],[39.825482,48.581645],[39.826311,48.584207],[39.82526307989717,48.58582462269841]]],[[[39.85539926788752,48.551116248637406],[39.85783196756455,48.54233057361656],[39.858045,48.545366],[39.85539926788752,48.551116248637406]]],[[[39.86665344120442,48.50820455952937],[39.86256767832867,48.50238645277479],[39.866135,48.504775],[39.86665344120442,48.50820455952937]]],[[[39.846802846608576,48.49831554907223],[39.84670261330459,48.47875809719601],[39.847884,48.495108],[39.846802846608576,48.49831554907223]]],[[[39.89759725589291,48.447639674848794],[39.89715378470967,48.44459976456755],[39.898555,48.445972],[39.89759725589291,48.447639674848794]]],[[[39.91102088010854,48.40156534065123],[39.91823958976012,48.398078550620426],[39.91605,48.40061],[39.91102088010854,48.40156534065123]]],[[[39.91846770637563,48.39721245404208],[39.91208838855337,48.39354292912344],[39.917405,48.39481],[39.91846770637563,48.39721245404208]]],[[[39.93365852504652,48.3809922660637],[39.94117422394307,48.38712679859513],[39.938309,48.387562],[39.935271,48.384697],[39.93365852504652,48.3809922660637]]],[[[39.84555216546805,48.33241832688259],[39.840917771935764,48.32915848473553],[39.845217,48.329499],[39.84555216546805,48.33241832688259]]],[[[39.84084070456781,48.32603807665203],[39.8412699965252,48.31389207713353],[39.8418874,48.3188237],[39.84084070456781,48.32603807665203]]],[[[39.87468522772837,48.30934423719609],[39.88727849951252,48.30899526531014],[39.8873409409153,48.30898077185462],[39.88739793700679,48.30895846111838],[39.88744730124296,48.30892918901265],[39.88748713987113,48.30889407850741],[39.88751592458014,48.30885447654946],[39.88753255112923,48.30881190238824],[39.88753638170662,48.30876798929193],[39.88726065158143,48.30420092297301],[39.89019275201649,48.302800792165584],[39.8878393,48.3045909],[39.88795,48.3094335],[39.87468522772837,48.30934423719609]]],[[[39.90899990332359,48.27657948439819],[39.91189615901862,48.27336724740459],[39.912254,48.273746],[39.911385,48.275269],[39.90899990332359,48.27657948439819]]],[[[39.916510416459204,48.27021206529201],[39.9238728207863,48.27153215512308],[39.921069,48.27166],[39.916510416459204,48.27021206529201]]],[[[39.925271138682604,48.27211160866484],[39.93425478739946,48.27906965579248],[39.934201080288254,48.279113492279976],[39.932875,48.279241],[39.927869,48.276582],[39.925271138682604,48.27211160866484]]],[[[39.95749250551772,48.30164254786891],[39.95855175607826,48.298291129123896],[39.9699240151477,48.29895493154519],[39.97062500519103,48.30256154756196],[39.963011877703366,48.30237401079226],[39.9629498295472,48.30238441442429],[39.962891846788715,48.30240241886328],[39.962840012336436,48.302427377339356],[39.962796188241725,48.30245839327297],[39.962761948809245,48.30249435248167],[39.96273852404258,48.3025339632037],[39.96272675545674,48.30257580250092],[39.96272706584511,48.30261836737445],[39.962739444087376,48.30266012875667],[39.962763445544766,48.302699586440276],[39.962798208028964,48.30273532297112],[39.96284248277168,48.3027660545687],[39.97062856227522,48.30723342846308],[39.966383,48.306776],[39.9637437,48.3034161],[39.95749250551772,48.30164254786891]]],[[[39.973655053788015,48.313468673765094],[39.990120648140746,48.3171592300309],[39.986949,48.317512],[39.982518,48.315704],[39.9789,48.315713],[39.973655053788015,48.313468673765094]]],[[[39.991460895766366,48.31614656475216],[39.99341455985943,48.31006623808177],[39.993222,48.313596],[39.991460895766366,48.31614656475216]]],[[[40.019466222444805,48.25583084000957],[40.019792708520455,48.25294365800708],[40.020776,48.2537796],[40.019466222444805,48.25583084000957]]],[[[40.00998317345495,48.24460411427772],[40.00343636896397,48.239412587750685],[40.00763119720904,48.22420128797238],[40.009557,48.22457],[40.005778,48.2410291],[40.00998317345495,48.24460411427772]]],[[[40.003936840969956,48.22349397069875],[39.94252448388585,48.23047858760993],[39.9424478754081,48.22745952413819],[39.9426232,48.2289716],[40.0029279,48.2233008],[40.003936840969956,48.22349397069875]]],[[[39.78071111027346,48.037227163017434],[39.78533100454601,48.0234064025226],[39.786777,48.025034],[39.78071111027346,48.037227163017434]]],[[[39.807318978793546,48.00576688001149],[39.81509084134283,48.00242518195366],[39.810975,48.004856],[39.807318978793546,48.00576688001149]]],[[[39.82299226945921,47.982874266884714],[39.820088790530164,47.97804699502693],[39.822798,47.979535],[39.82299226945921,47.982874266884714]]],[[[39.81602923075331,47.97043130652428],[39.82635143700357,47.95316575068287],[39.819844,47.967762],[39.81602923075331,47.97043130652428]]],[[[38.714494329183076,47.698843870141445],[38.662108475560544,47.6997803486941],[38.670796,47.698954],[38.714494329183076,47.698843870141445]]],[[[38.29492158342857,47.505383892386256],[38.29012863189988,47.478917964859775],[38.2941,47.490745],[38.29492158342857,47.505383892386256]]],[[[38.301770480072996,47.392615531610375],[38.28904193697482,47.391483943448016],[38.300409,47.391514],[38.301770480072996,47.392615531610375]]],[[[38.24579281602809,47.35065134534189],[38.23214388801177,47.343633126111655],[38.24024,47.346223],[38.24579281602809,47.35065134534189]]],[[[38.222810155721724,47.3327077529145],[38.22693953008592,47.330174859255884],[38.225794,47.332115],[38.222810155721724,47.3327077529145]]],[[[38.32897271692897,47.286864130882606],[38.3270109331364,47.2846975172881],[38.328436,47.284808],[38.32897271692897,47.286864130882606]]],[[[38.32398602272701,47.28088407487065],[38.32643483480424,47.277994298830365],[38.327186,47.279544],[38.32398602272701,47.28088407487065]]],[[[38.32713867484002,47.2771637164878],[38.33337037584641,47.269809856865024],[38.33081,47.275932],[38.32713867484002,47.2771637164878]]],[[[38.33087438035473,47.26470251384903],[38.326360847967905,47.2587900740914],[38.330785,47.263449],[38.330997,47.264575],[38.33087438035473,47.26470251384903]]],[[[38.234310604379814,47.22576355287992],[38.239954865314296,47.220264555550244],[38.240047,47.221361],[38.238255,47.222409],[38.238517,47.22364],[38.236442,47.224262],[38.236145,47.225608],[38.234310604379814,47.22576355287992]]],[[[38.24250182577181,47.215953839123905],[38.238413166360196,47.20853725869591],[38.239657,47.208713],[38.241055,47.210114],[38.24250182577181,47.215953839123905]]],[[[38.23499327380923,47.136581355647],[38.23004416707326,47.12786569667919],[38.231909,47.129692],[38.23499327380923,47.136581355647]]],[[[38.225666295431004,47.11648307429379],[38.19252038393671,47.09693280558051],[38.211502,47.107183],[38.225666295431004,47.11648307429379]]],[[[37.89220498604775,47.1100462670136],[37.87433275038616,47.10654070913963],[37.87958,47.106667],[37.89220498604775,47.1100462670136]]],[[[35.87453384881555,45.46266715660361],[35.84862658876981,45.44745755140373],[35.86369,45.45422],[35.87453384881555,45.46266715660361]]],[[[36.43282630791561,45.4485174573383],[36.43630811037496,45.45141959022065],[36.43401,45.450676],[36.43282630791561,45.4485174573383]]],[[[36.47352192015963,45.45780551789145],[36.49202535366895,45.451860491545645],[36.482062,45.455771],[36.47352192015963,45.45780551789145]]],[[[36.57844300151743,45.441987788747014],[36.59528718794162,45.43935548948828],[36.587036,45.44127],[36.57844300151743,45.441987788747014]]],[[[36.61477986561146,45.42090356752089],[36.608319418364616,45.41300978113191],[36.611498,45.414921],[36.61477986561146,45.42090356752089]]],[[[36.63615733329061,45.391489490170166],[36.64791932494265,45.38375657114338],[36.641199,45.390666],[36.63615733329061,45.391489490170166]]],[[[36.6481026052295,45.382336981873785],[36.635278740641944,45.376048642033425],[36.643211,45.377813],[36.6481026052295,45.382336981873785]]],[[[36.47735949430335,45.32913787553577],[36.49675557122877,45.32020285390527],[36.488837,45.324608],[36.47735949430335,45.32913787553577]]],[[[36.40456230350156,45.2106300795172],[36.40777051799568,45.176377484513594],[36.407734,45.193404],[36.40456230350156,45.2106300795172]]],[[[36.41882340594911,45.16103742261195],[36.42179680115857,45.14762631875074],[36.421428,45.152916],[36.41882340594911,45.16103742261195]]],[[[36.424505356558754,45.13540973964611],[36.425667770881944,45.13016682435235],[36.4258,45.134402],[36.424505356558754,45.13540973964611]]],[[[36.433867788915435,45.1175892929108],[36.45306110261109,45.10671281804716],[36.439699,45.116727],[36.433867788915435,45.1175892929108]]],[[[36.22408446741874,45.0269805323482],[36.20267826770675,45.03237313054695],[36.213493,45.02807],[36.22408446741874,45.0269805323482]]],[[[36.19615977940504,45.033368710840975],[36.08186236667896,45.0467834933006],[36.160037,45.035925],[36.19615977940504,45.033368710840975]]],[[[35.90599560357203,45.01720179949745],[35.89494770197166,45.01306139159295],[35.900286,45.014189],[35.90599560357203,45.01720179949745]]],[[[35.841295035271834,44.998458997549655],[35.82898232392774,45.00397551901729],[35.834801,44.999213],[35.841295035271834,44.998458997549655]]],[[[35.802689582596194,45.046913425025],[35.77871464804775,45.06532953920496],[35.785327,45.057628],[35.802689582596194,45.046913425025]]],[[[35.42547277529804,45.01160645669184],[35.369479494850125,44.99321167744649],[35.395224,44.999343],[35.42547277529804,45.01160645669184]]],[[[35.18912312530334,44.9071198497253],[35.17022281504107,44.90032303976801],[35.177573,44.900936],[35.18912312530334,44.9071198497253]]],[[[34.9391050428059,44.832106037713466],[34.923184701424056,44.828952903854365],[34.935034,44.830042],[34.9391050428059,44.832106037713466]]],[[[34.90511140612041,44.815511854633144],[34.83770980968122,44.81518793954559],[34.845166,44.813296],[34.90511140612041,44.815511854633144]]],[[[34.609488075574276,44.767391572742646],[34.4888371105332,44.72023681653523],[34.544614,44.741006],[34.609488075574276,44.767391572742646]]],[[[34.38893802020218,44.62734598190632],[34.37854552771082,44.612730813833615],[34.38342,44.615877],[34.38893802020218,44.62734598190632]]],[[[33.51629098091677,44.63631305286117],[33.52267656897063,44.63959349347807],[33.52105,44.640258],[33.51629098091677,44.63631305286117]]],[[[33.546695886202016,44.70269391182517],[33.54716616705541,44.72060916913841],[33.545774,44.707798],[33.546695886202016,44.70269391182517]]],[[[33.535059406011506,44.79478947499713],[33.54248345893239,44.8032267895763],[33.540633,44.802652],[33.535059406011506,44.79478947499713]]],[[[33.54650897375964,44.807801721261534],[33.549043617856846,44.81068230277439],[33.547143,44.81013],[33.54650897375964,44.807801721261534]]],[[[33.557994485288475,44.84104098178677],[33.56870336951651,44.83924037284198],[33.561031,44.842318],[33.557994485288475,44.84104098178677]]],[[[33.58287138653146,44.84370836816195],[33.58961439855698,44.846069857275516],[33.586864,44.847],[33.58287138653146,44.84370836816195]]],[[[33.34711931129427,45.17341424499433],[33.32828958864633,45.173023571156115],[33.331548,45.171883],[33.34711931129427,45.17341424499433]]],[[[33.283363796518515,45.14803529912712],[33.258300451858815,45.14760040091305],[33.268036,45.145629],[33.27516,45.145901],[33.283363796518515,45.14803529912712]]],[[[33.147842803652644,45.20303931531643],[33.139726001911086,45.214644961791265],[33.143404,45.20709],[33.147842803652644,45.20303931531643]]],[[[32.64857871565379,45.31393795991389],[32.612597114403535,45.32086132940007],[32.622109,45.317634],[32.64857871565379,45.31393795991389]]],[[[32.50484335368229,45.38237642396622],[32.48025640043358,45.38859626668623],[32.488644,45.384988],[32.50484335368229,45.38237642396622]]],[[[32.54355613288507,45.45831126480298],[32.58422800312408,45.48214957321622],[32.562144,45.470223],[32.54355613288507,45.45831126480298]]],[[[32.602734410850296,45.490179998462395],[32.71944650978829,45.53192837961268],[32.691784,45.523882],[32.602734410850296,45.490179998462395]]],[[[32.797826984278444,45.56319365447909],[32.82500494271275,45.55775739931619],[32.820317,45.559825],[32.797826984278444,45.56319365447909]]],[[[32.82191164413636,45.58818377184484],[32.87890684795174,45.62263257473427],[32.82504,45.590611],[32.82191164413636,45.58818377184484]]],[[[33.184617867776204,45.805449070069955],[33.17438207940761,45.78907426309816],[33.180625,45.797211],[33.184617867776204,45.805449070069955]]],[[[33.379577025778595,45.80179405902279],[33.43012276726118,45.837421861463476],[33.41709,45.830205],[33.379577025778595,45.80179405902279]]],[[[33.51008369327229,45.84242687593438],[33.524867078933696,45.84896543705165],[33.517655,45.846594],[33.51008369327229,45.84242687593438]]],[[[33.52844637410254,45.849219390738995],[33.54148614234208,45.840968182666984],[33.537116,45.845796],[33.52844637410254,45.849219390738995]]],[[[33.54885342691048,45.845011735777895],[33.56677067997867,45.871635620839406],[33.55864,45.86172],[33.551715,45.851628],[33.54885342691048,45.845011735777895]]],[[[33.62026971764494,45.89000575519307],[33.64040889575008,45.87773543015824],[33.634096,45.882614],[33.62026971764494,45.89000575519307]]],[[[33.643792908682975,45.87618803578069],[33.66129784531189,45.87198218873688],[33.654663,45.875233],[33.643792908682975,45.87618803578069]]],[[[33.66529150140568,45.862246970977175],[33.68122358410877,45.85226024820132],[33.674126,45.857432],[33.66529150140568,45.862246970977175]]],[[[33.68127595052965,45.86402824771009],[33.679678219508226,45.872622027028086],[33.679077,45.867314],[33.68127595052965,45.86402824771009]]],[[[33.67536257603796,45.900013743156585],[33.6792298483388,45.90751860837159],[33.676214,45.903954],[33.67536257603796,45.900013743156585]]],[[[33.68204699893788,45.90961123733903],[33.69092242940902,45.913291409181774],[33.687773,45.912752],[33.68204699893788,45.90961123733903]]],[[[33.70568260244761,45.91375863842215],[33.72879744434878,45.92908084491056],[33.720244,45.924636],[33.70568260244761,45.91375863842215]]],[[[33.74270660687252,45.95031252688883],[33.695427680041036,45.954741696718784],[33.722964,45.950158],[33.74270660687252,45.95031252688883]]],[[[33.69137421947705,45.955015863740236],[33.662055801295885,45.954408834781965],[33.682856,45.952803],[33.69137421947705,45.955015863740236]]],[[[33.645351392189326,45.944261674028745],[33.6377615794852,45.94193525277514],[33.642079,45.942885],[33.645351392189326,45.944261674028745]]],[[[33.63076383520411,45.941805420305585],[33.62035049990011,45.943555182364314],[33.624497,45.942516],[33.63076383520411,45.941805420305585]]],[[[33.62539403232675,45.993164954728776],[33.61229391241324,46.04934457010999],[33.618724,46.01252],[33.622873,45.997617],[33.62539403232675,45.993164954728776]]],[[[33.615558492601345,46.1191953418459],[33.612647367780745,46.13570873863179],[33.612957,46.129148],[33.615558492601345,46.1191953418459]]],[[[31.5185179,46.3123958],[31.5233274,46.3018998],[31.5404905,46.2827451],[31.5621271,46.2669054],[31.5909589,46.2512384],[31.6373218,46.2342125],[31.7010797,46.221792],[31.9043024,46.1882149],[31.9661349,46.1800629],[32.0222124,46.1740427],[32.0798197,46.165498],[32.0827105,46.1663447],[32.0828546,46.1673698],[32.0778235,46.1669051],[32.0677548,46.1681586],[32.0590588,46.1702435],[32.0538818,46.1705301],[32.0502496,46.1725997],[32.0409807,46.1724429],[32.0403514,46.1735991],[32.0328561,46.1754894],[32.0071353,46.1768614],[31.9145042,46.1883018],[31.849782,46.1997302],[31.6977437,46.2237408],[31.6771159,46.2291677],[31.664569,46.2302172],[31.6556264,46.2325719],[31.6517271,46.2357454],[31.6559317,46.239308],[31.6632269,46.2418017],[31.6742346,46.2450221],[31.6797495,46.2444429],[31.6808237,46.2488642],[31.6713823,46.2499326],[31.6458899,46.2447732],[31.6277803,46.2451878],[31.6098417,46.2466681],[31.5927674,46.2530201],[31.5768906,46.2605568],[31.5636705,46.268092],[31.5523352,46.2782367],[31.5418638,46.2900999],[31.5358566,46.3056349],[31.5328516,46.3193318],[31.5363707,46.3372901],[31.5360288,46.3563672],[31.5345483,46.3615353],[31.5351277,46.3679473],[31.5326921,46.369628],[31.5276814,46.3694727],[31.5215226,46.3669706],[31.516114,46.3607517],[31.5114791,46.349257],[31.5147417,46.3212872],[31.5185179,46.3123958]]],[[[36.400835,50.30717],[36.373927,50.30029],[36.3893847,50.27628],[36.4053581,50.2611313],[36.415918,50.2597248],[36.4183642,50.2568714],[36.4232993,50.2539903],[36.4439846,50.2483374],[36.4484309,50.2442774],[36.4439571,50.2400796],[36.4503072,50.2354798],[36.4620648,50.2341678],[36.4655829,50.2370277],[36.485493,50.2422065],[36.5053965,50.2386766],[36.5328009,50.2424247],[36.5691994,50.2445395],[36.559931,50.250796],[36.56865,50.257768],[36.574008,50.255268],[36.577894,50.258635],[36.575109,50.260672],[36.580365,50.262584],[36.5739434,50.2750449],[36.5926044,50.2757183],[36.5926628,50.278079],[36.589552,50.279346],[36.588033,50.281698],[36.5885739,50.2832694],[36.5856143,50.2858851],[36.571219,50.285748],[36.560789,50.284236],[36.556128,50.281366],[36.523917,50.2864244],[36.5228153,50.2891452],[36.5251358,50.2907313],[36.5266074,50.2934738],[36.516363,50.2951651],[36.515658,50.295914],[36.511151,50.295369],[36.500702,50.299248],[36.492712,50.30452],[36.489689,50.307838],[36.489951,50.309924],[36.487653,50.311665],[36.472289,50.313161],[36.440317,50.31098],[36.433698,50.330681],[36.425543,50.32827],[36.409299,50.312446],[36.400835,50.30717]]],[[[36.7607026,50.2899484],[36.7546605,50.2905174],[36.7479429,50.2882348],[36.7480321,50.287217],[36.750267,50.286309],[36.750696,50.283002],[36.748778,50.2802072],[36.744987,50.2806835],[36.7448866,50.2818179],[36.7423255,50.2816186],[36.739936,50.282955],[36.728862,50.27733],[36.720128,50.277444],[36.7271229,50.2677935],[36.7397726,50.2656587],[36.7722271,50.2552691],[36.7892518,50.2458],[36.8218329,50.2495541],[36.8376054,50.2588282],[36.8377765,50.2613528],[36.8442995,50.2642334],[36.8542986,50.2663323],[36.8589338,50.2732857],[36.8477329,50.2846122],[36.8526253,50.2930574],[36.8776878,50.3002948],[36.896141,50.2928395],[36.9156678,50.2978277],[36.9212469,50.2976632],[36.9223413,50.2941403],[36.9279417,50.2901511],[36.9354734,50.2914667],[36.9352803,50.2923167],[36.9365893,50.2926732],[36.9344647,50.2978139],[36.946095,50.2999385],[36.9453224,50.3024947],[36.9488415,50.3037899],[36.9539485,50.3011995],[36.9576398,50.3045128],[36.9739926,50.306923],[36.9786677,50.3096491],[36.9871195,50.3080991],[36.9915809,50.3080833],[37.0021369,50.3128909],[37.0097012,50.3093503],[37.0124104,50.3098545],[37.0167508,50.3141956],[37.0140277,50.3218578],[37.0166478,50.3342198],[37.0064244,50.3332825],[37.0137259,50.3486323],[36.957421,50.34918],[36.937645,50.350224],[36.915294,50.346287],[36.882156,50.336552],[36.872241,50.335704],[36.8519428,50.3275937],[36.8333579,50.3131381],[36.8284851,50.3128301],[36.8208034,50.3135665],[36.8039383,50.3098318],[36.8003327,50.3060231],[36.7683642,50.3018802],[36.7642754,50.2919664],[36.7607026,50.2899484]]],[[[36.594232,50.232573],[36.586776,50.2351401],[36.5846418,50.2300206],[36.5873883,50.2277145],[36.5905641,50.227536],[36.5952204,50.2298559],[36.5988467,50.2298147],[36.594232,50.232573]]],[[[35.3279976,51.0711103],[35.3258518,51.0741304],[35.3279976,51.0770425],[35.3123764,51.0773121],[35.3116898,51.078768],[35.3043083,51.0788759],[35.3031925,51.0774739],[35.304995,51.0762875],[35.3037933,51.0742383],[35.3103165,51.0757482],[35.3279976,51.0711103]]]]},"properties":{"categoria":"post-2022","sourceLayer":"DeepState — controllo russo consolidato, normalizzato"}},{"type":"Feature","geometry":{"type":"MultiPolygon","coordinates":[[[[37.910438,48.690366],[37.909116,48.690306],[37.908195,48.686898],[37.900065,48.681508],[37.8963358,48.6824112],[37.8896509,48.6818103],[37.8786754,48.6772507],[37.877822,48.659992],[37.86897,48.6544741],[37.8534391,48.6555083],[37.8467518,48.6523515],[37.8393228,48.6460044],[37.8424624,48.6392712],[37.8320848,48.6377256],[37.8318783,48.6304122],[37.8417554,48.623297],[37.8409802,48.6190862],[37.833382,48.6114147],[37.8226922,48.6032184],[37.8126172,48.6030737],[37.8025173,48.5990895],[37.8002708,48.5968648],[37.8032173,48.5911488],[37.80758,48.5914219],[37.8091743,48.5893032],[37.8087945,48.5866168],[37.8137145,48.5863857],[37.8147155,48.5889669],[37.8187637,48.5910371],[37.824816,48.5894655],[37.829459,48.5868604],[37.830111,48.584823],[37.8280162,48.5779306],[37.833154,48.5761839],[37.8421269,48.5700187],[37.8406778,48.5632934],[37.8418185,48.5610503],[37.848623,48.5563632],[37.8543687,48.5481179],[37.8517024,48.5446444],[37.861441,48.5370832],[37.8664435,48.5349264],[37.8685273,48.5302687],[37.8750156,48.5258687],[37.8821902,48.5277209],[37.8866199,48.5240447],[37.8904299,48.5272662],[37.898667,48.5285294],[37.9219049,48.5031274],[37.9101454,48.4939971],[37.942738,48.474903],[37.946801,48.471616],[37.954296,48.46046],[37.952493,48.458753],[37.943309,48.455338],[37.93773,48.451922],[37.941121,48.444493],[37.9361,48.443724],[37.945943,48.433007],[37.942886,48.427554],[37.937377,48.424757],[37.935931,48.422724],[37.931096,48.422002],[37.926796,48.418272],[37.9189695,48.4152467],[37.9112326,48.4139511],[37.9096786,48.4126529],[37.9016445,48.4137189],[37.8982825,48.4094942],[37.8874098,48.4118782],[37.8815955,48.4141689],[37.8717272,48.4130134],[37.8594126,48.4074694],[37.8583833,48.4106021],[37.8549162,48.412264],[37.850975,48.4086261],[37.8463141,48.4106719],[37.8446445,48.4090058],[37.8400467,48.4106298],[37.8298449,48.4077844],[37.8242471,48.4076736],[37.8148631,48.412835],[37.8126817,48.4115815],[37.8110798,48.4067955],[37.8079337,48.4053134],[37.8121555,48.4018079],[37.8161628,48.396507],[37.8202748,48.3948389],[37.8224121,48.3910622],[37.8300064,48.3847456],[37.829583,48.3801904],[37.8346528,48.3779437],[37.8373755,48.3753412],[37.8335534,48.3723821],[37.8440785,48.3697809],[37.8442773,48.3623851],[37.8345643,48.3612049],[37.8321358,48.3657519],[37.820669,48.3684588],[37.8107301,48.3666474],[37.8083449,48.3613624],[37.808128,48.3544206],[37.7975481,48.3581073],[37.7843076,48.3578587],[37.7779254,48.3484763],[37.7821437,48.339863],[37.7825641,48.3323548],[37.7873188,48.3274426],[37.7883812,48.3133718],[37.7822653,48.3030645],[37.7828736,48.2995304],[37.7771696,48.2953653],[37.7782229,48.2926118],[37.7891465,48.2918282],[37.795684,48.2902417],[37.7971712,48.2858684],[37.7892231,48.2853129],[37.787378,48.275175],[37.765062,48.266919],[37.7434767,48.2628437],[37.7355694,48.2721797],[37.6983365,48.2703899],[37.6844546,48.2743631],[37.6715057,48.2803568],[37.6661652,48.2815052],[37.6616831,48.2797974],[37.6504878,48.281808],[37.6317741,48.2819409],[37.625184,48.2844445],[37.6228636,48.2891244],[37.6120913,48.28957],[37.6092537,48.2961785],[37.6053857,48.2977619],[37.5919011,48.3066394],[37.5917614,48.3154426],[37.5880897,48.327145],[37.5760926,48.3344525],[37.5566036,48.3354382],[37.5391753,48.3406529],[37.5250391,48.3330636],[37.5179411,48.3349455],[37.51753,48.3391923],[37.5139432,48.3410426],[37.5157546,48.3442355],[37.5094052,48.3452335],[37.5045151,48.3442346],[37.5065396,48.3398229],[37.500231,48.3360287],[37.4846187,48.3292478],[37.4815731,48.3326864],[37.4796765,48.3301217],[37.4776085,48.3289549],[37.4739996,48.3303688],[37.4671719,48.3298424],[37.4649835,48.3274675],[37.4719356,48.3156196],[37.4804114,48.310351],[37.4767045,48.3007877],[37.4759815,48.2943584],[37.4714522,48.2934699],[37.4698773,48.2887178],[37.4606803,48.2884932],[37.4511406,48.2899237],[37.4358799,48.2937671],[37.4340135,48.2965464],[37.426997,48.2970414],[37.4201743,48.2917497],[37.3974816,48.2858368],[37.3907535,48.2757536],[37.3927986,48.2716674],[37.38831,48.2672103],[37.3839798,48.2680743],[37.3795187,48.2664922],[37.373994,48.2668953],[37.3596958,48.2641514],[37.3446715,48.26334],[37.333939,48.2667285],[37.327974,48.2640519],[37.3249487,48.2640565],[37.3244125,48.2592898],[37.3165163,48.2586657],[37.311796,48.2565843],[37.310466,48.249907],[37.3062859,48.2421065],[37.2955205,48.2406864],[37.294798,48.235893],[37.2835247,48.2282201],[37.2693549,48.2262592],[37.2788524,48.2243319],[37.2716196,48.2178469],[37.2602446,48.2191733],[37.2407415,48.2178423],[37.2302469,48.2129226],[37.2253744,48.2125209],[37.2222234,48.2194848],[37.2133801,48.2183055],[37.1994661,48.2177343],[37.1883348,48.2208947],[37.183158,48.2233077],[37.1846876,48.2283582],[37.1814111,48.2328367],[37.1678192,48.2285289],[37.1587112,48.2348918],[37.1437032,48.2355993],[37.1398721,48.2341389],[37.1212903,48.2390683],[37.1134427,48.2334891],[37.109335,48.2342643],[37.1098855,48.2359175],[37.10685,48.2375501],[37.1102307,48.2412978],[37.1165303,48.2452739],[37.1144925,48.2498234],[37.1022878,48.2600197],[37.082872,48.2585617],[37.077976,48.2691956],[37.0599151,48.2683711],[37.0556588,48.2674222],[37.0589811,48.2565337],[37.0485333,48.2507689],[37.0458642,48.251185],[37.0408521,48.249704],[37.0344068,48.2501624],[37.027789,48.2558212],[37.0176428,48.2551937],[37.0182618,48.2484579],[37.0087618,48.2471187],[37.0068166,48.2429373],[36.9953446,48.2390693],[36.9880354,48.2349155],[36.9905116,48.2179542],[37.0130791,48.2091242],[37.0215167,48.2097098],[37.0239248,48.208963],[37.025986,48.1995375],[37.0239585,48.1990475],[37.0241249,48.1983162],[37.0262654,48.1983859],[37.0267594,48.1974917],[37.0217839,48.1967754],[37.0220801,48.1944991],[37.0181241,48.1777458],[37.0190645,48.1619357],[37.0110533,48.1474722],[37.0086408,48.1453241],[37.0030573,48.1457819],[37.0012957,48.1402549],[36.9886776,48.1402975],[36.9861458,48.1377988],[36.9675417,48.133657],[36.9646766,48.1274619],[36.9652518,48.1207288],[36.9725131,48.1183218],[36.9826927,48.1180348],[36.9859287,48.1218727],[36.990289,48.1223235],[36.9932823,48.1112764],[36.9797352,48.1074762],[36.9797555,48.1026397],[36.9899443,48.0897619],[36.9984171,48.0905347],[37.0035009,48.0987318],[37.0105624,48.0973779],[37.0179103,48.0971775],[37.0234954,48.093443],[37.0266942,48.0888834],[37.0320157,48.0870789],[37.0385695,48.0819418],[37.060105,48.080344],[37.0692454,48.0766544],[37.0710908,48.0682545],[37.0691609,48.0619181],[37.0603929,48.0559454],[37.0289135,48.0533418],[37.0312431,48.0377749],[37.0232731,48.0352333],[37.0181408,48.0319846],[37.0141633,48.0437303],[37.0112145,48.0428515],[37.0154336,48.0269629],[37.0057839,48.0260211],[36.9841363,48.0220773],[36.9864013,48.0195322],[37.0020388,48.0202114],[37.0157895,48.0218073],[37.0249564,48.0239515],[37.0293593,48.0231679],[37.025833,48.0200566],[37.0263403,48.0165002],[37.0428122,48.0173355],[37.0520213,48.0145747],[37.0463589,48.0100338],[37.0446594,48.0061],[37.0460495,48.0048077],[37.0375861,47.996278],[37.0329424,47.9930891],[37.0416877,47.9886078],[37.0437121,47.9782642],[37.0391057,47.9614729],[37.0381051,47.9425727],[37.0127132,47.9466355],[36.9866284,47.9550619],[36.9806465,47.9463936],[36.9731397,47.93124],[36.9492149,47.9255733],[36.9140195,47.9316314],[36.8965944,47.927875],[36.8833539,47.9139386],[36.8437186,47.9161308],[36.8228282,47.9240353],[36.8085073,47.9255809],[36.7987354,47.9249414],[36.7927273,47.9218067],[36.787041,47.9116822],[36.7794865,47.9167736],[36.7698713,47.9163419],[36.7605149,47.9239055],[36.7579823,47.9227404],[36.7563083,47.9172037],[36.7505574,47.9129742],[36.7540766,47.8972383],[36.7332468,47.8937942],[36.7290361,47.8906663],[36.7157729,47.8890739],[36.7176825,47.8794705],[36.7148712,47.8759693],[36.6990557,47.8771356],[36.7011906,47.8724222],[36.7074448,47.8704722],[36.711005,47.8680266],[36.7015195,47.8620111],[36.7040511,47.8548438],[36.699587,47.8511668],[36.6910524,47.8475473],[36.6842982,47.8480269],[36.6763288,47.8436297],[36.6810624,47.8375037],[36.678371,47.820935],[36.689319,47.814797],[36.6954627,47.8153445],[36.6948674,47.8078207],[36.691653,47.8023681],[36.6840166,47.79705],[36.6671977,47.7885971],[36.6363861,47.7819532],[36.632182,47.7837641],[36.6219692,47.7860359],[36.61098,47.785981],[36.5938222,47.7832622],[36.5947481,47.767277],[36.5811184,47.7636456],[36.5808806,47.7505515],[36.568057,47.7392387],[36.5640644,47.7295625],[36.5738421,47.7175424],[36.5811244,47.7198943],[36.5779377,47.7359256],[36.5852542,47.74822],[36.593688,47.7513358],[36.5912836,47.7618547],[36.6038158,47.7642894],[36.6088594,47.7834382],[36.6208578,47.7843013],[36.6285169,47.777943],[36.665946,47.7803767],[36.6915537,47.7902188],[36.6907329,47.7967126],[36.7027215,47.7995928],[36.6984346,47.8245607],[36.7029639,47.8338345],[36.7010427,47.8428942],[36.7310792,47.848147],[36.7306585,47.8507308],[36.7488604,47.8585502],[36.7523188,47.8638787],[36.7487636,47.8699463],[36.7311807,47.8683256],[36.7155228,47.8680331],[36.7164484,47.8690386],[36.7237777,47.8703474],[36.72458,47.8736684],[36.7277997,47.8767635],[36.7491403,47.8785589],[36.7479253,47.8832298],[36.7427619,47.887958],[36.7422682,47.889887],[36.7576564,47.8925922],[36.7661666,47.8957253],[36.7643722,47.9088066],[36.7811984,47.911057],[36.787746,47.9074858],[36.7982294,47.9063482],[36.8002426,47.9097364],[36.7999056,47.9183455],[36.8006816,47.9209242],[36.8065628,47.9213507],[36.8096973,47.9182682],[36.8139171,47.9179696],[36.8273563,47.9121313],[36.8320697,47.9016138],[36.8540275,47.8989324],[36.8549457,47.8942337],[36.8778214,47.892893],[36.8904299,47.9089562],[36.9162051,47.9108163],[36.9233783,47.9240148],[36.9715877,47.9218886],[36.9830793,47.9312261],[36.9859135,47.9408473],[37.0069348,47.9389794],[37.0073989,47.9368534],[37.0161025,47.9365672],[37.0235317,47.9381781],[37.0499384,47.9394975],[37.0523045,47.9593053],[37.06111,47.9710658],[37.0617606,47.9837382],[37.0491065,47.9891854],[37.0422793,47.9912661],[37.0435472,47.9935756],[37.0495419,47.9959888],[37.0624682,47.9966756],[37.0640485,47.9987754],[37.0790104,48.0014152],[37.0909733,48.0034259],[37.094593,48.0119654],[37.0859469,48.0128235],[37.0819048,48.0183582],[37.0756431,48.0184618],[37.0759776,48.0176489],[37.0715057,48.0179841],[37.0694538,48.0142729],[37.064964,48.015118],[37.0650841,48.0164006],[37.0614276,48.0176258],[37.0588006,48.016989],[37.0591778,48.018218],[37.0565416,48.0192121],[37.0530823,48.0170444],[37.0479307,48.0189131],[37.0498922,48.0210707],[37.0594296,48.0195209],[37.0619742,48.0200037],[37.0630104,48.0215081],[37.0703177,48.0218028],[37.0778278,48.0264956],[37.0805315,48.0272706],[37.0731071,48.0302841],[37.065082,48.0304133],[37.0493443,48.0292025],[37.0377824,48.0263873],[37.0408849,48.0214349],[37.0350611,48.0204435],[37.0321444,48.0209458],[37.0310919,48.0262379],[37.0184595,48.0251141],[37.0182015,48.0268103],[37.0276417,48.0311791],[37.0422289,48.0339034],[37.0668814,48.0351259],[37.0678817,48.0328083],[37.0814106,48.0336961],[37.0841014,48.0362444],[37.0841612,48.0383564],[37.0928639,48.0390223],[37.0908709,48.0586023],[37.0798967,48.0612364],[37.0787191,48.0654147],[37.1031157,48.0659706],[37.0969467,48.0869795],[37.0521838,48.083187],[37.0442373,48.093966],[37.0299378,48.0931995],[37.0278088,48.098638],[37.022661,48.1002629],[37.0134022,48.0987678],[37.0043738,48.1044685],[36.9869052,48.1025088],[36.9865926,48.1004491],[36.9846708,48.1004385],[36.9835305,48.1059772],[36.9852413,48.1063649],[36.9864311,48.1046328],[37.0045373,48.1062013],[37.0089925,48.1084496],[37.0065329,48.1128017],[37.0070493,48.1217207],[37.0043519,48.1290917],[36.9786956,48.1262336],[36.9779511,48.1290914],[37.0007891,48.1312094],[37.0000235,48.1379098],[37.0073331,48.1375629],[37.0091055,48.1413012],[37.0123936,48.1434518],[37.0288139,48.1412495],[37.0254757,48.1751975],[37.0320022,48.1777619],[37.0277326,48.196448],[37.0290076,48.1979701],[37.0283086,48.2039828],[37.0290989,48.2075414],[37.0263875,48.2125844],[37.0221267,48.2129488],[37.0186683,48.2220854],[36.9933141,48.2208493],[36.9931941,48.2221279],[37.0058223,48.2372645],[37.0076247,48.2382363],[37.0075369,48.2405024],[37.0152528,48.2431417],[37.0191496,48.2454951],[37.0331575,48.2461208],[37.0377389,48.2472699],[37.0404211,48.246768],[37.0462899,48.2494034],[37.0494001,48.2498003],[37.0616639,48.2562165],[37.0596296,48.2641376],[37.0726105,48.2649967],[37.0784632,48.26085],[37.0790073,48.2587337],[37.0693383,48.2524457],[37.0743816,48.2487863],[37.0828572,48.2475839],[37.0886819,48.2535761],[37.1006879,48.2566525],[37.1041727,48.2547211],[37.0983025,48.2490751],[37.1005062,48.2478247],[37.1112929,48.2490887],[37.1140974,48.2475234],[37.104027,48.2385843],[37.1033483,48.2333239],[37.1052446,48.231265],[37.1222536,48.2319533],[37.118949,48.2358256],[37.1234561,48.2377877],[37.134074,48.2327741],[37.1377816,48.226759],[37.1449157,48.2262748],[37.1462131,48.2231887],[37.1557943,48.2259559],[37.1591744,48.2254271],[37.1712075,48.226478],[37.1748204,48.224716],[37.1820382,48.218837],[37.1863602,48.2177387],[37.2075265,48.2163793],[37.211254,48.2139266],[37.2169373,48.2148984],[37.2165973,48.2167605],[37.219801,48.2174493],[37.2197914,48.2166919],[37.2174262,48.2164062],[37.2177861,48.2149981],[37.2221076,48.2103866],[37.2316071,48.2109691],[37.2363859,48.213725],[37.2508465,48.2115223],[37.2594774,48.2159288],[37.2771002,48.2154686],[37.2796179,48.2212416],[37.2857036,48.2206925],[37.3026646,48.2239285],[37.3063171,48.2300567],[37.3049113,48.2313626],[37.3061234,48.2322111],[37.3082838,48.230975],[37.3091993,48.2316827],[37.3082945,48.2349453],[37.3133549,48.2363496],[37.3120319,48.2453175],[37.3163862,48.2467503],[37.3153442,48.2502959],[37.3173921,48.2524698],[37.3172581,48.253964],[37.3229129,48.2543519],[37.3251098,48.2527453],[37.3299331,48.2532472],[37.3315209,48.2575905],[37.3360486,48.2573047],[37.3404044,48.2538758],[37.3470471,48.2584789],[37.3531066,48.258296],[37.3661341,48.262948],[37.3734146,48.2636904],[37.3838713,48.2660899],[37.3937056,48.2659467],[37.401306,48.2733991],[37.4016367,48.2754269],[37.4126114,48.2815673],[37.4197822,48.2823961],[37.4212214,48.2886363],[37.4477497,48.2856495],[37.4553543,48.2868793],[37.4608985,48.2850247],[37.475903,48.2879191],[37.4797539,48.294703],[37.4837721,48.2968265],[37.4839072,48.3138284],[37.4788067,48.3133602],[37.4772004,48.3155236],[37.4824515,48.3200952],[37.477941,48.3237533],[37.473472,48.3251309],[37.4705477,48.3276497],[37.4752563,48.3289209],[37.4786955,48.3272229],[37.4846183,48.3229767],[37.4911406,48.3166185],[37.4960792,48.3182445],[37.4948776,48.3204134],[37.5207877,48.3313762],[37.5315345,48.3249982],[37.5536195,48.3147515],[37.5681264,48.3284843],[37.5735573,48.3278464],[37.5774744,48.3304376],[37.5797608,48.3293767],[37.5821251,48.3243909],[37.5785577,48.3203934],[37.578493,48.3042877],[37.5713905,48.2969714],[37.5992533,48.2856924],[37.6028704,48.2880469],[37.6062298,48.2883881],[37.6175286,48.2865592],[37.6158136,48.2766628],[37.6327003,48.2740225],[37.6329988,48.2704582],[37.643657,48.273901],[37.6583772,48.2722153],[37.6706937,48.2718296],[37.690753,48.2645265],[37.7096093,48.2658049],[37.7348512,48.2662726],[37.735645,48.2642152],[37.7232417,48.2541568],[37.7263291,48.2458096],[37.7395,48.2464744],[37.7436043403875,48.248639038450015],[37.748791,48.251375],[37.754649,48.256303],[37.760959,48.257595],[37.7640276,48.2629127],[37.7701003,48.2668012],[37.7818166,48.2663306],[37.788929,48.27134],[37.8090843,48.2727003],[37.8053483,48.2961362],[37.7935612,48.2955236],[37.7887635,48.2991548],[37.7884667,48.3048727],[37.7967536,48.3120743],[37.794666,48.327944],[37.7886663,48.3321821],[37.7908126,48.3423455],[37.7842125,48.3443855],[37.7831052,48.3479085],[37.799766,48.3485667],[37.8043922,48.3394407],[37.8091859,48.3400242],[37.8221541,48.3490654],[37.8157144,48.3592468],[37.8212606,48.3617706],[37.8301972,48.3621841],[37.8385432,48.3531159],[37.8511228,48.3508618],[37.8521984,48.3489622],[37.8599687,48.3490018],[37.8705267,48.3543096],[37.851891,48.3646574],[37.8462977,48.3705559],[37.838901,48.372225],[37.8402833,48.3740261],[37.8384685,48.3754707],[37.8399705,48.3774234],[37.8395883,48.3805444],[37.8420215,48.3803306],[37.8422271,48.3824397],[37.8316988,48.3831842],[37.8319421,48.3872347],[37.8252607,48.3904458],[37.8262082,48.3962639],[37.8172394,48.3996054],[37.8206942,48.4023303],[37.8194075,48.4042513],[37.8170475,48.4035594],[37.8162324,48.404007],[37.8176071,48.4046581],[37.8178793,48.4069674],[37.8164017,48.4094341],[37.8172079,48.4097701],[37.8187497,48.4067495],[37.82225,48.4038636],[37.8246148,48.4046356],[37.8229712,48.4033544],[37.8243208,48.4016361],[37.8339795,48.3962687],[37.8398654,48.388983],[37.8434259,48.3891943],[37.8454919,48.3919368],[37.8380918,48.395673],[37.8382033,48.3966151],[37.8324353,48.3998083],[37.834246,48.4010086],[37.8319329,48.4024706],[37.8295769,48.4058984],[37.8316811,48.4068302],[37.8344928,48.4055297],[37.8362256,48.4077258],[37.8373066,48.4073709],[37.8361734,48.4054272],[37.8418797,48.4040556],[37.846601,48.407981],[37.8494658,48.4065019],[37.85138,48.4065015],[37.8494747,48.4056038],[37.84678,48.4064578],[37.8456571,48.4053726],[37.8474881,48.4045982],[37.8426252,48.4002973],[37.8447731,48.3996107],[37.84685,48.3974974],[37.850139,48.3987141],[37.8520685,48.3981251],[37.8549836,48.3985512],[37.8553224,48.4007447],[37.8580756,48.4030261],[37.8617484,48.4024519],[37.866623,48.3999402],[37.8683863,48.4006494],[37.8744667,48.3997357],[37.886192,48.4010281],[37.8901821,48.4018788],[37.8919066,48.4070316],[37.9001258,48.4080151],[37.9027746,48.4113302],[37.9084863,48.4098805],[37.909132,48.4105799],[37.9111501,48.4100892],[37.9120523,48.4108804],[37.928969,48.414874],[37.931641,48.418412],[37.94110767016544,48.41964095718108],[37.9397575,48.4222287],[37.9407248,48.4240612],[37.951222,48.42725],[37.952923,48.429599],[37.940228,48.449226],[37.940427,48.452091],[37.956943,48.458893],[37.956586,48.460819],[37.9444342,48.4778618],[37.9410757,48.4866748],[37.9502938,48.4889329],[37.9505746,48.4945111],[37.9382367,48.4984033],[37.9361822,48.5131335],[37.9188495,48.5172863],[37.9143486,48.5289861],[37.8892734,48.5379419],[37.8794223,48.5374031],[37.865217,48.5430908],[37.8646376,48.5471554],[37.8570198,48.5472424],[37.8583943,48.5545789],[37.8532328,48.5554899],[37.8545943,48.5684716],[37.8487066,48.5752082],[37.8370608,48.5823265],[37.8365728,48.5847599],[37.8385736,48.5881642],[37.8279529,48.5945309],[37.8086354,48.5921262],[37.8085588,48.5936042],[37.813675,48.5953943],[37.8133931,48.5976688],[37.8169431,48.5997278],[37.8244724,48.6007811],[37.8386755,48.6053626],[37.8435921,48.6079352],[37.8410562,48.6132006],[37.8438657,48.6183991],[37.8468251,48.6191209],[37.8459177,48.6275963],[37.83477,48.6317756],[37.835466,48.6359546],[37.8456999,48.6360879],[37.8499208,48.6478501],[37.8652311,48.6459388],[37.8697595,48.6516372],[37.8856742,48.6543223],[37.88663379972999,48.655362833693346],[37.894048,48.663403],[37.8889641,48.6716469],[37.8832782,48.6752424],[37.8871049,48.6785062],[37.9012812,48.6790533],[37.91108688549471,48.68340244921308],[37.91099953017241,48.683745150862066],[37.9107748,48.6846255],[37.91077506837526,48.684625731758594],[37.910775,48.684626],[37.915522,48.688725],[37.910438,48.690366]]],[[[35.7115039,47.505541],[35.7185298,47.4947885],[35.731603,47.4907137],[35.7463914,47.4898851],[35.7451416,47.4868222],[35.7822566,47.4856684],[35.7906815,47.4808849],[35.7993754,47.4735194],[35.8028043,47.4681927],[35.8019409,47.4585724],[35.8194384,47.4583628],[35.8464078,47.4554322],[35.8490339,47.4593942],[35.8554209,47.4617802],[35.8957318,47.4634724],[35.8961111,47.4659602],[35.9116146,47.4689173],[35.9214927,47.4752318],[35.9232632,47.4847921],[35.941736,47.4854486],[35.9419428,47.4925534],[35.9614617,47.4899143],[35.9680573,47.5067029],[35.971276,47.5100656],[35.9646424,47.5095292],[35.9629258,47.5019339],[35.9603509,47.4995564],[35.9519395,47.4946853],[35.9304818,47.4936414],[35.9144216,47.487795],[35.8984847,47.4803564],[35.8899481,47.4657014],[35.857582,47.4687007],[35.8524936,47.4640407],[35.8343391,47.4580962],[35.8243292,47.4593076],[35.8149894,47.4616972],[35.8061052,47.4604138],[35.809198,47.4696987],[35.799415,47.4802599],[35.7974832,47.4911933],[35.776928,47.4909312],[35.7408983,47.4922049],[35.7373387,47.5030481],[35.7200416,47.515514],[35.682358,47.510877],[35.665363,47.503572],[35.656037,47.504789],[35.6501519,47.5122452],[35.6322479,47.5166856],[35.6101721,47.5121134],[35.595024,47.523373],[35.5962256,47.5408747],[35.5491596,47.5401354],[35.51,47.528718],[35.479216,47.526399],[35.4769521,47.5118862],[35.4745488,47.5044651],[35.4611598,47.5021141],[35.4523631,47.5066031],[35.4376853,47.5059948],[35.4203698,47.5093643],[35.4197045,47.5197047],[35.4035681,47.5268044],[35.3840963,47.5244061],[35.3815692,47.5329139],[35.3835052,47.5369014],[35.3663791,47.5402301],[35.3445063,47.5433207],[35.3370097,47.5409137],[35.3415297,47.536044],[35.3482117,47.537082],[35.3582509,47.5367048],[35.3659289,47.5351931],[35.3649692,47.5318681],[35.376455,47.5246886],[35.3760556,47.5202236],[35.3841959,47.5154398],[35.4143695,47.5164307],[35.4169025,47.5088946],[35.4226959,47.5058198],[35.4312031,47.5059976],[35.43765,47.5035079],[35.4456078,47.5039494],[35.454356,47.4999972],[35.471171,47.4965074],[35.4882243,47.5019664],[35.4869806,47.5111117],[35.4988711,47.5108643],[35.5094445,47.5069227],[35.5152972,47.512315],[35.539021,47.519038],[35.5479326,47.52628],[35.5672797,47.5284839],[35.592551,47.519323],[35.6131342,47.5043006],[35.6161569,47.5043081],[35.6165026,47.5062368],[35.6211815,47.507665],[35.6236289,47.5058463],[35.6369349,47.5109636],[35.6408407,47.5074928],[35.6329032,47.502978],[35.6346285,47.5004876],[35.654663,47.500962],[35.6704842,47.5022091],[35.6870634,47.5097609],[35.6995239,47.506848],[35.7115039,47.505541]]],[[[37.7685905,49.9125778],[37.77112107539573,49.91347815566694],[37.77112110812773,49.913478223247544],[37.7629933,49.9155349],[37.7456174,49.91625],[37.737906,49.9030051],[37.7291632,49.9014267],[37.7204934,49.9026101],[37.7031315,49.9025719],[37.6968857,49.9039599],[37.6812557,49.8975902],[37.6685264,49.8754589],[37.6667844,49.8622813],[37.669002,49.8554642],[37.6612543,49.8564641],[37.6456956,49.8567436],[37.6443003,49.8520713],[37.6552755,49.8469402],[37.6609424,49.8418447],[37.66642,49.8412265],[37.6649043,49.8392468],[37.6433258,49.8288466],[37.6318292,49.8314373],[37.6294338,49.82669],[37.6194823,49.82826],[37.612198,49.8261946],[37.6106377,49.8241603],[37.6098082,49.8165767],[37.6045513,49.8068498],[37.6065076,49.7986738],[37.6059167,49.7856174],[37.6032632,49.77932],[37.617792,49.7732358],[37.6236807,49.7681419],[37.6435668,49.7738566],[37.6484152,49.7741222],[37.6609919,49.7738399],[37.6604856,49.7674419],[37.6639418,49.7658379],[37.6713905,49.7640217],[37.681058,49.7589944],[37.687694,49.7596409],[37.6958754,49.7630042],[37.7043526,49.7638435],[37.7118262,49.7589004],[37.7241157,49.7536881],[37.7369821,49.7517832],[37.7481289,49.7415585],[37.7533112,49.739708],[37.7798292,49.7407075],[37.7912176,49.7338594],[37.8054375,49.7333897],[37.8192415,49.7313683],[37.832014,49.727792],[37.8337147,49.7229915],[37.8434828,49.7167477],[37.8558069,49.7156908],[37.8666756,49.7115492],[37.8708199,49.705691],[37.883384,49.7010812],[37.8925137,49.7017463],[37.8976079,49.7000218],[37.8982383,49.6943006],[37.887755,49.6853881],[37.8692958,49.68071],[37.8668457,49.6777225],[37.8648912,49.6703134],[37.8729782,49.6678479],[37.8796268,49.6520466],[37.8789488,49.6496295],[37.8611906,49.6491852],[37.8601846,49.6472402],[37.8511838,49.6444891],[37.8534272,49.6412378],[37.851829,49.629752],[37.8380797,49.6167709],[37.8311933,49.6132819],[37.7917808,49.6110575],[37.7761283,49.6050846],[37.7827096,49.5970435],[37.7701428,49.5738011],[37.7609175,49.5719694],[37.7393963,49.5723056],[37.7231842,49.5659659],[37.7132141,49.5637709],[37.7077916,49.5609632],[37.7014653,49.5598606],[37.6990326,49.5568593],[37.6925564,49.5420229],[37.6905302,49.5267544],[37.6937224,49.5129053],[37.6904266,49.5010743],[37.6965882,49.4983353],[37.7105618,49.5069669],[37.71964,49.5074012],[37.7234738,49.4929681],[37.7444688,49.4883453],[37.7687791,49.5012851],[37.7999317,49.4938938],[37.7860586,49.4823753],[37.7636078,49.4801148],[37.7566682,49.4612423],[37.7692962,49.4495102],[37.7638324,49.4356537],[37.7801701,49.4138688],[37.7989228,49.4061068],[37.8240518,49.3979524],[37.8433096,49.3844902],[37.8436609,49.3728675],[37.8536621,49.370241],[37.8576544,49.3704088],[37.8628931,49.3729794],[37.8749243,49.372197],[37.9022683,49.3753257],[37.9086675,49.3700689],[37.9193086,49.3670035],[37.9145005,49.3617029],[37.9196462,49.3551265],[37.9244438,49.3558376],[37.9352432,49.3618399],[37.9458097,49.3619374],[37.9482231,49.3609487],[37.9494421,49.3594865],[37.9490329,49.3570452],[37.9362807,49.3481098],[37.9362475,49.3449454],[37.9410025,49.3356789],[37.9465124,49.3337],[37.9576868,49.3322922],[37.9612841,49.329427],[37.9619141,49.3221936],[37.9578452,49.3174491],[37.9590127,49.3110256],[37.9557263,49.3025838],[37.9490932,49.3024647],[37.9490815,49.299019],[37.956642,49.2866812],[37.9727631,49.2765726],[37.9816395,49.2798345],[37.9933733,49.2792249],[37.9972653,49.2811034],[38.0027302,49.2804187],[38.0030591,49.2823438],[38.0059201,49.2842737],[38.0077081,49.2839919],[38.0086051,49.2810306],[37.9992818,49.2698511],[38.0066487,49.2659024],[37.9939962,49.2564643],[37.980386,49.2504338],[37.9685726,49.2421887],[37.9578749,49.2430216],[37.9509918,49.2383272],[37.9468637,49.2297306],[37.9633887,49.2187204],[37.9622087,49.203705],[37.9462901,49.197662],[37.9584156,49.1913317],[37.9712257,49.1893753],[37.9718897,49.1809681],[37.9659436,49.1732878],[37.9487118,49.1666455],[37.9444345,49.1532063],[37.9528593,49.1491975],[37.9501692,49.1351351],[37.9271922,49.1277953],[37.8980246,49.1300783],[37.8856263,49.1318291],[37.8786547,49.1301206],[37.8770051,49.127064],[37.8884269,49.1160723],[37.9022795,49.0962976],[37.9124587,49.0884916],[37.9133687,49.0783239],[37.9184294,49.0710372],[37.9298854,49.0699799],[37.933789,49.07477],[37.9546328,49.0715778],[37.9636593,49.0680413],[37.9888985,49.0697096],[37.9905274,49.0670086],[37.9963601,49.0624494],[37.9959599,49.0544745],[38.0004127,49.0416614],[37.9990768,49.0369799],[38.0012979,49.0235141],[38.0007869,49.0183106],[38.0094919,49.0136015],[38.0369946,49.0133438],[38.0554844,49.0124049],[38.0557572,49.0086799],[38.057727,49.0038562],[38.0680926,49.0013781],[38.0869682,49.0005821],[38.0882267,48.9925926],[38.0966915,48.9859852],[38.0962566,48.9744338],[38.19676,48.9710994],[38.1990761,48.9495628],[38.2041393,48.9428546],[38.202787,48.9415261],[38.2038787,48.9368084],[38.205471,48.9364578],[38.2123174,48.9382421],[38.2163746,48.9382502],[38.2241419,48.9412381],[38.2289054,48.9409285],[38.2307476,48.9391045],[38.236201,48.938814],[38.2386807,48.9238749],[38.2430757,48.9185581],[38.2542501,48.9157785],[38.259636,48.9002303],[38.247994,48.8970061],[38.2385143,48.895549],[38.2298942,48.8850053],[38.228834,48.877085],[38.2246026,48.870513],[38.2200286,48.8678361],[38.2192747,48.8572217],[38.2115358,48.8491303],[38.225082,48.840813],[38.2234179,48.8282676],[38.2306748,48.823972],[38.2334362,48.8137429],[38.2261571,48.8132357],[38.2187859,48.8167435],[38.2108152,48.8170079],[38.2063139,48.8156302],[38.2002016,48.8057161],[38.1818814,48.8044559],[38.1834788,48.7934089],[38.1742352,48.7945843],[38.1673524,48.7907271],[38.1692886,48.7871458],[38.1668903,48.7822636],[38.1591761,48.7780971],[38.1595095,48.7730605],[38.1541788,48.7711359],[38.1395091,48.7718826],[38.1084862,48.7715642],[38.1028723,48.7690393],[38.0850032,48.775814],[38.0687631,48.7743745],[38.064526,48.7633605],[38.0642799,48.7590214],[38.0577174,48.752682],[38.0314012,48.7522524],[38.0271971,48.7508159],[38.0260857,48.7447607],[38.0166037,48.7425535],[38.0146746,48.7461191],[38.003514,48.744471],[37.9951122,48.7396808],[37.9822484,48.7186184],[37.9599546,48.7045754],[37.9410022,48.7060691],[37.9268866,48.7081362],[37.9239683,48.7033783],[37.9131108,48.6991581],[37.9082091,48.6928282],[37.9106124,48.6916101],[37.9123888,48.6956746],[37.9190656,48.6975365],[37.9295206,48.7026555],[37.9345792,48.7030624],[37.93865,48.7020722],[37.9627936,48.7011004],[37.97155516165704,48.704310615249106],[37.979729,48.707306],[37.98638561058678,48.714656151530576],[37.9883958,48.716876],[37.9909698,48.725148],[37.9986928,48.738288],[38.0263226,48.7410133],[38.0275218,48.74731],[38.0294668,48.750722],[38.029466990769116,48.75072198380681],[38.029467,48.750722],[38.034627,48.750284],[38.042233989988276,48.74704400426423],[38.0484268,48.747183],[38.0513581,48.7485092],[38.053961,48.747843],[38.0582375,48.7482236],[38.060568,48.7490694],[38.0741493,48.7611201],[38.0699675,48.765454],[38.0695618,48.7693353],[38.0706388,48.7717801],[38.0822474,48.7711945],[38.0924818,48.7678926],[38.1088325,48.7653364],[38.1290239,48.7674481],[38.1421778,48.7676056],[38.1593018,48.7647511],[38.1782569,48.7730725],[38.1771302,48.7830476],[38.174168,48.7862337],[38.1758628,48.7885075],[38.184606,48.790764],[38.1880228,48.7896102],[38.1915251,48.7865335],[38.2060917,48.7901739],[38.2249439,48.7935166],[38.2316466,48.7957738],[38.241633,48.8079385],[38.2420494,48.8206943],[38.2399546,48.8313143],[38.2524855,48.8424914],[38.244884,48.856618],[38.242558,48.865034],[38.2294311,48.8643291],[38.228545,48.868924],[38.2350138,48.877435],[38.2338538,48.882038],[38.238919,48.8902996],[38.2531846,48.891694],[38.2625016,48.900157],[38.262219661081616,48.90079959760641],[38.261915,48.901493],[38.26191537133654,48.901493137409126],[38.2619153,48.9014933],[38.267509,48.903563],[38.270354,48.90747],[38.2668335,48.9105725],[38.2612003,48.9135404],[38.2582657,48.9186979],[38.2510398,48.9203019],[38.2456348,48.9269435],[38.2414749,48.9344051],[38.2405791,48.9414079],[38.23465,48.944666],[38.2274378,48.9430408],[38.225009428571425,48.942898428571425],[38.218938,48.942542],[38.21576321095517,48.94122884382067],[38.2111703,48.9393287],[38.2060632,48.9396878],[38.20606330739939,48.93968797839115],[38.206063,48.939688],[38.207093892254605,48.94139982108622],[38.20593959721226,48.9445423],[38.20576305176209,48.94502285910289],[38.2017722,48.9499126],[38.20177211286732,48.94991286170855],[38.201772,48.949913],[38.200313,48.954295],[38.20031312960898,48.95429501071119],[38.200313,48.9542954],[38.20282875389938,48.95450290779876],[38.20393068521047,48.954593973985055],[38.20371534826152,48.9571272137692],[38.203698,48.957331],[38.20312007056412,48.95733740887176],[38.2021654,48.9573475],[38.20216534784989,48.957347996142566],[38.202165,48.957348],[38.20129163251644,48.965660296548116],[38.20033862001088,48.97472700962169],[38.169416,48.97551],[38.16020199243623,48.976556588236605],[38.1570733,48.9769118],[38.105879,48.9762076],[38.10474805079118,48.97985170158236],[38.102926,48.985722],[38.098026,48.99471],[38.091616,48.99911],[38.08685167286905,49.003836591476215],[38.08568187785297,49.00499702277021],[38.08251493852863,49.00558739220705],[38.072416,49.0074698],[38.0592099,49.00791],[38.05901434137166,49.00945177931417],[38.05847702313283,49.01368581771457],[38.046581378956255,49.014446927188544],[38.041265,49.014787],[38.03345176756463,49.01484288829025],[38.0096703,49.0150127],[38.00967000273196,49.01501299998046],[38.00967,49.015013],[38.00965496326288,49.01502817667673],[38.0063386,49.0183748],[38.006829458303635,49.01881884048468],[38.008864,49.02066],[38.004021332356764,49.03586305146485],[38.0030029,49.0390602],[38.0082318,49.039704],[38.0018228,49.0534811],[38.00212436248242,49.056253672919595],[38.002696,49.061513],[37.998026,49.066145],[37.99892498320347,49.07084991209381],[37.99809448810967,49.071447884146224],[37.993809,49.074533],[37.9874952,49.0757447],[37.9647186,49.0833132],[37.9679569,49.095683],[37.954786,49.1007655],[37.9442432,49.0872946],[37.9321057,49.0822442],[37.9177115,49.0817984],[37.9166936,49.0884334],[37.9197957,49.0907963],[37.9158514,49.0972198],[37.9087715,49.1038594],[37.9204039,49.1151053],[37.9368466,49.1153365],[37.9386735,49.1169696],[37.9334074,49.1202578],[37.9495153,49.1304535],[37.9586644,49.1390226],[37.9647264,49.1479234],[37.963664,49.157664],[37.96366422500918,49.157664070653375],[37.9636642,49.1576643],[37.9704665,49.1598],[37.9762814,49.1752103],[37.9760129,49.1916208],[37.9630385,49.1953683],[37.9569319,49.1952759],[37.9544302,49.1964174],[37.9581815,49.1983637],[37.9649976,49.2002374],[37.97143,49.2194694],[37.9522658,49.2307164],[37.9520438,49.2330285],[37.9575295,49.2340801],[37.9614703,49.2396706],[37.9673353,49.2404595],[37.9743888,49.2400204],[37.9898521,49.2500146],[37.9978763,49.2521276],[38.00980309967359,49.26150916376468],[38.01401598954356,49.26843098281997],[38.01335277846131,49.268928256922614],[38.006727,49.273896],[38.00847822576741,49.277049337116296],[38.01292173767472,49.285051187765],[38.008788,49.28801],[38.00663700617685,49.288104472843514],[38.0025948,49.2882816],[38.001311528448035,49.28732577887991],[37.999277,49.28581],[37.998012084462154,49.28342612071713],[37.9978469,49.2831147],[37.994679096237114,49.28329122329896],[37.98938,49.283586],[37.985949335506014,49.28194783643716],[37.9837335,49.2808895],[37.9677155,49.2865549],[37.9620075,49.3032654],[37.968237964848996,49.3030790675755],[37.969614,49.303038],[37.96944848413944,49.30872375034548],[37.9693778,49.3111446],[37.96535025736897,49.31132277052413],[37.961584,49.311489],[37.96158401786815,49.31148938151434],[37.9615836,49.3114894],[37.96184812400999,49.31712848298252],[37.961857,49.317318],[37.96352157894453,49.31912646316641],[37.9663918,49.3222453],[37.9649438,49.3324748],[37.9637123380927,49.33345870356953],[37.962823,49.334169],[37.96091796657984,49.334401959947904],[37.9572947,49.3348448],[37.9500466,49.3377009],[37.9417892,49.3388375],[37.941789282732564,49.33883796107206],[37.941789,49.338838],[37.942329,49.341848],[37.941177,49.344568],[37.94386659583015,49.34690364901831],[37.9419212,49.3496866],[37.94192126587725,49.34968661976548],[37.941921,49.349687],[37.947628,49.351399],[37.948680403125316,49.35232911875188],[37.9495732594999,49.35311846419518],[37.95067301593039,49.355085715930386],[37.954307939513434,49.3615880129152],[37.949072,49.362706],[37.9341414,49.3680762],[37.926805,49.3618147],[37.9228116,49.3637004],[37.9252775,49.3678854],[37.9157302,49.3725213],[37.9163733,49.3827975],[37.8906119,49.3820535],[37.8756474,49.3776019],[37.8622302,49.3804157],[37.8471391,49.3812728],[37.846639,49.3866555],[37.8495282,49.4072309],[37.8115875,49.4084649],[37.8086348,49.4314464],[37.7726215,49.4341817],[37.7700665,49.4363492],[37.7986045,49.4447114],[37.8010122,49.4516611],[37.7981455,49.4600918],[37.7906522,49.468416],[37.7989061,49.4775791],[37.8082886,49.4913692],[37.7991651,49.5046294],[37.7733578,49.5056254],[37.7625573,49.5037586],[37.7483262,49.4952016],[37.7289311,49.5019971],[37.7337532,49.5108184],[37.7235744,49.5146237],[37.713266,49.513489],[37.7063034,49.5073888],[37.6976259,49.5024027],[37.695034,49.502686],[37.6967156,49.5088257],[37.7007644,49.5148622],[37.6969683,49.5253315],[37.6928279,49.5268861],[37.6953232,49.530318],[37.6960211,49.5411357],[37.7008501,49.5443336],[37.7017524,49.5529328],[37.7153675,49.5563607],[37.7318293,49.5571717],[37.7596029,49.5561771],[37.7606685,49.5592012],[37.7538385,49.5617803],[37.7538315,49.5634959],[37.7612521,49.5695864],[37.7705703,49.5721381],[37.7721643,49.5749122],[37.79249,49.580292],[37.79509526722751,49.58725046647972],[37.7963276,49.5905428],[37.7906252,49.5922007],[37.79062522560297,49.592200934411764],[37.790625,49.592201],[37.790894,49.594665],[37.790894355313014,49.59466499086176],[37.7908944,49.5946654],[37.80407498813896,49.59432610030534],[37.80381225,49.596548],[37.803024,49.6032137],[37.7890245,49.6031516],[37.78902440438426,49.603152001790846],[37.789024,49.603152],[37.787941,49.607704],[37.787941147510864,49.60770400035261],[37.7879411,49.6077042],[37.8477634,49.6078474],[37.8754319,49.6238223],[37.8840455,49.6437335],[37.876543126971725,49.64615714274556],[37.873472,49.647149],[37.87347196733104,49.647149281333654],[37.8734716,49.6471494],[37.8733686,49.6480364],[37.8789992,49.6485045],[37.8796348,49.6495991],[37.8852413,49.6509002],[37.8908049703985,49.65061422208192],[37.88975800244604,49.65846898164887],[37.885536,49.6596275],[37.8836608,49.6629987],[37.88301823402221,49.66697930068887],[37.881858,49.674164],[37.881858427082804,49.67416413222603],[37.8818584,49.6741643],[37.88427476723985,49.67491223791879],[37.892407,49.67743],[37.894796,49.685008],[37.903210875993004,49.693761870997356],[37.90294091926301,49.69568472247351],[37.901884,49.703209],[37.88932903379034,49.70526950137102],[37.8854023,49.7059138],[37.87288392913439,49.711292058268775],[37.842632,49.724289],[37.840806,49.725637],[37.843161,49.728888],[37.840488,49.731728],[37.84294352713955,49.73331774857363],[37.84377791674684,49.73385804609056],[37.83867540275072,49.736682896332375],[37.8318423,49.7404657],[37.8108397,49.7408806],[37.809668825,49.73988106729765],[37.804329,49.735322],[37.7974104478493,49.73629813924652],[37.7943846,49.7367249],[37.7853839,49.73968],[37.7778709,49.7470144],[37.763958,49.749679],[37.759173,49.753462],[37.746953,49.757894],[37.731469,49.758221],[37.717219,49.760289],[37.713161089001325,49.76265266460185],[37.7096719,49.7646846],[37.700236836836005,49.76725893537984],[37.689569,49.763034],[37.677727,49.7634893],[37.6720404,49.7671743],[37.666195,49.774498],[37.6579446,49.7793822],[37.6467386,49.7804454],[37.633269,49.7761005],[37.6264601,49.7781724],[37.6314957,49.7854541],[37.6243994,49.7936988],[37.6121405,49.7985356],[37.6096666,49.8025407],[37.6169933,49.8111039],[37.6183822,49.8177283],[37.6157104,49.8234517],[37.6170778,49.8247906],[37.6230829,49.8241867],[37.622395,49.8205625],[37.6268686,49.8203864],[37.6297118,49.8230344],[37.6338847,49.8248755],[37.6667879,49.828848],[37.6748668,49.8315227],[37.6726954,49.8394004],[37.6691368,49.8429473],[37.6648749,49.8436605],[37.6595824,49.8497977],[37.6489959,49.8531052],[37.6487652,49.8550717],[37.6660965,49.8531483],[37.6731845,49.8515059],[37.6750869,49.8487189],[37.6801793,49.8485128],[37.6845516,49.8510757],[37.6813764,49.8550976],[37.6727219,49.8562383],[37.6707119,49.8592157],[37.6706764,49.8627186],[37.6763857,49.864074],[37.6832967,49.8639353],[37.6794752,49.8748788],[37.6859762,49.8847201],[37.6940245,49.8910215],[37.6989405,49.8996274],[37.7020473,49.8991662],[37.7035231,49.8975993],[37.7010675,49.8957096],[37.7018286,49.8929519],[37.7063677,49.8941717],[37.7082321,49.8926171],[37.7329278,49.9005174],[37.738516,49.8977124],[37.7443477,49.9005486],[37.7492381,49.9082686],[37.7471775,49.9125705],[37.7535285,49.913556],[37.7685905,49.9125778]]],[[[35.971276,47.5100656],[35.9951705,47.5126051],[36.018983,47.5113156],[36.020784,47.515904],[36.0300099,47.5222894],[36.0316841,47.5261243],[36.0671355,47.5262561],[36.0737337,47.5329318],[36.08291,47.551831],[36.087362,47.573854],[36.105724,47.578503],[36.116706,47.57794],[36.128116,47.574827],[36.2046516,47.5821304],[36.2105165,47.5771254],[36.2133627,47.5766493],[36.2243629,47.5780835],[36.2225744,47.587526],[36.2707665,47.5950414],[36.310331,47.6057183],[36.338205,47.618398],[36.3408192,47.6266576],[36.3460583,47.6330359],[36.3426187,47.6377224],[36.3499941,47.6407896],[36.367813,47.628263],[36.373645,47.629057],[36.3727825,47.6327431],[36.3767226,47.6351407],[36.3860706,47.6361207],[36.3852517,47.6403692],[36.3861042,47.6411535],[36.4030818,47.6436789],[36.4170491,47.6378498],[36.4832921,47.6428385],[36.5076589,47.6544507],[36.521186,47.668959],[36.503716,47.670158],[36.479327,47.662613],[36.4633978,47.659759],[36.402282,47.655905],[36.400261,47.653332],[36.389356,47.650495],[36.381899,47.650402],[36.3776487,47.6475815],[36.3746859,47.6484036],[36.3511757,47.6452376],[36.3386572,47.6458199],[36.3204841,47.621824],[36.2960259,47.6107683],[36.2969298,47.6049792],[36.2629409,47.597687],[36.215025,47.593004],[36.170908,47.586057],[36.136919,47.581889],[36.12722,47.58461],[36.099497,47.58212],[36.092287,47.579804],[36.081698,47.578255],[36.06539,47.558671],[36.057075,47.5371146],[36.034005,47.532602],[36.021299,47.526801],[36.0121027,47.5208137],[35.9952883,47.5223963],[35.9784414,47.5161662],[35.9730967,47.5129497],[35.971276,47.5100656]]],[[[33.1978698,46.7675023],[33.1899139,46.7688783],[33.1732019,46.7735451],[33.1543651,46.7807595],[33.1448424,46.7816668],[33.130411,46.7790074],[33.0929874,46.7627627],[33.0679333,46.7489795],[33.0470086,46.7406022],[33.0322538,46.7374211],[33.0094257,46.7362153],[32.9831642,46.7378279],[32.9598261,46.733988],[32.9363386,46.7314754],[32.9127348,46.7258281],[32.8939712,46.7174207],[32.8714832,46.7024132],[32.8392109,46.6855762],[32.824662,46.6786573],[32.8269328,46.6775767],[32.8254773,46.6755221],[32.8075431,46.6731134],[32.7972636,46.6687564],[32.7804632,46.6646922],[32.7583542,46.6620291],[32.7362233,46.6563831],[32.7288982,46.6560977],[32.725937,46.6590433],[32.7221565,46.658665],[32.7192047,46.6610793],[32.6980223,46.6586251],[32.672038,46.6505105],[32.6583549,46.6438222],[32.6543354,46.6437608],[32.644467,46.6382337],[32.6195098,46.6189142],[32.5893838,46.5923015],[32.5671217,46.5947857],[32.5587134,46.5967383],[32.5473853,46.5931728],[32.5390621,46.5914937],[32.5128926,46.5910264],[32.4828751,46.5741231],[32.4806505,46.5707888],[32.4721618,46.5687521],[32.4580101,46.5617576],[32.4693426,46.5526571],[32.4784407,46.5505849],[32.4920025,46.5551224],[32.496466,46.5527336],[32.4961284,46.5482],[32.5073315,46.5482653],[32.5089902,46.5400139],[32.5145852,46.5410099],[32.5206882,46.5403559],[32.5318552,46.5368679],[32.5538035,46.541271],[32.5823333,46.5551263],[32.6665008,46.5825337],[32.6917769,46.6012578],[32.6890771,46.6064164],[32.6787383,46.6141517],[32.6844589,46.6212449],[32.7199882,46.6317615],[32.7511208,46.6303085],[32.7675244,46.6355784],[32.7843919,46.6280188],[32.7987104,46.6321159],[32.8035754,46.6408897],[32.8170258,46.6458912],[32.8336319,46.6549499],[32.8459334,46.6632763],[32.8750452,46.6868421],[32.8799589,46.6864742],[32.8857311,46.68905],[32.8910233,46.6932022],[32.8917669,46.698237],[32.9053064,46.711285],[32.9233554,46.718326],[32.9285594,46.718374],[32.9333934,46.717207],[32.9427764,46.713303],[32.9542314,46.711542],[32.9798474,46.710469],[32.9910914,46.714538],[33.0195804,46.717745],[33.0248939,46.7245733],[33.04052,46.7292259],[33.0441725,46.7384806],[33.0484378,46.7376035],[33.0541727,46.7314321],[33.0621896,46.7322653],[33.0733123,46.7384001],[33.0819791,46.7380097],[33.0904107,46.743645],[33.1320618,46.7551279],[33.1371655,46.755756],[33.1401905,46.756687],[33.1414551,46.7593674],[33.153349,46.7627951],[33.1978698,46.7675023]]],[[[32.3422656,46.5334579],[32.3462567,46.5333102],[32.3478446,46.5336645],[32.3478446,46.5346388],[32.3513851,46.5353768],[32.3529086,46.5349192],[32.3557678,46.5362883],[32.3541692,46.5364137],[32.3543248,46.5371481],[32.3576293,46.5376647],[32.3655472,46.5376499],[32.3644528,46.5366167],[32.3671994,46.5348454],[32.3702035,46.5347273],[32.3742375,46.5373252],[32.3744092,46.5412218],[32.376555,46.5423435],[32.3814044,46.5406167],[32.3823056,46.5395687],[32.382134,46.5343731],[32.3808894,46.5333398],[32.3730359,46.5318931],[32.3698602,46.5323065],[32.3632512,46.535613],[32.3611913,46.535613],[32.3576722,46.5347273],[32.3568139,46.5333102],[32.3527799,46.5328969],[32.3500333,46.5334874],[32.3483167,46.532956],[32.3532948,46.531716],[32.3616204,46.5315388],[32.3641095,46.5305941],[32.3666844,46.5278778],[32.370461,46.5276416],[32.3771558,46.5291769],[32.3830781,46.5315979],[32.392777,46.5389193],[32.398946,46.5417421],[32.4026635,46.5427069],[32.3954377,46.5391997],[32.4109731,46.5444687],[32.4161656,46.5469776],[32.4283109,46.5552118],[32.4228177,46.5580448],[32.4171529,46.5581628],[32.4138483,46.5574841],[32.4031625,46.5527328],[32.4046002,46.5495275],[32.4027119,46.5458676],[32.3994504,46.542975],[32.3874341,46.5364217],[32.3845158,46.5376025],[32.3805676,46.5431521],[32.3742162,46.5437424],[32.3733792,46.5454133],[32.3623071,46.5442326],[32.3539385,46.5383436],[32.3599682,46.5411111],[32.3574736,46.5391573],[32.3506553,46.5360559],[32.3422656,46.5334579]]],[[[36.3893847,50.27628],[36.3780466,50.2937659],[36.3842349,50.275896],[36.391696,50.2641701],[36.4006552,50.2534037],[36.4056021,50.2534582],[36.4280554,50.2471106],[36.4374524,50.2449146],[36.431914,50.2390399],[36.4278374,50.2315433],[36.4350944,50.2283272],[36.4463301,50.233357],[36.4592085,50.2312084],[36.4628905,50.2321417],[36.4664441,50.230549],[36.4647154,50.229073],[36.458867,50.2283656],[36.4590143,50.2225581],[36.4756301,50.216064],[36.4819444,50.2149511],[36.4933695,50.2104981],[36.5182004,50.2235914],[36.5309189,50.2335545],[36.5347766,50.2351306],[36.5403378,50.2349938],[36.5695253,50.2300514],[36.5784346,50.2244349],[36.5882007,50.2218926],[36.613489,50.223726],[36.6043613,50.2267398],[36.5988467,50.2298147],[36.5952204,50.2298559],[36.5905641,50.227536],[36.5873883,50.2277145],[36.5846418,50.2300206],[36.586776,50.2351401],[36.5780335,50.2396],[36.5764063,50.2415758],[36.5691994,50.2445395],[36.5328009,50.2424247],[36.5053965,50.2386766],[36.485493,50.2422065],[36.4655829,50.2370277],[36.4620648,50.2341678],[36.4503072,50.2354798],[36.4439571,50.2400796],[36.4484309,50.2442774],[36.4439846,50.2483374],[36.4232993,50.2539903],[36.4183642,50.2568714],[36.415918,50.2597248],[36.4053581,50.2611313],[36.3893847,50.27628]]],[[[37.0137259,50.3486323],[37.0064244,50.3332825],[37.0166478,50.3342198],[37.0140277,50.3218578],[37.0167508,50.3141956],[37.0124104,50.3098545],[37.0097012,50.3093503],[37.0021369,50.3128909],[36.9915809,50.3080833],[36.9871195,50.3080991],[36.9786677,50.3096491],[36.9739926,50.306923],[36.9576398,50.3045128],[36.9539485,50.3011995],[36.9488415,50.3037899],[36.9453224,50.3024947],[36.946095,50.2999385],[36.9344647,50.2978139],[36.9365893,50.2926732],[36.9352803,50.2923167],[36.9354734,50.2914667],[36.9279417,50.2901511],[36.9223413,50.2941403],[36.9212469,50.2976632],[36.9156678,50.2978277],[36.896141,50.2928395],[36.8776878,50.3002948],[36.8526253,50.2930574],[36.8477329,50.2846122],[36.8589338,50.2732857],[36.8542986,50.2663323],[36.8442995,50.2642334],[36.8377765,50.2613528],[36.8376054,50.2588282],[36.8234212,50.2499793],[36.822328804600936,50.24984568781801],[36.8218329,50.2495541],[36.7892518,50.2458],[36.7722271,50.2552691],[36.7397726,50.2656587],[36.7271229,50.2677935],[36.720128,50.277444],[36.710503,50.2712433],[36.7053425,50.2688822],[36.7040349,50.2642144],[36.7429696,50.2569608],[36.7610822,50.2443255],[36.7771282,50.2384938],[36.8030396,50.2420508],[36.8294713,50.2446146],[36.8359896,50.2519551],[36.8399358,50.2548568],[36.8458556,50.2561398],[36.8492041,50.258367],[36.8525124,50.2574946],[36.8642492,50.2571124],[36.8671463,50.2618427],[36.8659885,50.2697118],[36.907789,50.2888356],[36.9221278,50.2916647],[36.9326905,50.2859547],[36.9388496,50.2875526],[36.9383463,50.2891876],[36.9407711,50.2896264],[36.9398772,50.2931682],[36.9422101,50.2938865],[36.9449416,50.2934176],[36.9496715,50.2951256],[36.9507616,50.2937842],[36.9727022,50.3011069],[36.9771347,50.3057983],[36.9809117,50.3068009],[36.9863623,50.3054244],[37.0035289,50.309502],[37.011352,50.3072763],[37.0159133,50.3075718],[37.0181707,50.313151],[37.0326546,50.3206877],[37.0191703,50.3330588],[37.037963,50.348663],[37.0137259,50.3486323]]],[[[37.9305715,50.0160342],[37.9265003,50.0190657],[37.9136739,50.0184566],[37.8993517,50.010111],[37.8894269,50.0102979],[37.8853397,50.0025411],[37.89227094916639,49.99568764914062],[37.892271,49.995688],[37.8955754,50.0034912],[37.8925795,50.0043596],[37.8952055,50.0075726],[37.910757,50.003572],[37.9134054,50.0068228],[37.9123006,50.0078667],[37.9131768,50.0148177],[37.9221125,50.0162524],[37.9238385,50.0154807],[37.9305715,50.0160342]]],[[[35.3043083,51.0788759],[35.3014305,51.0863178],[35.3168473,51.0984738],[35.2967124,51.1158278],[35.2794396,51.1254687],[35.2589201,51.1258062],[35.2273282,51.1222631],[35.2106874,51.1196521],[35.1954206,51.1204869],[35.1921691,51.1240155],[35.1999042,51.1253893],[35.2076807,51.1309654],[35.2206093,51.134817],[35.2244933,51.131963],[35.2728965,51.1364978],[35.2836213,51.1392032],[35.2867115,51.1639131],[35.2637079,51.1703123],[35.2681688,51.1890301],[35.2649074,51.1937488],[35.2719389,51.1984688],[35.269367,51.2116882],[35.2540008,51.2211995],[35.2345704,51.2200887],[35.2154193,51.2323786],[35.1703212,51.2388582],[35.1197383,51.2314849],[35.1176099,51.229647],[35.1139517,51.2310771],[35.0733179,51.2383184],[35.0591733,51.2290891],[35.0555057,51.2144829],[35.0500507,51.2116854],[35.0449395,51.2112535],[35.044634,51.2193158],[35.037976,51.2254427],[35.0252623,51.2260569],[35.0183833,51.2337652],[34.9873459,51.236161],[34.9786052,51.2389638],[34.9703804,51.2325231],[34.9789352,51.2327467],[34.9951246,51.2285251],[35.0016811,51.2299057],[35.005507,51.2318185],[35.0098141,51.2317475],[35.0123187,51.2306553],[35.0138589,51.2276585],[35.01025,51.2160163],[35.0172008,51.2143397],[35.0310486,51.2152418],[35.0317759,51.2198803],[35.0381224,51.2178136],[35.03838,51.2059841],[35.0341956,51.2052314],[35.0339596,51.2025426],[35.0379935,51.2028925],[35.0405674,51.1918195],[35.0586343,51.18681],[35.0841255,51.1827806],[35.0863009,51.1908052],[35.0952513,51.2057717],[35.1045739,51.2041988],[35.1122818,51.2131452],[35.1228372,51.2189155],[35.1394025,51.2174373],[35.1502168,51.2212005],[35.150303,51.2233506],[35.1720182,51.230392],[35.1885078,51.2299571],[35.2349176,51.2059252],[35.2443635,51.2082903],[35.2551905,51.2058692],[35.2612148,51.2015063],[35.2637496,51.1988482],[35.2554763,51.1940995],[35.2591337,51.1889197],[35.2520527,51.1736186],[35.2576366,51.163414],[35.2728309,51.1618199],[35.2727558,51.1492116],[35.2701039,51.1403177],[35.2526212,51.1416218],[35.2446536,51.1387991],[35.2221479,51.1385255],[35.2120031,51.1352337],[35.1980149,51.1344901],[35.1905513,51.1287904],[35.1809422,51.1289074],[35.1768277,51.118897],[35.1852587,51.1160265],[35.2134454,51.1169676],[35.2408076,51.1211112],[35.2682601,51.1156826],[35.2761411,51.1158548],[35.2843206,51.1082932],[35.2955948,51.1029424],[35.2974184,51.098943],[35.2893964,51.096549],[35.2920816,51.0814726],[35.2826514,51.0739631],[35.2868929,51.0675402],[35.3096281,51.0581597],[35.337037,51.0672625],[35.3279976,51.0711103],[35.3103165,51.0757482],[35.3037933,51.0742383],[35.304995,51.0762875],[35.3031925,51.0774739],[35.3043083,51.0788759]]],[[[34.2605642,51.282635],[34.2545272,51.2820675],[34.2508498,51.2755004],[34.246523,51.2762976],[34.2355759,51.2750405],[34.2308093,51.27185],[34.2248822,51.2652541],[34.2438041,51.2635631],[34.2567174,51.2586148],[34.2577662,51.2570133],[34.2616471,51.256459],[34.263487,51.2633398],[34.2582887,51.2697371],[34.2649594,51.2738479],[34.2736048,51.2738238],[34.2784995,51.2727736],[34.2813344,51.2758042],[34.281423,51.2808749],[34.2722411,51.2827242],[34.275341,51.2872217],[34.2880654,51.2889153],[34.2944582,51.2936391],[34.3026337,51.2952225],[34.3096948,51.3037817],[34.3115831,51.3157465],[34.3173337,51.3259919],[34.309967,51.334943],[34.3119171,51.3262166],[34.3055179,51.3222945],[34.3038384,51.3198622],[34.2998425,51.3070753],[34.2802462,51.2937062],[34.2605642,51.282635]]]]},"properties":{"categoria":"conteso","sourceLayer":"DeepState — stato ignoto, separato dal controllo consolidato"}},{"type":"Feature","geometry":{"type":"MultiPolygon","coordinates":[[[[34.237876,51.2924714],[34.2435334,51.2845465],[34.25454673278138,51.282069336152624],[34.2605642,51.282635],[34.2802462,51.2937062],[34.2998425,51.3070753],[34.3038384,51.3198622],[34.3055179,51.3222945],[34.3119171,51.3262166],[34.3107225204556,51.3315621612206],[34.3100686,51.3321342],[34.310458562999905,51.332743330566466],[34.31011415768012,51.33428449183132],[34.30911865123747,51.33511227347986],[34.3042296,51.3360878],[34.2993505,51.3342295],[34.292015800000016,51.3379478],[34.289037174454165,51.338747783685506],[34.28758342047467,51.33883366147407],[34.2814564,51.3346262],[34.2897191,51.3219593],[34.2856958,51.3210943],[34.28228459339167,51.31952878915687],[34.2808742,51.3179984],[34.2812721,51.3143044],[34.2824687,51.3108729],[34.282029995635156,51.31103999384078],[34.2821878,51.3106562],[34.2772508,51.3109448],[34.2772675,51.3128016],[34.27277902805739,51.314425186593745],[34.2697647,51.3059248],[34.2666251,51.29872870000001],[34.2662283,51.2985435],[34.2640682,51.29885520000001],[34.258561526816614,51.30231309791658],[34.2559651,51.3013653],[34.2546741,51.29899080000001],[34.24984394441389,51.29886162155762],[34.2499091,51.2968648],[34.2492322,51.2964366],[34.24506827372635,51.29605341480194],[34.2447424,51.2940462],[34.2418876,51.2932738],[34.23950230000001,51.2934652],[34.237876,51.2924714]]],[[[35.1234099,51.1652493],[35.125335493339534,51.1611275650217],[35.13006100591105,51.15771332033651],[35.1331704,51.1566702],[35.137615,51.154263],[35.14043,51.1521989],[35.1403884,51.1508755],[35.1394254,51.1501097],[35.137182951990205,51.149607598356745],[35.1353152,51.1483999],[35.137151,51.1459642],[35.13622824863308,51.145464717996745],[35.1365134513418,51.14454787542387],[35.13772761287314,51.143607560465696],[35.1440031,51.1405924],[35.1439057,51.1366703],[35.141975660393264,51.13462437557644],[35.1541036,51.1312809],[35.1685196,51.1263453],[35.1747126,51.1214939],[35.170752448343066,51.120123582825],[35.16795451230389,51.11878900891034],[35.1643882763247,51.11316838060732],[35.1637751,51.1082216],[35.1665589,51.1055491],[35.16469083481609,51.10519449596775],[35.16486214983946,51.100994360421524],[35.1685432,51.1007778],[35.1696857,51.1031999],[35.1700228,51.1032315],[35.1769683,51.0987167],[35.1739384,51.0873709],[35.1563817,51.09071020000001],[35.14851581913922,51.082768096010405],[35.1517279,51.0822439],[35.1532509,51.0815482],[35.154141,51.0806827],[35.1577427,51.0819724],[35.1590150470758,51.081019542065896],[35.1632511,51.0835558],[35.1636884,51.0833321],[35.1665515,51.0806048],[35.1657512,51.0775156],[35.1679544,51.0756379],[35.1708441,51.0747307],[35.1727617,51.0720837],[35.1766849,51.0706908],[35.1787404,51.0671726],[35.1831345,51.0635511],[35.1831705,51.0619214],[35.18806936879616,51.05751033818247],[35.1904161,51.0564513],[35.19032689816914,51.053958711791424],[35.1965375,51.0515647],[35.1968956,51.0511976],[35.19636940023706,51.050549313707485],[35.1967617,51.050389],[35.1997041,51.0529863],[35.2037141,51.0512498],[35.2054877,51.0486594],[35.2083265,51.0480722],[35.2095529,51.0467781],[35.21327542608737,51.04652057819272],[35.2208024,51.0510745],[35.2211654006945,51.05074991407414],[35.22259320000001,51.0523984],[35.226263273620724,51.052605857703234],[35.22570790000001,51.0535102],[35.2269621,51.0547625],[35.24281563934095,51.061398419311985],[35.243837,51.0636073],[35.2484334,51.0645979],[35.24927541910182,51.06410875092447],[35.2496452,51.0642639],[35.25390236115876,51.06164333529546],[35.2559681,51.0621209],[35.2577452,51.0614821],[35.257815358577425,51.05894468275119],[35.2612944,51.0613928],[35.2658263,51.0630636],[35.26621590000001,51.0618647],[35.2649434,51.0597115],[35.2668731,51.0579522],[35.27333492793885,51.058117949525624],[35.2725243,51.0591764],[35.2728018,51.0595104],[35.2756866,51.059001],[35.2761348,51.0623787],[35.2746798,51.0633494],[35.2738256,51.064428],[35.2739155,51.0658032],[35.2750569,51.0663693],[35.2758915,51.0661637],[35.277101902412895,51.06413835603801],[35.280138,51.0669886],[35.2813064,51.0676221],[35.2829039,51.067015],[35.2840908,51.0675206],[35.2868929,51.0675402],[35.2826514,51.0739631],[35.2920816,51.0814726],[35.2893964,51.096549],[35.2974184,51.098943],[35.2955948,51.1029424],[35.2843206,51.1082932],[35.2761411,51.1158548],[35.2682601,51.1156826],[35.2408076,51.1211112],[35.2134454,51.1169676],[35.1852587,51.1160265],[35.1768277,51.118897],[35.1809422,51.1289074],[35.1905513,51.1287904],[35.1980149,51.1344901],[35.2120031,51.1352337],[35.2221479,51.1385255],[35.2446536,51.1387991],[35.2526212,51.1416218],[35.2701039,51.1403177],[35.2727558,51.1492116],[35.2728309,51.1618199],[35.2576366,51.163414],[35.2520527,51.1736186],[35.2591337,51.1889197],[35.2554763,51.1940995],[35.2637496,51.1988482],[35.2612148,51.2015063],[35.2551905,51.2058692],[35.2443635,51.2082903],[35.2349176,51.2059252],[35.1885078,51.2299571],[35.1720182,51.230392],[35.15048208278797,51.22340866962603],[35.1505908,51.2209457],[35.14896691886254,51.2207655617519],[35.13946511671332,51.21745908959485],[35.1393677,51.2143319],[35.1380074,51.2093592],[35.1424377,51.2073915],[35.142282947174486,51.206470478198014],[35.1436083,51.2058233],[35.1434366,51.2029732],[35.13655391606606,51.19841852861205],[35.1340739,51.1962768],[35.1304323,51.1943675],[35.1308297,51.17382],[35.134436,51.170816],[35.1234099,51.1652493]]]]},"properties":{"categoria":"ucraino-in-russia","sourceLayer":"DeepState — controllo ucraino consolidato in Russia, al netto di riconquista e stato ignoto"}}]}
