{"type":"FeatureCollection","metadata":{"dataCartografica":"2022-11-13","revisionatoIl":"2026-07-20","revisioneSorgente":{"id":"1668381004","timestampUtc":"2022-11-13T23:10:04Z"},"fonti":[{"id":"deepstate-history-1668381004","titolo":"DeepStateMap — revisione storica 1668381004","autore":"DeepStateUA","url":"https://deepstatemap.live/api/history/1668381004/geojson","ruolo":"base vettoriale primaria datata per controllo russo, stato ignoto e controllo ucraino in Russia"},{"id":"deepstate-history-index","titolo":"DeepStateMap — indice pubblico delle revisioni storiche","autore":"DeepStateUA","url":"https://deepstatemap.live/api/history/public","ruolo":"riscontro dell'identificativo e del timestamp UTC della revisione 1668381004"},{"id":"isw-2022-11-13","titolo":"Russian Offensive Campaign Assessment, November 13, 2022","url":"https://understandingwar.org/wp-content/uploads/2022/11/Russian20Offensive20Campaign20Assessment2C20November20132C202022.pdf","ruolo":"verifica coeva della ritirata dalla riva destra di Kherson e della configurazione del fronte"},{"id":"viina-2","titolo":"VIINA 2.0 — Territorial Control Data","autori":"Yuri M. Zhukov e Natalie Ayers","url":"https://github.com/zhukovyuri/VIINA","licenza":"ODbL 1.0","ruolo":"verifica indipendente giornaliera dell'attribuzione presso i centri abitati e delle località contese"}],"note":"I raid e le presenze non consolidate non sono inclusi. La fascia grigia DeepState è conservata solo dove non si sovrappone al controllo consolidato.","incertezza":"Media lungo la fascia grigia; bassa nelle aree consolidate. La revisione DeepState cade alle 23:10 UTC del giorno richiesto, dopo il completamento della ritirata russa dalla riva destra del Dnipro.","notePerCategoria":{"pre-2022":"Crimea e porzioni del Donbas già controllate prima del 24 febbraio 2022; perimetro identico alla geometria approvata di Fase 3.","post-2022":"Territorio sotto controllo russo acquisito dal 24 febbraio 2022, al netto del perimetro pre-2022 durante l'importazione.","conteso":"Solo poligoni a stato ignoto della revisione DeepState, al netto delle aree di controllo consolidato; non sono raid, infiltrazioni o semplici presenze.","ucraino-in-russia":"Solo area blu esterna al confine ucraino non coperta da riconquista russa o stato ignoto; escluse massime avanzate e presenze discontinue."},"normalizzazioneGeometrica":{"metodo":"snap topologico; dissoluzione per categoria; semplificazione Douglas-Peucker; sottrazione preventiva delle categorie","snapGradi":0.000005,"tolleranzaControlloEContesoMetri":50,"tolleranzaUcrainoInRussiaMetri":20,"fasciaTecnicaSeparazioneOrigineMetri":25,"isoleScartateSottoKm2":{"controllo":0.01,"conteso":0.005,"ucrainoInRussia":0.001},"motivazione":"rendere robuste le operazioni booleane senza alterare la lettura cartografica alla scala del renderer; la fascia tecnica è inferiore all’incertezza delle fonti"}},"features":[{"type":"Feature","properties":{"categoria":"pre-2022","sourceLayer":"Frontiera F3 — perimetro pre-2022 approvato"},"geometry":{"type":"MultiPolygon","coordinates":[[[[32.478939,45.389163],[32.507445,45.381957],[32.513458,45.372038],[32.510377,45.360884],[32.489453,45.346136],[32.551846,45.332385],[32.569816,45.332888],[32.578538,45.327642],[32.65299,45.313322],[32.675688,45.320614],[32.685502,45.332102],[32.712159,45.341307],[32.735393,45.354972],[32.76522,45.363836],[32.84671,45.365264],[32.907019,45.359436],[32.966765,45.336694],[32.991848,45.322499],[33.035244,45.29016],[33.062776,45.27566],[33.107907,45.23151],[33.138912,45.216317],[33.148825,45.202143],[33.185236,45.183717],[33.201984,45.183225],[33.225292,45.174695],[33.257295,45.147804],[33.284289,45.148276],[33.300138,45.162027],[33.29792,45.165633],[33.305239,45.17277],[33.350015,45.173699],[33.380282,45.185909],[33.376436,45.191845],[33.391196,45.197375],[33.432652,45.184093],[33.509265,45.13445],[33.56149,45.081073],[33.58086,45.050881],[33.602595,44.997973],[33.604377,44.980471],[33.597652,44.97655],[33.610962,44.925721],[33.6052,44.866386],[33.594636,44.847578],[33.569694,44.838843],[33.55297,44.841655],[33.548513,44.834598],[33.549545,44.810828],[33.533513,44.792608],[33.540722,44.761758],[33.539777,44.744321],[33.547583,44.724445],[33.546363,44.677979],[33.535667,44.64599],[33.508271,44.631916],[33.494615,44.617766],[33.450155,44.615946],[33.373305,44.584056],[33.403694,44.553239],[33.46013,44.522891],[33.486243,44.494968],[33.506071,44.500846],[33.554048,44.486877],[33.601948,44.491739],[33.627013,44.479579],[33.63834,44.458687],[33.64553,44.421924],[33.673869,44.412807],[33.702892,44.416926],[33.733092,44.383332],[33.759005,44.386932],[33.778737,44.381452],[33.846027,44.401142],[33.882423,44.400268],[33.939412,44.389646],[33.963406,44.38885],[34.034986,44.403674],[34.057232,44.416521],[34.128936,44.427878],[34.171984,44.491011],[34.260362,44.507556],[34.308946,44.552088],[34.334843,44.545507],[34.349035,44.546767],[34.349805,44.57185],[34.354354,44.585681],[34.375816,44.591703],[34.377892,44.612309],[34.389678,44.628884],[34.403924,44.639751],[34.412176,44.658807],[34.432149,44.682765],[34.474964,44.715071],[34.625628,44.773956],[34.677858,44.787856],[34.728811,44.807825],[34.747987,44.807058],[34.763731,44.815057],[34.912095,44.81577],[34.920318,44.82153],[34.920988,44.828751],[34.967823,44.838027],[34.988701,44.828075],[35.0007,44.83203],[35.029503,44.828249],[35.047274,44.814837],[35.043666,44.799459],[35.081062,44.790612],[35.09398,44.801375],[35.111022,44.80702],[35.118455,44.81723],[35.133101,44.822812],[35.130569,44.829311],[35.139391,44.861252],[35.169311,44.900247],[35.190556,44.907887],[35.216612,44.909005],[35.243653,44.916792],[35.25652,44.938423],[35.249825,44.952823],[35.271282,44.967596],[35.283641,44.96616],[35.294987,44.959711],[35.301518,44.965776],[35.322807,44.966441],[35.322466,44.95921],[35.344315,44.964188],[35.351803,44.954952],[35.382973,44.943891],[35.394038,44.954933],[35.356103,44.97733],[35.358416,44.985552],[35.366739,44.992559],[35.428693,45.012912],[35.412652,45.025778],[35.385966,45.035246],[35.389399,45.049444],[35.414638,45.07541],[35.451063,45.097366],[35.541346,45.125861],[35.58496,45.129359],[35.62977,45.122303],[35.692135,45.104626],[35.748793,45.081465],[35.777878,45.066304],[35.804886,45.045558],[35.814483,45.033306],[35.810165,45.021418],[35.82978,45.014076],[35.834113,45.0091],[35.828278,45.004552],[35.842096,44.998366],[35.870587,45.004186],[35.907658,45.018079],[35.925851,45.019111],[35.954083,45.011219],[35.984215,45.022859],[35.994952,45.03511],[36.012561,45.044932],[36.035405,45.049216],[36.07129,45.048252],[36.201045,45.033023],[36.225684,45.026816],[36.24793,45.04068],[36.249153,45.047687],[36.282137,45.05499],[36.372884,45.057475],[36.440096,45.083327],[36.456018,45.095623],[36.454606,45.105555],[36.43318,45.117691],[36.425628,45.128893],[36.417779,45.164294],[36.407778,45.172889],[36.403912,45.214162],[36.423049,45.23723],[36.423707,45.245262],[36.435783,45.258066],[36.43962,45.271622],[36.436333,45.276239],[36.426012,45.27864],[36.421663,45.286584],[36.435179,45.295073],[36.484438,45.305478],[36.499502,45.318675],[36.47329,45.330744],[36.472041,45.341233],[36.477812,45.349132],[36.518286,45.351539],[36.535225,45.349918],[36.534981,45.345637],[36.54435,45.344735],[36.596554,45.345031],[36.60599,45.347733],[36.612025,45.355938],[36.630569,45.360521],[36.633217,45.362811],[36.630106,45.373786],[36.648733,45.38292],[36.611273,45.407542],[36.607593,45.412573],[36.61553,45.422271],[36.598276,45.438662],[36.57528,45.442252],[36.565672,45.436625],[36.56594,45.428443],[36.554467,45.424368],[36.532672,45.42719],[36.495456,45.450514],[36.470548,45.458514],[36.461093,45.456435],[36.447174,45.460135],[36.432474,45.447875],[36.415458,45.446825],[36.376602,45.463689],[36.372894,45.47138],[36.357563,45.471617],[36.344848,45.484307],[36.33933,45.482513],[36.336302,45.474221],[36.322868,45.471297],[36.293683,45.483861],[36.265345,45.478566],[36.17039,45.472361],[36.12387,45.463618],[36.068785,45.445463],[36.068942,45.404374],[36.04285,45.384009],[35.99701,45.371491],[35.941221,45.380044],[35.886842,45.407774],[35.846507,45.446506],[35.87606,45.463856],[35.867831,45.473251],[35.841775,45.474473],[35.823649,45.46632],[35.817747,45.458869],[35.818368,45.451418],[35.826475,45.440129],[35.748929,45.396331],[35.745726,45.39066],[35.748889,45.384633],[35.760985,45.381258],[35.753728,45.366548],[35.724851,45.351594],[35.71557,45.338458],[35.632903,45.324584],[35.525825,45.291193],[35.498759,45.306176],[35.467835,45.307544],[35.382064,45.352514],[35.311256,45.411424],[35.201458,45.523343],[35.109867,45.599025],[35.050056,45.667202],[34.977053,45.765285],[34.958219,45.760037],[34.800881,45.804735],[34.796134,45.892053],[34.782879,45.904975],[34.752716,45.910231],[34.700883,45.959179],[34.651415,45.973908],[34.556042,45.988691],[34.478552,45.946947],[34.436726,45.968164],[34.382464,46.034692],[34.227754,46.060816],[34.160772,46.08043],[34.122582,46.108122],[34.038334,46.116935],[33.82395,46.187069],[33.740532,46.185128],[33.6897,46.204334],[33.60668,46.146878],[33.612528,46.138238],[33.616561,46.11536],[33.633038,46.097381],[33.637282,46.081351],[33.623699,46.071722],[33.611338,46.054819],[33.629384,45.977458],[33.627758,45.958848],[33.616479,45.949068],[33.617606,45.944243],[33.634992,45.941326],[33.647501,45.945166],[33.640135,45.949356],[33.659761,45.954586],[33.692314,45.95526],[33.744939,45.95033],[33.747278,45.946685],[33.751076,45.9488],[33.757987,45.934494],[33.749506,45.928276],[33.730928,45.930188],[33.701995,45.911004],[33.691971,45.913471],[33.680094,45.90854],[33.675115,45.898868],[33.684191,45.850098],[33.661598,45.86426],[33.662233,45.871524],[33.642234,45.876325],[33.616272,45.892143],[33.593725,45.885292],[33.581653,45.871206],[33.568716,45.874008],[33.548213,45.843531],[33.542129,45.840258],[33.527171,45.849723],[33.507622,45.841072],[33.50089,45.848355],[33.520062,45.857708],[33.544102,45.880335],[33.540593,45.884913],[33.517951,45.867777],[33.432207,45.838576],[33.373494,45.797187],[33.32241,45.775037],[33.23866,45.752804],[33.21192,45.757728],[33.182114,45.773902],[33.172486,45.786603],[33.185831,45.807952],[33.182338,45.80993],[33.175838,45.805742],[33.165737,45.78827],[33.159184,45.749182],[33.152919,45.733355],[33.1378,45.719814],[33.127908,45.719842],[33.114638,45.712775],[33.095704,45.715503],[33.0691,45.706833],[33.017154,45.687009],[33.006337,45.679383],[32.999393,45.681147],[32.908691,45.640338],[32.820181,45.586841],[32.821299,45.58301],[32.841008,45.582406],[32.843141,45.570597],[32.833962,45.560234],[32.825974,45.55733],[32.793178,45.56389],[32.772105,45.557869],[32.736877,45.543007],[32.72322,45.533026],[32.59058,45.48558],[32.538208,45.454884],[32.524271,45.438872],[32.500388,45.424663],[32.48807,45.407956],[32.479703,45.404263],[32.478939,45.389163]]],[[[36.50714,45.295558],[36.533319,45.279798],[36.549112,45.261314],[36.578294,45.249048],[36.547052,45.279677],[36.519242,45.293988],[36.50714,45.295558]]],[[[37.521854,47.94582],[37.542839,47.932477],[37.5350299,47.918015],[37.644034,47.886626],[37.634262,47.838423],[37.634549,47.802538],[37.623169,47.77311],[37.637589,47.751994],[37.67268,47.724717],[37.764495,47.684702],[37.803977,47.660196],[37.8312754,47.6567292],[37.8523854,47.641694],[37.8458595,47.6237619],[37.8159936,47.5852213],[37.819427,47.546303],[37.892555,47.469773],[37.878478,47.441684],[37.863715,47.426588],[37.855819,47.403124],[37.856849,47.392898],[37.850326,47.384298],[37.83831,47.378022],[37.841643,47.369022],[37.851599,47.365534],[37.837623,47.352442],[37.848609,47.350116],[37.859152,47.354371],[37.861212,47.347858],[37.856849,47.343603],[37.829283,47.342507],[37.824577,47.321498],[37.834876,47.30823],[37.827666,47.302643],[37.833846,47.285412],[37.833503,47.249301],[37.8005435,47.1732715],[37.818054,47.119099],[37.829283,47.112742],[37.83831,47.099704],[37.895473,47.110921],[37.983964,47.083576],[37.99023,47.091466],[37.975882,47.095683],[37.993063,47.099003],[38.032545,47.08907],[38.040012,47.091875],[38.054332,47.108302],[38.062671,47.110804],[38.08885,47.105956],[38.122869,47.080622],[38.132826,47.06402],[38.131796,47.053729],[38.106046,47.047179],[38.080408,47.026545],[38.084988,47.020418],[38.163265,47.065455],[38.186556,47.093712],[38.230118,47.119406],[38.229247,47.127085],[38.236312,47.139527],[38.234781,47.202589],[38.24279,47.217117],[38.233869,47.225801],[38.234334,47.230986],[38.253541,47.233616],[38.260502,47.238316],[38.288189,47.23856],[38.288043,47.2565],[38.324491,47.256821],[38.333735,47.268938],[38.323394,47.281132],[38.333354,47.292132],[38.333288,47.296975],[38.327091,47.299009],[38.334511,47.301408],[38.336304,47.306408],[38.220978,47.30538],[38.221472,47.327345],[38.227214,47.32971],[38.222079,47.332853],[38.230493,47.338902],[38.230693,47.343169],[38.246788,47.351445],[38.250461,47.357713],[38.245559,47.363193],[38.258732,47.373353],[38.286492,47.37356],[38.286416,47.391477],[38.302085,47.39287],[38.302022,47.475121],[38.289402,47.476754],[38.295072,47.508064],[38.284908,47.508376],[38.284804,47.544465],[38.305114,47.544851],[38.31115,47.553619],[38.31097,47.576028],[38.350737,47.576206],[38.35012,47.616689],[38.456688,47.617004],[38.456275,47.644253],[38.620087,47.64487],[38.629589,47.653336],[38.629274,47.669278],[38.665887,47.669418],[38.665616,47.697176],[38.6592,47.700057],[38.729124,47.698807],[38.730305,47.680361],[38.773164,47.685764],[38.770869,47.720629],[38.788943,47.737015],[38.798157,47.77844],[38.788677,47.815974],[38.835102,47.816059],[38.8393994,47.8642544],[39.082778,47.869927],[39.082891,47.851604],[39.109389,47.851752],[39.109535,47.842747],[39.149682,47.842582],[39.236213,47.853953],[39.241734,47.867014],[39.39045,47.866185],[39.412529,47.830898],[39.437354,47.839834],[39.44625,47.850644],[39.478474,47.859474],[39.520308,47.825141],[39.534491,47.83253],[39.542168,47.824981],[39.565587,47.836556],[39.73791,47.827729],[39.763184,47.846537],[39.762505,47.870145],[39.794941,47.866833],[39.793904,47.915897],[39.806594,47.933666],[39.805888,47.950562],[39.827391,47.950834],[39.815408,47.970866],[39.823031,47.98354],[39.816717,47.984542],[39.817916,47.994778],[39.813736,47.998502],[39.81672,48.001463],[39.795218,48.010703],[39.785081,48.023125],[39.779662,48.039336],[39.877208,48.041378],[39.885886,48.047866],[39.832202,48.0665],[39.868584,48.079444],[39.879951,48.115164],[39.910275,48.138416],[39.909184,48.16933],[39.913886,48.178015],[39.940934,48.18081],[39.942194,48.230744],[40.00754,48.223312],[40.003076,48.239476],[40.01951,48.252508],[40.018989,48.25706],[40.016777,48.269458],[40.008963,48.272654],[39.999745,48.28929],[39.990815,48.317082],[39.972492,48.312971],[39.971265,48.307302],[39.963063,48.302596],[39.971011,48.302796],[39.970224,48.298747],[39.958283,48.29805],[39.95666,48.303185],[39.951971,48.303551],[39.948411,48.294295],[39.937703,48.292225],[39.936215,48.285058],[39.930156,48.282764],[39.934695,48.279066],[39.924907,48.271485],[39.914829,48.269678],[39.90822,48.277008],[39.912695,48.288202],[39.910188,48.292982],[39.886916,48.304089],[39.887199,48.308777],[39.841068,48.310051],[39.840394,48.329117],[39.845593,48.332774],[39.877934,48.334073],[39.918581,48.341692],[39.918603,48.347207],[39.943644,48.34812],[39.947507,48.35523],[39.94253,48.354963],[39.944422,48.357166],[39.934751,48.372274],[39.943278,48.383791],[39.941535,48.387072],[39.926845,48.375075],[39.92122,48.375928],[39.914558,48.386827],[39.905962,48.390316],[39.918644,48.397611],[39.906312,48.403562],[39.912763,48.41558],[39.910297,48.421956],[39.895926,48.429242],[39.888817,48.441993],[39.896766,48.44422],[39.897326,48.448112],[39.857752,48.463363],[39.846338,48.473712],[39.846469,48.499306],[39.84871,48.50284],[39.861877,48.501924],[39.866756,48.508883],[39.854533,48.552999],[39.85763,48.561413],[39.846829,48.572934],[39.821685,48.578332],[39.825051,48.586152],[39.80861,48.583972],[39.789985,48.593369],[39.773425,48.592326],[39.770368,48.587994],[39.751295,48.58209],[39.751054,48.588836],[39.746721,48.590673],[39.721237,48.584834],[39.6713252,48.5892403],[39.6334311,48.5812628],[39.6236025,48.5870259],[39.6110289,48.5740514],[39.6010726,48.5749594],[39.5968664,48.5795022],[39.6058783,48.5855209],[39.600613,48.5928753],[39.5913857,48.5922505],[39.5743396,48.5817384],[39.5640858,48.5845992],[39.5694136,48.5911155],[39.5635639,48.5990889],[39.549059,48.595854],[39.549314,48.585973],[39.5306906,48.5856913],[39.5292488,48.5912185],[39.5350124,48.5928382],[39.5341908,48.5967686],[39.5245243,48.6026385],[39.5298325,48.6093625],[39.5129236,48.6221295],[39.5175713,48.6266987],[39.5165791,48.6337256],[39.4672186,48.6285546],[39.4654267,48.6335035],[39.4686795,48.6376897],[39.454215,48.639786],[39.449575,48.644557],[39.452373,48.65471],[39.410694,48.657656],[39.408033,48.65981],[39.413526,48.66684],[39.411724,48.670524],[39.390524,48.678799],[39.389599,48.684749],[39.377986,48.686237],[39.355953,48.697214],[39.346855,48.712224],[39.374183,48.718652],[39.353722,48.726891],[39.358871,48.736175],[39.349266,48.742496],[39.343138,48.757361],[39.353893,48.76549],[39.351063,48.768547],[39.33167,48.766602],[39.326603,48.768309],[39.326256,48.775559],[39.311844,48.774069],[39.292617,48.760605],[39.286434,48.748901],[39.272383,48.753887],[39.268663,48.741949],[39.256311,48.74227],[39.259229,48.733835],[39.24978,48.712564],[39.239588,48.709125],[39.232364,48.711412],[39.207173,48.6983],[39.200371,48.699999],[39.196508,48.706513],[39.174249,48.680329],[39.148672,48.675285],[39.141898,48.66665],[39.141984,48.660868],[39.123187,48.660018],[39.103618,48.649869],[39.075894,48.651626],[39.042678,48.646466],[39.012372,48.658336],[39.009633,48.662626],[39.025426,48.661974],[39.026284,48.667274],[39.014354,48.683427],[39.015548,48.694891],[39.001815,48.698007],[38.998986,48.711196],[38.984305,48.711828],[38.999333,48.719624],[38.978812,48.744892],[38.961131,48.746137],[38.961045,48.736515],[38.943707,48.733854],[38.932464,48.736798],[38.936959,48.747117],[38.918028,48.742911],[38.90474,48.750608],[38.863879,48.75138],[38.847148,48.742911],[38.830067,48.717038],[38.808438,48.713414],[38.767067,48.71432],[38.691716,48.729363],[38.674549,48.729363],[38.678412,48.723701],[38.583218,48.71987],[38.577732,48.696742],[38.572231,48.689056],[38.559446,48.686695],[38.548978,48.675294],[38.527284,48.674642],[38.516148,48.670562],[38.515247,48.666367],[38.431476,48.650492],[38.4263261,48.6386961],[38.4362747,48.6292431],[38.4412529,48.6172714],[38.438793,48.6110275],[38.40607,48.60193],[38.402637,48.59194],[38.402637,48.547867],[38.414303,48.520605],[38.405377,48.473366],[38.389247,48.432278],[38.390964,48.415874],[38.321754,48.371053],[38.273689,48.359192],[38.2385206,48.3867172],[38.1890602,48.4165331],[38.163094,48.402117],[38.148548,48.414482],[38.117477,48.420805],[38.113706,48.408013],[38.042123,48.409086],[38.004802,48.393954],[37.978623,48.391275],[37.974959,48.381115],[37.9500832,48.3734333],[37.942023,48.3574628],[37.9292962,48.3594898],[37.9185517,48.3465274],[37.9054956,48.3404377],[37.9006815,48.3232554],[37.9011467,48.2908822],[37.8943398,48.286666],[37.895347,48.268546],[37.89157,48.255061],[37.896571,48.215429],[37.88333,48.199712],[37.856208,48.192846],[37.828593,48.17515],[37.8168038,48.1322916],[37.789283,48.100177],[37.756436,48.08667],[37.7430873,48.0868254],[37.7266508,48.0795824],[37.7257935,48.0733245],[37.693049,48.069307],[37.687749,48.061894],[37.694294,48.056545],[37.691199,48.053406],[37.68785,48.054754],[37.64781,48.028944],[37.616482,48.018095],[37.575455,48.013961],[37.573394,48.006899],[37.556143,48.009855],[37.549621,47.997364],[37.558546,47.986451],[37.5412006,47.9745867],[37.525158,47.957202],[37.521854,47.94582]]]]}},{"type":"Feature","geometry":{"type":"MultiPolygon","coordinates":[[[[36.57731248574757,45.24919909551615],[36.552362905721616,45.25968906403202],[36.5715991,45.2500758],[36.57731248574757,45.24919909551615]]],[[[37.62208125641031,48.02028693867462],[37.64761214095316,48.0291283855653],[37.6876658391634,48.05494183737034],[37.68772130108777,48.05496144971892],[37.687781251475414,48.05497382717553],[37.68784359951697,48.05497853806767],[37.68790617077999,48.05497541809965],[37.68796678304676,48.054964576082554],[37.68802332242355,48.05494639013939],[37.69109597679344,48.053709621184865],[37.69387747595077,48.05653067789928],[37.68745361794636,48.061786929480846],[37.687428825840584,48.06182582637128],[37.68741538110402,48.06186713944146],[37.68741376026292,48.06190940450319],[37.68742402079097,48.0619511236249],[37.68744579906826,48.06199081822029],[37.692778315739154,48.069440110024786],[37.69282048561244,48.06947167634086],[37.69287076796359,48.06949739653519],[37.69292737773074,48.06951635751577],[37.69298830521513,48.06952788614837],[37.69377832822231,48.06962481597901],[37.71654497372928,48.07241811069733],[37.7254820319559,48.073514619954],[37.72632688135435,48.07964242256402],[37.726348093617226,48.07968005109721],[37.72637900938592,48.07971454936725],[37.72641863764699,48.07974481150218],[37.7264657080939,48.07976986742123],[37.74296168262842,48.08703371300033],[37.74302620024613,48.087046238857894],[37.743093158122136,48.08704994472476],[37.7563435077778,48.08689568967998],[37.789033688755524,48.10033822257275],[37.7903540276553,48.10187896375951],[37.794755014573155,48.10701460113859],[37.7920214,48.1045282],[37.7796618,48.1058464],[37.7696197,48.104127],[37.7665297,48.1010318],[37.7631824,48.0947263],[37.7464791,48.0909703],[37.7246352,48.0921037],[37.7163482,48.0968972],[37.7027722,48.0968301],[37.6914001,48.0995497],[37.6830206,48.0972408],[37.6670493,48.0974401],[37.6529119,48.0964465],[37.6558551,48.0838719],[37.652083,48.0719955],[37.6445237,48.0707311],[37.6433177,48.0680883],[37.6345126,48.0700765],[37.6095479,48.0588584],[37.5979113,48.0553896],[37.62208125641031,48.02028693867462]]],[[[37.80776971180484,48.12220182319306],[37.80992475254551,48.124716601806995],[37.816483203358665,48.13236984544836],[37.819430019754314,48.143076234461454],[37.828281438959806,48.17523525783047],[37.82831453914401,48.17527630819727],[37.828359633203455,48.17531191825373],[37.85602783383638,48.19303576533265],[37.856088391783864,48.19305594803956],[37.88309606528907,48.19989301198213],[37.8962264847352,48.21547885790111],[37.895654958773605,48.22000808767559],[37.89191691229288,48.249631363881036],[37.89123022379893,48.25507323385998],[37.89500845686484,48.268562634851676],[37.89496518306678,48.26934707958643],[37.89400759873815,48.28670566649719],[37.894027905420415,48.28675181699524],[37.89406251236574,48.286794032844405],[37.89410983288821,48.286830378459626],[37.9008077567456,48.290979092852055],[37.900343646329624,48.32327617534077],[37.90428049343191,48.337308743607466],[37.8901968,48.2991598],[37.8696933,48.2818506],[37.8423308,48.2832692],[37.8217294,48.2899051],[37.8082985,48.2875112],[37.8006261,48.272697],[37.8048352,48.2662158],[37.8012386,48.2582824],[37.7834469,48.2548452],[37.7761512,48.2501586],[37.7849065,48.2446757],[37.7712588,48.2370691],[37.7722466,48.2214534],[37.7521243,48.2193316],[37.759867,48.2109852],[37.7738199,48.2085361],[37.7809667,48.2013618],[37.7911484,48.1985756],[37.7814173,48.1943018],[37.7938695,48.1889643],[37.7949978,48.1807845],[37.7892603,48.1753516],[37.8015461,48.1746128],[37.80971,48.1649436],[37.7984831,48.1509121],[37.80776971180484,48.12220182319306]]],[[[37.90554550958574,48.340735332672935],[37.91829350583451,48.34668133748311],[37.92903543263135,48.359632677182326],[37.92907971680465,48.35966226687941],[37.92913147545608,48.359685901888845],[37.92918892153139,48.359702766168155],[37.9292500716007,48.35971227744618],[37.92931281434196,48.359714107327775],[37.92937498344097,48.359708192632766],[37.94180091415291,48.357729112588224],[37.949790911354334,48.3735461620846],[37.94983117215669,48.373582992550716],[37.94988178551949,48.373613674135036],[37.949940672409824,48.37363694652746],[37.972364079812415,48.38056135157165],[37.9470402,48.3751555],[37.9346295,48.3739913],[37.9096311,48.3518021],[37.90554550958574,48.340735332672935]]],[[[38.70161286360508,48.7276217781114],[38.764898357847024,48.714987578546165],[38.7535137,48.7184915],[38.70161286360508,48.7276217781114]]],[[[38.84805453262996,48.74365250334022],[38.86016609166953,48.74977794389816],[38.8553874,48.7496462],[38.84805453262996,48.74365250334022]]],[[[37.978304062394535,48.391336310027455],[37.97831589824688,48.39136906990228],[37.978349592714544,48.391407189625255],[37.9783938782559,48.39144018871099],[37.9784470393835,48.39146678886109],[37.97850701678273,48.39148595965348],[37.97857148708503,48.39149695845947],[38.00468353260537,48.394169107201066],[38.042004458243824,48.40929634192688],[38.04206652872615,48.409307428200876],[38.042130637668414,48.40931052158615],[38.11342870953135,48.408241792585294],[38.11716265997583,48.42088816396719],[38.11719127756391,48.42092533121572],[38.11722976440927,48.4209583420852],[38.11727679113823,48.42098605633238],[38.11733073338911,48.42100751666536],[38.11738972791993,48.421021981810746],[38.11745173696889,48.42102895211935],[38.11751461864397,48.42102818682545],[38.11757620091006,48.42101971236352],[38.11974063522556,48.420578909426744],[38.146677528495495,48.41509301337719],[38.148710498036095,48.414678984206866],[38.148767105815125,48.41465313216627],[38.148814677325966,48.41462022242136],[38.16314531084953,48.402438264876295],[38.188900444623975,48.41673107235415],[38.18896445202721,48.41674850008827],[38.18903246222762,48.41675692297882],[38.18910163202159,48.416755988902075],[38.18916906972612,48.41674573690767],[38.18923195607203,48.416726595585985],[38.1892876620691,48.416699365150016],[38.238762209170154,48.38687502776722],[38.27379339196567,48.3594573336823],[38.32156919600076,48.3712469710909],[38.390615592371375,48.415962171684626],[38.3889099790323,48.432298784159514],[38.388919446719065,48.43233458609928],[38.40504361945922,48.47340842326353],[38.40787531611216,48.48839511996859],[38.413196196709805,48.51655577186533],[38.41395800953194,48.52058765066826],[38.40229746516849,48.54783690757511],[38.40229746500627,48.591965418140596],[38.40575899027272,48.60202020524764],[38.405790322465705,48.60205739834555],[38.405831706165166,48.60209001282909],[38.405881654072715,48.602116876544734],[38.405938371086414,48.602137024017935],[38.40604834833927,48.602167599430004],[38.438506606084054,48.61119150737247],[38.44090123820731,48.6172698371145],[38.435962493833905,48.629146465399266],[38.426017182737716,48.6386024792937],[38.42599700272272,48.63864003969472],[38.42598718848817,48.63867936588025],[38.425988049183786,48.63871921916767],[38.42599955772461,48.63875834426897],[38.431040735852164,48.65028931396604],[38.43117494289117,48.65059629325952],[38.43121276091423,48.6506340963529],[38.43126129580719,48.65066611452827],[38.43131857165601,48.650691044275014],[38.431382256677374,48.65070787066198],[38.43311462987912,48.651036163809096],[38.45969560054977,48.6560733870275],[38.51494129049931,48.66654271395986],[38.515825793320104,48.670633831992745],[38.51585124509335,48.670671682335644],[38.515886788631306,48.670705802732485],[38.51593121522026,48.67073503284744],[38.515983014051756,48.67075837864709],[38.52719131682139,48.67485807867749],[38.52726853661072,48.67486634656836],[38.54878124343071,48.67551289795281],[38.55919324282149,48.68684530652712],[38.55924031936611,48.68687387992245],[38.55929466445243,48.68689613193627],[38.5593543575881,48.68691127620482],[38.571989758297924,48.689244651197754],[38.57740342308811,48.696808686202914],[38.57783367349046,48.6986204720311],[38.58251866385834,48.71834898153915],[38.58289809093965,48.71994675019895],[38.58292643420751,48.71998590581173],[38.58296566204034,48.72002073452914],[38.583014310026755,48.7200499361444],[38.58307056207772,48.72007242051656],[38.5831323182237,48.72008734826837],[38.583197273011116,48.72009416212257],[38.67789925646842,48.723905362156785],[38.67421700241987,48.72931321551555],[38.67420863069589,48.7293575732837],[38.674213743354706,48.72940214606114],[38.674232137883415,48.72944516800947],[38.674263085577365,48.72948493472506],[38.67430536040448,48.72951987076324],[38.674357287573706,48.72954859205406],[38.67441680988383,48.72956996073662],[38.67448156922442,48.72958313023957],[38.674549000000006,48.729587578821025],[38.69176604514637,48.729587578821025],[38.691781995177074,48.72958439458626],[38.7055541,48.7754591],[38.5596882,48.8300656],[38.5304354,48.8497759],[38.4952068,48.8707374],[38.4748205,48.9035945],[38.413393,48.9399705],[38.4022715,48.9556589],[38.3698935,48.9817692],[38.2997041,49.0248792],[38.2844417,49.0264547],[38.2626116,49.0244189],[38.24097785610999,49.00553688186142],[38.2626136,49.0244211],[38.2844437,49.0264569],[38.2997062,49.0248814],[38.3698955,48.9817714],[38.4022736,48.9556611],[38.4133951,48.9399727],[38.4748226,48.9035967],[38.4952089,48.8707396],[38.5304375,48.8497781],[38.5596903,48.8300678],[38.7055563,48.7754613],[38.69178335376241,48.72958412336079],[38.701504542254604,48.72764340318639],[38.7535158,48.7184937],[38.7649246792157,48.714982323796576],[38.76712288159513,48.71454347872032],[38.808401028720944,48.713639512138634],[38.82982152541481,48.71722857850929],[38.846862976854275,48.74303391674829],[38.846898263875794,48.74306369037321],[38.846940621527544,48.74308914099997],[38.84805436219216,48.743652417141035],[38.8553895,48.7496484],[38.86016646599815,48.749778133215464],[38.86069847364719,48.750047196943754],[38.86291202725556,48.75116670525854],[38.86095680188315,48.75073623066395],[38.86291610393252,48.751168767044504],[38.8637379583579,48.75158442124835],[38.863811616817365,48.75160014050951],[38.86388875651748,48.75160448667414],[38.872326434172635,48.751444379098075],[38.8776197,48.7525911],[38.879079,48.7524782],[38.88024294264977,48.75129416087039],[38.90480823088697,48.7508280268326],[38.90486466757909,48.75081699558662],[38.904917380872064,48.75079972240226],[38.90496479640343,48.750776723170965],[38.90645686357638,48.74991245006557],[38.911137,48.7480073],[38.91258222392724,48.7463643630169],[38.91810528497196,48.74316515509454],[38.91912707153557,48.74339191984114],[38.922835485584955,48.74500926250032],[38.91913153349747,48.74339291008283],[38.92706035931567,48.74515255171596],[38.9369157901146,48.74733976414108],[38.93698301318137,48.747341019944656],[38.937049300033536,48.74733354184091],[38.93711206631204,48.74731762138254],[38.937168864921446,48.74729387926834],[38.93721748143879,48.74726324114275],[38.93725602044965,48.747226901506195],[38.937282979444895,48.747186277143314],[38.93729730739719,48.747142951885095],[38.937298445733845,48.74709861485876],[38.937286350109034,48.747054994633],[38.93723298726635,48.74693249366081],[38.9388603,48.745814],[38.93795772717587,48.744073190366],[38.9388581,48.7458118],[38.937231762554525,48.74692968218409],[38.935665691557475,48.743334573490145],[38.93287649198315,48.73693162262923],[38.94373360955299,48.734088663394346],[38.94602960150545,48.73444104760811],[38.9460695,48.7344511],[38.94609033158492,48.734450368338216],[38.96070607152402,48.73669356262359],[38.960747244658684,48.74100562408607],[38.96074731309161,48.74101279106454],[38.96078739568019,48.745210639660904],[38.96078740610365,48.74521173130881],[38.96079664923587,48.74617976433745],[38.9608143715619,48.74621973506757],[38.96084298116432,48.74625686097434],[38.960881494322955,48.746289865481124],[38.960928586775765,48.746317613723626],[38.960982639252315,48.74633915157312],[38.96104179315266,48.74635373844538],[38.961104014456836,48.746360872766715],[38.961167163667284,48.746360309221316],[38.96361984481863,48.746187015948],[38.9640946,48.7461965],[38.96421552676077,48.746144928262225],[38.97891294309408,48.745106487784845],[38.97897391557632,48.74508957537158],[38.97902878018088,48.745065209962185],[38.9790754672836,48.74503431068275],[38.979112215745864,48.7449980431319],[38.97940544332415,48.74463684762319],[38.9812181,48.7438471],[38.98182618150122,48.741655000682194],[38.985609260621864,48.73699503249138],[38.9895432,48.7349888],[38.9914389,48.7306106],[38.9983914,48.7242694],[38.99921036343268,48.72024129712471],[38.999658964090706,48.71968871423386],[38.999671937046294,48.7196448190925],[38.99967146936044,48.71960009838432],[38.999657579614684,48.71955632551893],[38.9996308186424,48.71951523631448],[38.999592247680326,48.71947846016417],[38.999543396281105,48.719447455423634],[38.999086430847036,48.71921039913121],[38.9980470141911,48.71747406237986],[38.999085513915645,48.71920992346207],[38.99282396445021,48.71596166967644],[38.98521402780707,48.712013923891476],[38.99665605209665,48.71151783632461],[38.9969247,48.7116038],[38.99756107327283,48.711478597660026],[38.999073546602034,48.71141302191968],[38.999135617358746,48.71139771493285],[38.99919201662692,48.7113747616785],[38.99924060651139,48.71134503223637],[38.999279545153215,48.711309653546635],[38.999307356547774,48.71126996669035],[38.999322986493006,48.71122747605257],[39.002122690708006,48.69817466534008],[39.015716469374695,48.69508611523197],[39.015768463277276,48.695062053754114],[39.015812777912984,48.69503203410922],[39.015847869712644,48.69499710195289],[39.01587251636802,48.694958474052854],[39.015885859405735,48.69491749590521],[39.015887434086906,48.694875594867106],[39.015623225974714,48.69233900860295],[39.0157292,48.6886421],[39.014917066668026,48.685559375749065],[39.014699594189366,48.683471484890475],[39.016702539430995,48.6807580115063],[39.0195841,48.6791411],[39.01997361344612,48.67632655122807],[39.02661200074537,48.66733325132349],[39.02662295506213,48.66729200039184],[39.02662212167577,48.667250123485275],[39.026506068761144,48.666538384945085],[39.02748558887642,48.66324990716561],[39.026505273405185,48.666533507122836],[39.02579966146797,48.6622060741432],[39.0257995278857,48.66220525489923],[39.02575109142161,48.66190819990191],[39.025726293108455,48.661868665450406],[39.02569059159795,48.66183295556982],[39.02564528317915,48.66180236683163],[39.025592012944415,48.66177800986418],[39.02553271505803,48.66176076902877],[39.02546954253077,48.661751270310894],[39.02540478904971,48.66174985859262],[39.01015956450603,48.662379244298954],[39.01264174500549,48.658491443609755],[39.01372514267116,48.65806710695897],[39.019155,48.6569775],[39.0285105,48.6530086],[39.0322087,48.652876],[39.03426775678971,48.6500211379213],[39.042733530264485,48.646705330553026],[39.07587101944992,48.65185006508354],[39.07592646129441,48.65184955258214],[39.09260445219749,48.65079259006883],[39.0985561,48.6508915],[39.102001721510845,48.65019704103362],[39.1035150674302,48.65010113320421],[39.12303407742997,48.66021858117967],[39.12309715289842,48.66023459565037],[39.123163777450976,48.66024205436876],[39.126629555843216,48.660398776830725],[39.1273093,48.6604736],[39.12769782348575,48.66044708388213],[39.141640859156915,48.6610775878066],[39.14156722870138,48.666702090812635],[39.14159606621137,48.666753304685834],[39.14378705028479,48.66954308040335],[39.143788707642415,48.669545190713556],[39.14651843473031,48.67302094685329],[39.14504871822401,48.6714754],[39.146518602359905,48.673021160295725],[39.14840725213465,48.675425974344535],[39.148455112316164,48.67545798771606],[39.14851167472443,48.67548306032273],[39.14857466990443,48.67550018617073],[39.150804499178356,48.67593992758089],[39.1519428,48.6762885],[39.15228531368474,48.67623195687069],[39.17401974381678,48.680518172442014],[39.196251377562966,48.70666050097856],[39.19630230522822,48.70669191340058],[39.19636186373496,48.706715818773056],[39.19642755404903,48.706731214038754],[39.19649661983954,48.70673745321944],[39.196566163136715,48.70673427452182],[39.19663326593402,48.70672181132267],[39.196695112631176,48.70670058657219],[39.19674910817943,48.706671490850475],[39.196792986970884,48.706635744997875],[39.19682490790251,48.70659484888762],[39.19698554621938,48.706323969224066],[39.1983558,48.7057793],[39.199854433342885,48.70148624934545],[39.20063278646731,48.70017373539125],[39.20711341444763,48.69855500671407],[39.213920108198735,48.702096581399985],[39.22034121170922,48.7054375305421],[39.22649804586708,48.70864097832398],[39.229014080015205,48.70995009008568],[39.22678557271977,48.70897726270621],[39.22902048417123,48.70995342221691],[39.23220624175476,48.71161099619128],[39.23226468757712,48.711626805231134],[39.23232655418575,48.711635215433844],[39.23238971060469,48.711635937112426],[39.23245198142919,48.71162894540888],[39.23251122175971,48.71161448115042],[39.23344759694696,48.71131803998034],[39.2359926,48.7110903],[39.23851474982051,48.70971386171158],[39.239583184606715,48.709375612618175],[39.249494585651014,48.71271993575016],[39.253937777277,48.72272231448219],[39.2539400174983,48.72272735760069],[39.25541679823673,48.72605184177633],[39.255416906368076,48.72605208519836],[39.25887731324065,48.73384204858954],[39.258614074495455,48.73460486486139],[39.2586110176961,48.73461372288984],[39.256071076311656,48.7419739943277],[39.256071063441816,48.74197403162208],[39.25597051526151,48.742265401298624],[39.255976152218196,48.74231094712217],[39.25599565326343,48.742354797587204],[39.25602821100667,48.742395137100075],[39.25607247744648,48.742430295431156],[39.2561266197798,48.74245881687082],[39.25618839628628,48.74247952050376],[39.25625524914596,48.74249154910561],[39.256324410347034,48.742494404637185],[39.25725321745235,48.742470267083704],[39.2585371,48.7427437],[39.25990068276974,48.742401465569024],[39.26838758753726,48.742180910497304],[39.27080896975192,48.74993596716385],[39.27081033954049,48.74994035423993],[39.2719443903247,48.75357242357661],[39.27081078981894,48.752760054296196],[39.271944599903385,48.753573094802576],[39.272070531409064,48.75397642062067],[39.272105053132904,48.754016828982145],[39.27215142811574,48.75405170072842],[39.27220767868087,48.75407954872539],[39.27227140598678,48.75409918537028],[39.27233989232873,48.754109773239634],[39.272410217040694,48.75411086080324],[39.272479381054495,48.75410240168084],[39.272544434803024,48.754084756620166],[39.273323680994544,48.75380824099031],[39.2747777,48.7536833],[39.27533539265762,48.753094384799994],[39.286243715425535,48.74922356480288],[39.291093469942375,48.75839194377041],[39.29109428009008,48.75839347534095],[39.29183127593489,48.75978675353251],[39.29149615780051,48.75943794188583],[39.291831279482416,48.75978676023906],[39.292325699461166,48.76072145285464],[39.29236892370788,48.76075892371519],[39.31165281259593,48.774254903615386],[39.311718985640404,48.77427792070028],[39.311791185954576,48.77429086525651],[39.313212447790725,48.77443740933867],[39.3145923,48.7748068],[39.3245486,48.7760513],[39.32569020839418,48.77572397169368],[39.32626714471945,48.77578345869467],[39.3263307109755,48.77577811536222],[39.32639163545853,48.77576502419892],[39.32644776388831,48.77574464810685],[39.32649711157859,48.77571770758174],[39.32653793361671,48.77568515523534],[39.32656878656359,48.77564814211032],[39.326588579492125,48.77560797697867],[39.326596612559484,48.77556608006305],[39.3266154531926,48.775172380431506],[39.3279744,48.7736946],[39.326795990585474,48.77139981585785],[39.32693722105466,48.768448620782294],[39.32930184084739,48.767652013068215],[39.3323789040938,48.76690011683762],[39.351078208538965,48.768771355002244],[39.35114409460352,48.768765125638936],[39.35120688613484,48.76875057277268],[39.35126418704134,48.76872825173401],[39.35131381075842,48.768699014282305],[39.351353863688225,48.76866397610207],[39.35180226234165,48.768178110611],[39.3545036,48.7668307],[39.354022071412324,48.76577282099657],[39.35421454656718,48.765564263198904],[39.35423100519377,48.76551826105491],[39.35423249291601,48.765471007196865],[39.35421894388165,48.76542459458672],[39.354190958241375,48.7653810789203],[39.35414977556036,48.765342387577604],[39.35196632162439,48.763692065637386],[39.35196527369553,48.76369127358038],[39.35110574335817,48.76304161399715],[39.35110242287652,48.76303910427454],[39.34351454044796,48.75730394831574],[39.34458470384826,48.75470795605307],[39.3470287,48.7502144],[39.347093011916975,48.748623326045205],[39.34957082152561,48.74261267891357],[39.3564673613548,48.73806999592952],[39.3581944,48.7370077],[39.35821368438682,48.73691971011684],[39.35915262881583,48.73630123665242],[39.35918364502122,48.73626398398122],[39.359203464677556,48.73622354461164],[39.359211378024966,48.73618136677031],[39.359207101698985,48.73613896093884],[39.35919078887421,48.7360978457599],[39.35861954517856,48.735067867795415],[39.35887509928786,48.73390183765743],[39.35861884467986,48.73506660476488],[39.357100572305974,48.732329091684015],[39.35413762406721,48.72698676332381],[39.37166114876056,48.719925829159344],[39.3726065,48.7198719],[39.37349426000003,48.71918719478044],[39.374415690594205,48.71881591326736],[39.37446132453908,48.71878129428455],[39.37449534258975,48.71874127923668],[39.37451632503116,48.71869753815264],[39.37452339619746,48.71865189656298],[39.37451626101264,48.718606259310725],[39.3744952172992,48.71856253105275],[39.37446114334246,48.718522536769854],[39.374415461230406,48.718487945602796],[39.37436007749992,48.71846020119295],[39.37429730356709,48.71844046143427],[39.374095237552574,48.71839293221018],[39.37378684502994,48.717491925235564],[39.37409404489038,48.71839265167657],[39.36669603949901,48.71665252008187],[39.36668899807492,48.71665086382402],[39.35929350788956,48.71491132384682],[39.359275391392906,48.71490706255117],[39.352501728953975,48.71331378660743],[39.35249308102561,48.71331175247355],[39.34730231898799,48.71209080053524],[39.34972483656842,48.70809405149358],[39.3505051,48.707639],[39.353675357045674,48.70157635310448],[39.356233685848025,48.697355538249866],[39.35755910108268,48.69669520540991],[39.3603134,48.6958003],[39.37147963741088,48.68975987899523],[39.37812809388467,48.68644756295278],[39.3897233099956,48.684958046037316],[39.38977868388976,48.68493969135791],[39.38982809612094,48.68491500985482],[39.38986990727069,48.6848848204256],[39.389902730120895,48.684850124711424],[39.38992547567889,48.6848120738632],[39.38993738930678,48.68477193034739],[39.38998507485745,48.68446518335252],[39.3909313,48.6837598],[39.39028674683287,48.68252461706796],[39.39084482551345,48.67893466254815],[39.403303268075426,48.67406922664094],[39.4058231,48.6738138],[39.41020369600382,48.67137438018232],[39.41194695171458,48.67069358088591],[39.41198956100375,48.67066428517913],[39.41202348230909,48.67063039999557],[39.412047605894756,48.670593033907785],[39.41240174941379,48.66986625329919],[39.4138719,48.6684294],[39.41363427781667,48.66733683317824],[39.413863791089234,48.666865821323015],[39.41386490377719,48.66682160766503],[39.413852877196426,48.66677810709562],[39.41382817764878,48.66673700612577],[39.408437389864744,48.65983788030114],[39.41086908627922,48.65786948554467],[39.4172983298055,48.6574143121496],[39.4207479,48.6582252],[39.4323254,48.6567511],[39.434306748804836,48.6562101611808],[39.44269198121018,48.65561650895923],[39.4465035,48.6563032],[39.45128409239818,48.65500821026836],[39.45247739996775,48.65492372725639],[39.452541234360865,48.65490515313074],[39.45259798653238,48.65487836364212],[39.452645267380866,48.65484448655626],[39.452681086533566,48.6548049480052],[39.45270393613437,48.65476141244952],[39.45271285431673,48.6547157126078],[39.452707465690295,48.65466977230376],[39.45260174669987,48.654286163243285],[39.45338473013236,48.652813280885795],[39.45260084147093,48.654282878554106],[39.45192542269265,48.65183207229945],[39.44993340856161,48.64460390386719],[39.4544249921983,48.63998548367602],[39.463526733537314,48.638663399841164],[39.4658154,48.6386672],[39.46625464098722,48.63826715452851],[39.468817815370315,48.63789483770566],[39.468877630757426,48.63787216494294],[39.46892928902034,48.63784198008436],[39.4689706633855,48.63780552585179],[39.46900005048203,48.63776430307658],[39.46901624046781,48.637720008908566],[39.46901856683475,48.637674466942805],[39.469006933843524,48.637629552141384],[39.46898182045908,48.63758711364116],[39.46578647516605,48.63347488986318],[39.46747589650774,48.628808938373176],[39.494868318708654,48.6316759254891],[39.4955448,48.6321306],[39.5104364,48.6344562],[39.5140898,48.6338391],[39.51424907339447,48.6337043833441],[39.516595122289665,48.63394992906133],[39.5166636790441,48.633943111661914],[39.516728715469505,48.63392724112148],[39.5167875246409,48.63390297799959],[39.5168376588314,48.63387133216854],[39.51687703139247,48.633833620779335],[39.516904003602924,48.633791413438175],[39.51691745287249,48.633746466875635],[39.51790797131629,48.62666841243252],[39.51788886143515,48.62661883013853],[39.51785326808917,48.62657339363495],[39.513351315838236,48.62214751028555],[39.523949515956566,48.614141041813355],[39.5257254,48.6130243],[39.52596369962958,48.612619415698056],[39.530127411977894,48.609473916342324],[39.530155015415275,48.60943294727959],[39.53016975565799,48.60938916852508],[39.53017104484118,48.60934432614703],[39.53015883158273,48.60930020863051],[39.530133603027,48.609258575545745],[39.524945966650634,48.60268735539263],[39.534460028027056,48.5969054653421],[39.53449157823329,48.59687284101238],[39.534514184594954,48.59683711702965],[39.53452717491676,48.59679935566963],[39.53535153604406,48.59282714395446],[39.53534254523148,48.59278571622999],[39.53532208858805,48.59274611126873],[39.53529087659101,48.59270970453583],[39.53524999324047,48.59267776042034],[39.53520085841031,48.592651388324484],[39.5351451785357,48.59263150413559],[39.52962912549722,48.591081372558435],[39.53097539943824,48.58592024545278],[39.5489687854426,48.58619241578062],[39.548725760328416,48.59589715578338],[39.54874674186394,48.59594224095993],[39.54878150035233,48.59598343294191],[39.54882850226478,48.59601891432052],[39.5488856738744,48.59604711963786],[39.54895049274838,48.59606680445755],[39.56352361072912,48.599311892676404],[39.56359354475593,48.599312621480976],[39.563662221232526,48.59930385995484],[39.563726726859386,48.59928597976765],[39.56378432527367,48.599259739408026],[39.563832573130625,48.59922625200684],[39.563869423752834,48.59918693811604],[39.56974152768895,48.59117372220867],[39.56975223838512,48.59113182167547],[39.56975082416005,48.591089336763766],[39.569737335680074,48.59104778864064],[39.56971225592623,48.591008664927934],[39.564562336451395,48.58470998527225],[39.57426893097063,48.582001852023396],[39.59121280490897,48.59244378374087],[39.59127949159296,48.592463809481075],[39.59135111960939,48.59247391110974],[39.600647935610574,48.593098686961625],[39.60071598769663,48.593089299524486],[39.600779723006795,48.59307094227714],[39.600836470054205,48.593044384671494],[39.600883850277825,48.59301073987953],[39.60091987774172,48.592971418132855],[39.602350864312164,48.590969705913274],[39.6045913,48.5888143],[39.604879600612215,48.58743242439266],[39.60620819267709,48.58557394505678],[39.606217595087784,48.58552867599882],[39.606212951102314,48.585483085044466],[39.60619445301291,48.58543905960019],[39.60616286664923,48.58539842225761],[39.606119499668736,48.58536285534153],[39.59729494755418,48.579469303837364],[39.60127811067687,48.57516736004244],[39.6108602795893,48.57429348022143],[39.62190783603978,48.585686584785066],[39.621907902138226,48.585686652950955],[39.62203953602112,48.58582240410992],[39.6219287969338,48.5858041580262],[39.62203968788382,48.58582256072262],[39.62335685133614,48.58718092272846],[39.62340602211339,48.58720905133051],[39.6234623964435,48.58723046503098],[39.623523907456715,48.58724437872968],[39.62358829994794,48.58725028230188],[39.623653213063015,48.587247959301905],[39.62371626685912,48.58723749489909],[39.62377514956521,48.58721927275509],[39.62382770234261,48.5871939609569],[39.63351194255867,48.58151549770968],[39.671295456062936,48.58946401538638],[39.67137011498604,48.589462905071294],[39.68719231954218,48.58806609348483],[39.6871009,48.5892083],[39.6826722,48.5926894],[39.6793619,48.5918075],[39.6787987,48.5900941],[39.6764776,48.5908626],[39.6754183,48.5935416],[39.6760176,48.5947213],[39.6781781,48.5958601],[39.6796545,48.5954755],[39.6806079,48.5964024],[39.6786713,48.5981205],[39.6760012,48.5979503],[39.6735293,48.5959049],[39.6714269,48.5954506],[39.6688065,48.5965669],[39.668158,48.6013107],[39.6711894,48.6039545],[39.6689122,48.6050365],[39.6633738,48.6049218],[39.661023,48.6065514],[39.6606231,48.6090898],[39.6637976,48.6130042],[39.6668727,48.6200648],[39.6715351,48.624331],[39.6937843,48.6367714],[39.6937698,48.6432083],[39.6915299,48.644962],[39.6912413,48.6463219],[39.6937148,48.6494079],[39.7022695,48.6533094],[39.7064356,48.6569728],[39.7089808,48.6546183],[39.7106868,48.6550367],[39.7113809,48.6568763],[39.7095261,48.6622539],[39.7113082,48.6672185],[39.7102909,48.6680627],[39.707323,48.6669638],[39.7032933,48.6668371],[39.7017208,48.6694045],[39.704033,48.6714854],[39.7121127,48.6746516],[39.7134978,48.6761279],[39.7141965,48.6802254],[39.7203409,48.681944],[39.7230648,48.6834469],[39.7226753,48.685055],[39.718497,48.6874289],[39.7166814,48.6899344],[39.7188272,48.6933173],[39.7159652,48.695208],[39.7202113,48.6972033],[39.7178755,48.7033612],[39.7131581,48.7008348],[39.7044919,48.7068047],[39.7125611,48.7116703],[39.7122616,48.7159156],[39.7048377,48.7214631],[39.7254634,48.7270896],[39.7266149,48.7293715],[39.7227063,48.7318855],[39.7255989,48.7376807],[39.7250112,48.7404521],[39.7316469,48.7420964],[39.7321916,48.7443334],[39.733671,48.7451619],[39.7361846,48.7433996],[39.7393649,48.7436306],[39.7387363,48.7474767],[39.736921,48.7488979],[39.7363764,48.7521826],[39.7400815,48.7664179],[39.7553033,48.7679767],[39.7609401,48.7638619],[39.7662045,48.7642371],[39.7685507,48.7663095],[39.7686596,48.7693288],[39.766036,48.7710309],[39.7636297,48.7710335],[39.7624264,48.7725623],[39.7656442,48.7754979],[39.7662131,48.7791678],[39.7697056,48.780787],[39.7715164,48.7834911],[39.7801942,48.7860818],[39.7858537,48.7991578],[39.7971263,48.8405757],[39.8046722,48.8435763],[39.808044,48.8394801],[39.8075031,48.838581],[39.8278316,48.831465],[39.8304389,48.8335543],[39.8862549,48.8209457],[39.9367367,48.8007946],[39.9764028,48.7939027],[40.0788309,48.8698666],[40.0712862,48.876975],[40.0554947,48.9100982],[40.0484954,48.9101863],[40.0311949,48.9158013],[40.0180629,48.9077912],[40.0039798,48.9007927],[39.9934295,48.8682857],[39.9506521,48.8754591],[39.9403091,48.8866911],[39.924336,48.895717],[39.853161,48.8907371],[39.8458018,48.9029108],[39.8367889,48.9030519],[39.8337412,48.9008231],[39.805377,48.9148422],[39.7823723,48.9157447],[39.7900973,48.9384708],[39.7768793,48.9460251],[39.7520804,48.9865922],[39.7472679,48.9874123],[39.7360446,48.9824833],[39.7328018,48.9794291],[39.7298327,48.9780683],[39.730221,48.9767382],[39.7270045,48.9755913],[39.7248201,48.9765649],[39.7244781,48.9780682],[39.7264818,48.9786786],[39.7263809,48.9794609],[39.7176226,48.9823543],[39.7153496,48.9897089],[39.7126395,48.9901287],[39.7115482,48.9918026],[39.7097153,48.9926127],[39.7077047,48.9927417],[39.7084981,48.9944314],[39.7038248,48.9993304],[39.6992884,49.0009703],[39.6952703,48.999046],[39.6932693,48.9993021],[39.6911238,48.9962895],[39.6769304,48.9895384],[39.6634114,49.0008718],[39.6702767,49.0031482],[39.6792044,49.0128865],[39.6736576,49.0149338],[39.6756634,49.0268881],[39.6817358,49.0287326],[39.6835816,49.0369246],[39.673217,49.0393297],[39.6820889,49.0457791],[39.6933662,49.0505397],[39.7403201,49.0422198],[39.7666226,49.0401318],[39.7871328,49.0493582],[39.8031433,49.0592018],[39.8203094,49.0583019],[39.8803048,49.0643197],[39.9102626,49.0574623],[39.9379507,49.0562772],[39.942532,49.0713467],[39.9381691,49.0827982],[39.9455145,49.0897976],[39.958701,49.1055643],[39.9727245,49.1252934],[40.031575,49.1802406],[40.0761297,49.1868276],[40.0927592,49.2031637],[40.1082896,49.2108827],[40.1229698,49.2309907],[40.1372265,49.239885],[40.1770838,49.2374891],[40.1882278,49.2386257],[40.2088148,49.242226],[40.2143705,49.2448867],[40.2208062,49.2577735],[40.2192639,49.2651715],[40.1857451,49.2842881],[40.1840397,49.3039851],[40.1885261,49.3074433],[40.196814,49.3452278],[40.1764287,49.3566185],[40.1701818,49.3564001],[40.1598053,49.3660175],[40.1626028,49.3678371],[40.156906,49.3726686],[40.1445985,49.3776671],[40.1295486,49.3823809],[40.1134017,49.3856956],[40.0769088,49.4099572],[40.0595506,49.4352626],[40.0472045,49.4448782],[40.0291895,49.4535986],[40.04176,49.4991027],[40.037599,49.5198952],[40.1684346,49.5689206],[40.139525,49.5962742],[40.1352584,49.6162537],[40.0635377,49.5992332],[40.0567287,49.6065734],[39.9522226,49.596549],[39.9346008,49.572783],[39.8902242,49.5583589],[39.8389138,49.5635177],[39.8053125,49.5580501],[39.7502318,49.5967191],[39.7127471,49.6059228],[39.6967474,49.6042914],[39.6869259,49.611558],[39.6599951,49.6148107],[39.6383788,49.6350998],[39.613305,49.6913621],[39.5913601,49.7191335],[39.6101091,49.7337983],[39.5338346,49.7408478],[39.4787607,49.7564746],[39.4382009,49.7600062],[39.4120621,49.7531109],[39.3769627,49.7384241],[39.3079236,49.7530435],[39.28556,49.7556663],[39.2754705,49.7680264],[39.2646388,49.7684801],[39.2503713,49.7778017],[39.2403717,49.7911227],[39.2391461,49.7982264],[39.228992,49.8084322],[39.2256563,49.8401842],[39.188395,49.8862222],[39.1784018,49.888001],[39.1307382,49.861568],[39.1103662,49.8377731],[39.069763,49.8187306],[39.0662328,49.8153488],[39.033522,49.8223722],[39.02166,49.8209101],[38.9849055,49.8077831],[38.9711376,49.8072206],[38.9490948,49.7961019],[38.9403505,49.8008884],[38.9334741,49.7997781],[38.9329103,49.7975803],[38.9307528,49.7971736],[38.927811,49.7985761],[38.9274206,49.8013809],[38.9286996,49.8038881],[38.9203573,49.8049462],[38.9191886,49.8089419],[38.9161629,49.8127235],[38.9191242,49.8146652],[38.9093724,49.8191695],[38.9073925,49.8284121],[38.9135074,49.8286295],[38.9150941,49.8310586],[38.9113984,49.8345887],[38.9138777,49.8361141],[38.9122246,49.8443151],[38.9067062,49.8450441],[38.9050495,49.8491492],[38.90967,49.8508492],[38.9186475,49.8578998],[38.9164883,49.8599253],[38.9093376,49.8601028],[38.8984669,49.8704163],[38.8764156,49.8694227],[38.874563,49.866638],[38.8693985,49.8644883],[38.8567132,49.8691394],[38.8491041,49.865103],[38.8456689,49.8658095],[38.8432897,49.865145],[38.839345,49.8657616],[38.8363462,49.8673664],[38.8353709,49.8709644],[38.8373917,49.8722224],[38.8364145,49.8738963],[38.8251048,49.8789649],[38.7949575,49.8833098],[38.7901498,49.8785098],[38.7834876,49.881113],[38.7776828,49.8853198],[38.7682317,49.896044],[38.7438467,49.897307],[38.7338456,49.9050248],[38.7232471,49.9270052],[38.6929003,49.9347656],[38.6852998,49.9603436],[38.7153149,49.9823836],[38.7151365,49.9877098],[38.6875456,50.0081524],[38.6790523,50.0054483],[38.676054,49.9928137],[38.6797311,49.9744937],[38.6669406,49.9721563],[38.6461959,49.9559371],[38.6160779,49.9743898],[38.5815696,49.977416],[38.5267154,49.9582706],[38.5078984,49.9640299],[38.4877059,49.963602],[38.4833004,49.9765278],[38.4775197,49.9832711],[38.4659138,49.9839611],[38.4680396,49.9952467],[38.4340951,50.0010186],[38.4160076,49.981338],[38.3975626,49.990585],[38.3495747,50.006444],[38.3541639,50.0190482],[38.3512004,50.0347406],[38.3339758,50.0590927],[38.3294421,50.08551],[38.3131955,50.088337],[38.301154,50.087142],[38.2914934,50.0794364],[38.2757814,50.0734395],[38.2540601,50.0725084],[38.1785682,50.0799688],[38.1850665,50.0556923],[38.183827,50.0458318],[38.1879231,50.04072],[38.1882453,50.0236029],[38.1854156,50.0222224],[38.1868309,50.0216899],[38.1972857,50.008256],[38.2011173,50.0047277],[38.2007857,50.0037784],[38.2027285,50.0018361],[38.2051352,50.0010043],[38.2045784,49.9976439],[38.207712,49.9915109],[38.2108518,49.9892474],[38.2171261,49.9871815],[38.1963316,49.9697594],[38.1624019,49.9514961],[38.1715654,49.9419009],[38.1266822,49.9221503],[38.1249937,49.942552],[38.0564641,49.9232466],[38.0339211,49.9047607],[38.0123668,49.9184972],[38.0436866,49.932897],[38.0053728,49.9672453],[37.9990746,49.9636008],[37.9805616,49.9767935],[37.9658088,49.9793041],[37.9620412,49.9829178],[37.940048,50.0151423],[37.9247364,50.012396],[37.9130761,50.0030781],[37.9017572,50.0036588],[37.8928326,49.9890988],[37.8875152,49.9877814],[37.8866634,49.9801715],[37.8749089,49.9800635],[37.8546974,49.9702386],[37.831706,49.9716469],[37.8198726,49.9562244],[37.8036648,49.9419956],[37.7854396,49.9323385],[37.7737493,49.9070916],[37.7667561,49.8996539],[37.7548533,49.8975943],[37.7351733,49.8714553],[37.7334131,49.8608183],[37.7427511,49.8482464],[37.7321081,49.8422688],[37.7187918,49.8279254],[37.7295553,49.7971702],[37.7648713,49.7759153],[37.8090809,49.7573073],[37.8425723,49.7553393],[37.874004,49.7577982],[37.88789,49.7483971],[37.8949052,49.7372203],[37.9183561,49.7259335],[37.9369893,49.7115357],[37.9441587,49.6977545],[37.943773,49.6839733],[37.9193601,49.674636],[37.9174463,49.6609626],[37.9180284,49.6548731],[37.9458955,49.651115],[37.9594168,49.622588],[37.938162,49.6005709],[37.9436672,49.5814197],[37.9631728,49.5679014],[37.9665316,49.5546957],[37.9623376,49.5397082],[37.956601,49.524553],[37.9591081,49.5175296],[37.9531283,49.508497],[37.9543516,49.4922139],[37.9384302,49.4630825],[37.9876603,49.4097717],[37.9993384,49.386842],[38.0065341,49.3383018],[38.0387373,49.3313921],[38.0916625,49.3005711],[38.0749325,49.2854305],[38.0214455,49.2812916],[38.0104763,49.2723684],[38.0520348,49.2477331],[38.0706004,49.2136298],[38.0767267,49.1827727],[38.1021141,49.1534059],[38.1266617,49.1181397],[38.0883581,49.0375217],[38.0682108,49.0152954],[38.1012615,48.9905858],[38.1920833,49.0104582],[38.2247827,48.9815499],[38.2370485,48.9565212],[38.2273549,48.9515431],[38.2340555,48.9418302],[38.2283907,48.9370098],[38.2476109,48.9318679],[38.2579054,48.941471],[38.2632438,48.9429741],[38.2868586,48.9335895],[38.2949417,48.929373],[38.3114278,48.9081755],[38.2624724,48.884069],[38.2667822,48.8449835],[38.2515315,48.8123093],[38.2736661,48.8002325],[38.2597882,48.7767446],[38.2363096,48.7670538],[38.2255597,48.7383328],[38.2104204,48.7321957],[38.201595,48.7359272],[38.1706768,48.7107277],[38.161815,48.701557],[38.1260101,48.6942159],[38.110503,48.6837927],[38.108817,48.6799986],[38.1046741,48.6740547],[38.1032339,48.6736077],[38.1006689,48.6684954],[38.1080601,48.6644033],[38.1019115,48.6532773],[38.0707182,48.6354416],[38.0581214,48.6191298],[38.0648533,48.6134794],[38.0629593,48.6095766],[38.0699471,48.603914],[38.0672728,48.6000804],[38.0424849,48.5850359],[38.0325271,48.5727302],[38.0336711,48.5522349],[38.0366204,48.5370179],[38.0123421,48.5348708],[38.0129294,48.523893],[38.0058091,48.5074351],[38.0067594,48.4876717],[38.0093407,48.4745561],[37.9890174,48.4601413],[37.9927443,48.4468623],[37.9655011,48.4327033],[37.9705801,48.4207037],[37.9734282,48.4089312],[37.9722772,48.4027064],[37.9653762,48.3997295],[37.9679678,48.3981634],[37.9645522,48.3952463],[37.9645363,48.3939796],[37.978304062394535,48.391336310027455]]],[[[38.8723337586495,48.751444240113834],[38.88023859896616,48.751294243293145],[38.8790769,48.752476],[38.8776176,48.7525889],[38.8723337586495,48.751444240113834]]],[[[38.906474778683304,48.74990207282159],[38.91257399647635,48.74636912873031],[38.9111349,48.7480051],[38.906474778683304,48.74990207282159]]],[[[38.97940935603669,48.74463202797353],[38.98182197119792,48.741660186901896],[38.981216,48.7438449],[38.97940935603669,48.74463202797353]]],[[[38.98561384678349,48.73698938329225],[38.99920696506158,48.720245483212466],[38.9983893,48.7242672],[38.9914368,48.7306084],[38.9895411,48.7349866],[38.98561384678349,48.73698938329225]]],[[[39.01562145131464,48.692321970600815],[39.01491808774929,48.68556917885718],[39.015727,48.6886399],[39.01562145131464,48.692321970600815]]],[[[39.016706867043666,48.68075214870907],[39.01997053107948,48.676330727038604],[39.0195819,48.6791389],[39.016706867043666,48.68075214870907]]],[[[39.01373888830238,48.65806172317858],[39.03426256496098,48.65002317141582],[39.0322065,48.6528738],[39.0285083,48.6530064],[39.0191528,48.6569753],[39.01373888830238,48.65806172317858]]],[[[39.09263149733891,48.650790876091364],[39.10198268922033,48.65019824719914],[39.0985539,48.6508893],[39.09263149733891,48.650790876091364]]],[[[39.19698618337326,48.706322894810235],[39.199847313296665,48.701498255669726],[39.1983536,48.705777],[39.19698618337326,48.706322894810235]]],[[[39.23345857969441,48.71131456302095],[39.23849954571414,48.709718675084616],[39.2359905,48.711088],[39.23345857969441,48.71131456302095]]],[[[39.313222924309585,48.77443848955612],[39.32568271498876,48.77572319906039],[39.3245465,48.776049],[39.3145901,48.7748045],[39.313222924309585,48.77443848955612]]],[[[39.32661569007548,48.775167430454474],[39.326795903726115,48.77140163089763],[39.3279722,48.7736923],[39.32661569007548,48.775167430454474]]],[[[39.351808053596805,48.768171835456045],[39.354021922421765,48.765772982436324],[39.3545015,48.7668284],[39.351808053596805,48.768171835456045]]],[[[39.3445951965025,48.754682503071564],[39.34709058055076,48.74862922403038],[39.3470266,48.7502121],[39.3445951965025,48.754682503071564]]],[[[39.34972819578739,48.708088509343824],[39.353650569606074,48.701617248236175],[39.3505029,48.7076367],[39.34972819578739,48.708088509343824]]],[[[39.357576497942034,48.696686538150594],[39.371397989540206,48.68980055664018],[39.3603112,48.695798],[39.357576497942034,48.696686538150594]]],[[[39.403311993168586,48.674065819202056],[39.41018250330074,48.67138265663727],[39.4058209,48.6738115],[39.403311993168586,48.674065819202056]]],[[[39.417304158646324,48.657413899483124],[39.434292404717574,48.65621117670415],[39.4323232,48.6567488],[39.4207457,48.6582229],[39.417304158646324,48.657413899483124]]],[[[39.442699566674214,48.65561597192849],[39.4512696189929,48.65500923494708],[39.4465013,48.6563009],[39.442699566674214,48.65561597192849]]],[[[39.49486976612765,48.63167607698105],[39.51424469582927,48.63370392517275],[39.5140876,48.6338368],[39.5104342,48.6344539],[39.4955426,48.6321283],[39.49486976612765,48.63167607698105]]],[[[39.60236102453594,48.590955493450004],[39.604878359120654,48.58743416103287],[39.6045891,48.5888119],[39.60236102453594,48.590955493450004]]],[[[39.69761894102964,48.5871456133046],[39.711694222256924,48.58590302313132],[39.7025463,48.5877777],[39.69761894102964,48.5871456133046]]],[[[39.72180848688701,48.585202518983685],[39.727509004431894,48.586507779440765],[39.726252,48.5866238],[39.7233788,48.5862164],[39.72180848688701,48.585202518983685]]],[[[39.791085856143305,48.59309603915539],[39.80256104370135,48.58730637507712],[39.8002156,48.5895529],[39.796119,48.5918468],[39.791085856143305,48.59309603915539]]],[[[39.81851931351727,48.58551210548545],[39.82433290538466,48.58628126283024],[39.8223596,48.5866356],[39.81851931351727,48.58551210548545]]],[[[39.825263188312526,48.58582487456817],[39.82293332941956,48.580412163460224],[39.8254818,48.5816452],[39.8263109,48.5842074],[39.825263188312526,48.58582487456817]]],[[[39.85540004583882,48.55111343907263],[39.85783163619095,48.54233177036962],[39.8580446,48.5453656],[39.85540004583882,48.55111343907263]]],[[[39.86665355521624,48.50820472188166],[39.86256812265213,48.50238708548926],[39.8661347,48.5047748],[39.86665355521624,48.50820472188166]]],[[[39.8468028493273,48.4983160795472],[39.84670264784012,48.47876483574327],[39.8478837,48.4951083],[39.8468028493273,48.4983160795472]]],[[[39.89759728379942,48.44763986614255],[39.89715374050039,48.44459946152138],[39.8985547,48.4459723],[39.89759728379942,48.44763986614255]]],[[[39.91102136333095,48.401565107244544],[39.91823907220768,48.39807880060925],[39.9160499,48.4006103],[39.91102136333095,48.401565107244544]]],[[[39.91846745654777,48.397212310335554],[39.912088357646816,48.39354291134531],[39.9174051,48.3948097],[39.91846745654777,48.397212310335554]]],[[[39.93365791422128,48.38099176749033],[39.941173812192076,48.38712646251197],[39.9383089,48.3875623],[39.9352706,48.384697],[39.93365791422128,48.38099176749033]]],[[[39.845552272948744,48.33241840248474],[39.84091734153826,48.329158181993016],[39.8452167,48.3294989],[39.845552272948744,48.33241840248474]]],[[[39.84082922923092,48.32636274948597],[39.84133147578663,48.312152638350796],[39.8421021,48.3183104],[39.84082922923092,48.32636274948597]]],[[[39.888681445567286,48.30352246823564],[39.90943248530219,48.293613472734826],[39.9031174,48.2988902],[39.888681445567286,48.30352246823564]]],[[[39.90899990191537,48.27657948596005],[39.91189634999728,48.27336703559017],[39.9122543,48.2737457],[39.9113847,48.275269],[39.90899990191537,48.27657948596005]]],[[[39.91651059891799,48.270212098007136],[39.923873344612794,48.27153224904593],[39.9210688,48.2716602],[39.91651059891799,48.270212098007136]]],[[[39.9252707139866,48.272111279727795],[39.93425478739946,48.27906965579248],[39.93420122437147,48.27911337467726],[39.9328753,48.2792411],[39.927869,48.2765821],[39.9252707139866,48.272111279727795]]],[[[39.958569186116,48.29829214652081],[39.969514384690484,48.298931021283586],[39.9661587,48.2998029],[39.9633373,48.2990852],[39.9596904,48.2992401],[39.958569186116,48.29829214652081]]],[[[39.964046086467654,48.303456639313964],[39.97054682005068,48.30718652769873],[39.9656782,48.3064027],[39.9654414,48.3046777],[39.964046086467654,48.303456639313964]]],[[[39.97365392631589,48.31346842105637],[39.990121878597876,48.317159505822424],[39.9869491,48.3175119],[39.9825182,48.3157045],[39.9788999,48.315713],[39.97365392631589,48.31346842105637]]],[[[39.99140783230048,48.316311712490695],[39.99307273372414,48.311130092699564],[39.9941876,48.3126963],[39.99140783230048,48.316311712490695]]],[[[39.997914310735965,48.296061806428526],[39.9999185381257,48.28982411321678],[40.0005341,48.2917165],[39.997914310735965,48.296061806428526]]],[[[40.01034260217567,48.27235271564538],[40.0159502303497,48.27005605109148],[40.0138295,48.2715898],[40.01034260217567,48.27235271564538]]],[[[40.014095804716206,48.24786537468624],[40.00496292488267,48.240623125740306],[40.0073233,48.2420581],[40.014095804716206,48.24786537468624]]],[[[40.00564651436489,48.23139815133447],[40.00765453240585,48.22411666980604],[40.0082215,48.2281045],[40.007443,48.2300907],[40.00564651436489,48.23139815133447]]],[[[39.780710299322905,48.03722958903687],[39.78533089205611,48.02340673904459],[39.7867767,48.0250342],[39.780710299322905,48.03722958903687]]],[[[39.807317222298416,48.00576763525856],[39.81508893475429,48.00242600173697],[39.8109753,48.0048562],[39.807317222298416,48.00576763525856]]],[[[39.822992659396746,47.98287491518785],[39.82008850678259,47.978046523273306],[39.8227982,47.979535],[39.822992659396746,47.98287491518785]]],[[[39.8160290786244,47.97043156098444],[39.826351497720914,47.953165649123314],[39.8198438,47.9677616],[39.8160290786244,47.97043156098444]]],[[[39.037703200679566,47.868651695342834],[38.83971535630873,47.86403705029856],[38.83591095197158,47.82143263637801],[38.8421825,47.8631185],[39.037703200679566,47.868651695342834]]],[[[38.71447808825941,47.69884416047319],[38.66211131566852,47.69978029792275],[38.6707962,47.6989544],[38.71447808825941,47.69884416047319]]],[[[38.29492118923837,47.50538171572975],[38.290128340183664,47.478916354048515],[38.2940999,47.4907448],[38.29492118923837,47.50538171572975]]],[[[38.301771155094066,47.39261559162084],[38.28904006334954,47.39148377687968],[38.3004094,47.391514],[38.301771155094066,47.39261559162084]]],[[[38.2457931581508,47.35065152125989],[38.23214183747534,47.34363207173477],[38.2402401,47.346223],[38.2457931581508,47.35065152125989]]],[[[38.22281055837862,47.33270750593106],[38.22694047434576,47.33017428006166],[38.2257943,47.3321154],[38.22281055837862,47.33270750593106]]],[[[38.32897307928523,47.28686453107247],[38.32701114106313,47.284697746924465],[38.3284365,47.2848084],[38.32897307928523,47.28686453107247]]],[[[38.3239857805636,47.28088436064105],[38.326434765020416,47.277994381180335],[38.3271856,47.2795435],[38.3239857805636,47.28088436064105]]],[[[38.327138153491724,47.27716433171664],[38.33337116640375,47.26980892394997],[38.3308099,47.2759325],[38.327138153491724,47.27716433171664]]],[[[38.330874140069376,47.264702199090536],[38.32636183633811,47.258791368793375],[38.3307851,47.2634492],[38.3309967,47.2645747],[38.330874140069376,47.264702199090536]]],[[[38.234310505044746,47.22576364965845],[38.23995480566534,47.22026461366404],[38.2400467,47.2213613],[38.2382548,47.2224089],[38.2385172,47.22364],[38.2364423,47.2242619],[38.2361448,47.2256075],[38.234310505044746,47.22576364965845]]],[[[38.24250180992893,47.21595381038589],[38.23841309877343,47.20853713609761],[38.2396567,47.208713],[38.2410554,47.2101138],[38.24250180992893,47.21595381038589]]],[[[38.23499433941486,47.13658323223924],[38.23004457378204,47.12786641291651],[38.2319091,47.129692],[38.23499433941486,47.13658323223924]]],[[[38.22566445810816,47.11648199059587],[38.19252499864503,47.09693552744827],[38.2115022,47.1071826],[38.22566445810816,47.11648199059587]]],[[[37.89220273911603,47.11004582628814],[37.874330939081226,47.10654035386039],[37.8795803,47.1066666],[37.89220273911603,47.11004582628814]]],[[[37.54848193604604,47.97988828670912],[37.55813229510244,47.98648914711688],[37.54929955407993,47.99729944418876],[37.54928652663885,47.99734552780232],[37.54928808686471,47.99739241708059],[37.549304166749096,47.99743806699946],[37.55571864545862,48.00971181332955],[37.5483099,48.0072067],[37.5432675,47.9983549],[37.5431833,47.9954397],[37.5482479,47.9864508],[37.54848193604604,47.97988828670912]]],[[[35.87453442467712,45.46266749467978],[35.84862662759651,45.44745757419806],[35.8636895,45.4542195],[35.87453442467712,45.46266749467978]]],[[[36.43282541423492,45.448516712442476],[36.43630840148113,45.45141983286187],[36.4340095,45.4506761],[36.43282541423492,45.448516712442476]]],[[[36.473522568321904,45.45780530964135],[36.492025494865125,45.45186044618028],[36.4820621,45.455771],[36.473522568321904,45.45780530964135]]],[[[36.578442231062304,45.4419879091487],[36.59528909543478,45.43935519139772],[36.5870361,45.4412702],[36.578442231062304,45.4419879091487]]],[[[36.614779940660725,45.42090365922087],[36.608319931777366,45.41301040845235],[36.611498,45.4149214],[36.614779940660725,45.42090365922087]]],[[[36.636157263096756,45.3914895363191],[36.64791910154732,45.383756718014595],[36.6411992,45.3906659],[36.636157263096756,45.3914895363191]]],[[[36.648101821810535,45.38233659771465],[36.63527799091824,45.376048274397185],[36.6432106,45.3778134],[36.648101821810535,45.38233659771465]]],[[[36.47735717751805,45.32913894278905],[36.496754289836694,45.320203444192984],[36.4888368,45.3246085],[36.47735717751805,45.32913894278905]]],[[[36.404562666230206,45.21062620683422],[36.40777002367487,45.176382762144016],[36.4077336,45.1934044],[36.404562666230206,45.21062620683422]]],[[[36.41882304257204,45.16103906157593],[36.421796698120836,45.14762678348875],[36.4214277,45.1529159],[36.41882304257204,45.16103906157593]]],[[[36.42450528219783,45.13541007504117],[36.42566808192944,45.13016542141395],[36.4258005,45.1344018],[36.42450528219783,45.13541007504117]]],[[[36.433867326939435,45.11758955470355],[36.45305997050275,45.10671345959077],[36.4396986,45.1167266],[36.433867326939435,45.11758955470355]]],[[[36.22408699409331,45.02697989583443],[36.20267470543885,45.03237402794489],[36.2134931,45.0280697],[36.22408699409331,45.02697989583443]]],[[[36.1961678954564,45.03336775828167],[36.08187456013368,45.04678206218735],[36.1600369,45.035925],[36.1961678954564,45.03336775828167]]],[[[35.905994896204405,45.0172015343982],[35.89494887872141,45.01306183260194],[35.9002865,45.0141894],[35.905994896204405,45.0172015343982]]],[[[35.84129594673165,44.99845858918406],[35.82898109739805,45.00397606854511],[35.834801,44.9992133],[35.84129594673165,44.99845858918406]]],[[[35.80268597781647,45.04691619400169],[35.77871533749885,45.06532900960976],[35.7853272,45.0576281],[35.80268597781647,45.04691619400169]]],[[[35.425471377825474,45.01160599759748],[35.36948101882038,44.99321217809757],[35.395224,44.999343],[35.425471377825474,45.01160599759748]]],[[[35.18912469971655,44.907120415905815],[35.17022367281277,44.90032334823444],[35.177573,44.9009364],[35.18912469971655,44.907120415905815]]],[[[34.939105820744686,44.83210619178963],[34.92318292595052,44.828952552209536],[34.9350343,44.8300421],[34.939105820744686,44.83210619178963]]],[[[34.90510381645702,44.81551181815914],[34.83770898306183,44.815187935573064],[34.8451661,44.8132958],[34.90510381645702,44.81551181815914]]],[[[34.60949213464888,44.76739315917565],[34.488839083058714,44.72023758746946],[34.5446135,44.7410058],[34.60949213464888,44.76739315917565]]],[[[34.38893712231242,44.62734471918616],[34.378545561398624,44.61273086120944],[34.3834201,44.6158768],[34.38893712231242,44.62734471918616]]],[[[33.51629161414478,44.63631337816666],[33.52267620077313,44.63959330432555],[33.5210499,44.6402578],[33.51629161414478,44.63631337816666]]],[[[33.54669589826966,44.702694371539934],[33.547166114126355,44.72060715281643],[33.5457743,44.7077982],[33.54669589826966,44.702694371539934]]],[[[33.53505935627821,44.79478941847606],[33.54248339148402,44.80322671292233],[33.5406327,44.802652],[33.53505935627821,44.79478941847606]]],[[[33.5465089395954,44.80780168243443],[33.54904306582265,44.810681675396566],[33.5471428,44.8101296],[33.5465089395954,44.80780168243443]]],[[[33.55799436331736,44.84104100229519],[33.56870316745298,44.83924040681727],[33.5610313,44.8423184],[33.55799436331736,44.84104100229519]]],[[[33.58287077371533,44.8437081535459],[33.5896148909702,44.846070029724935],[33.5868637,44.8470001],[33.58287077371533,44.8437081535459]]],[[[33.347115154703154,45.17341415875454],[33.32828976638583,45.1730235748438],[33.3315483,45.1718832],[33.347115154703154,45.17341415875454]]],[[[33.28336188845456,45.14803526601847],[33.258298855564725,45.14760037321422],[33.2680362,45.1456289],[33.2751597,45.1459006],[33.28336188845456,45.14803526601847]]],[[[33.147842396229095,45.20303989786284],[33.13972489721771,45.21464654131498],[33.1434036,45.2070898],[33.147842396229095,45.20303989786284]]],[[[32.648578488897414,45.313938003545026],[32.612597114403535,45.32086132940007],[32.622109,45.317634],[32.648578488897414,45.313938003545026]]],[[[32.504845877599124,45.38237578548265],[32.480256881532824,45.38859614498096],[32.4886441,45.3849884],[32.504845877599124,45.38237578548265]]],[[[32.54356381714433,45.45831576864657],[32.584221536631276,45.482145783121275],[32.562144,45.4702233],[32.54356381714433,45.45831576864657]]],[[[32.60275178265576,45.490186212426174],[32.71944970096798,45.53192952111032],[32.6917844,45.523882],[32.60275178265576,45.490186212426174]]],[[[32.797825612378595,45.56319392889255],[32.825004062799934,45.55775757532023],[32.8203169,45.5598252],[32.797825612378595,45.56319392889255]]],[[[32.82191103790878,45.5881834054313],[32.87891843365652,45.62263957731753],[32.8250404,45.5906112],[32.82191103790878,45.5881834054313]]],[[[33.184616640111635,45.80544710610103],[33.174382355060764,45.78907470407711],[33.1806246,45.7972106],[33.184616640111635,45.80544710610103]]],[[[33.37957204256156,45.80179054653951],[33.430125995809505,45.83742413714642],[33.4170901,45.8302054],[33.37957204256156,45.80179054653951]]],[[[33.51008297929059,45.84242656014656],[33.5248670087759,45.84896540602148],[33.5176551,45.846594],[33.51008297929059,45.84242656014656]]],[[[33.528446179792255,45.84921951369322],[33.5414863476459,45.840968052756345],[33.5371159,45.8457964],[33.528446179792255,45.84921951369322]]],[[[33.548853581793544,45.84501196592416],[33.56677168461938,45.87163711367086],[33.5586395,45.8617199],[33.5517154,45.8516275],[33.548853581793544,45.84501196592416]]],[[[33.620269379485556,45.89000596122559],[33.64041187108774,45.877733617355354],[33.6340965,45.8826144],[33.620269379485556,45.89000596122559]]],[[[33.64379070948363,45.876188564174264],[33.66129703123236,45.871982384332796],[33.6546628,45.8752329],[33.64379070948363,45.876188564174264]]],[[[33.66529459351336,45.86224503274833],[33.68122005892334,45.85226245789671],[33.6741263,45.8574315],[33.66529459351336,45.86224503274833]]],[[[33.68127591026665,45.864028464274284],[33.67967838417315,45.87262114133829],[33.6790774,45.8673135],[33.68127591026665,45.864028464274284]]],[[[33.67536218778957,45.900012989718064],[33.67923000138833,45.90751890538096],[33.6762137,45.9039535],[33.67536218778957,45.900012989718064]]],[[[33.682047870913784,45.909611598901336],[33.69092154574844,45.91329104277444],[33.6877728,45.9127518],[33.682047870913784,45.909611598901336]]],[[[33.70568602395997,45.91376090645059],[33.728800975625504,45.92908318569884],[33.7202438,45.9246362],[33.70568602395997,45.91376090645059]]],[[[33.7427110370564,45.95031211186171],[33.69543005801586,45.95474147394608],[33.7229645,45.950158],[33.7427110370564,45.95031211186171]]],[[[33.69137420732552,45.95501586348864],[33.66205950110039,45.95440891138529],[33.682856,45.9528033],[33.69137420732552,45.95501586348864]]],[[[33.645352526224734,45.94426202163206],[33.63776191821166,45.94193535660121],[33.6420789,45.942885],[33.645352526224734,45.94426202163206]]],[[[33.630762621887996,45.941805624180176],[33.620347036615975,45.94355576430305],[33.6244967,45.942516],[33.630762621887996,45.941805624180176]]],[[[33.62539400252891,45.99316508251628],[33.612292241455776,46.049351735979336],[33.6187235,46.0125197],[33.6228726,45.9976173],[33.62539400252891,45.99316508251628]]],[[[33.61555843234854,46.119195683630785],[33.612646961938296,46.1357110407788],[33.612957,46.1291484],[33.61555843234854,46.119195683630785]]],[[[37.838051575488976,47.09956522262875],[37.8380457685495,47.0995695278563],[37.838011566591625,47.09960826467426],[37.82901569356581,47.11260120721411],[37.817792619121136,47.11896188650324],[37.81775492316018,47.11900404054938],[37.81773166607021,47.11905077909473],[37.80021352529275,47.17326054338949],[37.800215459902255,47.17329811473026],[37.80022658704381,47.173334940271104],[37.833172465011586,47.24933408766236],[37.83351467638557,47.28538579090805],[37.82733519190096,47.30263242106454],[37.82733826967377,47.302675311018376],[37.82735332913921,47.302717019712205],[37.82737981975583,47.302756022290694],[37.82741677305767,47.30279089282994],[37.83447699773751,47.308261858530685],[37.82425795168966,47.32143750580389],[37.82424632302344,47.321484300958836],[37.82424945890808,47.321531707789724],[37.82897112174817,47.342582986910394],[37.82899867664288,47.342622400393665],[37.82903695412528,47.34265746185387],[37.82908451066825,47.342686849029064],[37.8291395527973,47.3427094536479],[37.82920000472713,47.34272442322659],[37.829263586646675,47.34273119321968],[37.85666874297522,47.34382079829819],[37.86085778247599,47.34790616411999],[37.85892467950585,47.35401785360476],[37.84871553908371,47.34990333739109],[37.848647754044485,47.34989296134927],[37.84857826564529,47.34989238862682],[37.848510128115876,47.34990164439665],[37.83746632410134,47.352244089250405],[37.83741412790328,47.35226761236917],[37.83736940195271,47.352297372456256],[37.83733374587491,47.35233230515021],[37.83730843492118,47.352371161090495],[37.83729437435798,47.35241255059956],[37.83729206708736,47.35245499338377],[37.83730159565705,47.352496971475595],[37.837322619304146,47.35253698352368],[37.8373543861387,47.35257359848916],[37.83834401753806,47.35350064070594],[37.849870616412005,47.36429824047789],[37.85110474687451,47.36545431842823],[37.84143211143764,47.36884869285028],[37.84138300495448,47.36888261336095],[37.84134553183237,47.368922770709226],[37.841321368819216,47.36896736807058],[37.83797880772449,47.37801021924663],[37.83798163142332,47.378053509024],[37.837996679926874,47.378095625773206],[37.83802339302335,47.378135001531675],[37.838060776234485,47.378170170377665],[37.83810743783599,47.378199823006035],[37.850064771627444,47.38444519578239],[37.85651175019194,47.39294503184925],[37.855484657654344,47.403142156284815],[37.86340978960979,47.42667631499685],[37.86343813983823,47.426711904870295],[37.878177322794755,47.44178363517179],[37.89218884903102,47.4697423437022],[37.81912080369818,47.54621514411466],[37.81910310247911,47.546251648386225],[37.8190948757455,47.5462896547851],[37.81900748504221,47.547281735654785],[37.81566306888504,47.58524837472691],[37.81567562594858,47.58528791682031],[37.81569849295704,47.58532529895897],[37.84554549314685,47.623841798988074],[37.85201840176556,47.64162860584642],[37.83110743169789,47.656521996198904],[37.80395127470384,47.659974663536296],[37.80385565458374,47.659986820796455],[37.80380028057683,47.66000555681451],[37.80375101032869,47.66003087065197],[37.764289804554565,47.684523901121764],[37.67245753305356,47.724546554327965],[37.6373049553496,47.75187149682399],[37.62284164511835,47.77306490574574],[37.622834952275404,47.77311584150366],[37.62284557713418,47.77316647445088],[37.63421442027581,47.80256610472562],[37.63392750349595,47.83844013141328],[37.64366784244254,47.88648705110133],[37.56979449963812,47.907762663273836],[37.54791559749215,47.91406381358255],[37.53484214810266,47.91782898283588],[37.53479333704128,47.917855941156134],[37.534752954014486,47.91788856631276],[37.53472243776787,47.91792569596742],[37.53470287552985,47.91796600729703],[37.53469496427451,47.918008064121445],[37.534698985886834,47.91805036806984],[37.534714797116095,47.918091411963395],[37.542449197609734,47.93241525356704],[37.52157934463529,47.94569120011518],[37.521546523805995,47.9457304623341],[37.521526047167114,47.945773319233695],[37.52151873682284,47.94581805024376],[37.5215248862954,47.945862859549926],[37.524845677791944,47.95728378501557],[37.52487271445962,47.95732004667609],[37.53152400271863,47.96452775446608],[37.5065544,47.9613983],[37.5090649,47.9578919],[37.509879,47.9526517],[37.5067955,47.9485399],[37.5139988,47.9439687],[37.5081294,47.9363501],[37.5028613,47.9367507],[37.5021747,47.9352268],[37.5078854,47.9299295],[37.5063169,47.9264247],[37.5276472,47.9184462],[37.5407013,47.8815661],[37.5280859,47.8554011],[37.5329927,47.8436168],[37.5124754,47.8239692],[37.4923097,47.8225267],[37.486523,47.8177572],[37.4670091,47.817087],[37.4566535,47.8109284],[37.4478453,47.8008523],[37.42891,47.79973],[37.4316066,47.7761204],[37.4251051,47.7510839],[37.4108784,47.7412695],[37.398621,47.7366362],[37.3920715,47.7401991],[37.3876407,47.738956],[37.3790374,47.7433381],[37.3683547,47.7428091],[37.3678462,47.7418087],[37.3544172,47.7445792],[37.3465338,47.7473523],[37.3319098,47.7490964],[37.3308037,47.7516756],[37.3323669,47.7561416],[37.3248494,47.7573979],[37.3039992,47.7586027],[37.2962932,47.7633797],[37.2910934,47.7623834],[37.2868848,47.7586953],[37.2806592,47.7593923],[37.2797556,47.7573485],[37.286342,47.7530951],[37.2841424,47.7510841],[37.2684675,47.7519574],[37.2607631,47.7506098],[37.2551526,47.7470516],[37.2345562,47.748117],[37.2272432,47.7500956],[37.2123767,47.7500243],[37.2031504,47.7416888],[37.1861162,47.741201],[37.173647,47.7317458],[37.1207855,47.7346343],[37.1020021,47.7446641],[37.0535419,47.7436656],[36.964522,47.7635413],[36.9295202,47.7763473],[36.903955,47.7868254],[36.8879868,47.7953492],[36.8735563,47.805457],[36.8360852,47.8152793],[36.8202493,47.8216769],[36.8008516,47.8216192],[36.7830847,47.8149625],[36.7441822,47.8092012],[36.7258948,47.8103556],[36.7163679,47.8098959],[36.6842471,47.7931796],[36.660036,47.7841794],[36.6581247,47.7764101],[36.6065339,47.7738529],[36.5375529,47.7167429],[36.5552546,47.6730363],[36.538214,47.6689171],[36.4448402,47.6502396],[36.3683277,47.6315602],[36.2676334,47.5759913],[36.2255515,47.5633106],[36.1872538,47.5405371],[36.0787899,47.5254084],[36.0304002,47.516142],[36.0139186,47.5103296],[35.9808841,47.5134859],[35.9589323,47.4809483],[35.8130227,47.4807705],[35.7132434,47.4921281],[35.7104288,47.5001207],[35.7022113,47.5000623],[35.6986295,47.4956547],[35.691872,47.4978572],[35.6851135,47.5028427],[35.6654653,47.4972684],[35.6546633,47.5009618],[35.5593185,47.5212867],[35.5065103,47.5136471],[35.4549898,47.5104016],[35.4345108,47.5141379],[35.4443467,47.5277912],[35.3950278,47.5209199],[35.3347223,47.525255],[35.3228214,47.5155116],[35.2993812,47.5109537],[35.2878203,47.5072123],[35.2808962,47.5033687],[35.2746786,47.4968778],[35.2736544,47.4936921],[35.2807955,47.4721641],[35.2644227,47.4738779],[35.2026425,47.4449743],[35.1486619,47.445657],[35.1190963,47.4510955],[35.0702994,47.4507769],[35.0624319,47.4486647],[35.046158,47.4377275],[35.0288206,47.4181151],[34.9686931,47.3892045],[34.9354445,47.3916029],[34.8837144,47.406089],[34.8633723,47.4208554],[34.8747419,47.4375288],[34.8741835,47.4494994],[34.8599235,47.4512248],[34.8252023,47.4647735],[34.7923046,47.467718],[34.7491537,47.492572],[34.7193654,47.4920934],[34.708982,47.4905527],[34.6894139,47.4948642],[34.6801991,47.5107016],[34.6420717,47.5443897],[34.6283781,47.5458007],[34.6180346,47.5444616],[34.5990399,47.5346411],[34.5862489,47.5217799],[34.5445304,47.5326781],[34.5331376,47.5304299],[34.5006234,47.4996444],[34.4358396,47.4968841],[34.3869488,47.5138458],[34.3727587,47.5106463],[34.3383722,47.4677319],[34.3349123,47.4469725],[34.2961027,47.4286586],[34.2696797,47.4395195],[34.19929,47.4120751],[34.1457254,47.4244375],[34.1183461,47.4205374],[34.0648743,47.4242885],[34.0466778,47.4176252],[34.0422354,47.4104],[34.0196507,47.3580093],[33.9827331,47.230633],[33.9678607,47.2112479],[33.9448451,47.1972232],[33.9295544,47.1795519],[33.903127,47.1599485],[33.8635721,47.1451822],[33.8499522,47.1377648],[33.8407881,47.0984953],[33.8023184,47.0589876],[33.7227502,47.0173544],[33.6976692,46.9951021],[33.6956106,46.9553908],[33.6881602,46.9204201],[33.6784469,46.9008966],[33.6568173,46.9046493],[33.6338234,46.8994853],[33.6340293,46.8662278],[33.6202993,46.8290051],[33.4702672,46.8209318],[33.4029391,46.773568],[33.3900249,46.7834027],[33.3773363,46.7767474],[33.3733741,46.7764584],[33.3584344,46.7693577],[33.3547354,46.7627522],[33.3379268,46.7571308],[33.3172596,46.7528588],[33.2863069,46.749369],[33.2557563,46.7540735],[33.2446918,46.7630406],[33.1919064,46.7692367],[33.1516875,46.7819188],[33.1455765,46.7821922],[33.1364617,46.7810842],[33.1287897,46.7792791],[33.0839853,46.7597036],[33.0615862,46.7473297],[33.0441353,46.7405882],[33.0257169,46.7379188],[33.0097302,46.7369916],[32.9870616,46.7390543],[32.9353109,46.732044],[32.9146024,46.7277705],[32.9039352,46.7231427],[32.836024,46.6847162],[32.8153649,46.6769739],[32.8027755,46.6760847],[32.7864417,46.6702986],[32.7588567,46.6656057],[32.7318311,46.6648554],[32.713963,46.6658582],[32.6977201,46.6620595],[32.6593408,46.6503611],[32.6149477,46.6173221],[32.5885651,46.5925707],[32.5578634,46.5970285],[32.5396214,46.5925785],[32.5123265,46.5917217],[32.4896464,46.5796492],[32.4781734,46.5715563],[32.4614565,46.5648964],[32.3066919,46.4956161],[32.2527452,46.5056506],[32.2504361,46.4820732],[32.1945942,46.4882908],[32.1486947,46.5145828],[32.1166462,46.517163],[32.0439937,46.4915104],[31.9941309,46.4928168],[31.9665383,46.5082456],[31.879015,46.5354656],[31.8815641,46.5182691],[31.8649158,46.5175934],[31.8070728,46.5294354],[31.7569233,46.5479256],[31.6976527,46.5450053],[31.6690382,46.5387374],[31.6315001,46.5404893],[31.5816742,46.537219],[31.5540849,46.5454363],[31.5305196,46.5576033],[31.5134183,46.5807998],[31.5112983,46.5766614],[31.5216224,46.561578],[31.5469521,46.5387028],[31.6567519,46.4688867],[31.7263209,46.4086438],[31.7460697,46.3764563],[31.7738399,46.3585737],[31.7892493,46.3733802],[31.737668,46.4261928],[31.7083516,46.446609],[31.6971262,46.4472352],[31.704266,46.4665485],[31.7420407,46.4853092],[31.7970201,46.4781096],[31.89212,46.4568005],[31.9528254,46.4374539],[31.9748459,46.4392025],[32.0022447,46.453429],[32.0290404,46.4375397],[32.0355703,46.4165629],[32.0090507,46.3641139],[31.9697707,46.3483597],[31.8682771,46.3343548],[31.8234499,46.3371015],[31.7725398,46.3271444],[31.7455912,46.306021],[31.7477398,46.2981388],[31.7580932,46.2948403],[31.7680176,46.2965165],[31.7745083,46.2939227],[31.7712141,46.288838],[31.7755462,46.2854607],[31.775112,46.282265],[31.78213,46.2768377],[31.7832894,46.2725096],[31.7771981,46.2681276],[31.7796043,46.2644672],[31.7844089,46.2650835],[31.7845155,46.2688628],[31.7917038,46.2738877],[31.8097262,46.2720936],[31.8143596,46.2694483],[31.8132429,46.2647435],[31.8183057,46.2643109],[31.8346957,46.266138],[31.8331443,46.2697922],[31.8351926,46.2728282],[31.8476993,46.2679219],[31.8507402,46.268254],[31.8612225,46.2721427],[31.8708329,46.2657735],[31.8740032,46.2652566],[31.8832899,46.2734161],[31.8950685,46.2807445],[31.9044902,46.2974386],[31.9368206,46.2921419],[31.9437442,46.2855591],[31.9555985,46.2658955],[31.9695132,46.2572078],[32.0285439,46.2455961],[32.0514181,46.2497849],[32.077753,46.2389204],[32.0878278,46.2214609],[32.1211521,46.2043925],[32.1659652,46.196893],[32.1870241,46.175666],[32.2061324,46.1721801],[32.2081053,46.1867989],[32.2218112,46.18771],[32.2398791,46.1785152],[32.2279414,46.1683471],[32.2366721,46.1501329],[32.2195204,46.1279609],[32.5431059,46.0616925],[32.7101943,46.1028118],[32.9365042,46.1016028],[33.1679366,46.119522],[33.2823694,46.0723123],[33.429206,46.0254405],[33.5256314,46.0267545],[33.4967004,46.0702854],[33.5721609,46.0737878],[33.5309796,46.1101035],[33.6064163315622,46.14674946548427],[33.60636471557579,46.146825820586585],[33.60635599486891,46.14687116138057],[33.606360715306366,46.146916785888955],[33.60637868109631,46.146960801406024],[33.60640914696726,46.14700138196976],[33.606450849080574,46.14703684411166],[33.689516350944224,46.20451915110582],[33.68956826151882,46.204539238525584],[33.689624597475174,46.20455243159083],[33.68968346636793,46.204558287117635],[33.68974289066187,46.20455660840603],[33.68980087416396,46.20454745184758],[33.689855469082254,46.20453112503122],[33.69295972041251,46.20335823592932],[33.73712524592786,46.18667103568503],[33.74060964955972,46.18535451243622],[33.82401565410458,46.187288931134944],[33.82408852199686,46.18727207374131],[34.03842935316851,46.117152147336874],[34.12269885861416,46.108331455840315],[34.12276178669613,46.108308812899864],[34.122816102104885,46.1082772207624],[34.16095965499971,46.08061882339317],[34.2278558383709,46.06102993759903],[34.382602615718916,46.034894917307874],[34.38265900001768,46.03487119190511],[34.38270728400705,46.03484002291695],[34.382745461984825,46.03480270510343],[34.43697276302004,45.96831685869211],[34.47854614708464,45.94722797946985],[34.55590443065609,45.988894222850924],[34.55597148236148,45.98891016906666],[34.556041924201566,45.98891557881486],[34.55611236968568,45.98891019202189],[34.65151378645711,45.974122843141586],[34.70106053327622,45.9593666278401],[34.7011053061172,45.95934195057445],[34.70114312478572,45.95931217593069],[34.75290704193672,45.91042922588409],[34.78301111469288,45.905179900398],[34.783060727991085,45.905160592850706],[34.78310470357409,45.90513552773183],[34.78314167720458,45.905105482631555],[34.796427836814395,45.89214578854447],[34.79644802871258,45.89210461176887],[34.79645643392187,45.89206149782716],[34.80119506242087,45.80488831185769],[34.95822018629442,45.76027916070389],[34.97692997785302,45.765487246938456],[34.8959643,45.8988106],[34.8524739,46.0092176],[34.8346407,46.1155296],[34.833783,46.2001334],[34.9030041,46.2363897],[35.0248139,46.2563043],[35.079863,46.2766366],[35.1177702,46.3142433],[35.1380024,46.3482526],[35.1783568,46.3629189],[35.1931728,46.3709222],[35.2017945,46.3797144],[35.2567497,46.3752827],[35.2614702,46.3658773],[35.2654164,46.3523256],[35.2690989,46.3553905],[35.2898036,46.3565521],[35.3041691,46.3538716],[35.307895,46.3482888],[35.3142642,46.3437571],[35.3179201,46.3378326],[35.3165158,46.3307144],[35.3174416,46.3170382],[35.2988051,46.314937],[35.2925857,46.3079961],[35.293277,46.302449],[35.2989871,46.2989783],[35.2525174,46.2505709],[35.2210679,46.2268989],[35.2090233,46.1903722],[35.1330574,46.1634307],[35.0290037,46.14808],[35.0256763,46.127811],[34.9871752,46.1052755],[34.9733811,46.0721051],[35.0708827,46.0957873],[35.1518034,46.1216585],[35.1858838,46.1469167],[35.275482,46.2556112],[35.3602359,46.3546635],[35.4578294,46.4412316],[35.6043534,46.4804352],[35.7360032,46.5839813],[35.9364232,46.6585947],[36.1170931,46.6514246],[36.1898849,46.6670306],[36.2290436,46.6505061],[36.2598962,46.6186212],[36.1908498,46.5346757],[36.1665138,46.5276778],[36.1516335,46.5468178],[36.1472619,46.508948],[36.0911211,46.4924288],[36.1167335,46.4871992],[36.1840637,46.4980304],[36.3170968,46.6501447],[36.3768491,46.7055039],[36.5871045,46.7646623],[36.7055683,46.7776224],[36.8012652,46.7277543],[36.7906962,46.6747997],[36.7783436,46.6636496],[36.7610148,46.6658088],[36.742359,46.6373607],[36.7589376,46.6217212],[36.8049871,46.6591521],[36.8380534,46.7057614],[36.8685198,46.765691],[36.9019536,46.8087899],[36.9930792,46.8624588],[37.0368602,46.8654582],[37.2380483,46.9398175],[37.2972107,46.9273264],[37.3189188,46.8962982],[37.2805705,46.8736902],[37.2872851,46.863351],[37.3214636,46.8692065],[37.526304,47.0495337],[37.5264869,47.0697845],[37.5878876,47.0772638],[37.6204618,47.0865732],[37.6273774,47.0941014],[37.6758112,47.0778874],[37.684032,47.0766772],[37.6858846,47.0804963],[37.7138794,47.0798327],[37.7743938,47.0875496],[37.7940835,47.0837782],[37.8219878,47.0908909],[37.838051575488976,47.09956522262875]]]]},"properties":{"categoria":"post-2022","sourceLayer":"DeepState — controllo russo consolidato, normalizzato"}},{"type":"Feature","geometry":{"type":"MultiPolygon","coordinates":[[[[36.660036,47.7841794],[36.6458458,47.7903034],[36.6109799,47.7859806],[36.6065339,47.7738529],[36.6581247,47.7764101],[36.660036,47.7841794]]],[[[37.978304062394535,48.391336310027455],[37.9645363,48.3939796],[37.9645522,48.3952463],[37.9679678,48.3981634],[37.9653762,48.3997295],[37.9722772,48.4027064],[37.9734282,48.4089312],[37.9705801,48.4207037],[37.9655011,48.4327033],[37.9927443,48.4468623],[37.9890174,48.4601413],[38.0093407,48.4745561],[38.0067594,48.4876717],[38.0058091,48.5074351],[38.0129294,48.523893],[38.0123421,48.5348708],[38.0366204,48.5370179],[38.0336711,48.5522349],[38.0325271,48.5727302],[38.0424849,48.5850359],[38.0672728,48.6000804],[38.0699471,48.603914],[38.0629593,48.6095766],[38.0648533,48.6134794],[38.0581214,48.6191298],[38.0707182,48.6354416],[38.1019115,48.6532773],[38.1080601,48.6644033],[38.1006689,48.6684954],[38.1032339,48.6736077],[38.1046741,48.6740547],[38.108817,48.6799986],[38.110503,48.6837927],[38.1260101,48.6942159],[38.161815,48.701557],[38.1706768,48.7107277],[38.201595,48.7359272],[38.2104204,48.7321957],[38.2255597,48.7383328],[38.2363096,48.7670538],[38.2597882,48.7767446],[38.2736661,48.8002325],[38.2515315,48.8123093],[38.2667822,48.8449835],[38.2624724,48.884069],[38.3114278,48.9081755],[38.2949417,48.929373],[38.2868586,48.9335895],[38.2632438,48.9429741],[38.2579054,48.941471],[38.2476109,48.9318679],[38.2283907,48.9370098],[38.2456129,48.9269242],[38.2700384,48.9213461],[38.2741197,48.9141141],[38.242329,48.90609],[38.2289736,48.8676963],[38.225082,48.8408128],[38.2407167,48.8114819],[38.24681,48.8058839],[38.2163618,48.7782953],[38.1836133,48.7442253],[38.1739051,48.7276104],[38.1570388,48.7087693],[38.1477319,48.703519],[38.1237217,48.7026661],[38.0747547,48.6903728],[38.0673317,48.6696286],[38.0755662,48.6553422],[38.024393,48.6289895],[38.005962,48.6135409],[38.0059442,48.6021172],[38.0091015,48.595007],[38.0090767,48.5862905],[38.0122271,48.5776875],[38.0127144,48.5629506],[38.0016946,48.5507679],[37.9978545,48.5154458],[37.9741488,48.4542491],[37.953937,48.4278831],[37.9406568,48.4221598],[37.9476317,48.4061828],[37.9488933,48.3972975],[37.9569342,48.3914893],[37.9346295,48.3739913],[37.9470402,48.3751555],[37.972364079812415,48.38056135157165],[37.97466823447642,48.38127288037241],[37.978304062394535,48.391336310027455]]],[[[36.5375529,47.7167429],[36.5057589,47.7215742],[36.5091636,47.7119921],[36.4981495,47.7103794],[36.4943452,47.7001039],[36.4941161,47.6930595],[36.5121678,47.6877476],[36.5460223,47.674954],[36.5552546,47.6730363],[36.5375529,47.7167429]]],[[[37.1861162,47.741201],[37.2031504,47.7416888],[37.2123767,47.7500243],[37.2272432,47.7500956],[37.2345562,47.748117],[37.2551526,47.7470516],[37.2607631,47.7506098],[37.2684675,47.7519574],[37.2841424,47.7510841],[37.286342,47.7530951],[37.2797556,47.7573485],[37.2806592,47.7593923],[37.2868848,47.7586953],[37.2910934,47.7623834],[37.2962932,47.7633797],[37.3039992,47.7586027],[37.3248494,47.7573979],[37.3323669,47.7561416],[37.3308037,47.7516756],[37.3319098,47.7490964],[37.3465338,47.7473523],[37.3544172,47.7445792],[37.3678462,47.7418087],[37.3683547,47.7428091],[37.3790374,47.7433381],[37.3876407,47.738956],[37.3920715,47.7401991],[37.398621,47.7366362],[37.4108784,47.7412695],[37.4251051,47.7510839],[37.4316066,47.7761204],[37.4174294,47.7523642],[37.4039474,47.7436091],[37.3541678,47.7487902],[37.3363152,47.7584497],[37.3086154,47.7612103],[37.2955123,47.7646563],[37.285672,47.7610727],[37.2787875,47.7607479],[37.2777406,47.7570768],[37.2811397,47.7534277],[37.2669973,47.7528225],[37.249171,47.7553239],[37.2355832,47.7511491],[37.2140504,47.7560546],[37.1949322,47.7583537],[37.1861162,47.741201]]],[[[37.7984831,48.1509121],[37.80971,48.1649436],[37.8015461,48.1746128],[37.7892603,48.1753516],[37.7949978,48.1807845],[37.7938695,48.1889643],[37.7814173,48.1943018],[37.7911484,48.1985756],[37.7809667,48.2013618],[37.7738199,48.2085361],[37.759867,48.2109852],[37.7521243,48.2193316],[37.7722466,48.2214534],[37.7712588,48.2370691],[37.7849065,48.2446757],[37.7761512,48.2501586],[37.7834469,48.2548452],[37.8012386,48.2582824],[37.8048352,48.2662158],[37.8006261,48.272697],[37.8082985,48.2875112],[37.8217294,48.2899051],[37.8423308,48.2832692],[37.8696933,48.2818506],[37.8901968,48.2991598],[37.8406598,48.2947079],[37.7694823,48.3084958],[37.7614143,48.292623],[37.7576377,48.2702328],[37.7396495,48.2234797],[37.7433775,48.2155668],[37.7507112,48.2077687],[37.7541696,48.2019259],[37.7653821,48.1970596],[37.7711588,48.1899948],[37.7793634,48.1719474],[37.7903981,48.1680921],[37.7959771,48.1582451],[37.7984831,48.1509121]]],[[[37.62208125641031,48.02028693867462],[37.5979113,48.0553896],[37.6095479,48.0588584],[37.6345126,48.0700765],[37.6433177,48.0680883],[37.6445237,48.0707311],[37.652083,48.0719955],[37.6558551,48.0838719],[37.6529119,48.0964465],[37.6670493,48.0974401],[37.6830206,48.0972408],[37.6914001,48.0995497],[37.7027722,48.0968301],[37.7163482,48.0968972],[37.7246352,48.0921037],[37.7464791,48.0909703],[37.7631824,48.0947263],[37.7665297,48.1010318],[37.7696197,48.104127],[37.7796618,48.1058464],[37.7920214,48.1045282],[37.794772752911,48.10703530051183],[37.79973819950106,48.11282962201009],[37.7468623,48.1050715],[37.7300728,48.1062906],[37.7179059,48.1056177],[37.6876204,48.1074574],[37.6548475,48.1050979],[37.6285728,48.0831724],[37.6248815,48.0773818],[37.5881676,48.0645052],[37.5749599,48.0612779],[37.5758747,48.0541007],[37.5848563,48.0466937],[37.5806803,48.0240788],[37.5469347,48.0145786],[37.5350213,47.9963044],[37.5200818,47.9774946],[37.4985393,47.9665774],[37.498283,47.9514049],[37.5049864,47.9445125],[37.4981858,47.9357723],[37.4890235,47.9307514],[37.5063169,47.9264247],[37.5078854,47.9299295],[37.5021747,47.9352268],[37.5028613,47.9367507],[37.5081294,47.9363501],[37.5139988,47.9439687],[37.5067955,47.9485399],[37.509879,47.9526517],[37.5090649,47.9578919],[37.5065544,47.9613983],[37.53152400271863,47.96452775446608],[37.54093533438434,47.97472639958858],[37.54848193604604,47.97988828670912],[37.5482479,47.9864508],[37.5431833,47.9954397],[37.5432675,47.9983549],[37.5483099,48.0072067],[37.55571864545862,48.00971181332955],[37.55585197635638,48.0099669345469],[37.555887867499806,48.010000954040194],[37.555932529599595,48.01002995595662],[37.55598442727217,48.01005294326619],[37.55604177638131,48.010069125708306],[37.556102605374114,48.01007794696033],[37.55616482306131,48.01007910376362],[37.55622629051096,48.01007255634937],[37.57313270699359,48.00717560241369],[37.575145464232236,48.01404794999765],[37.57517835667193,48.014088233537215],[37.57522280575815,48.01412320199427],[37.57527695467042,48.014151394576295],[37.575338541370584,48.01417163354797],[37.57540499309917,48.01418307343207],[37.61637700328627,48.01831153312365],[37.62208125641031,48.02028693867462]]],[[[36.2676334,47.5759913],[36.3052024,47.5967757],[36.2554206,47.5920293],[36.2169684,47.5732713],[36.0692656,47.5405755],[36.0304002,47.516142],[36.0787899,47.5254084],[36.1872538,47.5405371],[36.2255515,47.5633106],[36.2676334,47.5759913]]],[[[35.7132434,47.4921281],[35.7314479,47.4900933],[35.7269941,47.4996568],[35.710411,47.5058132],[35.6995238,47.506819],[35.6741179,47.5198047],[35.6493987,47.5126166],[35.6363524,47.5281509],[35.6075133,47.5318599],[35.5882873,47.5251372],[35.5663317,47.5307236],[35.5593185,47.5212867],[35.6546633,47.5009618],[35.6654653,47.4972684],[35.6851135,47.5028427],[35.691872,47.4978572],[35.6986295,47.4956547],[35.7022113,47.5000623],[35.7104288,47.5001207],[35.7132434,47.4921281]]],[[[38.2340555,48.9418302],[38.2273549,48.9515431],[38.2370485,48.9565212],[38.2247827,48.9815499],[38.1920833,49.0104582],[38.1012615,48.9905858],[38.0682108,49.0152954],[38.0883581,49.0375217],[38.1266617,49.1181397],[38.1021141,49.1534059],[38.0767267,49.1827727],[38.0706004,49.2136298],[38.0520348,49.2477331],[38.0104763,49.2723684],[38.0214455,49.2812916],[38.0749325,49.2854305],[38.0916625,49.3005711],[38.0387373,49.3313921],[38.0065341,49.3383018],[37.9993384,49.386842],[37.9876603,49.4097717],[37.9384302,49.4630825],[37.9543516,49.4922139],[37.9531283,49.508497],[37.9591081,49.5175296],[37.956601,49.524553],[37.9623376,49.5397082],[37.9665316,49.5546957],[37.9631728,49.5679014],[37.9436672,49.5814197],[37.938162,49.6005709],[37.9594168,49.622588],[37.9458955,49.651115],[37.9180284,49.6548731],[37.9174463,49.6609626],[37.9193601,49.674636],[37.943773,49.6839733],[37.9441587,49.6977545],[37.9369893,49.7115357],[37.9183561,49.7259335],[37.8949052,49.7372203],[37.88789,49.7483971],[37.874004,49.7577982],[37.8425723,49.7553393],[37.8090809,49.7573073],[37.7648713,49.7759153],[37.7295553,49.7971702],[37.7187918,49.8279254],[37.7321081,49.8422688],[37.7427511,49.8482464],[37.7334131,49.8608183],[37.6930407,49.8412098],[37.6840876,49.812453],[37.6661561,49.7897147],[37.6725363,49.7620594],[37.6875125,49.7498925],[37.745034,49.7439749],[37.8320141,49.7277923],[37.8680921,49.7161277],[37.9047387,49.6973551],[37.8891968,49.686131],[37.8615349,49.6789436],[37.8500125,49.6694236],[37.8496187,49.6582081],[37.8554035,49.6469926],[37.8852076,49.6362186],[37.8902845,49.6249972],[37.8759363,49.6192559],[37.8580924,49.5997257],[37.864451,49.590843],[37.8816004,49.5876231],[37.9184901,49.5845734],[37.9282621,49.5710806],[37.9276512,49.5435931],[37.9217587,49.5261214],[37.9102135,49.4990178],[37.9233848,49.460027],[37.9338115,49.4462434],[37.9371912,49.3896931],[37.9507525,49.3637655],[38.0032633,49.3301051],[38.0151937,49.3205722],[38.0337184,49.3138266],[38.0406212,49.2996687],[38.018776,49.2886438],[38.0132907,49.2814184],[37.9968638,49.2759829],[37.9846406,49.2500779],[38.0155286,49.25057],[37.9966242,49.1809899],[37.9923139,49.1537258],[37.9769375,49.13391],[37.9802607,49.1106088],[37.9659838,49.0659998],[38.0050747,49.0393835],[38.0726695,48.9888336],[38.1043305,48.9717896],[38.1492879,48.9705383],[38.1963132,48.9404197],[38.2340555,48.9418302]]]]},"properties":{"categoria":"conteso","sourceLayer":"DeepState — stato ignoto, separato dal controllo consolidato"}}]}
