{
  "type": "FeatureCollection",
  "metadata": {
    "dataCartografica": "2026-07-15",
    "revisionatoIl": "2026-07-20",
    "revisioneSorgente": {
      "id": "1784114834",
      "timestampUtc": "2026-07-15T11:27:14Z"
    },
    "fonti": [
      {
        "id": "deepstate-history-1784114834",
        "titolo": "DeepStateMap — revisione storica 1784114834",
        "autore": "DeepStateUA",
        "url": "https://deepstatemap.live/api/history/1784114834/geojson",
        "ruolo": "base vettoriale primaria datata per controllo russo, stato ignoto e controllo ucraino in Russia"
      },
      {
        "id": "deepstate-history-index",
        "titolo": "DeepStateMap — indice pubblico delle revisioni storiche",
        "autore": "DeepStateUA",
        "url": "https://deepstatemap.live/api/history/public",
        "ruolo": "riscontro dell'identificativo e del timestamp UTC della revisione 1784114834"
      },
      {
        "id": "isw-2026-07-15",
        "titolo": "Assessed Control of Terrain in the Russo-Ukrainian War, July 15, 2026",
        "url": "https://understandingwar.org/map/assessed-control-of-terrain-in-the-russo-ukrainian-war-july-15-2026-at-130-pm-et/",
        "ruolo": "verifica coeva nazionale della configurazione del fronte"
      },
      {
        "id": "viina-2",
        "titolo": "VIINA 2.0 — Territorial Control Data",
        "autori": "Yuri M. Zhukov e Natalie Ayers",
        "url": "https://github.com/zhukovyuri/VIINA",
        "licenza": "ODbL 1.0",
        "ruolo": "verifica indipendente giornaliera dell'attribuzione presso i centri abitati e delle località contese"
      },
      {
        "id": "russia-matters-report-card-2026-07-15",
        "titolo": "The Russia-Ukraine War Report Card, July 15, 2026",
        "autore": "Russia Matters",
        "url": "https://www.russiamatters.org/news/russia-ukraine-war-report-card/russia-ukraine-war-report-card-july-15-2026",
        "ruolo": "controllo quantitativo indipendente del foothold ucraino in Russia, indicato in circa 4 miglia quadrate al 14 luglio"
      }
    ],
    "note": "Attacchi in profondità, raid e infiltrazioni non producono poligoni di controllo. Il piccolo foothold in Russia è separato dalle aree di sola presenza.",
    "incertezza": "Media lungo le numerose fasce grigie e alta nei piccoli lembi transfrontalieri. È mantenuto soltanto il residuo consolidato in Russia dopo la sottrazione delle aree russe riconquistate e di stato ignoto.",
    "notePerCategoria": {
      "pre-2022": "Crimea e porzioni del Donbas già controllate prima del 24 febbraio 2022; perimetro identico alla geometria approvata di Fase 3.",
      "post-2022": "Territorio sotto controllo russo acquisito dal 24 febbraio 2022, al netto del perimetro pre-2022 durante l'importazione.",
      "conteso": "Solo poligoni a stato ignoto della revisione DeepState, al netto delle aree di controllo consolidato; non sono raid, infiltrazioni o semplici presenze.",
      "ucraino-in-russia": "Solo area blu esterna al confine ucraino non coperta da riconquista russa o stato ignoto; escluse massime avanzate e presenze discontinue."
    },
    "normalizzazioneGeometrica": {
      "metodo": "snap topologico; dissoluzione per categoria; semplificazione Douglas-Peucker; sottrazione preventiva delle categorie",
      "snapGradi": 0.000005,
      "tolleranzaControlloEContesoMetri": 50,
      "tolleranzaUcrainoInRussiaMetri": 20,
      "fasciaTecnicaSeparazioneOrigineMetri": 25,
      "isoleScartateSottoKm2": {
        "controllo": 0.01,
        "conteso": 0.005,
        "ucrainoInRussia": 0.001
      },
      "motivazione": "rendere robuste le operazioni booleane senza alterare la lettura cartografica alla scala del renderer; la fascia tecnica è inferiore all’incertezza delle fonti"
    }
  },
  "features": [
    {
      "type": "Feature",
      "properties": {
        "categoria": "pre-2022",
        "sourceLayer": "Frontiera F3 — perimetro pre-2022 approvato"
      },
      "geometry": {
        "type": "MultiPolygon",
        "coordinates": [
          [
            [
              [
                32.478939,
                45.389163
              ],
              [
                32.507445,
                45.381957
              ],
              [
                32.513458,
                45.372038
              ],
              [
                32.510377,
                45.360884
              ],
              [
                32.489453,
                45.346136
              ],
              [
                32.551846,
                45.332385
              ],
              [
                32.569816,
                45.332888
              ],
              [
                32.578538,
                45.327642
              ],
              [
                32.65299,
                45.313322
              ],
              [
                32.675688,
                45.320614
              ],
              [
                32.685502,
                45.332102
              ],
              [
                32.712159,
                45.341307
              ],
              [
                32.735393,
                45.354972
              ],
              [
                32.76522,
                45.363836
              ],
              [
                32.84671,
                45.365264
              ],
              [
                32.907019,
                45.359436
              ],
              [
                32.966765,
                45.336694
              ],
              [
                32.991848,
                45.322499
              ],
              [
                33.035244,
                45.29016
              ],
              [
                33.062776,
                45.27566
              ],
              [
                33.107907,
                45.23151
              ],
              [
                33.138912,
                45.216317
              ],
              [
                33.148825,
                45.202143
              ],
              [
                33.185236,
                45.183717
              ],
              [
                33.201984,
                45.183225
              ],
              [
                33.225292,
                45.174695
              ],
              [
                33.257295,
                45.147804
              ],
              [
                33.284289,
                45.148276
              ],
              [
                33.300138,
                45.162027
              ],
              [
                33.29792,
                45.165633
              ],
              [
                33.305239,
                45.17277
              ],
              [
                33.350015,
                45.173699
              ],
              [
                33.380282,
                45.185909
              ],
              [
                33.376436,
                45.191845
              ],
              [
                33.391196,
                45.197375
              ],
              [
                33.432652,
                45.184093
              ],
              [
                33.509265,
                45.13445
              ],
              [
                33.56149,
                45.081073
              ],
              [
                33.58086,
                45.050881
              ],
              [
                33.602595,
                44.997973
              ],
              [
                33.604377,
                44.980471
              ],
              [
                33.597652,
                44.97655
              ],
              [
                33.610962,
                44.925721
              ],
              [
                33.6052,
                44.866386
              ],
              [
                33.594636,
                44.847578
              ],
              [
                33.569694,
                44.838843
              ],
              [
                33.55297,
                44.841655
              ],
              [
                33.548513,
                44.834598
              ],
              [
                33.549545,
                44.810828
              ],
              [
                33.533513,
                44.792608
              ],
              [
                33.540722,
                44.761758
              ],
              [
                33.539777,
                44.744321
              ],
              [
                33.547583,
                44.724445
              ],
              [
                33.546363,
                44.677979
              ],
              [
                33.535667,
                44.64599
              ],
              [
                33.508271,
                44.631916
              ],
              [
                33.494615,
                44.617766
              ],
              [
                33.450155,
                44.615946
              ],
              [
                33.373305,
                44.584056
              ],
              [
                33.403694,
                44.553239
              ],
              [
                33.46013,
                44.522891
              ],
              [
                33.486243,
                44.494968
              ],
              [
                33.506071,
                44.500846
              ],
              [
                33.554048,
                44.486877
              ],
              [
                33.601948,
                44.491739
              ],
              [
                33.627013,
                44.479579
              ],
              [
                33.63834,
                44.458687
              ],
              [
                33.64553,
                44.421924
              ],
              [
                33.673869,
                44.412807
              ],
              [
                33.702892,
                44.416926
              ],
              [
                33.733092,
                44.383332
              ],
              [
                33.759005,
                44.386932
              ],
              [
                33.778737,
                44.381452
              ],
              [
                33.846027,
                44.401142
              ],
              [
                33.882423,
                44.400268
              ],
              [
                33.939412,
                44.389646
              ],
              [
                33.963406,
                44.38885
              ],
              [
                34.034986,
                44.403674
              ],
              [
                34.057232,
                44.416521
              ],
              [
                34.128936,
                44.427878
              ],
              [
                34.171984,
                44.491011
              ],
              [
                34.260362,
                44.507556
              ],
              [
                34.308946,
                44.552088
              ],
              [
                34.334843,
                44.545507
              ],
              [
                34.349035,
                44.546767
              ],
              [
                34.349805,
                44.57185
              ],
              [
                34.354354,
                44.585681
              ],
              [
                34.375816,
                44.591703
              ],
              [
                34.377892,
                44.612309
              ],
              [
                34.389678,
                44.628884
              ],
              [
                34.403924,
                44.639751
              ],
              [
                34.412176,
                44.658807
              ],
              [
                34.432149,
                44.682765
              ],
              [
                34.474964,
                44.715071
              ],
              [
                34.625628,
                44.773956
              ],
              [
                34.677858,
                44.787856
              ],
              [
                34.728811,
                44.807825
              ],
              [
                34.747987,
                44.807058
              ],
              [
                34.763731,
                44.815057
              ],
              [
                34.912095,
                44.81577
              ],
              [
                34.920318,
                44.82153
              ],
              [
                34.920988,
                44.828751
              ],
              [
                34.967823,
                44.838027
              ],
              [
                34.988701,
                44.828075
              ],
              [
                35.0007,
                44.83203
              ],
              [
                35.029503,
                44.828249
              ],
              [
                35.047274,
                44.814837
              ],
              [
                35.043666,
                44.799459
              ],
              [
                35.081062,
                44.790612
              ],
              [
                35.09398,
                44.801375
              ],
              [
                35.111022,
                44.80702
              ],
              [
                35.118455,
                44.81723
              ],
              [
                35.133101,
                44.822812
              ],
              [
                35.130569,
                44.829311
              ],
              [
                35.139391,
                44.861252
              ],
              [
                35.169311,
                44.900247
              ],
              [
                35.190556,
                44.907887
              ],
              [
                35.216612,
                44.909005
              ],
              [
                35.243653,
                44.916792
              ],
              [
                35.25652,
                44.938423
              ],
              [
                35.249825,
                44.952823
              ],
              [
                35.271282,
                44.967596
              ],
              [
                35.283641,
                44.96616
              ],
              [
                35.294987,
                44.959711
              ],
              [
                35.301518,
                44.965776
              ],
              [
                35.322807,
                44.966441
              ],
              [
                35.322466,
                44.95921
              ],
              [
                35.344315,
                44.964188
              ],
              [
                35.351803,
                44.954952
              ],
              [
                35.382973,
                44.943891
              ],
              [
                35.394038,
                44.954933
              ],
              [
                35.356103,
                44.97733
              ],
              [
                35.358416,
                44.985552
              ],
              [
                35.366739,
                44.992559
              ],
              [
                35.428693,
                45.012912
              ],
              [
                35.412652,
                45.025778
              ],
              [
                35.385966,
                45.035246
              ],
              [
                35.389399,
                45.049444
              ],
              [
                35.414638,
                45.07541
              ],
              [
                35.451063,
                45.097366
              ],
              [
                35.541346,
                45.125861
              ],
              [
                35.58496,
                45.129359
              ],
              [
                35.62977,
                45.122303
              ],
              [
                35.692135,
                45.104626
              ],
              [
                35.748793,
                45.081465
              ],
              [
                35.777878,
                45.066304
              ],
              [
                35.804886,
                45.045558
              ],
              [
                35.814483,
                45.033306
              ],
              [
                35.810165,
                45.021418
              ],
              [
                35.82978,
                45.014076
              ],
              [
                35.834113,
                45.0091
              ],
              [
                35.828278,
                45.004552
              ],
              [
                35.842096,
                44.998366
              ],
              [
                35.870587,
                45.004186
              ],
              [
                35.907658,
                45.018079
              ],
              [
                35.925851,
                45.019111
              ],
              [
                35.954083,
                45.011219
              ],
              [
                35.984215,
                45.022859
              ],
              [
                35.994952,
                45.03511
              ],
              [
                36.012561,
                45.044932
              ],
              [
                36.035405,
                45.049216
              ],
              [
                36.07129,
                45.048252
              ],
              [
                36.201045,
                45.033023
              ],
              [
                36.225684,
                45.026816
              ],
              [
                36.24793,
                45.04068
              ],
              [
                36.249153,
                45.047687
              ],
              [
                36.282137,
                45.05499
              ],
              [
                36.372884,
                45.057475
              ],
              [
                36.440096,
                45.083327
              ],
              [
                36.456018,
                45.095623
              ],
              [
                36.454606,
                45.105555
              ],
              [
                36.43318,
                45.117691
              ],
              [
                36.425628,
                45.128893
              ],
              [
                36.417779,
                45.164294
              ],
              [
                36.407778,
                45.172889
              ],
              [
                36.403912,
                45.214162
              ],
              [
                36.423049,
                45.23723
              ],
              [
                36.423707,
                45.245262
              ],
              [
                36.435783,
                45.258066
              ],
              [
                36.43962,
                45.271622
              ],
              [
                36.436333,
                45.276239
              ],
              [
                36.426012,
                45.27864
              ],
              [
                36.421663,
                45.286584
              ],
              [
                36.435179,
                45.295073
              ],
              [
                36.484438,
                45.305478
              ],
              [
                36.499502,
                45.318675
              ],
              [
                36.47329,
                45.330744
              ],
              [
                36.472041,
                45.341233
              ],
              [
                36.477812,
                45.349132
              ],
              [
                36.518286,
                45.351539
              ],
              [
                36.535225,
                45.349918
              ],
              [
                36.534981,
                45.345637
              ],
              [
                36.54435,
                45.344735
              ],
              [
                36.596554,
                45.345031
              ],
              [
                36.60599,
                45.347733
              ],
              [
                36.612025,
                45.355938
              ],
              [
                36.630569,
                45.360521
              ],
              [
                36.633217,
                45.362811
              ],
              [
                36.630106,
                45.373786
              ],
              [
                36.648733,
                45.38292
              ],
              [
                36.611273,
                45.407542
              ],
              [
                36.607593,
                45.412573
              ],
              [
                36.61553,
                45.422271
              ],
              [
                36.598276,
                45.438662
              ],
              [
                36.57528,
                45.442252
              ],
              [
                36.565672,
                45.436625
              ],
              [
                36.56594,
                45.428443
              ],
              [
                36.554467,
                45.424368
              ],
              [
                36.532672,
                45.42719
              ],
              [
                36.495456,
                45.450514
              ],
              [
                36.470548,
                45.458514
              ],
              [
                36.461093,
                45.456435
              ],
              [
                36.447174,
                45.460135
              ],
              [
                36.432474,
                45.447875
              ],
              [
                36.415458,
                45.446825
              ],
              [
                36.376602,
                45.463689
              ],
              [
                36.372894,
                45.47138
              ],
              [
                36.357563,
                45.471617
              ],
              [
                36.344848,
                45.484307
              ],
              [
                36.33933,
                45.482513
              ],
              [
                36.336302,
                45.474221
              ],
              [
                36.322868,
                45.471297
              ],
              [
                36.293683,
                45.483861
              ],
              [
                36.265345,
                45.478566
              ],
              [
                36.17039,
                45.472361
              ],
              [
                36.12387,
                45.463618
              ],
              [
                36.068785,
                45.445463
              ],
              [
                36.068942,
                45.404374
              ],
              [
                36.04285,
                45.384009
              ],
              [
                35.99701,
                45.371491
              ],
              [
                35.941221,
                45.380044
              ],
              [
                35.886842,
                45.407774
              ],
              [
                35.846507,
                45.446506
              ],
              [
                35.87606,
                45.463856
              ],
              [
                35.867831,
                45.473251
              ],
              [
                35.841775,
                45.474473
              ],
              [
                35.823649,
                45.46632
              ],
              [
                35.817747,
                45.458869
              ],
              [
                35.818368,
                45.451418
              ],
              [
                35.826475,
                45.440129
              ],
              [
                35.748929,
                45.396331
              ],
              [
                35.745726,
                45.39066
              ],
              [
                35.748889,
                45.384633
              ],
              [
                35.760985,
                45.381258
              ],
              [
                35.753728,
                45.366548
              ],
              [
                35.724851,
                45.351594
              ],
              [
                35.71557,
                45.338458
              ],
              [
                35.632903,
                45.324584
              ],
              [
                35.525825,
                45.291193
              ],
              [
                35.498759,
                45.306176
              ],
              [
                35.467835,
                45.307544
              ],
              [
                35.382064,
                45.352514
              ],
              [
                35.311256,
                45.411424
              ],
              [
                35.201458,
                45.523343
              ],
              [
                35.109867,
                45.599025
              ],
              [
                35.050056,
                45.667202
              ],
              [
                34.977053,
                45.765285
              ],
              [
                34.958219,
                45.760037
              ],
              [
                34.800881,
                45.804735
              ],
              [
                34.796134,
                45.892053
              ],
              [
                34.782879,
                45.904975
              ],
              [
                34.752716,
                45.910231
              ],
              [
                34.700883,
                45.959179
              ],
              [
                34.651415,
                45.973908
              ],
              [
                34.556042,
                45.988691
              ],
              [
                34.478552,
                45.946947
              ],
              [
                34.436726,
                45.968164
              ],
              [
                34.382464,
                46.034692
              ],
              [
                34.227754,
                46.060816
              ],
              [
                34.160772,
                46.08043
              ],
              [
                34.122582,
                46.108122
              ],
              [
                34.038334,
                46.116935
              ],
              [
                33.82395,
                46.187069
              ],
              [
                33.740532,
                46.185128
              ],
              [
                33.6897,
                46.204334
              ],
              [
                33.60668,
                46.146878
              ],
              [
                33.612528,
                46.138238
              ],
              [
                33.616561,
                46.11536
              ],
              [
                33.633038,
                46.097381
              ],
              [
                33.637282,
                46.081351
              ],
              [
                33.623699,
                46.071722
              ],
              [
                33.611338,
                46.054819
              ],
              [
                33.629384,
                45.977458
              ],
              [
                33.627758,
                45.958848
              ],
              [
                33.616479,
                45.949068
              ],
              [
                33.617606,
                45.944243
              ],
              [
                33.634992,
                45.941326
              ],
              [
                33.647501,
                45.945166
              ],
              [
                33.640135,
                45.949356
              ],
              [
                33.659761,
                45.954586
              ],
              [
                33.692314,
                45.95526
              ],
              [
                33.744939,
                45.95033
              ],
              [
                33.747278,
                45.946685
              ],
              [
                33.751076,
                45.9488
              ],
              [
                33.757987,
                45.934494
              ],
              [
                33.749506,
                45.928276
              ],
              [
                33.730928,
                45.930188
              ],
              [
                33.701995,
                45.911004
              ],
              [
                33.691971,
                45.913471
              ],
              [
                33.680094,
                45.90854
              ],
              [
                33.675115,
                45.898868
              ],
              [
                33.684191,
                45.850098
              ],
              [
                33.661598,
                45.86426
              ],
              [
                33.662233,
                45.871524
              ],
              [
                33.642234,
                45.876325
              ],
              [
                33.616272,
                45.892143
              ],
              [
                33.593725,
                45.885292
              ],
              [
                33.581653,
                45.871206
              ],
              [
                33.568716,
                45.874008
              ],
              [
                33.548213,
                45.843531
              ],
              [
                33.542129,
                45.840258
              ],
              [
                33.527171,
                45.849723
              ],
              [
                33.507622,
                45.841072
              ],
              [
                33.50089,
                45.848355
              ],
              [
                33.520062,
                45.857708
              ],
              [
                33.544102,
                45.880335
              ],
              [
                33.540593,
                45.884913
              ],
              [
                33.517951,
                45.867777
              ],
              [
                33.432207,
                45.838576
              ],
              [
                33.373494,
                45.797187
              ],
              [
                33.32241,
                45.775037
              ],
              [
                33.23866,
                45.752804
              ],
              [
                33.21192,
                45.757728
              ],
              [
                33.182114,
                45.773902
              ],
              [
                33.172486,
                45.786603
              ],
              [
                33.185831,
                45.807952
              ],
              [
                33.182338,
                45.80993
              ],
              [
                33.175838,
                45.805742
              ],
              [
                33.165737,
                45.78827
              ],
              [
                33.159184,
                45.749182
              ],
              [
                33.152919,
                45.733355
              ],
              [
                33.1378,
                45.719814
              ],
              [
                33.127908,
                45.719842
              ],
              [
                33.114638,
                45.712775
              ],
              [
                33.095704,
                45.715503
              ],
              [
                33.0691,
                45.706833
              ],
              [
                33.017154,
                45.687009
              ],
              [
                33.006337,
                45.679383
              ],
              [
                32.999393,
                45.681147
              ],
              [
                32.908691,
                45.640338
              ],
              [
                32.820181,
                45.586841
              ],
              [
                32.821299,
                45.58301
              ],
              [
                32.841008,
                45.582406
              ],
              [
                32.843141,
                45.570597
              ],
              [
                32.833962,
                45.560234
              ],
              [
                32.825974,
                45.55733
              ],
              [
                32.793178,
                45.56389
              ],
              [
                32.772105,
                45.557869
              ],
              [
                32.736877,
                45.543007
              ],
              [
                32.72322,
                45.533026
              ],
              [
                32.59058,
                45.48558
              ],
              [
                32.538208,
                45.454884
              ],
              [
                32.524271,
                45.438872
              ],
              [
                32.500388,
                45.424663
              ],
              [
                32.48807,
                45.407956
              ],
              [
                32.479703,
                45.404263
              ],
              [
                32.478939,
                45.389163
              ]
            ]
          ],
          [
            [
              [
                36.50714,
                45.295558
              ],
              [
                36.533319,
                45.279798
              ],
              [
                36.549112,
                45.261314
              ],
              [
                36.578294,
                45.249048
              ],
              [
                36.547052,
                45.279677
              ],
              [
                36.519242,
                45.293988
              ],
              [
                36.50714,
                45.295558
              ]
            ]
          ],
          [
            [
              [
                37.521854,
                47.94582
              ],
              [
                37.542839,
                47.932477
              ],
              [
                37.5350299,
                47.918015
              ],
              [
                37.644034,
                47.886626
              ],
              [
                37.634262,
                47.838423
              ],
              [
                37.634549,
                47.802538
              ],
              [
                37.623169,
                47.77311
              ],
              [
                37.637589,
                47.751994
              ],
              [
                37.67268,
                47.724717
              ],
              [
                37.764495,
                47.684702
              ],
              [
                37.803977,
                47.660196
              ],
              [
                37.8312754,
                47.6567292
              ],
              [
                37.8523854,
                47.641694
              ],
              [
                37.8458595,
                47.6237619
              ],
              [
                37.8159936,
                47.5852213
              ],
              [
                37.819427,
                47.546303
              ],
              [
                37.892555,
                47.469773
              ],
              [
                37.878478,
                47.441684
              ],
              [
                37.863715,
                47.426588
              ],
              [
                37.855819,
                47.403124
              ],
              [
                37.856849,
                47.392898
              ],
              [
                37.850326,
                47.384298
              ],
              [
                37.83831,
                47.378022
              ],
              [
                37.841643,
                47.369022
              ],
              [
                37.851599,
                47.365534
              ],
              [
                37.837623,
                47.352442
              ],
              [
                37.848609,
                47.350116
              ],
              [
                37.859152,
                47.354371
              ],
              [
                37.861212,
                47.347858
              ],
              [
                37.856849,
                47.343603
              ],
              [
                37.829283,
                47.342507
              ],
              [
                37.824577,
                47.321498
              ],
              [
                37.834876,
                47.30823
              ],
              [
                37.827666,
                47.302643
              ],
              [
                37.833846,
                47.285412
              ],
              [
                37.833503,
                47.249301
              ],
              [
                37.8005435,
                47.1732715
              ],
              [
                37.818054,
                47.119099
              ],
              [
                37.829283,
                47.112742
              ],
              [
                37.83831,
                47.099704
              ],
              [
                37.895473,
                47.110921
              ],
              [
                37.983964,
                47.083576
              ],
              [
                37.99023,
                47.091466
              ],
              [
                37.975882,
                47.095683
              ],
              [
                37.993063,
                47.099003
              ],
              [
                38.032545,
                47.08907
              ],
              [
                38.040012,
                47.091875
              ],
              [
                38.054332,
                47.108302
              ],
              [
                38.062671,
                47.110804
              ],
              [
                38.08885,
                47.105956
              ],
              [
                38.122869,
                47.080622
              ],
              [
                38.132826,
                47.06402
              ],
              [
                38.131796,
                47.053729
              ],
              [
                38.106046,
                47.047179
              ],
              [
                38.080408,
                47.026545
              ],
              [
                38.084988,
                47.020418
              ],
              [
                38.163265,
                47.065455
              ],
              [
                38.186556,
                47.093712
              ],
              [
                38.230118,
                47.119406
              ],
              [
                38.229247,
                47.127085
              ],
              [
                38.236312,
                47.139527
              ],
              [
                38.234781,
                47.202589
              ],
              [
                38.24279,
                47.217117
              ],
              [
                38.233869,
                47.225801
              ],
              [
                38.234334,
                47.230986
              ],
              [
                38.253541,
                47.233616
              ],
              [
                38.260502,
                47.238316
              ],
              [
                38.288189,
                47.23856
              ],
              [
                38.288043,
                47.2565
              ],
              [
                38.324491,
                47.256821
              ],
              [
                38.333735,
                47.268938
              ],
              [
                38.323394,
                47.281132
              ],
              [
                38.333354,
                47.292132
              ],
              [
                38.333288,
                47.296975
              ],
              [
                38.327091,
                47.299009
              ],
              [
                38.334511,
                47.301408
              ],
              [
                38.336304,
                47.306408
              ],
              [
                38.220978,
                47.30538
              ],
              [
                38.221472,
                47.327345
              ],
              [
                38.227214,
                47.32971
              ],
              [
                38.222079,
                47.332853
              ],
              [
                38.230493,
                47.338902
              ],
              [
                38.230693,
                47.343169
              ],
              [
                38.246788,
                47.351445
              ],
              [
                38.250461,
                47.357713
              ],
              [
                38.245559,
                47.363193
              ],
              [
                38.258732,
                47.373353
              ],
              [
                38.286492,
                47.37356
              ],
              [
                38.286416,
                47.391477
              ],
              [
                38.302085,
                47.39287
              ],
              [
                38.302022,
                47.475121
              ],
              [
                38.289402,
                47.476754
              ],
              [
                38.295072,
                47.508064
              ],
              [
                38.284908,
                47.508376
              ],
              [
                38.284804,
                47.544465
              ],
              [
                38.305114,
                47.544851
              ],
              [
                38.31115,
                47.553619
              ],
              [
                38.31097,
                47.576028
              ],
              [
                38.350737,
                47.576206
              ],
              [
                38.35012,
                47.616689
              ],
              [
                38.456688,
                47.617004
              ],
              [
                38.456275,
                47.644253
              ],
              [
                38.620087,
                47.64487
              ],
              [
                38.629589,
                47.653336
              ],
              [
                38.629274,
                47.669278
              ],
              [
                38.665887,
                47.669418
              ],
              [
                38.665616,
                47.697176
              ],
              [
                38.6592,
                47.700057
              ],
              [
                38.729124,
                47.698807
              ],
              [
                38.730305,
                47.680361
              ],
              [
                38.773164,
                47.685764
              ],
              [
                38.770869,
                47.720629
              ],
              [
                38.788943,
                47.737015
              ],
              [
                38.798157,
                47.77844
              ],
              [
                38.788677,
                47.815974
              ],
              [
                38.835102,
                47.816059
              ],
              [
                38.8393994,
                47.8642544
              ],
              [
                39.082778,
                47.869927
              ],
              [
                39.082891,
                47.851604
              ],
              [
                39.109389,
                47.851752
              ],
              [
                39.109535,
                47.842747
              ],
              [
                39.149682,
                47.842582
              ],
              [
                39.236213,
                47.853953
              ],
              [
                39.241734,
                47.867014
              ],
              [
                39.39045,
                47.866185
              ],
              [
                39.412529,
                47.830898
              ],
              [
                39.437354,
                47.839834
              ],
              [
                39.44625,
                47.850644
              ],
              [
                39.478474,
                47.859474
              ],
              [
                39.520308,
                47.825141
              ],
              [
                39.534491,
                47.83253
              ],
              [
                39.542168,
                47.824981
              ],
              [
                39.565587,
                47.836556
              ],
              [
                39.73791,
                47.827729
              ],
              [
                39.763184,
                47.846537
              ],
              [
                39.762505,
                47.870145
              ],
              [
                39.794941,
                47.866833
              ],
              [
                39.793904,
                47.915897
              ],
              [
                39.806594,
                47.933666
              ],
              [
                39.805888,
                47.950562
              ],
              [
                39.827391,
                47.950834
              ],
              [
                39.815408,
                47.970866
              ],
              [
                39.823031,
                47.98354
              ],
              [
                39.816717,
                47.984542
              ],
              [
                39.817916,
                47.994778
              ],
              [
                39.813736,
                47.998502
              ],
              [
                39.81672,
                48.001463
              ],
              [
                39.795218,
                48.010703
              ],
              [
                39.785081,
                48.023125
              ],
              [
                39.779662,
                48.039336
              ],
              [
                39.877208,
                48.041378
              ],
              [
                39.885886,
                48.047866
              ],
              [
                39.832202,
                48.0665
              ],
              [
                39.868584,
                48.079444
              ],
              [
                39.879951,
                48.115164
              ],
              [
                39.910275,
                48.138416
              ],
              [
                39.909184,
                48.16933
              ],
              [
                39.913886,
                48.178015
              ],
              [
                39.940934,
                48.18081
              ],
              [
                39.942194,
                48.230744
              ],
              [
                40.00754,
                48.223312
              ],
              [
                40.003076,
                48.239476
              ],
              [
                40.01951,
                48.252508
              ],
              [
                40.018989,
                48.25706
              ],
              [
                40.016777,
                48.269458
              ],
              [
                40.008963,
                48.272654
              ],
              [
                39.999745,
                48.28929
              ],
              [
                39.990815,
                48.317082
              ],
              [
                39.972492,
                48.312971
              ],
              [
                39.971265,
                48.307302
              ],
              [
                39.963063,
                48.302596
              ],
              [
                39.971011,
                48.302796
              ],
              [
                39.970224,
                48.298747
              ],
              [
                39.958283,
                48.29805
              ],
              [
                39.95666,
                48.303185
              ],
              [
                39.951971,
                48.303551
              ],
              [
                39.948411,
                48.294295
              ],
              [
                39.937703,
                48.292225
              ],
              [
                39.936215,
                48.285058
              ],
              [
                39.930156,
                48.282764
              ],
              [
                39.934695,
                48.279066
              ],
              [
                39.924907,
                48.271485
              ],
              [
                39.914829,
                48.269678
              ],
              [
                39.90822,
                48.277008
              ],
              [
                39.912695,
                48.288202
              ],
              [
                39.910188,
                48.292982
              ],
              [
                39.886916,
                48.304089
              ],
              [
                39.887199,
                48.308777
              ],
              [
                39.841068,
                48.310051
              ],
              [
                39.840394,
                48.329117
              ],
              [
                39.845593,
                48.332774
              ],
              [
                39.877934,
                48.334073
              ],
              [
                39.918581,
                48.341692
              ],
              [
                39.918603,
                48.347207
              ],
              [
                39.943644,
                48.34812
              ],
              [
                39.947507,
                48.35523
              ],
              [
                39.94253,
                48.354963
              ],
              [
                39.944422,
                48.357166
              ],
              [
                39.934751,
                48.372274
              ],
              [
                39.943278,
                48.383791
              ],
              [
                39.941535,
                48.387072
              ],
              [
                39.926845,
                48.375075
              ],
              [
                39.92122,
                48.375928
              ],
              [
                39.914558,
                48.386827
              ],
              [
                39.905962,
                48.390316
              ],
              [
                39.918644,
                48.397611
              ],
              [
                39.906312,
                48.403562
              ],
              [
                39.912763,
                48.41558
              ],
              [
                39.910297,
                48.421956
              ],
              [
                39.895926,
                48.429242
              ],
              [
                39.888817,
                48.441993
              ],
              [
                39.896766,
                48.44422
              ],
              [
                39.897326,
                48.448112
              ],
              [
                39.857752,
                48.463363
              ],
              [
                39.846338,
                48.473712
              ],
              [
                39.846469,
                48.499306
              ],
              [
                39.84871,
                48.50284
              ],
              [
                39.861877,
                48.501924
              ],
              [
                39.866756,
                48.508883
              ],
              [
                39.854533,
                48.552999
              ],
              [
                39.85763,
                48.561413
              ],
              [
                39.846829,
                48.572934
              ],
              [
                39.821685,
                48.578332
              ],
              [
                39.825051,
                48.586152
              ],
              [
                39.80861,
                48.583972
              ],
              [
                39.789985,
                48.593369
              ],
              [
                39.773425,
                48.592326
              ],
              [
                39.770368,
                48.587994
              ],
              [
                39.751295,
                48.58209
              ],
              [
                39.751054,
                48.588836
              ],
              [
                39.746721,
                48.590673
              ],
              [
                39.721237,
                48.584834
              ],
              [
                39.6713252,
                48.5892403
              ],
              [
                39.6334311,
                48.5812628
              ],
              [
                39.6236025,
                48.5870259
              ],
              [
                39.6110289,
                48.5740514
              ],
              [
                39.6010726,
                48.5749594
              ],
              [
                39.5968664,
                48.5795022
              ],
              [
                39.6058783,
                48.5855209
              ],
              [
                39.600613,
                48.5928753
              ],
              [
                39.5913857,
                48.5922505
              ],
              [
                39.5743396,
                48.5817384
              ],
              [
                39.5640858,
                48.5845992
              ],
              [
                39.5694136,
                48.5911155
              ],
              [
                39.5635639,
                48.5990889
              ],
              [
                39.549059,
                48.595854
              ],
              [
                39.549314,
                48.585973
              ],
              [
                39.5306906,
                48.5856913
              ],
              [
                39.5292488,
                48.5912185
              ],
              [
                39.5350124,
                48.5928382
              ],
              [
                39.5341908,
                48.5967686
              ],
              [
                39.5245243,
                48.6026385
              ],
              [
                39.5298325,
                48.6093625
              ],
              [
                39.5129236,
                48.6221295
              ],
              [
                39.5175713,
                48.6266987
              ],
              [
                39.5165791,
                48.6337256
              ],
              [
                39.4672186,
                48.6285546
              ],
              [
                39.4654267,
                48.6335035
              ],
              [
                39.4686795,
                48.6376897
              ],
              [
                39.454215,
                48.639786
              ],
              [
                39.449575,
                48.644557
              ],
              [
                39.452373,
                48.65471
              ],
              [
                39.410694,
                48.657656
              ],
              [
                39.408033,
                48.65981
              ],
              [
                39.413526,
                48.66684
              ],
              [
                39.411724,
                48.670524
              ],
              [
                39.390524,
                48.678799
              ],
              [
                39.389599,
                48.684749
              ],
              [
                39.377986,
                48.686237
              ],
              [
                39.355953,
                48.697214
              ],
              [
                39.346855,
                48.712224
              ],
              [
                39.374183,
                48.718652
              ],
              [
                39.353722,
                48.726891
              ],
              [
                39.358871,
                48.736175
              ],
              [
                39.349266,
                48.742496
              ],
              [
                39.343138,
                48.757361
              ],
              [
                39.353893,
                48.76549
              ],
              [
                39.351063,
                48.768547
              ],
              [
                39.33167,
                48.766602
              ],
              [
                39.326603,
                48.768309
              ],
              [
                39.326256,
                48.775559
              ],
              [
                39.311844,
                48.774069
              ],
              [
                39.292617,
                48.760605
              ],
              [
                39.286434,
                48.748901
              ],
              [
                39.272383,
                48.753887
              ],
              [
                39.268663,
                48.741949
              ],
              [
                39.256311,
                48.74227
              ],
              [
                39.259229,
                48.733835
              ],
              [
                39.24978,
                48.712564
              ],
              [
                39.239588,
                48.709125
              ],
              [
                39.232364,
                48.711412
              ],
              [
                39.207173,
                48.6983
              ],
              [
                39.200371,
                48.699999
              ],
              [
                39.196508,
                48.706513
              ],
              [
                39.174249,
                48.680329
              ],
              [
                39.148672,
                48.675285
              ],
              [
                39.141898,
                48.66665
              ],
              [
                39.141984,
                48.660868
              ],
              [
                39.123187,
                48.660018
              ],
              [
                39.103618,
                48.649869
              ],
              [
                39.075894,
                48.651626
              ],
              [
                39.042678,
                48.646466
              ],
              [
                39.012372,
                48.658336
              ],
              [
                39.009633,
                48.662626
              ],
              [
                39.025426,
                48.661974
              ],
              [
                39.026284,
                48.667274
              ],
              [
                39.014354,
                48.683427
              ],
              [
                39.015548,
                48.694891
              ],
              [
                39.001815,
                48.698007
              ],
              [
                38.998986,
                48.711196
              ],
              [
                38.984305,
                48.711828
              ],
              [
                38.999333,
                48.719624
              ],
              [
                38.978812,
                48.744892
              ],
              [
                38.961131,
                48.746137
              ],
              [
                38.961045,
                48.736515
              ],
              [
                38.943707,
                48.733854
              ],
              [
                38.932464,
                48.736798
              ],
              [
                38.936959,
                48.747117
              ],
              [
                38.918028,
                48.742911
              ],
              [
                38.90474,
                48.750608
              ],
              [
                38.863879,
                48.75138
              ],
              [
                38.847148,
                48.742911
              ],
              [
                38.830067,
                48.717038
              ],
              [
                38.808438,
                48.713414
              ],
              [
                38.767067,
                48.71432
              ],
              [
                38.691716,
                48.729363
              ],
              [
                38.674549,
                48.729363
              ],
              [
                38.678412,
                48.723701
              ],
              [
                38.583218,
                48.71987
              ],
              [
                38.577732,
                48.696742
              ],
              [
                38.572231,
                48.689056
              ],
              [
                38.559446,
                48.686695
              ],
              [
                38.548978,
                48.675294
              ],
              [
                38.527284,
                48.674642
              ],
              [
                38.516148,
                48.670562
              ],
              [
                38.515247,
                48.666367
              ],
              [
                38.431476,
                48.650492
              ],
              [
                38.4263261,
                48.6386961
              ],
              [
                38.4362747,
                48.6292431
              ],
              [
                38.4412529,
                48.6172714
              ],
              [
                38.438793,
                48.6110275
              ],
              [
                38.40607,
                48.60193
              ],
              [
                38.402637,
                48.59194
              ],
              [
                38.402637,
                48.547867
              ],
              [
                38.414303,
                48.520605
              ],
              [
                38.405377,
                48.473366
              ],
              [
                38.389247,
                48.432278
              ],
              [
                38.390964,
                48.415874
              ],
              [
                38.321754,
                48.371053
              ],
              [
                38.273689,
                48.359192
              ],
              [
                38.2385206,
                48.3867172
              ],
              [
                38.1890602,
                48.4165331
              ],
              [
                38.163094,
                48.402117
              ],
              [
                38.148548,
                48.414482
              ],
              [
                38.117477,
                48.420805
              ],
              [
                38.113706,
                48.408013
              ],
              [
                38.042123,
                48.409086
              ],
              [
                38.004802,
                48.393954
              ],
              [
                37.978623,
                48.391275
              ],
              [
                37.974959,
                48.381115
              ],
              [
                37.9500832,
                48.3734333
              ],
              [
                37.942023,
                48.3574628
              ],
              [
                37.9292962,
                48.3594898
              ],
              [
                37.9185517,
                48.3465274
              ],
              [
                37.9054956,
                48.3404377
              ],
              [
                37.9006815,
                48.3232554
              ],
              [
                37.9011467,
                48.2908822
              ],
              [
                37.8943398,
                48.286666
              ],
              [
                37.895347,
                48.268546
              ],
              [
                37.89157,
                48.255061
              ],
              [
                37.896571,
                48.215429
              ],
              [
                37.88333,
                48.199712
              ],
              [
                37.856208,
                48.192846
              ],
              [
                37.828593,
                48.17515
              ],
              [
                37.8168038,
                48.1322916
              ],
              [
                37.789283,
                48.100177
              ],
              [
                37.756436,
                48.08667
              ],
              [
                37.7430873,
                48.0868254
              ],
              [
                37.7266508,
                48.0795824
              ],
              [
                37.7257935,
                48.0733245
              ],
              [
                37.693049,
                48.069307
              ],
              [
                37.687749,
                48.061894
              ],
              [
                37.694294,
                48.056545
              ],
              [
                37.691199,
                48.053406
              ],
              [
                37.68785,
                48.054754
              ],
              [
                37.64781,
                48.028944
              ],
              [
                37.616482,
                48.018095
              ],
              [
                37.575455,
                48.013961
              ],
              [
                37.573394,
                48.006899
              ],
              [
                37.556143,
                48.009855
              ],
              [
                37.549621,
                47.997364
              ],
              [
                37.558546,
                47.986451
              ],
              [
                37.5412006,
                47.9745867
              ],
              [
                37.525158,
                47.957202
              ],
              [
                37.521854,
                47.94582
              ]
            ]
          ]
        ]
      }
    },
    {
      "type": "Feature",
      "geometry": {
        "type": "MultiPolygon",
        "coordinates": [
          [
            [
              [
                35.3075769,
                50.9766773
              ],
              [
                35.3001345,
                50.9597022
              ],
              [
                35.308139,
                50.9532124
              ],
              [
                35.3153105,
                50.9495308
              ],
              [
                35.3131757,
                50.9447507
              ],
              [
                35.3201388,
                50.9432157
              ],
              [
                35.3257181,
                50.9467691
              ],
              [
                35.3295584,
                50.9476793
              ],
              [
                35.3299342,
                50.9518113
              ],
              [
                35.3357421,
                50.9561431
              ],
              [
                35.3360061,
                50.9585226
              ],
              [
                35.3346457,
                50.9589026
              ],
              [
                35.3362165,
                50.9630684
              ],
              [
                35.3423631,
                50.9635614
              ],
              [
                35.3431193,
                50.9673483
              ],
              [
                35.3519609,
                50.973781
              ],
              [
                35.3503902,
                50.9762306
              ],
              [
                35.3488194,
                50.9768428
              ],
              [
                35.3432907,
                50.987576
              ],
              [
                35.3406795,
                50.9878804
              ],
              [
                35.3353214,
                50.990562
              ],
              [
                35.3221395,
                50.9852403
              ],
              [
                35.3075769,
                50.9766773
              ]
            ]
          ],
          [
            [
              [
                35.887754,
                50.437506
              ],
              [
                35.894492,
                50.435634
              ],
              [
                35.897539,
                50.43629
              ],
              [
                35.904019,
                50.435005
              ],
              [
                35.903332,
                50.433939
              ],
              [
                35.912946,
                50.431588
              ],
              [
                35.924747,
                50.431643
              ],
              [
                35.92758,
                50.430276
              ],
              [
                35.935219,
                50.428745
              ],
              [
                35.941312,
                50.431151
              ],
              [
                35.94363,
                50.433393
              ],
              [
                35.937536,
                50.433393
              ],
              [
                35.937622,
                50.431807
              ],
              [
                35.935219,
                50.430112
              ],
              [
                35.9323,
                50.430932
              ],
              [
                35.932214,
                50.431971
              ],
              [
                35.92818,
                50.433721
              ],
              [
                35.927666,
                50.434869
              ],
              [
                35.920799,
                50.437384
              ],
              [
                35.919254,
                50.435798
              ],
              [
                35.911701,
                50.434705
              ],
              [
                35.904749,
                50.438969
              ],
              [
                35.903633,
                50.438094
              ],
              [
                35.901144,
                50.438149
              ],
              [
                35.9002,
                50.439024
              ],
              [
                35.895908,
                50.438696
              ],
              [
                35.894192,
                50.437821
              ],
              [
                35.889213,
                50.438969
              ],
              [
                35.887754,
                50.437506
              ]
            ]
          ],
          [
            [
              [
                34.930134,
                51.205724
              ],
              [
                34.924254,
                51.205234
              ],
              [
                34.911851,
                51.206464
              ],
              [
                34.904041,
                51.203411
              ],
              [
                34.905629,
                51.201085
              ],
              [
                34.89829,
                51.193273
              ],
              [
                34.883356,
                51.195747
              ],
              [
                34.876427,
                51.191209
              ],
              [
                34.870406,
                51.193239
              ],
              [
                34.862166,
                51.198994
              ],
              [
                34.845772,
                51.191302
              ],
              [
                34.846674,
                51.189191
              ],
              [
                34.833155,
                51.18256
              ],
              [
                34.834786,
                51.178283
              ],
              [
                34.834829,
                51.169323
              ],
              [
                34.815924,
                51.169392
              ],
              [
                34.8134,
                51.171608
              ],
              [
                34.808729,
                51.172854
              ],
              [
                34.808658,
                51.176424
              ],
              [
                34.800175,
                51.17558
              ],
              [
                34.790317,
                51.180117
              ],
              [
                34.789684,
                51.182124
              ],
              [
                34.784296,
                51.184414
              ],
              [
                34.780716,
                51.180951
              ],
              [
                34.779197,
                51.177273
              ],
              [
                34.772528,
                51.17467
              ],
              [
                34.762156,
                51.17649
              ],
              [
                34.753156,
                51.180891
              ],
              [
                34.737125,
                51.179299
              ],
              [
                34.7450879,
                51.1667922
              ],
              [
                34.7519197,
                51.1678886
              ],
              [
                34.7573821,
                51.1509764
              ],
              [
                34.7717686,
                51.1526934
              ],
              [
                34.7881348,
                51.1523125
              ],
              [
                34.7986608,
                51.1424027
              ],
              [
                34.8049502,
                51.1429358
              ],
              [
                34.8148296,
                51.1347544
              ],
              [
                34.8118991,
                51.1292953
              ],
              [
                34.8261364,
                51.1213054
              ],
              [
                34.8285989,
                51.122294
              ],
              [
                34.8350961,
                51.1177885
              ],
              [
                34.8442892,
                51.1168483
              ],
              [
                34.8517645,
                51.119302
              ],
              [
                34.867746,
                51.122594
              ],
              [
                34.878312,
                51.129412
              ],
              [
                34.884882,
                51.138744
              ],
              [
                34.9020607,
                51.12934
              ],
              [
                34.9156219,
                51.142912
              ],
              [
                34.9274656,
                51.1404348
              ],
              [
                34.9362658,
                51.1307955
              ],
              [
                34.9545258,
                51.1270248
              ],
              [
                34.9552015,
                51.1220153
              ],
              [
                34.9653145,
                51.1156433
              ],
              [
                34.9728323,
                51.108586
              ],
              [
                34.9731012,
                51.1053617
              ],
              [
                34.9796357,
                51.1088197
              ],
              [
                35.0054075,
                51.1094306
              ],
              [
                34.9964969,
                51.102557
              ],
              [
                34.999603,
                51.1009643
              ],
              [
                35.0193974,
                51.1068814
              ],
              [
                35.028294,
                51.106061
              ],
              [
                35.030193,
                51.108784
              ],
              [
                35.030561,
                51.112242
              ],
              [
                35.033296,
                51.113528
              ],
              [
                35.037414,
                51.110403
              ],
              [
                35.03986,
                51.1103768
              ],
              [
                35.042838,
                51.116499
              ],
              [
                35.047672,
                51.115792
              ],
              [
                35.047623,
                51.112815
              ],
              [
                35.05505,
                51.112478
              ],
              [
                35.097239,
                51.127832
              ],
              [
                35.115952,
                51.12453
              ],
              [
                35.142092,
                51.13361
              ],
              [
                35.143906,
                51.13667
              ],
              [
                35.144003,
                51.140592
              ],
              [
                35.136644,
                51.144128
              ],
              [
                35.135315,
                51.1484
              ],
              [
                35.140812,
                51.151182
              ],
              [
                35.137498,
                51.153758
              ],
              [
                35.130579,
                51.156549
              ],
              [
                35.126524,
                51.159224
              ],
              [
                35.123213,
                51.165356
              ],
              [
                35.134408,
                51.170895
              ],
              [
                35.13078,
                51.173706
              ],
              [
                35.13024,
                51.19395
              ],
              [
                35.143973,
                51.20234
              ],
              [
                35.142943,
                51.207073
              ],
              [
                35.13642,
                51.210084
              ],
              [
                35.137106,
                51.215891
              ],
              [
                35.149123,
                51.221052
              ],
              [
                35.149981,
                51.223417
              ],
              [
                35.119738,
                51.231485
              ],
              [
                35.11761,
                51.229647
              ],
              [
                35.105143,
                51.232776
              ],
              [
                35.084905,
                51.230338
              ],
              [
                35.074708,
                51.231963
              ],
              [
                35.069043,
                51.230243
              ],
              [
                35.061318,
                51.222933
              ],
              [
                35.063335,
                51.218498
              ],
              [
                35.062949,
                51.215891
              ],
              [
                35.051875,
                51.209385
              ],
              [
                35.039259,
                51.204061
              ],
              [
                35.037886,
                51.218041
              ],
              [
                35.031706,
                51.219762
              ],
              [
                35.028359,
                51.219493
              ],
              [
                35.023467,
                51.220514
              ],
              [
                35.021664,
                51.223363
              ],
              [
                35.012824,
                51.228685
              ],
              [
                35.012308,
                51.230566
              ],
              [
                35.009133,
                51.231829
              ],
              [
                35.004584,
                51.231802
              ],
              [
                34.999949,
                51.229222
              ],
              [
                34.993769,
                51.2289
              ],
              [
                34.982268,
                51.232017
              ],
              [
                34.982783,
                51.233952
              ],
              [
                34.979521,
                51.235886
              ],
              [
                34.976152,
                51.233775
              ],
              [
                34.958137,
                51.228686
              ],
              [
                34.950014,
                51.227427
              ],
              [
                34.950159,
                51.22497
              ],
              [
                34.952708,
                51.222729
              ],
              [
                34.95231,
                51.219106
              ],
              [
                34.944909,
                51.219115
              ],
              [
                34.940082,
                51.217942
              ],
              [
                34.939356,
                51.211779
              ],
              [
                34.936375,
                51.208321
              ],
              [
                34.930134,
                51.205724
              ]
            ]
          ],
          [
            [
              [
                37.9165489,
                48.8719308
              ],
              [
                37.9101195,
                48.865966
              ],
              [
                37.9083825,
                48.8625545
              ],
              [
                37.910422,
                48.8591431
              ],
              [
                37.9070199,
                48.8528587
              ],
              [
                37.9001855,
                48.8498495
              ],
              [
                37.9017949,
                48.8443964
              ],
              [
                37.8938581,
                48.8373308
              ],
              [
                37.9071624,
                48.8330371
              ],
              [
                37.9166468,
                48.8398176
              ],
              [
                37.9301752,
                48.8403833
              ],
              [
                37.9409579,
                48.8438852
              ],
              [
                37.9525966,
                48.8428017
              ],
              [
                37.9553543,
                48.826549
              ],
              [
                37.9551826,
                48.8218588
              ],
              [
                37.9503602,
                48.8134014
              ],
              [
                37.9555482,
                48.8097311
              ],
              [
                37.9535218,
                48.8002309
              ],
              [
                37.9567649,
                48.7974547
              ],
              [
                37.9510482,
                48.7813993
              ],
              [
                37.9633526,
                48.7669418
              ],
              [
                37.9392927,
                48.7640687
              ],
              [
                37.921347,
                48.7692917
              ],
              [
                37.8995604,
                48.7713413
              ],
              [
                37.8910919,
                48.7782862
              ],
              [
                37.8812829,
                48.7812549
              ],
              [
                37.8726938,
                48.7826475
              ],
              [
                37.8706277,
                48.7820605
              ],
              [
                37.8713942,
                48.77989
              ],
              [
                37.8808293,
                48.7792463
              ],
              [
                37.8946624,
                48.7717736
              ],
              [
                37.8904079,
                48.7613725
              ],
              [
                37.8799761,
                48.757727
              ],
              [
                37.869124,
                48.7594006
              ],
              [
                37.8635928,
                48.7590934
              ],
              [
                37.8585387,
                48.7565548
              ],
              [
                37.8515569,
                48.758191
              ],
              [
                37.8389682,
                48.764865
              ],
              [
                37.8320727,
                48.7655426
              ],
              [
                37.8332599,
                48.7626565
              ],
              [
                37.8368502,
                48.7622598
              ],
              [
                37.8444301,
                48.7544414
              ],
              [
                37.8347017,
                48.7520603
              ],
              [
                37.8383345,
                48.7506438
              ],
              [
                37.8487339,
                48.7504447
              ],
              [
                37.8545345,
                48.75142
              ],
              [
                37.8589623,
                48.7539796
              ],
              [
                37.8627242,
                48.752251
              ],
              [
                37.8510041,
                48.7479563
              ],
              [
                37.8475246,
                48.7453028
              ],
              [
                37.8510632,
                48.7424338
              ],
              [
                37.8614679,
                48.7395644
              ],
              [
                37.876957,
                48.7408441
              ],
              [
                37.8809997,
                48.7330919
              ],
              [
                37.8789578,
                48.729889
              ],
              [
                37.870225,
                48.726057
              ],
              [
                37.8478764,
                48.7343687
              ],
              [
                37.843373,
                48.7312481
              ],
              [
                37.8205005,
                48.7397547
              ],
              [
                37.8214667,
                48.7377868
              ],
              [
                37.8311869,
                48.7341205
              ],
              [
                37.8334403,
                48.7313315
              ],
              [
                37.8306289,
                48.7282595
              ],
              [
                37.8304572,
                48.7235601
              ],
              [
                37.8353494,
                48.7214951
              ],
              [
                37.8392975,
                48.7177311
              ],
              [
                37.8515724,
                48.711177
              ],
              [
                37.8667073,
                48.706449
              ],
              [
                37.8629361,
                48.701533
              ],
              [
                37.8538874,
                48.6983404
              ],
              [
                37.8504163,
                48.7014926
              ],
              [
                37.8441603,
                48.7044542
              ],
              [
                37.8339516,
                48.7064018
              ],
              [
                37.8251582,
                48.7054151
              ],
              [
                37.8154232,
                48.7093198
              ],
              [
                37.8192761,
                48.7184223
              ],
              [
                37.8171211,
                48.7191435
              ],
              [
                37.8103715,
                48.7089722
              ],
              [
                37.8288733,
                48.7007551
              ],
              [
                37.8285789,
                48.6970991
              ],
              [
                37.8300488,
                48.6905227
              ],
              [
                37.8271207,
                48.6871643
              ],
              [
                37.8109084,
                48.6895801
              ],
              [
                37.8074496,
                48.6866832
              ],
              [
                37.8190211,
                48.6782683
              ],
              [
                37.8196025,
                48.668918
              ],
              [
                37.816494,
                48.6629965
              ],
              [
                37.7979665,
                48.6576765
              ],
              [
                37.8006656,
                48.6438688
              ],
              [
                37.7846667,
                48.633513
              ],
              [
                37.7880016,
                48.623531
              ],
              [
                37.7764591,
                48.619809
              ],
              [
                37.7631059,
                48.6192294
              ],
              [
                37.7583948,
                48.6156084
              ],
              [
                37.761837,
                48.6024541
              ],
              [
                37.782024,
                48.599128
              ],
              [
                37.7834153,
                48.5973231
              ],
              [
                37.7868576,
                48.5973856
              ],
              [
                37.7862183,
                48.5962532
              ],
              [
                37.7834333,
                48.5956317
              ],
              [
                37.7844991,
                48.5890699
              ],
              [
                37.817543,
                48.593017
              ],
              [
                37.818144,
                48.590592
              ],
              [
                37.821106,
                48.58816
              ],
              [
                37.820656,
                48.584733
              ],
              [
                37.82467,
                48.581572
              ],
              [
                37.832281,
                48.580757
              ],
              [
                37.8344,
                48.578295
              ],
              [
                37.837734,
                48.578143
              ],
              [
                37.8363967,
                48.5754542
              ],
              [
                37.8330671,
                48.5726621
              ],
              [
                37.8342009,
                48.5683928
              ],
              [
                37.8361572,
                48.5663592
              ],
              [
                37.8288448,
                48.561656
              ],
              [
                37.8361527,
                48.5524221
              ],
              [
                37.8224309,
                48.5461133
              ],
              [
                37.7944234,
                48.5386169
              ],
              [
                37.7702587,
                48.543597
              ],
              [
                37.7520889,
                48.538956
              ],
              [
                37.7473749,
                48.53467
              ],
              [
                37.7464985,
                48.5324416
              ],
              [
                37.7599005,
                48.5334162
              ],
              [
                37.7708795,
                48.5223588
              ],
              [
                37.7689367,
                48.5183957
              ],
              [
                37.7738057,
                48.5114247
              ],
              [
                37.7686469,
                48.5001788
              ],
              [
                37.7799668,
                48.4917466
              ],
              [
                37.7619519,
                48.4831088
              ],
              [
                37.7704062,
                48.4695172
              ],
              [
                37.7849937,
                48.456736
              ],
              [
                37.784997,
                48.4493874
              ],
              [
                37.7756421,
                48.453371
              ],
              [
                37.7356191,
                48.454506
              ],
              [
                37.7363148,
                48.4595642
              ],
              [
                37.7218038,
                48.4719987
              ],
              [
                37.7161531,
                48.4844196
              ],
              [
                37.7002034,
                48.4915001
              ],
              [
                37.6894875,
                48.4919232
              ],
              [
                37.6863436,
                48.4964505
              ],
              [
                37.6798524,
                48.4956879
              ],
              [
                37.6646924,
                48.5036842
              ],
              [
                37.6594888,
                48.4951865
              ],
              [
                37.6616769,
                48.4897887
              ],
              [
                37.6531355,
                48.4891182
              ],
              [
                37.6528788,
                48.4757154
              ],
              [
                37.6472135,
                48.4703363
              ],
              [
                37.6480769,
                48.4576413
              ],
              [
                37.6385185,
                48.4548211
              ],
              [
                37.63848,
                48.450629
              ],
              [
                37.6120284,
                48.443395
              ],
              [
                37.6045168,
                48.4422839
              ],
              [
                37.5870054,
                48.4441194
              ],
              [
                37.5244232,
                48.4452194
              ],
              [
                37.5088781,
                48.4448318
              ],
              [
                37.4913501,
                48.4511124
              ],
              [
                37.4813328,
                48.4567067
              ],
              [
                37.4740549,
                48.4590094
              ],
              [
                37.4614422,
                48.4736672
              ],
              [
                37.4660369,
                48.4792162
              ],
              [
                37.4519195,
                48.4847651
              ],
              [
                37.4461712,
                48.4906845
              ],
              [
                37.4446321,
                48.4847153
              ],
              [
                37.4189736,
                48.4832948
              ],
              [
                37.3956864,
                48.4858612
              ],
              [
                37.3883342,
                48.4913265
              ],
              [
                37.3806387,
                48.4933927
              ],
              [
                37.3751165,
                48.4889811
              ],
              [
                37.3755561,
                48.484284
              ],
              [
                37.3674132,
                48.4824313
              ],
              [
                37.3652901,
                48.4729231
              ],
              [
                37.3600317,
                48.4719619
              ],
              [
                37.3514275,
                48.4639111
              ],
              [
                37.3390921,
                48.4597018
              ],
              [
                37.3253956,
                48.4589055
              ],
              [
                37.3184403,
                48.4647047
              ],
              [
                37.3021728,
                48.4647581
              ],
              [
                37.28728,
                48.4603713
              ],
              [
                37.2589625,
                48.4428476
              ],
              [
                37.2436159,
                48.4293205
              ],
              [
                37.2481964,
                48.4258487
              ],
              [
                37.2357878,
                48.4262062
              ],
              [
                37.2244953,
                48.4246838
              ],
              [
                37.2263186,
                48.4209063
              ],
              [
                37.2367243,
                48.4194072
              ],
              [
                37.2408008,
                48.4164126
              ],
              [
                37.2471113,
                48.4136119
              ],
              [
                37.2565519,
                48.4133443
              ],
              [
                37.2569365,
                48.4101263
              ],
              [
                37.249986,
                48.4080656
              ],
              [
                37.2501967,
                48.3997856
              ],
              [
                37.2366071,
                48.3963001
              ],
              [
                37.2322155,
                48.3883252
              ],
              [
                37.2313653,
                48.3756701
              ],
              [
                37.2210733,
                48.375499
              ],
              [
                37.2195443,
                48.3680865
              ],
              [
                37.2088016,
                48.3639313
              ],
              [
                37.2022644,
                48.3679878
              ],
              [
                37.1995697,
                48.3683663
              ],
              [
                37.1954114,
                48.3650344
              ],
              [
                37.1939138,
                48.3605905
              ],
              [
                37.2018684,
                48.3559571
              ],
              [
                37.2021871,
                48.35379
              ],
              [
                37.2059508,
                48.351889
              ],
              [
                37.2063237,
                48.3486064
              ],
              [
                37.2044701,
                48.3454954
              ],
              [
                37.1979667,
                48.3443919
              ],
              [
                37.1986464,
                48.3394571
              ],
              [
                37.1847258,
                48.336892
              ],
              [
                37.1622447,
                48.3394898
              ],
              [
                37.1567985,
                48.3480681
              ],
              [
                37.1433039,
                48.3529272
              ],
              [
                37.1236288,
                48.3488393
              ],
              [
                37.105154,
                48.3473726
              ],
              [
                37.1061438,
                48.3399326
              ],
              [
                37.0862311,
                48.3468455
              ],
              [
                37.0729505,
                48.3485661
              ],
              [
                37.0706879,
                48.3517936
              ],
              [
                37.0684248,
                48.3513707
              ],
              [
                37.067504,
                48.3427664
              ],
              [
                37.0628539,
                48.3400232
              ],
              [
                37.0408354,
                48.3492325
              ],
              [
                37.0370108,
                48.3488568
              ],
              [
                37.0500964,
                48.3379842
              ],
              [
                37.046701,
                48.3320179
              ],
              [
                37.04744,
                48.3286739
              ],
              [
                37.0517849,
                48.3290114
              ],
              [
                37.0530131,
                48.3243291
              ],
              [
                37.0552574,
                48.3210748
              ],
              [
                37.0628164,
                48.3220158
              ],
              [
                37.0620494,
                48.317819
              ],
              [
                37.0862081,
                48.3125835
              ],
              [
                37.0878709,
                48.3024452
              ],
              [
                37.1023468,
                48.2958392
              ],
              [
                37.103509,
                48.2870468
              ],
              [
                37.0543796,
                48.2806922
              ],
              [
                37.05763,
                48.263759
              ],
              [
                37.0503241,
                48.2616321
              ],
              [
                37.0511652,
                48.2551443
              ],
              [
                37.046086,
                48.252084
              ],
              [
                37.046332,
                48.249762
              ],
              [
                37.040486,
                48.246641
              ],
              [
                37.03835,
                48.244378
              ],
              [
                37.018077,
                48.241751
              ],
              [
                37.012517,
                48.2599323
              ],
              [
                37.0104538,
                48.2597782
              ],
              [
                37.0088197,
                48.2610535
              ],
              [
                37.0030738,
                48.2609053
              ],
              [
                36.9954488,
                48.263395
              ],
              [
                36.9883384,
                48.262913
              ],
              [
                36.9874519,
                48.2591455
              ],
              [
                36.9806418,
                48.2580633
              ],
              [
                36.9816539,
                48.2488557
              ],
              [
                36.972917,
                48.2456616
              ],
              [
                36.9709934,
                48.2384455
              ],
              [
                36.9419454,
                48.239804
              ],
              [
                36.9420816,
                48.2376173
              ],
              [
                36.9518286,
                48.2361167
              ],
              [
                36.9515909,
                48.2205983
              ],
              [
                36.9272081,
                48.2200985
              ],
              [
                36.9307287,
                48.1962499
              ],
              [
                36.93585,
                48.18601
              ],
              [
                36.915983,
                48.166689
              ],
              [
                36.907008,
                48.164655
              ],
              [
                36.90663,
                48.139399
              ],
              [
                36.904532,
                48.134801
              ],
              [
                36.912218,
                48.129688
              ],
              [
                36.915912,
                48.113831
              ],
              [
                36.903059,
                48.113533
              ],
              [
                36.90497,
                48.103836
              ],
              [
                36.9015266,
                48.0977944
              ],
              [
                36.8926943,
                48.0951177
              ],
              [
                36.893159,
                48.0873839
              ],
              [
                36.8762401,
                48.0833377
              ],
              [
                36.863429,
                48.0819825
              ],
              [
                36.8377426,
                48.077782
              ],
              [
                36.8379785,
                48.0715742
              ],
              [
                36.8262628,
                48.0699393
              ],
              [
                36.8058453,
                48.0595327
              ],
              [
                36.7690225,
                48.0753965
              ],
              [
                36.7457506,
                48.0790139
              ],
              [
                36.7492692,
                48.0831164
              ],
              [
                36.7445348,
                48.086535
              ],
              [
                36.7274939,
                48.0899266
              ],
              [
                36.7200233,
                48.0876422
              ],
              [
                36.715523,
                48.084652
              ],
              [
                36.7253999,
                48.0790274
              ],
              [
                36.7144251,
                48.0673156
              ],
              [
                36.7066244,
                48.0535143
              ],
              [
                36.7043335,
                48.037781
              ],
              [
                36.6988631,
                48.0261797
              ],
              [
                36.6839741,
                48.0192811
              ],
              [
                36.6721151,
                48.0125089
              ],
              [
                36.6652849,
                48.0065672
              ],
              [
                36.6623135,
                48.0008002
              ],
              [
                36.63507,
                47.980337
              ],
              [
                36.638286,
                47.971599
              ],
              [
                36.643816,
                47.970748
              ],
              [
                36.646786,
                47.964472
              ],
              [
                36.6471236,
                47.9604942
              ],
              [
                36.62885,
                47.957946
              ],
              [
                36.630145,
                47.950712
              ],
              [
                36.626654,
                47.9369646
              ],
              [
                36.6103433,
                47.9264769
              ],
              [
                36.6087873,
                47.9232987
              ],
              [
                36.6293006,
                47.9210586
              ],
              [
                36.6289303,
                47.9037367
              ],
              [
                36.5740216,
                47.8965362
              ],
              [
                36.5794467,
                47.8738505
              ],
              [
                36.5725294,
                47.861645
              ],
              [
                36.5398998,
                47.8515073
              ],
              [
                36.4928655,
                47.848131
              ],
              [
                36.4551076,
                47.8245888
              ],
              [
                36.406937,
                47.8300996
              ],
              [
                36.3459712,
                47.8304978
              ],
              [
                36.3225617,
                47.8273624
              ],
              [
                36.3088025,
                47.8206876
              ],
              [
                36.3029098,
                47.8029842
              ],
              [
                36.3058253,
                47.7914323
              ],
              [
                36.2714438,
                47.7862815
              ],
              [
                36.2350828,
                47.7875784
              ],
              [
                36.2105582,
                47.778573
              ],
              [
                36.2022769,
                47.7651024
              ],
              [
                36.190595,
                47.7631479
              ],
              [
                36.1919642,
                47.7577277
              ],
              [
                36.1950496,
                47.7534615
              ],
              [
                36.1989626,
                47.7287417
              ],
              [
                36.1900673,
                47.7198484
              ],
              [
                36.1756821,
                47.7143031
              ],
              [
                36.1528827,
                47.7110106
              ],
              [
                36.1582209,
                47.7011062
              ],
              [
                36.1850134,
                47.6975529
              ],
              [
                36.191303,
                47.6957891
              ],
              [
                36.2009385,
                47.6847235
              ],
              [
                36.1978262,
                47.6779656
              ],
              [
                36.1719299,
                47.6694344
              ],
              [
                36.1798788,
                47.6579929
              ],
              [
                36.1955505,
                47.6577624
              ],
              [
                36.2023186,
                47.6483531
              ],
              [
                36.2038627,
                47.6435461
              ],
              [
                36.1948236,
                47.6371212
              ],
              [
                36.1827927,
                47.6331433
              ],
              [
                36.1667148,
                47.6291201
              ],
              [
                36.1514322,
                47.6195619
              ],
              [
                36.1239917,
                47.6112924
              ],
              [
                36.1295879,
                47.6029352
              ],
              [
                36.123919,
                47.5918809
              ],
              [
                36.108522,
                47.5899233
              ],
              [
                36.1084888,
                47.5847812
              ],
              [
                36.0944037,
                47.5859266
              ],
              [
                36.0896737,
                47.5819769
              ],
              [
                36.0816972,
                47.5705533
              ],
              [
                36.0641989,
                47.5622572
              ],
              [
                36.0638173,
                47.5528682
              ],
              [
                36.0725324,
                47.5505458
              ],
              [
                36.0652477,
                47.5268356
              ],
              [
                36.031684,
                47.526124
              ],
              [
                36.03001,
                47.522289
              ],
              [
                36.020784,
                47.515904
              ],
              [
                35.9987761,
                47.5257009
              ],
              [
                35.9944477,
                47.5256521
              ],
              [
                35.9921425,
                47.5232359
              ],
              [
                35.9896768,
                47.5145181
              ],
              [
                35.967959,
                47.517566
              ],
              [
                35.9497032,
                47.5235996
              ],
              [
                35.9432371,
                47.5301327
              ],
              [
                35.9367705,
                47.5271607
              ],
              [
                35.9361973,
                47.523303
              ],
              [
                35.940888,
                47.511993
              ],
              [
                35.941642,
                47.493887
              ],
              [
                35.932591,
                47.493496
              ],
              [
                35.924055,
                47.494728
              ],
              [
                35.921493,
                47.475232
              ],
              [
                35.911615,
                47.468917
              ],
              [
                35.896111,
                47.46596
              ],
              [
                35.8421098,
                47.4709894
              ],
              [
                35.8180819,
                47.4695855
              ],
              [
                35.799375,
                47.473519
              ],
              [
                35.790682,
                47.480885
              ],
              [
                35.782257,
                47.485668
              ],
              [
                35.745142,
                47.486822
              ],
              [
                35.746391,
                47.489885
              ],
              [
                35.731603,
                47.490714
              ],
              [
                35.71853,
                47.494788
              ],
              [
                35.711504,
                47.505541
              ],
              [
                35.699524,
                47.506848
              ],
              [
                35.687063,
                47.509761
              ],
              [
                35.670484,
                47.502209
              ],
              [
                35.654663,
                47.500962
              ],
              [
                35.634628,
                47.500488
              ],
              [
                35.632903,
                47.502978
              ],
              [
                35.640841,
                47.507493
              ],
              [
                35.636935,
                47.510964
              ],
              [
                35.623629,
                47.505846
              ],
              [
                35.621182,
                47.507665
              ],
              [
                35.616503,
                47.506237
              ],
              [
                35.616157,
                47.504308
              ],
              [
                35.613134,
                47.504301
              ],
              [
                35.592551,
                47.519323
              ],
              [
                35.590302,
                47.528366
              ],
              [
                35.571915,
                47.538567
              ],
              [
                35.5549371,
                47.5445062
              ],
              [
                35.5372545,
                47.5436815
              ],
              [
                35.5361804,
                47.5462177
              ],
              [
                35.509647,
                47.544231
              ],
              [
                35.50827,
                47.546912
              ],
              [
                35.504748,
                47.546631
              ],
              [
                35.504532,
                47.544173
              ],
              [
                35.494554,
                47.544102
              ],
              [
                35.493777,
                47.545417
              ],
              [
                35.488364,
                47.547775
              ],
              [
                35.486299,
                47.547351
              ],
              [
                35.48561,
                47.544909
              ],
              [
                35.460844,
                47.540686
              ],
              [
                35.449143,
                47.542409
              ],
              [
                35.431521,
                47.537583
              ],
              [
                35.419282,
                47.535041
              ],
              [
                35.402973,
                47.537641
              ],
              [
                35.397308,
                47.540278
              ],
              [
                35.397757,
                47.546647
              ],
              [
                35.4032206,
                47.55864
              ],
              [
                35.4025112,
                47.5671823
              ],
              [
                35.3912449,
                47.5670367
              ],
              [
                35.3909219,
                47.5653014
              ],
              [
                35.3779304,
                47.5656904
              ],
              [
                35.3764828,
                47.5791657
              ],
              [
                35.346688,
                47.5778414
              ],
              [
                35.3490717,
                47.5715656
              ],
              [
                35.3430822,
                47.5695712
              ],
              [
                35.3264064,
                47.5675318
              ],
              [
                35.337152,
                47.530162
              ],
              [
                35.334722,
                47.525284
              ],
              [
                35.326426,
                47.516816
              ],
              [
                35.313504,
                47.512683
              ],
              [
                35.299381,
                47.510983
              ],
              [
                35.280896,
                47.503398
              ],
              [
                35.273654,
                47.493721
              ],
              [
                35.280796,
                47.472193
              ],
              [
                35.264423,
                47.473907
              ],
              [
                35.202642,
                47.445003
              ],
              [
                35.148662,
                47.445686
              ],
              [
                35.102228,
                47.451038
              ],
              [
                35.062432,
                47.448694
              ],
              [
                35.046158,
                47.437757
              ],
              [
                35.02882,
                47.418144
              ],
              [
                34.968692,
                47.389233
              ],
              [
                34.935443,
                47.391632
              ],
              [
                34.883713,
                47.406118
              ],
              [
                34.863371,
                47.420884
              ],
              [
                34.874741,
                47.437558
              ],
              [
                34.874183,
                47.449528
              ],
              [
                34.859923,
                47.451254
              ],
              [
                34.825201,
                47.464803
              ],
              [
                34.792304,
                47.467747
              ],
              [
                34.749153,
                47.492601
              ],
              [
                34.708981,
                47.490582
              ],
              [
                34.689413,
                47.494893
              ],
              [
                34.680198,
                47.510731
              ],
              [
                34.642071,
                47.544419
              ],
              [
                34.628377,
                47.54583
              ],
              [
                34.618034,
                47.544491
              ],
              [
                34.599039,
                47.53467
              ],
              [
                34.586248,
                47.521809
              ],
              [
                34.544529,
                47.532707
              ],
              [
                34.533137,
                47.530459
              ],
              [
                34.500622,
                47.499673
              ],
              [
                34.435839,
                47.496913
              ],
              [
                34.405218,
                47.500758
              ],
              [
                34.386948,
                47.513875
              ],
              [
                34.374131,
                47.507196
              ],
              [
                34.338371,
                47.467761
              ],
              [
                34.334911,
                47.447001
              ],
              [
                34.296102,
                47.428688
              ],
              [
                34.269679,
                47.439549
              ],
              [
                34.199289,
                47.412104
              ],
              [
                34.145724,
                47.424467
              ],
              [
                34.118345,
                47.420566
              ],
              [
                34.064873,
                47.424317
              ],
              [
                34.046677,
                47.417654
              ],
              [
                34.042234,
                47.410429
              ],
              [
                33.982732,
                47.230662
              ],
              [
                33.96786,
                47.211277
              ],
              [
                33.944844,
                47.197252
              ],
              [
                33.929814,
                47.177216
              ],
              [
                33.903126,
                47.159977
              ],
              [
                33.849951,
                47.137794
              ],
              [
                33.840787,
                47.098524
              ],
              [
                33.802317,
                47.059017
              ],
              [
                33.697668,
                46.995131
              ],
              [
                33.69561,
                46.95542
              ],
              [
                33.688159,
                46.920449
              ],
              [
                33.678446,
                46.900926
              ],
              [
                33.656816,
                46.904678
              ],
              [
                33.633822,
                46.899514
              ],
              [
                33.634028,
                46.866257
              ],
              [
                33.63746,
                46.847176
              ],
              [
                33.620298,
                46.829034
              ],
              [
                33.563472,
                46.818209
              ],
              [
                33.470266,
                46.820961
              ],
              [
                33.402938,
                46.773597
              ],
              [
                33.38953,
                46.782727
              ],
              [
                33.377184,
                46.776306
              ],
              [
                33.37247,
                46.776123
              ],
              [
                33.371408,
                46.777142
              ],
              [
                33.37056,
                46.776837
              ],
              [
                33.371611,
                46.775729
              ],
              [
                33.357445,
                46.767035
              ],
              [
                33.358896,
                46.764016
              ],
              [
                33.340157,
                46.757042
              ],
              [
                33.313396,
                46.751477
              ],
              [
                33.286306,
                46.749398
              ],
              [
                33.254381,
                46.752574
              ],
              [
                33.239884,
                46.76354
              ],
              [
                33.19787,
                46.767502
              ],
              [
                33.153349,
                46.762795
              ],
              [
                33.141455,
                46.759367
              ],
              [
                33.140191,
                46.756687
              ],
              [
                33.137166,
                46.755756
              ],
              [
                33.132062,
                46.755128
              ],
              [
                33.090411,
                46.743645
              ],
              [
                33.081979,
                46.73801
              ],
              [
                33.073312,
                46.7384
              ],
              [
                33.06219,
                46.732265
              ],
              [
                33.054173,
                46.731432
              ],
              [
                33.048438,
                46.737604
              ],
              [
                33.044173,
                46.738481
              ],
              [
                33.04052,
                46.729226
              ],
              [
                33.024894,
                46.724573
              ],
              [
                33.01958,
                46.717745
              ],
              [
                32.991091,
                46.714538
              ],
              [
                32.979847,
                46.710469
              ],
              [
                32.954231,
                46.711542
              ],
              [
                32.942776,
                46.713303
              ],
              [
                32.933393,
                46.717207
              ],
              [
                32.928559,
                46.718374
              ],
              [
                32.923355,
                46.718326
              ],
              [
                32.905306,
                46.711285
              ],
              [
                32.891767,
                46.698237
              ],
              [
                32.891023,
                46.693202
              ],
              [
                32.885731,
                46.68905
              ],
              [
                32.879959,
                46.686474
              ],
              [
                32.875045,
                46.686842
              ],
              [
                32.845933,
                46.663276
              ],
              [
                32.833632,
                46.65495
              ],
              [
                32.817026,
                46.645891
              ],
              [
                32.803575,
                46.64089
              ],
              [
                32.79871,
                46.632116
              ],
              [
                32.784392,
                46.628019
              ],
              [
                32.767524,
                46.635578
              ],
              [
                32.751121,
                46.630308
              ],
              [
                32.719988,
                46.631762
              ],
              [
                32.684459,
                46.621245
              ],
              [
                32.678738,
                46.614152
              ],
              [
                32.689077,
                46.606416
              ],
              [
                32.691777,
                46.601258
              ],
              [
                32.666501,
                46.582534
              ],
              [
                32.582333,
                46.555126
              ],
              [
                32.553804,
                46.541271
              ],
              [
                32.531855,
                46.536868
              ],
              [
                32.520688,
                46.540356
              ],
              [
                32.514585,
                46.54101
              ],
              [
                32.50899,
                46.540014
              ],
              [
                32.500265,
                46.533445
              ],
              [
                32.489129,
                46.527383
              ],
              [
                32.464782,
                46.50806
              ],
              [
                32.457067,
                46.503811
              ],
              [
                32.448322,
                46.502869
              ],
              [
                32.437721,
                46.503362
              ],
              [
                32.432689,
                46.494759
              ],
              [
                32.431676,
                46.489187
              ],
              [
                32.428259,
                46.485388
              ],
              [
                32.417841,
                46.485038
              ],
              [
                32.417638,
                46.479462
              ],
              [
                32.401301,
                46.471994
              ],
              [
                32.34392,
                46.462486
              ],
              [
                32.302096,
                46.467799
              ],
              [
                32.256442,
                46.477196
              ],
              [
                32.236933,
                46.480278
              ],
              [
                32.208497,
                46.478155
              ],
              [
                32.126377,
                46.498662
              ],
              [
                32.078878,
                46.499234
              ],
              [
                32.046395,
                46.488939
              ],
              [
                31.999388,
                46.488028
              ],
              [
                31.910906,
                46.511556
              ],
              [
                31.90491,
                46.517962
              ],
              [
                31.898754,
                46.518606
              ],
              [
                31.864914,
                46.517622
              ],
              [
                31.807071,
                46.529464
              ],
              [
                31.756921,
                46.547955
              ],
              [
                31.697651,
                46.545034
              ],
              [
                31.662856,
                46.536405
              ],
              [
                31.631498,
                46.540518
              ],
              [
                31.581672,
                46.537248
              ],
              [
                31.554083,
                46.545465
              ],
              [
                31.530518,
                46.557632
              ],
              [
                31.513416,
                46.580829
              ],
              [
                31.511296,
                46.57669
              ],
              [
                31.52162,
                46.561607
              ],
              [
                31.54695,
                46.538732
              ],
              [
                31.614245,
                46.501946
              ],
              [
                31.6943,
                46.440337
              ],
              [
                31.724946,
                46.414472
              ],
              [
                31.74521,
                46.386432
              ],
              [
                31.773838,
                46.371159
              ],
              [
                31.776887,
                46.37412
              ],
              [
                31.737666,
                46.426222
              ],
              [
                31.720264,
                46.433355
              ],
              [
                31.706976,
                46.445455
              ],
              [
                31.697124,
                46.447264
              ],
              [
                31.696917,
                46.457512
              ],
              [
                31.704264,
                46.466577
              ],
              [
                31.716453,
                46.478678
              ],
              [
                31.742039,
                46.485338
              ],
              [
                31.770904,
                46.484579
              ],
              [
                31.797018,
                46.478139
              ],
              [
                31.892118,
                46.456829
              ],
              [
                31.952823,
                46.437483
              ],
              [
                31.974844,
                46.439231
              ],
              [
                32.002243,
                46.453458
              ],
              [
                32.029038,
                46.437569
              ],
              [
                32.035568,
                46.416592
              ],
              [
                32.009049,
                46.364143
              ],
              [
                31.969769,
                46.348389
              ],
              [
                31.868275,
                46.334384
              ],
              [
                31.823448,
                46.337131
              ],
              [
                31.772538,
                46.327173
              ],
              [
                31.745589,
                46.30605
              ],
              [
                31.747738,
                46.298168
              ],
              [
                31.758091,
                46.294869
              ],
              [
                31.768016,
                46.296545
              ],
              [
                31.774506,
                46.293952
              ],
              [
                31.771212,
                46.288867
              ],
              [
                31.775544,
                46.28549
              ],
              [
                31.77511,
                46.282294
              ],
              [
                31.782128,
                46.276867
              ],
              [
                31.783287,
                46.272539
              ],
              [
                31.777196,
                46.268157
              ],
              [
                31.779602,
                46.264496
              ],
              [
                31.784407,
                46.265113
              ],
              [
                31.784514,
                46.268892
              ],
              [
                31.791702,
                46.273917
              ],
              [
                31.809724,
                46.272123
              ],
              [
                31.814358,
                46.269477
              ],
              [
                31.813241,
                46.264773
              ],
              [
                31.818304,
                46.26434
              ],
              [
                31.834694,
                46.266167
              ],
              [
                31.833142,
                46.269821
              ],
              [
                31.835191,
                46.272857
              ],
              [
                31.847697,
                46.267951
              ],
              [
                31.850738,
                46.268283
              ],
              [
                31.86122,
                46.272172
              ],
              [
                31.870831,
                46.265803
              ],
              [
                31.874001,
                46.265286
              ],
              [
                31.883288,
                46.273445
              ],
              [
                31.895066,
                46.280773
              ],
              [
                31.904488,
                46.297468
              ],
              [
                31.936819,
                46.292171
              ],
              [
                31.943742,
                46.285588
              ],
              [
                31.955596,
                46.265925
              ],
              [
                31.969511,
                46.257237
              ],
              [
                32.028542,
                46.245625
              ],
              [
                32.051416,
                46.249814
              ],
              [
                32.077751,
                46.238949
              ],
              [
                32.087826,
                46.22149
              ],
              [
                32.12115,
                46.204421
              ],
              [
                32.165963,
                46.196922
              ],
              [
                32.187022,
                46.175695
              ],
              [
                32.20613,
                46.172209
              ],
              [
                32.208103,
                46.186828
              ],
              [
                32.221809,
                46.187739
              ],
              [
                32.239877,
                46.178544
              ],
              [
                32.227939,
                46.168376
              ],
              [
                32.238387,
                46.149805
              ],
              [
                32.226041,
                46.131886
              ],
              [
                32.389221,
                46.094552
              ],
              [
                32.546537,
                46.065294
              ],
              [
                32.574897,
                46.063727
              ],
              [
                32.637881,
                46.053703
              ],
              [
                32.739615,
                46.033613
              ],
              [
                32.912066,
                46.010401
              ],
              [
                32.968043,
                46.012572
              ],
              [
                33.036377,
                46.008034
              ],
              [
                33.070055,
                46.014197
              ],
              [
                33.049658,
                46.027752
              ],
              [
                33.017451,
                46.025675
              ],
              [
                32.972882,
                46.030736
              ],
              [
                32.941407,
                46.046089
              ],
              [
                32.936279,
                46.039686
              ],
              [
                32.926517,
                46.031197
              ],
              [
                32.908036,
                46.026622
              ],
              [
                32.878574,
                46.025916
              ],
              [
                32.795279,
                46.03031
              ],
              [
                32.719364,
                46.039073
              ],
              [
                32.620055,
                46.0604
              ],
              [
                32.55212,
                46.068282
              ],
              [
                32.541847,
                46.068187
              ],
              [
                32.539628,
                46.073498
              ],
              [
                32.544276,
                46.080477
              ],
              [
                32.596141,
                46.095849
              ],
              [
                32.646659,
                46.107865
              ],
              [
                32.67705,
                46.099817
              ],
              [
                32.703745,
                46.106234
              ],
              [
                32.732848,
                46.109787
              ],
              [
                32.758447,
                46.119028
              ],
              [
                32.828978,
                46.111371
              ],
              [
                32.863717,
                46.115723
              ],
              [
                32.913276,
                46.106793
              ],
              [
                33.029605,
                46.113243
              ],
              [
                33.031475,
                46.149726
              ],
              [
                33.062645,
                46.155591
              ],
              [
                33.101575,
                46.131873
              ],
              [
                33.14047,
                46.127642
              ],
              [
                33.181455,
                46.147562
              ],
              [
                33.195306,
                46.170137
              ],
              [
                33.222893,
                46.157038
              ],
              [
                33.208021,
                46.127029
              ],
              [
                33.256658,
                46.138651
              ],
              [
                33.284009,
                46.12504
              ],
              [
                33.308611,
                46.114316
              ],
              [
                33.302996,
                46.093595
              ],
              [
                33.278039,
                46.094525
              ],
              [
                33.288547,
                46.074961
              ],
              [
                33.318234,
                46.076303
              ],
              [
                33.318315,
                46.099114
              ],
              [
                33.349946,
                46.093137
              ],
              [
                33.366461,
                46.07525
              ],
              [
                33.407575,
                46.040962
              ],
              [
                33.437087,
                46.040165
              ],
              [
                33.460422,
                46.046034
              ],
              [
                33.491141,
                46.03224
              ],
              [
                33.51018,
                46.028452
              ],
              [
                33.493142,
                46.052719
              ],
              [
                33.496699,
                46.070314
              ],
              [
                33.515116,
                46.08243
              ],
              [
                33.561688,
                46.074055
              ],
              [
                33.513984,
                46.107515
              ],
              [
                33.545372,
                46.12331
              ],
              [
                33.580572,
                46.157178
              ],
              [
                33.60639957487981,
                46.14698863194185
              ],
              [
                33.60640914696726,
                46.14700138196976
              ],
              [
                33.606450849080574,
                46.14703684411166
              ],
              [
                33.689516350944224,
                46.20451915110582
              ],
              [
                33.68956826151882,
                46.204539238525584
              ],
              [
                33.689624597475174,
                46.20455243159083
              ],
              [
                33.68968346636793,
                46.204558287117635
              ],
              [
                33.68974289066187,
                46.20455660840603
              ],
              [
                33.68980087416396,
                46.20454745184758
              ],
              [
                33.689855469082254,
                46.20453112503122
              ],
              [
                33.69296006883536,
                46.203358104283616
              ],
              [
                33.73712467554731,
                46.186671251193715
              ],
              [
                33.74060964955972,
                46.18535451243622
              ],
              [
                33.82401565410458,
                46.187288931134944
              ],
              [
                33.82408852199686,
                46.18727207374131
              ],
              [
                34.03842935316851,
                46.117152147336874
              ],
              [
                34.12269885861416,
                46.108331455840315
              ],
              [
                34.12276178669613,
                46.108308812899864
              ],
              [
                34.122816102104885,
                46.1082772207624
              ],
              [
                34.16095965499971,
                46.08061882339317
              ],
              [
                34.2278558383709,
                46.06102993759903
              ],
              [
                34.382602615718916,
                46.034894917307874
              ],
              [
                34.38265900001768,
                46.03487119190511
              ],
              [
                34.38270728400705,
                46.03484002291695
              ],
              [
                34.382745461984825,
                46.03480270510343
              ],
              [
                34.43697276302004,
                45.96831685869211
              ],
              [
                34.47854614708464,
                45.94722797946985
              ],
              [
                34.55590443065609,
                45.988894222850924
              ],
              [
                34.55597148236148,
                45.98891016906666
              ],
              [
                34.556041924201566,
                45.98891557881486
              ],
              [
                34.55611236968568,
                45.98891019202189
              ],
              [
                34.65151378645711,
                45.974122843141586
              ],
              [
                34.70106053327622,
                45.9593666278401
              ],
              [
                34.7011053061172,
                45.95934195057445
              ],
              [
                34.70114312478572,
                45.95931217593069
              ],
              [
                34.75290704193672,
                45.91042922588409
              ],
              [
                34.78301111469288,
                45.905179900398
              ],
              [
                34.783060727991085,
                45.905160592850706
              ],
              [
                34.78310470357409,
                45.90513552773183
              ],
              [
                34.78314167720458,
                45.905105482631555
              ],
              [
                34.796427836814395,
                45.89214578854447
              ],
              [
                34.79644802871258,
                45.89210461176887
              ],
              [
                34.79645643392187,
                45.89206149782716
              ],
              [
                34.80119506242087,
                45.80488831185769
              ],
              [
                34.95822018629442,
                45.76027916070389
              ],
              [
                34.976930170123005,
                45.76548730045902
              ],
              [
                34.895963,
                45.89884
              ],
              [
                34.852473,
                46.009247
              ],
              [
                34.83464,
                46.115559
              ],
              [
                34.833782,
                46.200162
              ],
              [
                34.903003,
                46.236419
              ],
              [
                35.024814,
                46.256333
              ],
              [
                35.079862,
                46.276666
              ],
              [
                35.11777,
                46.314272
              ],
              [
                35.138002,
                46.348282
              ],
              [
                35.178357,
                46.362948
              ],
              [
                35.193173,
                46.370951
              ],
              [
                35.218273,
                46.430405
              ],
              [
                35.211759,
                46.447041
              ],
              [
                35.246448,
                46.446405
              ],
              [
                35.268036,
                46.432201
              ],
              [
                35.254946,
                46.404982
              ],
              [
                35.266102,
                46.355554
              ],
              [
                35.289804,
                46.356581
              ],
              [
                35.307895,
                46.348318
              ],
              [
                35.31792,
                46.337862
              ],
              [
                35.331193,
                46.331158
              ],
              [
                35.317442,
                46.317067
              ],
              [
                35.300092,
                46.314492
              ],
              [
                35.294302,
                46.306424
              ],
              [
                35.298987,
                46.299007
              ],
              [
                35.253203,
                46.248701
              ],
              [
                35.209023,
                46.190401
              ],
              [
                35.136833,
                46.162033
              ],
              [
                35.029347,
                46.145017
              ],
              [
                35.030825,
                46.127364
              ],
              [
                34.991294,
                46.104591
              ],
              [
                34.978187,
                46.076659
              ],
              [
                35.066419,
                46.099387
              ],
              [
                35.133606,
                46.119545
              ],
              [
                35.18863,
                46.151465
              ],
              [
                35.265869,
                46.250892
              ],
              [
                35.360236,
                46.354693
              ],
              [
                35.457829,
                46.441261
              ],
              [
                35.565718,
                46.47543
              ],
              [
                35.624266,
                46.504336
              ],
              [
                35.723987,
                46.586842
              ],
              [
                35.873938,
                46.645662
              ],
              [
                35.993615,
                46.666059
              ],
              [
                36.11469,
                46.656638
              ],
              [
                36.189885,
                46.66706
              ],
              [
                36.229044,
                46.650535
              ],
              [
                36.259896,
                46.61865
              ],
              [
                36.19085,
                46.534705
              ],
              [
                36.166514,
                46.527707
              ],
              [
                36.155067,
                46.527954
              ],
              [
                36.143142,
                46.503306
              ],
              [
                36.171704,
                46.498177
              ],
              [
                36.2328,
                46.555902
              ],
              [
                36.332203,
                46.677034
              ],
              [
                36.414958,
                46.726012
              ],
              [
                36.536636,
                46.758576
              ],
              [
                36.711062,
                46.781413
              ],
              [
                36.7761,
                46.754256
              ],
              [
                36.810878,
                46.730372
              ],
              [
                36.818292,
                46.70213
              ],
              [
                36.787614,
                46.66415
              ],
              [
                36.749226,
                46.643047
              ],
              [
                36.750355,
                46.631181
              ],
              [
                36.769768,
                46.63222
              ],
              [
                36.804988,
                46.659181
              ],
              [
                36.838054,
                46.70579
              ],
              [
                36.86852,
                46.76572
              ],
              [
                36.897491,
                46.810934
              ],
              [
                37.006126,
                46.869295
              ],
              [
                37.036174,
                46.870651
              ],
              [
                37.23816,
                46.951031
              ],
              [
                37.282845,
                46.937346
              ],
              [
                37.316173,
                46.914271
              ],
              [
                37.324006,
                46.891819
              ],
              [
                37.297854,
                46.872763
              ],
              [
                37.284176,
                46.872546
              ],
              [
                37.285569,
                46.866901
              ],
              [
                37.308923,
                46.870123
              ],
              [
                37.341892,
                46.895048
              ],
              [
                37.478068,
                47.03143
              ],
              [
                37.528548,
                47.077529
              ],
              [
                37.574156,
                47.085359
              ],
              [
                37.620463,
                47.086602
              ],
              [
                37.627378,
                47.09413
              ],
              [
                37.675812,
                47.077916
              ],
              [
                37.684033,
                47.076706
              ],
              [
                37.685886,
                47.080525
              ],
              [
                37.71388,
                47.079862
              ],
              [
                37.774395,
                47.087579
              ],
              [
                37.794085,
                47.083807
              ],
              [
                37.821989,
                47.09092
              ],
              [
                37.83805181564222,
                47.09956504458068
              ],
              [
                37.8380457685495,
                47.0995695278563
              ],
              [
                37.838011566591625,
                47.09960826467426
              ],
              [
                37.82901569356581,
                47.11260120721411
              ],
              [
                37.817792619121136,
                47.11896188650324
              ],
              [
                37.81775492316018,
                47.11900404054938
              ],
              [
                37.81773166607021,
                47.11905077909473
              ],
              [
                37.80021352529275,
                47.17326054338949
              ],
              [
                37.800215459902255,
                47.17329811473026
              ],
              [
                37.80022658704381,
                47.173334940271104
              ],
              [
                37.8029984872919,
                47.17972912578089
              ],
              [
                37.82835440997335,
                47.23821985736781
              ],
              [
                37.833172465011586,
                47.24933408766236
              ],
              [
                37.83351467638557,
                47.28538579090805
              ],
              [
                37.82733519190096,
                47.30263242106454
              ],
              [
                37.82733826967377,
                47.302675311018376
              ],
              [
                37.82735332913921,
                47.302717019712205
              ],
              [
                37.82737981975583,
                47.302756022290694
              ],
              [
                37.82741677305767,
                47.30279089282994
              ],
              [
                37.83447699773751,
                47.308261858530685
              ],
              [
                37.82425795168966,
                47.32143750580389
              ],
              [
                37.82424632302344,
                47.321484300958836
              ],
              [
                37.82424945890808,
                47.321531707789724
              ],
              [
                37.82897112174817,
                47.342582986910394
              ],
              [
                37.82899867664288,
                47.342622400393665
              ],
              [
                37.82903695412528,
                47.34265746185387
              ],
              [
                37.82908451066825,
                47.342686849029064
              ],
              [
                37.8291395527973,
                47.3427094536479
              ],
              [
                37.82920000472713,
                47.34272442322659
              ],
              [
                37.829263586646675,
                47.34273119321968
              ],
              [
                37.85666874297522,
                47.34382079829819
              ],
              [
                37.86085778247599,
                47.34790616411999
              ],
              [
                37.85892467950585,
                47.35401785360476
              ],
              [
                37.84871553908371,
                47.34990333739109
              ],
              [
                37.848647754044485,
                47.34989296134927
              ],
              [
                37.84857826564529,
                47.34989238862682
              ],
              [
                37.848510128115876,
                47.34990164439665
              ],
              [
                37.83746632410134,
                47.352244089250405
              ],
              [
                37.83741412790328,
                47.35226761236917
              ],
              [
                37.83736940195271,
                47.352297372456256
              ],
              [
                37.83733374587491,
                47.35233230515021
              ],
              [
                37.83730843492118,
                47.352371161090495
              ],
              [
                37.83729437435798,
                47.35241255059956
              ],
              [
                37.83729206708736,
                47.35245499338377
              ],
              [
                37.83730159565705,
                47.352496971475595
              ],
              [
                37.837322619304146,
                47.35253698352368
              ],
              [
                37.8373543861387,
                47.35257359848916
              ],
              [
                37.838344751986064,
                47.35350132870382
              ],
              [
                37.849872071608694,
                47.36429960364075
              ],
              [
                37.85110474687451,
                47.36545431842823
              ],
              [
                37.84143211143764,
                47.36884869285028
              ],
              [
                37.84138300495448,
                47.36888261336095
              ],
              [
                37.84134553183237,
                47.368922770709226
              ],
              [
                37.841321368819216,
                47.36896736807058
              ],
              [
                37.83797880772449,
                47.37801021924663
              ],
              [
                37.83798163142332,
                47.378053509024
              ],
              [
                37.837996679926874,
                47.378095625773206
              ],
              [
                37.83802339302335,
                47.378135001531675
              ],
              [
                37.838060776234485,
                47.378170170377665
              ],
              [
                37.83810743783599,
                47.378199823006035
              ],
              [
                37.850064771627444,
                47.38444519578239
              ],
              [
                37.85651175019194,
                47.39294503184925
              ],
              [
                37.855484657654344,
                47.403142156284815
              ],
              [
                37.86340978960979,
                47.42667631499685
              ],
              [
                37.86343813983823,
                47.426711904870295
              ],
              [
                37.878177322794755,
                47.44178363517179
              ],
              [
                37.89218884903102,
                47.4697423437022
              ],
              [
                37.81912080369818,
                47.54621514411466
              ],
              [
                37.81910310247911,
                47.546251648386225
              ],
              [
                37.8190948757455,
                47.5462896547851
              ],
              [
                37.81566306888504,
                47.58524837472691
              ],
              [
                37.81567562594858,
                47.58528791682031
              ],
              [
                37.81569849295704,
                47.58532529895897
              ],
              [
                37.84554549314685,
                47.623841798988074
              ],
              [
                37.85201840176556,
                47.64162860584642
              ],
              [
                37.83110743169789,
                47.656521996198904
              ],
              [
                37.80385565458374,
                47.659986820796455
              ],
              [
                37.80380028057683,
                47.66000555681451
              ],
              [
                37.80375101032869,
                47.66003087065197
              ],
              [
                37.800396231073066,
                47.66211313623194
              ],
              [
                37.765884106808855,
                47.683534339527625
              ],
              [
                37.764289804554565,
                47.684523901121764
              ],
              [
                37.67245753305356,
                47.724546554327965
              ],
              [
                37.6373049553496,
                47.75187149682399
              ],
              [
                37.62284164511835,
                47.77306490574574
              ],
              [
                37.622834952275404,
                47.77311584150366
              ],
              [
                37.62284557713418,
                47.77316647445088
              ],
              [
                37.63421442027581,
                47.80256610472562
              ],
              [
                37.63392750349595,
                47.83844013141328
              ],
              [
                37.64366784244254,
                47.88648705110133
              ],
              [
                37.56979585848392,
                47.9077622719246
              ],
              [
                37.54895673640769,
                47.91376396431428
              ],
              [
                37.53484214810266,
                47.91782898283588
              ],
              [
                37.53479333704128,
                47.917855941156134
              ],
              [
                37.534752954014486,
                47.91788856631276
              ],
              [
                37.53472243776787,
                47.91792569596742
              ],
              [
                37.53470287552985,
                47.91796600729703
              ],
              [
                37.53469496427451,
                47.918008064121445
              ],
              [
                37.534698985886834,
                47.91805036806984
              ],
              [
                37.534714797116095,
                47.918091411963395
              ],
              [
                37.542449197609734,
                47.93241525356704
              ],
              [
                37.52157934463529,
                47.94569120011518
              ],
              [
                37.521546523805995,
                47.9457304623341
              ],
              [
                37.521526047167114,
                47.945773319233695
              ],
              [
                37.52151873682284,
                47.94581805024376
              ],
              [
                37.5215248862954,
                47.945862859549926
              ],
              [
                37.521539354129956,
                47.9459126175851
              ],
              [
                37.524845677791944,
                47.95728378501557
              ],
              [
                37.52487271445962,
                47.95732004667609
              ],
              [
                37.54093533438434,
                47.97472639958858
              ],
              [
                37.54423122958829,
                47.97698079696724
              ],
              [
                37.5450293677099,
                47.977526724667555
              ],
              [
                37.55813229510244,
                47.98648914711688
              ],
              [
                37.54929955407993,
                47.99729944418876
              ],
              [
                37.54928652663885,
                47.99734552780232
              ],
              [
                37.54928808686471,
                47.99739241708059
              ],
              [
                37.549304166749096,
                47.99743806699946
              ],
              [
                37.55585197635638,
                48.0099669345469
              ],
              [
                37.555887867499806,
                48.010000954040194
              ],
              [
                37.555932529599595,
                48.01002995595662
              ],
              [
                37.55598442727217,
                48.01005294326619
              ],
              [
                37.55604177638131,
                48.010069125708306
              ],
              [
                37.556102605374114,
                48.01007794696033
              ],
              [
                37.55616482306131,
                48.01007910376362
              ],
              [
                37.55622629051096,
                48.01007255634937
              ],
              [
                37.57313270699359,
                48.00717560241369
              ],
              [
                37.575145464232236,
                48.01404794999765
              ],
              [
                37.57517835667193,
                48.014088233537215
              ],
              [
                37.57522280575815,
                48.01412320199427
              ],
              [
                37.57527695467042,
                48.014151394576295
              ],
              [
                37.575338541370584,
                48.01417163354797
              ],
              [
                37.57540499309917,
                48.01418307343207
              ],
              [
                37.57948488235606,
                48.01459417501743
              ],
              [
                37.60790154003021,
                48.01745752063414
              ],
              [
                37.61637700328627,
                48.01831153312365
              ],
              [
                37.64761214095316,
                48.0291283855653
              ],
              [
                37.6876658391634,
                48.05494183737034
              ],
              [
                37.68772130108777,
                48.05496144971892
              ],
              [
                37.687781251475414,
                48.05497382717553
              ],
              [
                37.68784359951697,
                48.05497853806767
              ],
              [
                37.68790617077999,
                48.05497541809965
              ],
              [
                37.68796678304676,
                48.054964576082554
              ],
              [
                37.68802332242355,
                48.05494639013939
              ],
              [
                37.69109597679344,
                48.053709621184865
              ],
              [
                37.69387747595077,
                48.05653067789928
              ],
              [
                37.68745361794636,
                48.061786929480846
              ],
              [
                37.687428825840584,
                48.06182582637128
              ],
              [
                37.68741538110402,
                48.06186713944146
              ],
              [
                37.68741376026292,
                48.06190940450319
              ],
              [
                37.68742402079097,
                48.0619511236249
              ],
              [
                37.68744579906826,
                48.06199081822029
              ],
              [
                37.692778315739154,
                48.069440110024786
              ],
              [
                37.69282048561244,
                48.06947167634086
              ],
              [
                37.69287076796359,
                48.06949739653519
              ],
              [
                37.69292737773074,
                48.06951635751577
              ],
              [
                37.69298830521513,
                48.06952788614837
              ],
              [
                37.69377908077085,
                48.06962490831101
              ],
              [
                37.72292445526477,
                48.07320082469326
              ],
              [
                37.7254820319559,
                48.073514619954
              ],
              [
                37.72632688135435,
                48.07964242256402
              ],
              [
                37.726348093617226,
                48.07968005109721
              ],
              [
                37.72637900938592,
                48.07971454936725
              ],
              [
                37.72641863764699,
                48.07974481150218
              ],
              [
                37.7264657080939,
                48.07976986742123
              ],
              [
                37.74296168262842,
                48.08703371300033
              ],
              [
                37.74302620024613,
                48.087046238857894
              ],
              [
                37.743093158122136,
                48.08704994472476
              ],
              [
                37.7563435077778,
                48.08689568967998
              ],
              [
                37.789033688755524,
                48.10033822257275
              ],
              [
                37.79169129143076,
                48.10343945506728
              ],
              [
                37.804727971576916,
                48.11865232961276
              ],
              [
                37.816483203358665,
                48.13236984544836
              ],
              [
                37.828281438959806,
                48.17523525783047
              ],
              [
                37.82831453914401,
                48.17527630819727
              ],
              [
                37.828359633203455,
                48.17531191825373
              ],
              [
                37.85602783383638,
                48.19303576533265
              ],
              [
                37.856088391783864,
                48.19305594803956
              ],
              [
                37.88309606528907,
                48.19989301198213
              ],
              [
                37.8962264847352,
                48.21547885790111
              ],
              [
                37.895654576369395,
                48.220011118153
              ],
              [
                37.89191682289649,
                48.249632072329675
              ],
              [
                37.89123022379893,
                48.25507323385998
              ],
              [
                37.89500845686484,
                48.268562634851676
              ],
              [
                37.89400759873815,
                48.28670566649719
              ],
              [
                37.894027905420415,
                48.28675181699524
              ],
              [
                37.89406251236574,
                48.286794032844405
              ],
              [
                37.89410983288821,
                48.286830378459626
              ],
              [
                37.9008077567456,
                48.290979092852055
              ],
              [
                37.900343646329624,
                48.32327617534077
              ],
              [
                37.90518156806167,
                48.34052055014376
              ],
              [
                37.90520652528392,
                48.34055283294522
              ],
              [
                37.905211430709905,
                48.340559178238436
              ],
              [
                37.90525192051633,
                48.340593263411755
              ],
              [
                37.90530152329041,
                48.34062153096972
              ],
              [
                37.91829350583451,
                48.34668133748311
              ],
              [
                37.92903543263135,
                48.359632677182326
              ],
              [
                37.92907971680465,
                48.35966226687941
              ],
              [
                37.92913147545608,
                48.359685901888845
              ],
              [
                37.92918892153139,
                48.359702766168155
              ],
              [
                37.9292500716007,
                48.35971227744618
              ],
              [
                37.92931281434196,
                48.359714107327775
              ],
              [
                37.92937498344097,
                48.359708192632766
              ],
              [
                37.92983362618611,
                48.35963514452671
              ],
              [
                37.94132674087933,
                48.35780463424412
              ],
              [
                37.94180091415291,
                48.357729112588224
              ],
              [
                37.94346613717417,
                48.361025598717795
              ],
              [
                37.94882479738575,
                48.3716336367013
              ],
              [
                37.949790911354334,
                48.3735461620846
              ],
              [
                37.94983117215669,
                48.373582992550716
              ],
              [
                37.94988178551949,
                48.373613674135036
              ],
              [
                37.949940672409824,
                48.37363694652746
              ],
              [
                37.95201871360717,
                48.374278650916565
              ],
              [
                37.97116697103105,
                48.38019168134557
              ],
              [
                37.97466823447642,
                48.38127288037241
              ],
              [
                37.97831589824688,
                48.39136906990228
              ],
              [
                37.978349592714544,
                48.391407189625255
              ],
              [
                37.9783938782559,
                48.39144018871099
              ],
              [
                37.9784470393835,
                48.39146678886109
              ],
              [
                37.97850701678273,
                48.39148595965348
              ],
              [
                37.97857148708503,
                48.39149695845947
              ],
              [
                38.00468353260537,
                48.394169107201066
              ],
              [
                38.042004458243824,
                48.40929634192688
              ],
              [
                38.04206652872615,
                48.409307428200876
              ],
              [
                38.042130637668414,
                48.40931052158615
              ],
              [
                38.11342870953135,
                48.408241792585294
              ],
              [
                38.11716265997583,
                48.42088816396719
              ],
              [
                38.11719127756391,
                48.42092533121572
              ],
              [
                38.11722976440927,
                48.4209583420852
              ],
              [
                38.11727679113823,
                48.42098605633238
              ],
              [
                38.11733073338911,
                48.42100751666536
              ],
              [
                38.11738972791993,
                48.421021981810746
              ],
              [
                38.11745173696889,
                48.42102895211935
              ],
              [
                38.11751461864397,
                48.42102818682545
              ],
              [
                38.11757620091006,
                48.42101971236352
              ],
              [
                38.11973017764827,
                48.42058103918912
              ],
              [
                38.14689122675937,
                48.41504949215706
              ],
              [
                38.148710498036095,
                48.414678984206866
              ],
              [
                38.148767105815125,
                48.41465313216627
              ],
              [
                38.148814677325966,
                48.41462022242136
              ],
              [
                38.16314531084953,
                48.402438264876295
              ],
              [
                38.188900444623975,
                48.41673107235415
              ],
              [
                38.18896445202721,
                48.41674850008827
              ],
              [
                38.18903246222762,
                48.41675692297882
              ],
              [
                38.18910163202159,
                48.416755988902075
              ],
              [
                38.18916906972612,
                48.41674573690767
              ],
              [
                38.18923195607203,
                48.416726595585985
              ],
              [
                38.1892876620691,
                48.416699365150016
              ],
              [
                38.238762209170154,
                48.38687502776722
              ],
              [
                38.27379339196567,
                48.3594573336823
              ],
              [
                38.32156919600076,
                48.3712469710909
              ],
              [
                38.363706132612755,
                48.398535311569916
              ],
              [
                38.38505661636383,
                48.41236211809256
              ],
              [
                38.390615592371375,
                48.415962171684626
              ],
              [
                38.3889099790323,
                48.432298784159514
              ],
              [
                38.388919446719065,
                48.43233458609928
              ],
              [
                38.40504361945922,
                48.47340842326353
              ],
              [
                38.40787482453465,
                48.48839251830466
              ],
              [
                38.407891702448765,
                48.4884818443204
              ],
              [
                38.41319029649151,
                48.51652454508047
              ],
              [
                38.41319601399685,
                48.51655480486074
              ],
              [
                38.41395800953194,
                48.52058765066826
              ],
              [
                38.40229746516849,
                48.54783690757511
              ],
              [
                38.40229746500627,
                48.591965418140596
              ],
              [
                38.40575899027272,
                48.60202020524764
              ],
              [
                38.405790322465705,
                48.60205739834555
              ],
              [
                38.405831706165166,
                48.60209001282909
              ],
              [
                38.405881654072715,
                48.602116876544734
              ],
              [
                38.405938371086414,
                48.602137024017935
              ],
              [
                38.438506606084054,
                48.61119150737247
              ],
              [
                38.44090123820731,
                48.6172698371145
              ],
              [
                38.435962493833905,
                48.629146465399266
              ],
              [
                38.426017182737716,
                48.6386024792937
              ],
              [
                38.42599700272272,
                48.63864003969472
              ],
              [
                38.42598718848817,
                48.63867936588025
              ],
              [
                38.425988049183786,
                48.63871921916767
              ],
              [
                38.42599955772461,
                48.63875834426897
              ],
              [
                38.43117494289117,
                48.65059629325952
              ],
              [
                38.43121276091423,
                48.6506340963529
              ],
              [
                38.43126129580719,
                48.65066611452827
              ],
              [
                38.43131857165601,
                48.650691044275014
              ],
              [
                38.431382256677374,
                48.65070787066198
              ],
              [
                38.433116468742924,
                48.65103651228273
              ],
              [
                38.45969437684042,
                48.656073155128624
              ],
              [
                38.51494129049931,
                48.66654271395986
              ],
              [
                38.515825793320104,
                48.670633831992745
              ],
              [
                38.51585124509335,
                48.670671682335644
              ],
              [
                38.515886788631306,
                48.670705802732485
              ],
              [
                38.51593121522026,
                48.67073503284744
              ],
              [
                38.515983014051756,
                48.67075837864709
              ],
              [
                38.52719131682139,
                48.67485807867749
              ],
              [
                38.52726853661072,
                48.67486634656836
              ],
              [
                38.54878124343071,
                48.67551289795281
              ],
              [
                38.55919324282149,
                48.68684530652712
              ],
              [
                38.55924031936611,
                48.68687387992245
              ],
              [
                38.55929466445243,
                48.68689613193627
              ],
              [
                38.5593543575881,
                48.68691127620482
              ],
              [
                38.571989758297924,
                48.689244651197754
              ],
              [
                38.57740342308811,
                48.696808686202914
              ],
              [
                38.57783372219249,
                48.69862067711549
              ],
              [
                38.58251848965482,
                48.71834824796754
              ],
              [
                38.58289809093965,
                48.71994675019895
              ],
              [
                38.58292643420751,
                48.71998590581173
              ],
              [
                38.58296566204034,
                48.72002073452914
              ],
              [
                38.583014310026755,
                48.7200499361444
              ],
              [
                38.58307056207772,
                48.72007242051656
              ],
              [
                38.5831323182237,
                48.72008734826837
              ],
              [
                38.583197273011116,
                48.72009416212257
              ],
              [
                38.67789925646842,
                48.723905362156785
              ],
              [
                38.67421700241987,
                48.72931321551555
              ],
              [
                38.67420863069589,
                48.7293575732837
              ],
              [
                38.674213743354706,
                48.72940214606114
              ],
              [
                38.674232137883415,
                48.72944516800947
              ],
              [
                38.674263085577365,
                48.72948493472506
              ],
              [
                38.67430536040448,
                48.72951987076324
              ],
              [
                38.674357287573706,
                48.72954859205406
              ],
              [
                38.67441680988383,
                48.72956996073662
              ],
              [
                38.67448156922442,
                48.72958313023957
              ],
              [
                38.674549000000006,
                48.729587578821025
              ],
              [
                38.69142926018152,
                48.729587578821025
              ],
              [
                38.69176604514637,
                48.729587578821025
              ],
              [
                38.70151813927816,
                48.72764068870164
              ],
              [
                38.753516,
                48.718494
              ],
              [
                38.76492484944457,
                48.7149822898124
              ],
              [
                38.76712288159513,
                48.71454347872032
              ],
              [
                38.808401028720944,
                48.713639512138634
              ],
              [
                38.82982152541481,
                48.71722857850929
              ],
              [
                38.846862976854275,
                48.74303391674829
              ],
              [
                38.846898263875794,
                48.74306369037321
              ],
              [
                38.846940621527544,
                48.74308914099997
              ],
              [
                38.848055992362525,
                48.74365324160233
              ],
              [
                38.86016540615537,
                48.74977759719827
              ],
              [
                38.86069838474426,
                48.75004715198095
              ],
              [
                38.86291315729458,
                48.7511672767776
              ],
              [
                38.86095745507976,
                48.75073654072209
              ],
              [
                38.862916818114115,
                48.751169128243
              ],
              [
                38.8637379583579,
                48.75158442124835
              ],
              [
                38.863811616817365,
                48.75160014050951
              ],
              [
                38.86388875651748,
                48.75160448667414
              ],
              [
                38.872324940805505,
                48.75144440743519
              ],
              [
                38.87762,
                48.752591
              ],
              [
                38.879079,
                48.752478
              ],
              [
                38.88024269056814,
                48.75129416565372
              ],
              [
                38.90480823088697,
                48.7508280268326
              ],
              [
                38.90486466757909,
                48.75081699558662
              ],
              [
                38.904917380872064,
                48.75079972240226
              ],
              [
                38.90496479640343,
                48.750776723170965
              ],
              [
                38.906459549608265,
                48.74991089419385
              ],
              [
                38.911137,
                48.748007
              ],
              [
                38.91258157117147,
                48.7463647411227
              ],
              [
                38.91810528497196,
                48.74316515509454
              ],
              [
                38.919143124701634,
                48.743395482514856
              ],
              [
                38.922876216061766,
                48.74501023260856
              ],
              [
                38.91915091323893,
                48.743397211022305
              ],
              [
                38.927058499922424,
                48.745152139061446
              ],
              [
                38.9369157901146,
                48.74733976414108
              ],
              [
                38.93698301318137,
                48.747341019944656
              ],
              [
                38.937049300033536,
                48.74733354184091
              ],
              [
                38.93711206631204,
                48.74731762138254
              ],
              [
                38.937168864921446,
                48.74729387926834
              ],
              [
                38.93721748143879,
                48.74726324114275
              ],
              [
                38.93725602044965,
                48.747226901506195
              ],
              [
                38.937282979444895,
                48.747186277143314
              ],
              [
                38.93729730739719,
                48.747142951885095
              ],
              [
                38.937298445733845,
                48.74709861485876
              ],
              [
                38.937286350109034,
                48.747054994633
              ],
              [
                38.93723285170988,
                48.74693218247425
              ],
              [
                38.93886,
                48.745814
              ],
              [
                38.93795846306615,
                48.744073827079
              ],
              [
                38.938858,
                48.745812
              ],
              [
                38.937231720431484,
                48.746929585485475
              ],
              [
                38.93566569038668,
                48.74333457080244
              ],
              [
                38.93287649198315,
                48.73693162262923
              ],
              [
                38.94373360955299,
                48.734088663394346
              ],
              [
                38.94603196180775,
                48.73444140986255
              ],
              [
                38.94607,
                48.734451
              ],
              [
                38.94608989510727,
                48.7344503013485
              ],
              [
                38.96070607152402,
                48.73669356262359
              ],
              [
                38.96074724817733,
                48.741005992593635
              ],
              [
                38.96074731040359,
                48.74101250954874
              ],
              [
                38.960787402996395,
                48.745211405886224
              ],
              [
                38.9607874124727,
                48.74521239833947
              ],
              [
                38.96079664923587,
                48.74617976433745
              ],
              [
                38.9608143715619,
                48.74621973506757
              ],
              [
                38.96084298116432,
                48.74625686097434
              ],
              [
                38.960881494322955,
                48.746289865481124
              ],
              [
                38.960928586775765,
                48.746317613723626
              ],
              [
                38.960982639252315,
                48.74633915157312
              ],
              [
                38.96104179315266,
                48.74635373844538
              ],
              [
                38.961104014456836,
                48.746360872766715
              ],
              [
                38.961167163667284,
                48.746360309221316
              ],
              [
                38.96362508175335,
                48.74618664593433
              ],
              [
                38.964095,
                48.746196
              ],
              [
                38.96421463120907,
                48.7461449915371
              ],
              [
                38.97891294309408,
                48.745106487784845
              ],
              [
                38.97897391557632,
                48.74508957537158
              ],
              [
                38.97902878018088,
                48.745065209962185
              ],
              [
                38.9790754672836,
                48.74503431068275
              ],
              [
                38.979112215745864,
                48.7449980431319
              ],
              [
                38.97940599020048,
                48.744636173985064
              ],
              [
                38.981218,
                48.743847
              ],
              [
                38.981825748492035,
                48.741655534059625
              ],
              [
                38.98560939384328,
                48.73699486839024
              ],
              [
                38.989543,
                48.734989
              ],
              [
                38.991439,
                48.730611
              ],
              [
                38.998391,
                48.724269
              ],
              [
                38.999209744815616,
                48.72024205913252
              ],
              [
                38.999658964090706,
                48.71968871423386
              ],
              [
                38.999671937046294,
                48.7196448190925
              ],
              [
                38.99967146936044,
                48.71960009838432
              ],
              [
                38.999657579614684,
                48.71955632551893
              ],
              [
                38.9996308186424,
                48.71951523631448
              ],
              [
                38.999592247680326,
                48.71947846016417
              ],
              [
                38.999543396281105,
                48.719447455423634
              ],
              [
                38.99908623437215,
                48.71921029720751
              ],
              [
                38.99804701249958,
                48.7174736930063
              ],
              [
                38.99908529398769,
                48.719209809371804
              ],
              [
                38.99282245184482,
                48.715960884994274
              ],
              [
                38.98521402780707,
                48.712013923891476
              ],
              [
                38.99665577593183,
                48.711517848298186
              ],
              [
                38.996925,
                48.711604
              ],
              [
                38.99756252413663,
                48.71147853475547
              ],
              [
                38.999073546602034,
                48.71141302191968
              ],
              [
                38.999135617358746,
                48.71139771493285
              ],
              [
                38.99919201662692,
                48.7113747616785
              ],
              [
                38.99924060651139,
                48.71134503223637
              ],
              [
                38.999279545153215,
                48.711309653546635
              ],
              [
                38.999307356547774,
                48.71126996669035
              ],
              [
                38.999322986493006,
                48.71122747605257
              ],
              [
                39.002122690708006,
                48.69817466534008
              ],
              [
                39.015716469374695,
                48.69508611523197
              ],
              [
                39.015768463277276,
                48.695062053754114
              ],
              [
                39.015812777912984,
                48.69503203410922
              ],
              [
                39.015847869712644,
                48.69499710195289
              ],
              [
                39.01587251636802,
                48.694958474052854
              ],
              [
                39.015885859405735,
                48.69491749590521
              ],
              [
                39.015887434086906,
                48.694875594867106
              ],
              [
                39.0156231675929,
                48.692338448095896
              ],
              [
                39.015729,
                48.688642
              ],
              [
                39.01491704591666,
                48.68555917652117
              ],
              [
                39.014699594189366,
                48.683471484890475
              ],
              [
                39.01670274994536,
                48.68075772631371
              ],
              [
                39.019584,
                48.679141
              ],
              [
                39.01997361050407,
                48.676326555213784
              ],
              [
                39.02661200074537,
                48.66733325132349
              ],
              [
                39.02662295506213,
                48.66729200039184
              ],
              [
                39.02662212167577,
                48.667250123485275
              ],
              [
                39.02650597398701,
                48.666537803706696
              ],
              [
                39.02748580790611,
                48.663249643242864
              ],
              [
                39.02650522488092,
                48.666533209529355
              ],
              [
                39.025799654040796,
                48.66220602859321
              ],
              [
                39.025799540886915,
                48.66220533463412
              ],
              [
                39.02575109142161,
                48.66190819990191
              ],
              [
                39.025726293108455,
                48.661868665450406
              ],
              [
                39.02569059159795,
                48.66183295556982
              ],
              [
                39.02564528317915,
                48.66180236683163
              ],
              [
                39.025592012944415,
                48.66177800986418
              ],
              [
                39.02553271505803,
                48.66176076902877
              ],
              [
                39.02546954253077,
                48.661751270310894
              ],
              [
                39.02540478904971,
                48.66174985859262
              ],
              [
                39.01015956450603,
                48.662379244298954
              ],
              [
                39.01264174500549,
                48.658491443609755
              ],
              [
                39.01372562751388,
                48.6580669170596
              ],
              [
                39.019155,
                48.656978
              ],
              [
                39.02851,
                48.653009
              ],
              [
                39.032209,
                48.652876
              ],
              [
                39.03426723975527,
                48.65002134042927
              ],
              [
                39.042733530264485,
                48.646705330553026
              ],
              [
                39.07587101944992,
                48.65185006508354
              ],
              [
                39.07592646129441,
                48.65184955258214
              ],
              [
                39.0925992812919,
                48.65079291777337
              ],
              [
                39.098556,
                48.650892
              ],
              [
                39.10200342211537,
                48.650196933258336
              ],
              [
                39.1035150674302,
                48.65010113320421
              ],
              [
                39.12303407742997,
                48.66021858117967
              ],
              [
                39.12309715289842,
                48.66023459565037
              ],
              [
                39.123163777450976,
                48.66024205436876
              ],
              [
                39.126624132441236,
                48.66039853158454
              ],
              [
                39.127309,
                48.660474
              ],
              [
                39.12770097941116,
                48.66044722659305
              ],
              [
                39.141640859156915,
                48.6610775878066
              ],
              [
                39.14156722870138,
                48.666702090812635
              ],
              [
                39.14159606621137,
                48.666753304685834
              ],
              [
                39.143265524828344,
                48.66887902306395
              ],
              [
                39.1432680497696,
                48.66888223806669
              ],
              [
                39.14651709832025,
                48.67301924520499
              ],
              [
                39.14840725213465,
                48.675425974344535
              ],
              [
                39.148455112316164,
                48.67545798771606
              ],
              [
                39.14851167472443,
                48.67548306032273
              ],
              [
                39.14857466990443,
                48.67550018617073
              ],
              [
                39.15081391861615,
                48.675941785174615
              ],
              [
                39.151943,
                48.676288
              ],
              [
                39.15228416185871,
                48.67623172972074
              ],
              [
                39.17401974381678,
                48.680518172442014
              ],
              [
                39.196251377562966,
                48.70666050097856
              ],
              [
                39.19630230522822,
                48.70669191340058
              ],
              [
                39.19636186373496,
                48.706715818773056
              ],
              [
                39.19642755404903,
                48.706731214038754
              ],
              [
                39.19649661983954,
                48.70673745321944
              ],
              [
                39.196566163136715,
                48.70673427452182
              ],
              [
                39.19663326593402,
                48.70672181132267
              ],
              [
                39.196695112631176,
                48.70670058657219
              ],
              [
                39.19674910817943,
                48.706671490850475
              ],
              [
                39.196792986970884,
                48.706635744997875
              ],
              [
                39.19682490790251,
                48.70659484888762
              ],
              [
                39.196985963777145,
                48.7063232651087
              ],
              [
                39.198356,
                48.705779
              ],
              [
                39.199855287225766,
                48.701484809467885
              ],
              [
                39.20063278646731,
                48.70017373539125
              ],
              [
                39.20711341444763,
                48.69855500671407
              ],
              [
                39.21392471811835,
                48.70209897997633
              ],
              [
                39.22035124637476,
                48.705442751655134
              ],
              [
                39.22649805969831,
                48.70864098552047
              ],
              [
                39.229011814603794,
                48.70994891137484
              ],
              [
                39.22678546354894,
                48.70897720231971
              ],
              [
                39.22902198131763,
                48.70995420119361
              ],
              [
                39.23220624175476,
                48.71161099619128
              ],
              [
                39.23226468757712,
                48.711626805231134
              ],
              [
                39.23232655418575,
                48.711635215433844
              ],
              [
                39.23238971060469,
                48.711635937112426
              ],
              [
                39.23245198142919,
                48.71162894540888
              ],
              [
                39.23251122175971,
                48.71161448115042
              ],
              [
                39.23344740868862,
                48.71131809957988
              ],
              [
                39.235993,
                48.71109
              ],
              [
                39.238514476269174,
                48.709713948313485
              ],
              [
                39.239583184606715,
                48.709375612618175
              ],
              [
                39.249494585651014,
                48.71271993575016
              ],
              [
                39.25393748084834,
                48.72272164717095
              ],
              [
                39.253940144636395,
                48.722727643810124
              ],
              [
                39.255416896212836,
                48.72605206233718
              ],
              [
                39.25541747542117,
                48.72605336623348
              ],
              [
                39.25887731324065,
                48.73384204858954
              ],
              [
                39.25861431139668,
                48.734604178366304
              ],
              [
                39.258611064718465,
                48.73461358662787
              ],
              [
                39.256071060457955,
                48.74197404026874
              ],
              [
                39.25607098386532,
                48.741974262219756
              ],
              [
                39.25597051526151,
                48.742265401298624
              ],
              [
                39.255976152218196,
                48.74231094712217
              ],
              [
                39.25599565326343,
                48.742354797587204
              ],
              [
                39.25602821100667,
                48.742395137100075
              ],
              [
                39.25607247744648,
                48.742430295431156
              ],
              [
                39.2561266197798,
                48.74245881687082
              ],
              [
                39.25618839628628,
                48.74247952050376
              ],
              [
                39.25625524914596,
                48.74249154910561
              ],
              [
                39.256324410347034,
                48.742494404637185
              ],
              [
                39.257251683428606,
                48.74247030694944
              ],
              [
                39.258537,
                48.742744
              ],
              [
                39.259901981178004,
                48.74240143182639
              ],
              [
                39.26838758753726,
                48.742180910497304
              ],
              [
                39.270809216077744,
                48.74993675608131
              ],
              [
                39.27081044547711,
                48.74994069352733
              ],
              [
                39.271944490392535,
                48.75357274406784
              ],
              [
                39.270810757260286,
                48.75276025933265
              ],
              [
                39.27194465458174,
                48.7535732699231
              ],
              [
                39.272070531409064,
                48.75397642062067
              ],
              [
                39.272105053132904,
                48.754016828982145
              ],
              [
                39.27215142811574,
                48.75405170072842
              ],
              [
                39.27220767868087,
                48.75407954872539
              ],
              [
                39.27227140598678,
                48.75409918537028
              ],
              [
                39.27233989232873,
                48.754109773239634
              ],
              [
                39.272410217040694,
                48.75411086080324
              ],
              [
                39.272479381054495,
                48.75410240168084
              ],
              [
                39.272544434803024,
                48.754084756620166
              ],
              [
                39.27332385509635,
                48.75380817921026
              ],
              [
                39.274778,
                48.753683
              ],
              [
                39.275335457448584,
                48.75309436180891
              ],
              [
                39.286243715425535,
                48.74922356480288
              ],
              [
                39.292325699461166,
                48.76072145285464
              ],
              [
                39.29236892370788,
                48.76075892371519
              ],
              [
                39.31165281259593,
                48.774254903615386
              ],
              [
                39.311718985640404,
                48.77427792070028
              ],
              [
                39.311791185954576,
                48.77429086525651
              ],
              [
                39.313704032950454,
                48.77448809591464
              ],
              [
                39.3245889,
                48.7769257
              ],
              [
                39.3137220411919,
                48.774489952716216
              ],
              [
                39.32626714471945,
                48.77578345869467
              ],
              [
                39.3263307109755,
                48.77577811536222
              ],
              [
                39.32639163545853,
                48.77576502419892
              ],
              [
                39.32644776388831,
                48.77574464810685
              ],
              [
                39.32649711157859,
                48.77571770758174
              ],
              [
                39.32653793361671,
                48.77568515523534
              ],
              [
                39.32656878656359,
                48.77564814211032
              ],
              [
                39.326588579492125,
                48.77560797697867
              ],
              [
                39.326596612559484,
                48.77556608006305
              ],
              [
                39.32693722105466,
                48.768448620782294
              ],
              [
                39.3317272966956,
                48.76683491052818
              ],
              [
                39.334401094710756,
                48.76710247731951
              ],
              [
                39.342876503441616,
                48.76795061091317
              ],
              [
                39.35084018398644,
                48.76874753590094
              ],
              [
                39.351078208538965,
                48.768771355002244
              ],
              [
                39.35114409460352,
                48.768765125638936
              ],
              [
                39.35120688613484,
                48.76875057277268
              ],
              [
                39.35126418704134,
                48.76872825173401
              ],
              [
                39.35131381075842,
                48.768699014282305
              ],
              [
                39.351353863688225,
                48.76866397610207
              ],
              [
                39.35168587681447,
                48.768304220961426
              ],
              [
                39.35378987916254,
                48.76602441452969
              ],
              [
                39.35421454656718,
                48.765564263198904
              ],
              [
                39.35423100519377,
                48.76551826105491
              ],
              [
                39.35423249291601,
                48.765471007196865
              ],
              [
                39.35421894388165,
                48.76542459458672
              ],
              [
                39.354190958241375,
                48.7653810789203
              ],
              [
                39.35414977556036,
                48.765342387577604
              ],
              [
                39.35123549916697,
                48.76313968744611
              ],
              [
                39.35097806777182,
                48.7629451128446
              ],
              [
                39.34351454044796,
                48.75730394831574
              ],
              [
                39.34957082152561,
                48.74261267891357
              ],
              [
                39.35235860854381,
                48.74077639101205
              ],
              [
                39.35915262881583,
                48.73630123665242
              ],
              [
                39.35918364502122,
                48.73626398398122
              ],
              [
                39.359203464677556,
                48.73622354461164
              ],
              [
                39.359211378024966,
                48.73618136677031
              ],
              [
                39.359207101698985,
                48.73613896093884
              ],
              [
                39.35919078887421,
                48.7360978457599
              ],
              [
                39.35413762406721,
                48.72698676332381
              ],
              [
                39.372663260285535,
                48.71952203804842
              ],
              [
                39.374415690594205,
                48.71881591326736
              ],
              [
                39.37446132453908,
                48.71878129428455
              ],
              [
                39.37449534258975,
                48.71874127923668
              ],
              [
                39.37451632503116,
                48.71869753815264
              ],
              [
                39.37452339619746,
                48.71865189656298
              ],
              [
                39.37451626101264,
                48.718606259310725
              ],
              [
                39.3744952172992,
                48.71856253105275
              ],
              [
                39.37446114334246,
                48.718522536769854
              ],
              [
                39.374415461230406,
                48.718487945602796
              ],
              [
                39.37436007749992,
                48.71846020119295
              ],
              [
                39.37429730356709,
                48.71844046143427
              ],
              [
                39.37276919807434,
                48.718081026085514
              ],
              [
                39.34730231898799,
                48.71209080053524
              ],
              [
                39.35378538036963,
                48.70139483301227
              ],
              [
                39.356233685848025,
                48.697355538249866
              ],
              [
                39.36299247390546,
                48.69398825409926
              ],
              [
                39.37812809388467,
                48.68644756295278
              ],
              [
                39.3897233099956,
                48.684958046037316
              ],
              [
                39.38977868388976,
                48.68493969135791
              ],
              [
                39.38982809612094,
                48.68491500985482
              ],
              [
                39.38986990727069,
                48.6848848204256
              ],
              [
                39.389902730120895,
                48.684850124711424
              ],
              [
                39.38992547567889,
                48.6848120738632
              ],
              [
                39.38993738930678,
                48.68477193034739
              ],
              [
                39.39084482551345,
                48.67893466254815
              ],
              [
                39.39681307486341,
                48.676603862807646
              ],
              [
                39.40188249743951,
                48.674624084797045
              ],
              [
                39.4092408548607,
                48.67175040165109
              ],
              [
                39.41194695171458,
                48.67069358088591
              ],
              [
                39.41198956100375,
                48.67066428517913
              ],
              [
                39.41202348230909,
                48.67063039999557
              ],
              [
                39.412047605894756,
                48.670593033907785
              ],
              [
                39.412416473145385,
                48.669836036954585
              ],
              [
                39.413863791089234,
                48.666865821323015
              ],
              [
                39.41386490377719,
                48.66682160766503
              ],
              [
                39.413852877196426,
                48.66677810709562
              ],
              [
                39.41382817764878,
                48.66673700612577
              ],
              [
                39.413160106999776,
                48.665882009852155
              ],
              [
                39.4091315903085,
                48.66072631746484
              ],
              [
                39.41293131067367,
                48.65772348552536
              ],
              [
                39.417298643237096,
                48.65741428995947
              ],
              [
                39.420748,
                48.658225
              ],
              [
                39.43037599980696,
                48.65648844778781
              ],
              [
                39.44585801458606,
                48.65539236219068
              ],
              [
                39.450178,
                48.655674
              ],
              [
                39.45089302291607,
                48.65503589695081
              ],
              [
                39.45247739996775,
                48.65492372725639
              ],
              [
                39.452541234360865,
                48.65490515313074
              ],
              [
                39.45259798653238,
                48.65487836364212
              ],
              [
                39.452645267380866,
                48.65484448655626
              ],
              [
                39.452681086533566,
                48.6548049480052
              ],
              [
                39.45270393613437,
                48.65476141244952
              ],
              [
                39.45271285431673,
                48.6547157126078
              ],
              [
                39.452707465690295,
                48.65466977230376
              ],
              [
                39.45243028646195,
                48.65366400727569
              ],
              [
                39.45338394150179,
                48.652812943379516
              ],
              [
                39.452430037523285,
                48.65366310398361
              ],
              [
                39.45192537364549,
                48.65183189432823
              ],
              [
                39.450521060188315,
                48.64673624061677
              ],
              [
                39.45119559468699,
                48.643306075226334
              ],
              [
                39.4544249921983,
                48.63998548367602
              ],
              [
                39.46261469282422,
                48.63879587935674
              ],
              [
                39.46724390620769,
                48.63812345767891
              ],
              [
                39.468817815370315,
                48.63789483770566
              ],
              [
                39.468877630757426,
                48.63787216494294
              ],
              [
                39.46892928902034,
                48.63784198008436
              ],
              [
                39.4689706633855,
                48.63780552585179
              ],
              [
                39.46900005048203,
                48.63776430307658
              ],
              [
                39.46901624046781,
                48.637720008908566
              ],
              [
                39.46901856683475,
                48.637674466942805
              ],
              [
                39.469006933843524,
                48.637629552141384
              ],
              [
                39.46898182045908,
                48.63758711364116
              ],
              [
                39.46578647516605,
                48.63347488986318
              ],
              [
                39.46747589650774,
                48.628808938373176
              ],
              [
                39.495267503699345,
                48.63171770559225
              ],
              [
                39.51412257351812,
                48.63369114342275
              ],
              [
                39.516595122289665,
                48.63394992906133
              ],
              [
                39.5166636790441,
                48.633943111661914
              ],
              [
                39.516728715469505,
                48.63392724112148
              ],
              [
                39.5167875246409,
                48.63390297799959
              ],
              [
                39.5168376588314,
                48.63387133216854
              ],
              [
                39.51687703139247,
                48.633833620779335
              ],
              [
                39.516904003602924,
                48.633791413438175
              ],
              [
                39.51691745287249,
                48.633746466875635
              ],
              [
                39.51728356618613,
                48.63113029149544
              ],
              [
                39.51756686831276,
                48.62910586894307
              ],
              [
                39.51790797131629,
                48.62666841243252
              ],
              [
                39.51788886143515,
                48.62661883013853
              ],
              [
                39.51785326808917,
                48.62657339363495
              ],
              [
                39.513351315838236,
                48.62214751028555
              ],
              [
                39.51529247743582,
                48.62068104909809
              ],
              [
                39.529557292997474,
                48.6099046158565
              ],
              [
                39.530127411977894,
                48.609473916342324
              ],
              [
                39.530155015415275,
                48.60943294727959
              ],
              [
                39.53016975565799,
                48.60938916852508
              ],
              [
                39.53017104484118,
                48.60934432614703
              ],
              [
                39.53015883158273,
                48.60930020863051
              ],
              [
                39.530133603027,
                48.609258575545745
              ],
              [
                39.524945966650634,
                48.60268735539263
              ],
              [
                39.534460028027056,
                48.5969054653421
              ],
              [
                39.53449157823329,
                48.59687284101238
              ],
              [
                39.534514184594954,
                48.59683711702965
              ],
              [
                39.53452717491676,
                48.59679935566963
              ],
              [
                39.53535153604406,
                48.59282714395446
              ],
              [
                39.53534254523148,
                48.59278571622999
              ],
              [
                39.53532208858805,
                48.59274611126873
              ],
              [
                39.53529087659101,
                48.59270970453583
              ],
              [
                39.53524999324047,
                48.59267776042034
              ],
              [
                39.53520085841031,
                48.592651388324484
              ],
              [
                39.5351451785357,
                48.59263150413559
              ],
              [
                39.52962912549722,
                48.591081372558435
              ],
              [
                39.53097539943824,
                48.58592024545278
              ],
              [
                39.5489687854426,
                48.58619241578062
              ],
              [
                39.548725760328416,
                48.59589715578338
              ],
              [
                39.54874674186394,
                48.59594224095993
              ],
              [
                39.54878150035233,
                48.59598343294191
              ],
              [
                39.54882850226478,
                48.59601891432052
              ],
              [
                39.5488856738744,
                48.59604711963786
              ],
              [
                39.54895049274838,
                48.59606680445755
              ],
              [
                39.550309380249644,
                48.596369396519655
              ],
              [
                39.56178255875193,
                48.59892420163684
              ],
              [
                39.56352361072912,
                48.599311892676404
              ],
              [
                39.56359354475593,
                48.599312621480976
              ],
              [
                39.563662221232526,
                48.59930385995484
              ],
              [
                39.563726726859386,
                48.59928597976765
              ],
              [
                39.56378432527367,
                48.599259739408026
              ],
              [
                39.563832573130625,
                48.59922625200684
              ],
              [
                39.563869423752834,
                48.59918693811604
              ],
              [
                39.56974152768895,
                48.59117372220867
              ],
              [
                39.56975223838512,
                48.59113182167547
              ],
              [
                39.56975082416005,
                48.591089336763766
              ],
              [
                39.569737335680074,
                48.59104778864064
              ],
              [
                39.56971225592623,
                48.591008664927934
              ],
              [
                39.564562336451395,
                48.58470998527225
              ],
              [
                39.57426893097063,
                48.582001852023396
              ],
              [
                39.59121280490897,
                48.59244378374087
              ],
              [
                39.59127949159296,
                48.592463809481075
              ],
              [
                39.59135111960939,
                48.59247391110974
              ],
              [
                39.600647935610574,
                48.593098686961625
              ],
              [
                39.60071598769663,
                48.593089299524486
              ],
              [
                39.600779723006795,
                48.59307094227714
              ],
              [
                39.600836470054205,
                48.593044384671494
              ],
              [
                39.600883850277825,
                48.59301073987953
              ],
              [
                39.60091987774172,
                48.592971418132855
              ],
              [
                39.601404722707734,
                48.59229320066169
              ],
              [
                39.605948870580995,
                48.58593669354043
              ],
              [
                39.60620819267709,
                48.58557394505678
              ],
              [
                39.606217595087784,
                48.58552867599882
              ],
              [
                39.606212951102314,
                48.585483085044466
              ],
              [
                39.60619445301291,
                48.58543905960019
              ],
              [
                39.60616286664923,
                48.58539842225761
              ],
              [
                39.606119499668736,
                48.58536285534153
              ],
              [
                39.59729494755418,
                48.579469303837364
              ],
              [
                39.60127811067687,
                48.57516736004244
              ],
              [
                39.6108602795893,
                48.57429348022143
              ],
              [
                39.62335685133614,
                48.58718092272846
              ],
              [
                39.62340602211339,
                48.58720905133051
              ],
              [
                39.6234623964435,
                48.58723046503098
              ],
              [
                39.623523907456715,
                48.58724437872968
              ],
              [
                39.62358829994794,
                48.58725028230188
              ],
              [
                39.623653213063015,
                48.587247959301905
              ],
              [
                39.62371626685912,
                48.58723749489909
              ],
              [
                39.62377514956521,
                48.58721927275509
              ],
              [
                39.62382770234261,
                48.5871939609569
              ],
              [
                39.63351194255867,
                48.58151549770968
              ],
              [
                39.671295456062936,
                48.58946401538638
              ],
              [
                39.67137011498604,
                48.589462905071294
              ],
              [
                39.686493988023905,
                48.58812774339919
              ],
              [
                39.6789285,
                48.5982903
              ],
              [
                39.669571,
                48.59594
              ],
              [
                39.668158,
                48.601311
              ],
              [
                39.670944,
                48.603218
              ],
              [
                39.671091,
                48.6048718
              ],
              [
                39.6649366,
                48.6052475
              ],
              [
                39.661447,
                48.610904
              ],
              [
                39.667989,
                48.621313
              ],
              [
                39.6944975,
                48.6364796
              ],
              [
                39.6945425,
                48.6421872
              ],
              [
                39.69153,
                48.644962
              ],
              [
                39.693715,
                48.649408
              ],
              [
                39.7110568,
                48.6547855
              ],
              [
                39.7109647,
                48.6680683
              ],
              [
                39.704576,
                48.666624
              ],
              [
                39.701721,
                48.669404
              ],
              [
                39.704033,
                48.671485
              ],
              [
                39.712113,
                48.674652
              ],
              [
                39.714196,
                48.680225
              ],
              [
                39.721986,
                48.682727
              ],
              [
                39.722546,
                48.684956
              ],
              [
                39.716681,
                48.689934
              ],
              [
                39.718827,
                48.693317
              ],
              [
                39.715965,
                48.695208
              ],
              [
                39.720211,
                48.697203
              ],
              [
                39.712262,
                48.715916
              ],
              [
                39.726615,
                48.729372
              ],
              [
                39.725011,
                48.740452
              ],
              [
                39.731647,
                48.742096
              ],
              [
                39.732192,
                48.744333
              ],
              [
                39.737309,
                48.743188
              ],
              [
                39.740281,
                48.7443076
              ],
              [
                39.736376,
                48.752183
              ],
              [
                39.740082,
                48.766418
              ],
              [
                39.755303,
                48.767977
              ],
              [
                39.7634291,
                48.762787
              ],
              [
                39.7701559,
                48.7670144
              ],
              [
                39.765451,
                48.778079
              ],
              [
                39.773495,
                48.784419
              ],
              [
                39.780194,
                48.786082
              ],
              [
                39.785854,
                48.799158
              ],
              [
                39.797126,
                48.840576
              ],
              [
                39.804672,
                48.843576
              ],
              [
                39.808044,
                48.83948
              ],
              [
                39.807503,
                48.838581
              ],
              [
                39.8298919,
                48.832143
              ],
              [
                39.8859763,
                48.8215592
              ],
              [
                39.9475121,
                48.7964776
              ],
              [
                39.976403,
                48.793903
              ],
              [
                40.078831,
                48.869867
              ],
              [
                40.0613315,
                48.9088569
              ],
              [
                40.031195,
                48.915801
              ],
              [
                40.00398,
                48.900793
              ],
              [
                39.99343,
                48.868286
              ],
              [
                39.9568318,
                48.8738784
              ],
              [
                39.924336,
                48.895717
              ],
              [
                39.853161,
                48.890737
              ],
              [
                39.845802,
                48.902911
              ],
              [
                39.8349555,
                48.9009621
              ],
              [
                39.8353697,
                48.8920876
              ],
              [
                39.8237685,
                48.8888564
              ],
              [
                39.8226741,
                48.9032394
              ],
              [
                39.782372,
                48.915745
              ],
              [
                39.7767074,
                48.9526767
              ],
              [
                39.748412,
                48.979267
              ],
              [
                39.75208,
                48.986592
              ],
              [
                39.747268,
                48.987412
              ],
              [
                39.73038,
                48.978202
              ],
              [
                39.717623,
                48.982354
              ],
              [
                39.71677,
                48.987067
              ],
              [
                39.699288,
                49.00097
              ],
              [
                39.67693,
                48.989538
              ],
              [
                39.663411,
                49.000872
              ],
              [
                39.670277,
                49.003148
              ],
              [
                39.679204,
                49.012886
              ],
              [
                39.673658,
                49.014934
              ],
              [
                39.675663,
                49.026888
              ],
              [
                39.681736,
                49.028733
              ],
              [
                39.683582,
                49.036925
              ],
              [
                39.672317,
                49.040569
              ],
              [
                39.693366,
                49.05054
              ],
              [
                39.768105,
                49.039893
              ],
              [
                39.803143,
                49.059202
              ],
              [
                39.880305,
                49.06432
              ],
              [
                39.910263,
                49.057462
              ],
              [
                39.937951,
                49.056277
              ],
              [
                39.942532,
                49.071347
              ],
              [
                39.938169,
                49.082798
              ],
              [
                39.972108,
                49.124488
              ],
              [
                40.031575,
                49.180241
              ],
              [
                40.07613,
                49.186828
              ],
              [
                40.10829,
                49.210883
              ],
              [
                40.137226,
                49.239885
              ],
              [
                40.188228,
                49.238626
              ],
              [
                40.21437,
                49.244887
              ],
              [
                40.219264,
                49.265172
              ],
              [
                40.185745,
                49.284288
              ],
              [
                40.18404,
                49.303985
              ],
              [
                40.188526,
                49.307443
              ],
              [
                40.196814,
                49.345228
              ],
              [
                40.176429,
                49.356618
              ],
              [
                40.170182,
                49.3564
              ],
              [
                40.159805,
                49.366018
              ],
              [
                40.162603,
                49.367837
              ],
              [
                40.136835,
                49.381814
              ],
              [
                40.105631,
                49.391292
              ],
              [
                40.078125,
                49.410189
              ],
              [
                40.060275,
                49.43587
              ],
              [
                40.02919,
                49.453599
              ],
              [
                40.04176,
                49.499103
              ],
              [
                40.037599,
                49.519895
              ],
              [
                40.168435,
                49.568921
              ],
              [
                40.135258,
                49.616254
              ],
              [
                40.063538,
                49.599233
              ],
              [
                40.056729,
                49.606573
              ],
              [
                39.951954,
                49.597472
              ],
              [
                39.935131,
                49.57399
              ],
              [
                39.890224,
                49.558359
              ],
              [
                39.805312,
                49.55805
              ],
              [
                39.750232,
                49.596719
              ],
              [
                39.659995,
                49.614811
              ],
              [
                39.638379,
                49.6351
              ],
              [
                39.613305,
                49.691362
              ],
              [
                39.59136,
                49.719134
              ],
              [
                39.610109,
                49.733798
              ],
              [
                39.533835,
                49.740848
              ],
              [
                39.478761,
                49.756475
              ],
              [
                39.438201,
                49.760006
              ],
              [
                39.412062,
                49.753111
              ],
              [
                39.376963,
                49.738424
              ],
              [
                39.307924,
                49.753044
              ],
              [
                39.28556,
                49.755666
              ],
              [
                39.27547,
                49.768026
              ],
              [
                39.264639,
                49.76848
              ],
              [
                39.250371,
                49.777802
              ],
              [
                39.228114,
                49.816503
              ],
              [
                39.225656,
                49.840184
              ],
              [
                39.188395,
                49.886222
              ],
              [
                39.178402,
                49.888001
              ],
              [
                39.130738,
                49.861568
              ],
              [
                39.110366,
                49.837773
              ],
              [
                39.069763,
                49.818731
              ],
              [
                39.066233,
                49.815349
              ],
              [
                39.025667,
                49.82248
              ],
              [
                38.984906,
                49.807783
              ],
              [
                38.971138,
                49.807221
              ],
              [
                38.949095,
                49.796102
              ],
              [
                38.94035,
                49.800888
              ],
              [
                38.930753,
                49.797174
              ],
              [
                38.9287,
                49.803888
              ],
              [
                38.920357,
                49.804946
              ],
              [
                38.916163,
                49.812724
              ],
              [
                38.919124,
                49.814665
              ],
              [
                38.909372,
                49.81917
              ],
              [
                38.907392,
                49.828412
              ],
              [
                38.91366,
                49.829789
              ],
              [
                38.91057,
                49.833276
              ],
              [
                38.912225,
                49.844315
              ],
              [
                38.90505,
                49.849149
              ],
              [
                38.918648,
                49.8579
              ],
              [
                38.909338,
                49.860103
              ],
              [
                38.898467,
                49.870416
              ],
              [
                38.876416,
                49.869423
              ],
              [
                38.869398,
                49.864488
              ],
              [
                38.856713,
                49.869139
              ],
              [
                38.849104,
                49.865103
              ],
              [
                38.836346,
                49.867366
              ],
              [
                38.832017,
                49.876702
              ],
              [
                38.794958,
                49.88331
              ],
              [
                38.79015,
                49.87851
              ],
              [
                38.777683,
                49.88532
              ],
              [
                38.768232,
                49.896044
              ],
              [
                38.743847,
                49.897307
              ],
              [
                38.733846,
                49.905025
              ],
              [
                38.723247,
                49.927005
              ],
              [
                38.6929,
                49.934766
              ],
              [
                38.6853,
                49.960344
              ],
              [
                38.715315,
                49.982384
              ],
              [
                38.715136,
                49.98771
              ],
              [
                38.687546,
                50.008152
              ],
              [
                38.679052,
                50.005448
              ],
              [
                38.676054,
                49.992814
              ],
              [
                38.679731,
                49.974494
              ],
              [
                38.666941,
                49.972156
              ],
              [
                38.646196,
                49.955937
              ],
              [
                38.616078,
                49.97439
              ],
              [
                38.58157,
                49.977416
              ],
              [
                38.526715,
                49.958271
              ],
              [
                38.507898,
                49.96403
              ],
              [
                38.487706,
                49.963602
              ],
              [
                38.47752,
                49.983271
              ],
              [
                38.465914,
                49.983961
              ],
              [
                38.46804,
                49.995247
              ],
              [
                38.434095,
                50.001019
              ],
              [
                38.416008,
                49.981338
              ],
              [
                38.397563,
                49.990585
              ],
              [
                38.349575,
                50.006444
              ],
              [
                38.354164,
                50.019048
              ],
              [
                38.3512,
                50.034741
              ],
              [
                38.333976,
                50.059093
              ],
              [
                38.329442,
                50.08551
              ],
              [
                38.313196,
                50.088337
              ],
              [
                38.301154,
                50.087142
              ],
              [
                38.291305,
                50.079178
              ],
              [
                38.275685,
                50.073117
              ],
              [
                38.178568,
                50.079969
              ],
              [
                38.185066,
                50.055692
              ],
              [
                38.183827,
                50.045832
              ],
              [
                38.18882,
                50.033
              ],
              [
                38.185824,
                50.022553
              ],
              [
                38.217126,
                49.987182
              ],
              [
                38.196332,
                49.969759
              ],
              [
                38.162402,
                49.951496
              ],
              [
                38.171565,
                49.941901
              ],
              [
                38.126682,
                49.92215
              ],
              [
                38.124994,
                49.942552
              ],
              [
                38.056464,
                49.923247
              ],
              [
                38.032779,
                49.900051
              ],
              [
                38.020937,
                49.925811
              ],
              [
                38.043687,
                49.932897
              ],
              [
                38.005373,
                49.967245
              ],
              [
                37.999075,
                49.963601
              ],
              [
                37.980562,
                49.976794
              ],
              [
                37.965809,
                49.979304
              ],
              [
                37.930119,
                50.027404
              ],
              [
                37.926727,
                50.034251
              ],
              [
                37.893906,
                50.050305
              ],
              [
                37.876589,
                50.053326
              ],
              [
                37.8630817,
                50.0547346
              ],
              [
                37.8292947,
                50.06656
              ],
              [
                37.818403,
                50.071844
              ],
              [
                37.797614,
                50.084242
              ],
              [
                37.755685,
                50.078479
              ],
              [
                37.7440646,
                50.0937019
              ],
              [
                37.7337023,
                50.1028541
              ],
              [
                37.7262557,
                50.1067205
              ],
              [
                37.707625,
                50.127691
              ],
              [
                37.708826,
                50.133963
              ],
              [
                37.700758,
                50.134183
              ],
              [
                37.694407,
                50.140345
              ],
              [
                37.684794,
                50.145955
              ],
              [
                37.668829,
                50.152665
              ],
              [
                37.647028,
                50.174548
              ],
              [
                37.643423,
                50.174328
              ],
              [
                37.639132,
                50.178726
              ],
              [
                37.626257,
                50.176417
              ],
              [
                37.62763,
                50.167402
              ],
              [
                37.615614,
                50.165312
              ],
              [
                37.604885,
                50.159264
              ],
              [
                37.6035117,
                50.1484849
              ],
              [
                37.617846,
                50.137814
              ],
              [
                37.626944,
                50.137374
              ],
              [
                37.6364713,
                50.1403441
              ],
              [
                37.647028,
                50.1424351
              ],
              [
                37.6528645,
                50.1448553
              ],
              [
                37.663164,
                50.1401243
              ],
              [
                37.6617049,
                50.1316527
              ],
              [
                37.6565558,
                50.1285712
              ],
              [
                37.6509762,
                50.1189414
              ],
              [
                37.656813,
                50.116574
              ],
              [
                37.6621347,
                50.1079881
              ],
              [
                37.6653963,
                50.1009414
              ],
              [
                37.6635078,
                50.0995096
              ],
              [
                37.6720905,
                50.0826595
              ],
              [
                37.6762369,
                50.0879259
              ],
              [
                37.6809715,
                50.0909977
              ],
              [
                37.6855701,
                50.09044
              ],
              [
                37.6891233,
                50.0919803
              ],
              [
                37.6990433,
                50.0933948
              ],
              [
                37.7088078,
                50.0905767
              ],
              [
                37.7069926,
                50.0866344
              ],
              [
                37.7169277,
                50.0858695
              ],
              [
                37.7232675,
                50.0824024
              ],
              [
                37.7331311,
                50.0801181
              ],
              [
                37.7322256,
                50.0728064
              ],
              [
                37.7416187,
                50.0692409
              ],
              [
                37.751458,
                50.0702956
              ],
              [
                37.7628568,
                50.0689224
              ],
              [
                37.7623754,
                50.0667488
              ],
              [
                37.7581438,
                50.0658
              ],
              [
                37.7580371,
                50.0636944
              ],
              [
                37.7631645,
                50.0615758
              ],
              [
                37.7682598,
                50.0580093
              ],
              [
                37.7699218,
                50.0547732
              ],
              [
                37.7624942,
                50.0504253
              ],
              [
                37.7631735,
                50.0400768
              ],
              [
                37.764934,
                50.0389538
              ],
              [
                37.7756265,
                50.0226981
              ],
              [
                37.7784475,
                50.0057746
              ],
              [
                37.7804197,
                49.993807
              ],
              [
                37.775992,
                49.982118
              ],
              [
                37.768273,
                49.979852
              ],
              [
                37.761756,
                49.969747
              ],
              [
                37.75069,
                49.972173
              ],
              [
                37.734732,
                49.966041
              ],
              [
                37.727291,
                49.961004
              ],
              [
                37.734898,
                49.95601
              ],
              [
                37.748912,
                49.953199
              ],
              [
                37.752736,
                49.93996
              ],
              [
                37.773713,
                49.929327
              ],
              [
                37.775018,
                49.921524
              ],
              [
                37.771121,
                49.913478
              ],
              [
                37.76859,
                49.912578
              ],
              [
                37.753528,
                49.913556
              ],
              [
                37.747178,
                49.91257
              ],
              [
                37.749238,
                49.908269
              ],
              [
                37.744348,
                49.900549
              ],
              [
                37.738516,
                49.897712
              ],
              [
                37.732928,
                49.900517
              ],
              [
                37.70199,
                49.890135
              ],
              [
                37.696636,
                49.89027
              ],
              [
                37.694024,
                49.891022
              ],
              [
                37.682886,
                49.888812
              ],
              [
                37.677931,
                49.882439
              ],
              [
                37.663524,
                49.882537
              ],
              [
                37.655369,
                49.889578
              ],
              [
                37.649624,
                49.890778
              ],
              [
                37.65001,
                49.871535
              ],
              [
                37.640691,
                49.868973
              ],
              [
                37.63646,
                49.862767
              ],
              [
                37.647907,
                49.857949
              ],
              [
                37.647909,
                49.851347
              ],
              [
                37.634142,
                49.851668
              ],
              [
                37.632287,
                49.850879
              ],
              [
                37.633392,
                49.840982
              ],
              [
                37.628233,
                49.828063
              ],
              [
                37.617078,
                49.824791
              ],
              [
                37.609756,
                49.815873
              ],
              [
                37.600514,
                49.811768
              ],
              [
                37.600134,
                49.80926
              ],
              [
                37.605246,
                49.802153
              ],
              [
                37.605703,
                49.795738
              ],
              [
                37.612197,
                49.79171
              ],
              [
                37.611246,
                49.78401
              ],
              [
                37.6232738,
                49.7767237
              ],
              [
                37.6381151,
                49.7738941
              ],
              [
                37.6466529,
                49.7588812
              ],
              [
                37.6557653,
                49.7530816
              ],
              [
                37.6620531,
                49.7516757
              ],
              [
                37.6691991,
                49.7517112
              ],
              [
                37.6746149,
                49.7547544
              ],
              [
                37.700727,
                49.7369691
              ],
              [
                37.7192914,
                49.7369807
              ],
              [
                37.733444,
                49.740142
              ],
              [
                37.7494416,
                49.7414791
              ],
              [
                37.7768543,
                49.7327184
              ],
              [
                37.7695729,
                49.7040325
              ],
              [
                37.7756004,
                49.6953775
              ],
              [
                37.7708693,
                49.6892205
              ],
              [
                37.7778114,
                49.6731791
              ],
              [
                37.7727358,
                49.6577081
              ],
              [
                37.7699749,
                49.6572755
              ],
              [
                37.7701087,
                49.6542929
              ],
              [
                37.7784403,
                49.6513703
              ],
              [
                37.7782176,
                49.6426777
              ],
              [
                37.8012187,
                49.6408989
              ],
              [
                37.7989986,
                49.6273681
              ],
              [
                37.810056,
                49.6241761
              ],
              [
                37.8166923,
                49.6149658
              ],
              [
                37.808735,
                49.607885
              ],
              [
                37.787941,
                49.607704
              ],
              [
                37.789024,
                49.603152
              ],
              [
                37.803024,
                49.603214
              ],
              [
                37.804075,
                49.594326
              ],
              [
                37.790894,
                49.594665
              ],
              [
                37.790625,
                49.592201
              ],
              [
                37.796328,
                49.590543
              ],
              [
                37.79249,
                49.580292
              ],
              [
                37.772164,
                49.574912
              ],
              [
                37.77057,
                49.572138
              ],
              [
                37.761252,
                49.569586
              ],
              [
                37.753832,
                49.563496
              ],
              [
                37.753838,
                49.56178
              ],
              [
                37.760668,
                49.559201
              ],
              [
                37.759603,
                49.556177
              ],
              [
                37.731829,
                49.557172
              ],
              [
                37.715368,
                49.556361
              ],
              [
                37.701752,
                49.552933
              ],
              [
                37.70085,
                49.544334
              ],
              [
                37.696021,
                49.541136
              ],
              [
                37.695323,
                49.530318
              ],
              [
                37.692828,
                49.526886
              ],
              [
                37.696968,
                49.525332
              ],
              [
                37.700764,
                49.514862
              ],
              [
                37.696716,
                49.508826
              ],
              [
                37.695034,
                49.502686
              ],
              [
                37.697626,
                49.502403
              ],
              [
                37.706303,
                49.507389
              ],
              [
                37.713266,
                49.513489
              ],
              [
                37.723574,
                49.514624
              ],
              [
                37.733753,
                49.510818
              ],
              [
                37.728931,
                49.501997
              ],
              [
                37.7435195,
                49.4910765
              ],
              [
                37.7783498,
                49.4823508
              ],
              [
                37.7717094,
                49.4682359
              ],
              [
                37.7579254,
                49.4579104
              ],
              [
                37.7432773,
                49.4599297
              ],
              [
                37.7125011,
                49.4417663
              ],
              [
                37.7084009,
                49.4307764
              ],
              [
                37.6767368,
                49.4212577
              ],
              [
                37.684216,
                49.4121845
              ],
              [
                37.7115087,
                49.4170643
              ],
              [
                37.7645106,
                49.3973763
              ],
              [
                37.768932,
                49.405279
              ],
              [
                37.815689,
                49.390963
              ],
              [
                37.82396,
                49.394644
              ],
              [
                37.829959,
                49.401199
              ],
              [
                37.846639,
                49.386656
              ],
              [
                37.847139,
                49.381273
              ],
              [
                37.86223,
                49.380416
              ],
              [
                37.875647,
                49.377602
              ],
              [
                37.890612,
                49.382054
              ],
              [
                37.916373,
                49.382798
              ],
              [
                37.916074,
                49.378557
              ],
              [
                37.93251,
                49.38069
              ],
              [
                37.938519,
                49.379198
              ],
              [
                37.949072,
                49.362706
              ],
              [
                37.954308,
                49.361588
              ],
              [
                37.949573,
                49.353118
              ],
              [
                37.947628,
                49.351399
              ],
              [
                37.941921,
                49.349687
              ],
              [
                37.943867,
                49.346904
              ],
              [
                37.941177,
                49.344568
              ],
              [
                37.942329,
                49.341848
              ],
              [
                37.941789,
                49.338838
              ],
              [
                37.950047,
                49.337701
              ],
              [
                37.957295,
                49.334845
              ],
              [
                37.962823,
                49.334169
              ],
              [
                37.964944,
                49.332475
              ],
              [
                37.966392,
                49.322245
              ],
              [
                37.961857,
                49.317318
              ],
              [
                37.961584,
                49.311489
              ],
              [
                37.969378,
                49.311145
              ],
              [
                37.969614,
                49.303038
              ],
              [
                37.962008,
                49.303265
              ],
              [
                37.967716,
                49.286555
              ],
              [
                37.983734,
                49.28089
              ],
              [
                37.98938,
                49.283586
              ],
              [
                37.997847,
                49.283115
              ],
              [
                37.999277,
                49.28581
              ],
              [
                38.002595,
                49.288282
              ],
              [
                38.008788,
                49.28801
              ],
              [
                38.012922,
                49.285051
              ],
              [
                38.006727,
                49.273896
              ],
              [
                38.014016,
                49.268431
              ],
              [
                38.009803,
                49.261509
              ],
              [
                37.997876,
                49.252128
              ],
              [
                37.9670076,
                49.2438865
              ],
              [
                37.9559195,
                49.2482486
              ],
              [
                37.9500259,
                49.2479101
              ],
              [
                37.9500332,
                49.2466768
              ],
              [
                37.953817,
                49.2454436
              ],
              [
                37.9502621,
                49.2441543
              ],
              [
                37.9491714,
                49.2417166
              ],
              [
                37.9564918,
                49.2402874
              ],
              [
                37.9510069,
                49.2363778
              ],
              [
                37.935564,
                49.239305
              ],
              [
                37.919478,
                49.245847
              ],
              [
                37.915586,
                49.242748
              ],
              [
                37.91873,
                49.226813
              ],
              [
                37.898306,
                49.224458
              ],
              [
                37.895111,
                49.226009
              ],
              [
                37.876396,
                49.226102
              ],
              [
                37.878299,
                49.221606
              ],
              [
                37.884149,
                49.220472
              ],
              [
                37.883474,
                49.213581
              ],
              [
                37.88074,
                49.208092
              ],
              [
                37.892682,
                49.200398
              ],
              [
                37.8839,
                49.192806
              ],
              [
                37.842278,
                49.1906
              ],
              [
                37.839223,
                49.186051
              ],
              [
                37.814419,
                49.185799
              ],
              [
                37.805966,
                49.180848
              ],
              [
                37.794786,
                49.183885
              ],
              [
                37.79455,
                49.185673
              ],
              [
                37.783937,
                49.188134
              ],
              [
                37.776544,
                49.182906
              ],
              [
                37.759911,
                49.185634
              ],
              [
                37.755336,
                49.181574
              ],
              [
                37.749046,
                49.178692
              ],
              [
                37.7500095,
                49.174491
              ],
              [
                37.7638464,
                49.1668115
              ],
              [
                37.764481,
                49.163179
              ],
              [
                37.74892,
                49.14743
              ],
              [
                37.745681,
                49.142893
              ],
              [
                37.747495,
                49.137986
              ],
              [
                37.7536,
                49.136166
              ],
              [
                37.7472985,
                49.1297186
              ],
              [
                37.7240818,
                49.1332643
              ],
              [
                37.7095327,
                49.1268678
              ],
              [
                37.7003972,
                49.1302842
              ],
              [
                37.6886444,
                49.1282404
              ],
              [
                37.6789513,
                49.1176016
              ],
              [
                37.6784489,
                49.1053093
              ],
              [
                37.6964577,
                49.1050632
              ],
              [
                37.703824,
                49.110266
              ],
              [
                37.715115,
                49.1071085
              ],
              [
                37.714108,
                49.102253
              ],
              [
                37.6818175,
                49.0970408
              ],
              [
                37.6839874,
                49.0942648
              ],
              [
                37.706926,
                49.089239
              ],
              [
                37.721735,
                49.088379
              ],
              [
                37.720738,
                49.082395
              ],
              [
                37.7130459,
                49.0691004
              ],
              [
                37.7220394,
                49.0648366
              ],
              [
                37.747419,
                49.0631634
              ],
              [
                37.783585,
                49.071062
              ],
              [
                37.8203985,
                49.0698701
              ],
              [
                37.8399829,
                49.0784861
              ],
              [
                37.8608946,
                49.0814076
              ],
              [
                37.86619,
                49.074126
              ],
              [
                37.866655,
                49.072194
              ],
              [
                37.869523,
                49.071161
              ],
              [
                37.883844,
                49.077528
              ],
              [
                37.900901,
                49.081013
              ],
              [
                37.917712,
                49.081798
              ],
              [
                37.935568,
                49.073383
              ],
              [
                37.955772,
                49.067824
              ],
              [
                37.968105,
                49.060994
              ],
              [
                37.966102,
                49.048272
              ],
              [
                37.95489,
                49.038881
              ],
              [
                37.961283,
                49.033357
              ],
              [
                37.951235,
                49.024341
              ],
              [
                37.940268,
                49.023416
              ],
              [
                37.94156,
                49.019807
              ],
              [
                37.938389,
                49.019295
              ],
              [
                37.940453,
                49.013688
              ],
              [
                37.945692,
                49.009082
              ],
              [
                37.956422,
                49.009206
              ],
              [
                37.967442,
                49.002176
              ],
              [
                37.98064,
                48.989903
              ],
              [
                37.975829,
                48.986475
              ],
              [
                37.965441,
                48.98459
              ],
              [
                37.96838,
                48.976538
              ],
              [
                37.9669839,
                48.9697606
              ],
              [
                37.9247142,
                48.9659619
              ],
              [
                37.8829035,
                48.9599471
              ],
              [
                37.8789452,
                48.9514532
              ],
              [
                37.8816009,
                48.9299537
              ],
              [
                37.9192613,
                48.9123972
              ],
              [
                37.930705,
                48.9150088
              ],
              [
                37.935628,
                48.9273212
              ],
              [
                37.933803,
                48.9368311
              ],
              [
                37.9357549,
                48.941323
              ],
              [
                37.9502394,
                48.9407359
              ],
              [
                37.9537381,
                48.9459549
              ],
              [
                37.9653286,
                48.9419142
              ],
              [
                37.9661973,
                48.9378116
              ],
              [
                37.9404422,
                48.9187692
              ],
              [
                37.9370505,
                48.9087543
              ],
              [
                37.9299934,
                48.9005092
              ],
              [
                37.9322546,
                48.898336
              ],
              [
                37.9315117,
                48.8909146
              ],
              [
                37.9269365,
                48.8854383
              ],
              [
                37.9149421,
                48.875648
              ],
              [
                37.9165489,
                48.8719308
              ]
            ]
          ],
          [
            [
              [
                36.57731393397784,
                45.249198486612514
              ],
              [
                36.552366413941606,
                45.25968758901251
              ],
              [
                36.571599,
                45.250076
              ],
              [
                36.57731393397784,
                45.249198486612514
              ]
            ]
          ],
          [
            [
              [
                38.70160247919875,
                48.72762385123516
              ],
              [
                38.76489827807233,
                48.71498759447224
              ],
              [
                38.753514,
                48.718492
              ],
              [
                38.70160247919875,
                48.72762385123516
              ]
            ]
          ],
          [
            [
              [
                38.872334559831394,
                48.751444224911154
              ],
              [
                38.88023864921854,
                48.75129424233959
              ],
              [
                38.879077,
                48.752476
              ],
              [
                38.877618,
                48.752589
              ],
              [
                38.872334559831394,
                48.751444224911154
              ]
            ]
          ],
          [
            [
              [
                38.906475890673654,
                48.74990142870625
              ],
              [
                38.91257390676628,
                48.74636918069446
              ],
              [
                38.911135,
                48.748005
              ],
              [
                38.906475890673654,
                48.74990142870625
              ]
            ]
          ],
          [
            [
              [
                38.97940959582973,
                48.74463173259828
              ],
              [
                38.98182186836273,
                48.7416603135735
              ],
              [
                38.981216,
                48.743845
              ],
              [
                38.97940959582973,
                48.74463173259828
              ]
            ]
          ],
          [
            [
              [
                38.985613577282045,
                48.73698971526208
              ],
              [
                38.99920653406949,
                48.720246014105264
              ],
              [
                38.998389,
                48.724267
              ],
              [
                38.991437,
                48.730608
              ],
              [
                38.989541,
                48.734987
              ],
              [
                38.985613577282045,
                48.73698971526208
              ]
            ]
          ],
          [
            [
              [
                39.015621540666814,
                48.692322828445434
              ],
              [
                39.014918009677864,
                48.68556842931589
              ],
              [
                39.015727,
                48.68864
              ],
              [
                39.015621540666814,
                48.692322828445434
              ]
            ]
          ],
          [
            [
              [
                39.01670668411026,
                48.680752396536576
              ],
              [
                39.01997080807008,
                48.6763303517879
              ],
              [
                39.019582,
                48.679139
              ],
              [
                39.01670668411026,
                48.680752396536576
              ]
            ]
          ],
          [
            [
              [
                39.01373924651011,
                48.658061582878595
              ],
              [
                39.034261907427215,
                48.65002342895346
              ],
              [
                39.032206,
                48.652874
              ],
              [
                39.028508,
                48.653006
              ],
              [
                39.019153,
                48.656975
              ],
              [
                39.01373924651011,
                48.658061582878595
              ]
            ]
          ],
          [
            [
              [
                39.092636361564054,
                48.650790567822604
              ],
              [
                39.101983703679885,
                48.650198182908085
              ],
              [
                39.098554,
                48.650889
              ],
              [
                39.092636361564054,
                48.650790567822604
              ]
            ]
          ],
          [
            [
              [
                39.19698652542832,
                48.706322318012866
              ],
              [
                39.19984809716239,
                48.70149693386004
              ],
              [
                39.198354,
                48.705777
              ],
              [
                39.19698652542832,
                48.706322318012866
              ]
            ]
          ],
          [
            [
              [
                39.233460202806306,
                48.71131404917009
              ],
              [
                39.238500265201814,
                48.709718447306514
              ],
              [
                39.23599,
                48.711088
              ],
              [
                39.233460202806306,
                48.71131404917009
              ]
            ]
          ],
          [
            [
              [
                39.40913132512591,
                48.66072597808438
              ],
              [
                39.408437389864744,
                48.65983788030114
              ],
              [
                39.41086908627922,
                48.65786948554467
              ],
              [
                39.41292741179099,
                48.657723761555914
              ],
              [
                39.40913132512591,
                48.66072597808438
              ]
            ]
          ],
          [
            [
              [
                39.41730364581235,
                48.65741393579041
              ],
              [
                39.43035445390383,
                48.656489973180626
              ],
              [
                39.420746,
                48.658223
              ],
              [
                39.41730364581235,
                48.65741393579041
              ]
            ]
          ],
          [
            [
              [
                39.445871762589405,
                48.655391388868495
              ],
              [
                39.45088944086859,
                48.65503615055027
              ],
              [
                39.450176,
                48.655672
              ],
              [
                39.445871762589405,
                48.655391388868495
              ]
            ]
          ],
          [
            [
              [
                39.4505204684242,
                48.64673409335757
              ],
              [
                39.44993340856161,
                48.64460390386719
              ],
              [
                39.45119313678794,
                48.6433086025333
              ],
              [
                39.4505204684242,
                48.64673409335757
              ]
            ]
          ],
          [
            [
              [
                39.69761805721197,
                48.58714569132955
              ],
              [
                39.711697928605055,
                48.5859026959285
              ],
              [
                39.702546,
                48.587778
              ],
              [
                39.69761805721197,
                48.58714569132955
              ]
            ]
          ],
          [
            [
              [
                39.72180800770029,
                48.58520240926321
              ],
              [
                39.72750971611052,
                48.586507942395436
              ],
              [
                39.726252,
                48.586624
              ],
              [
                39.723379,
                48.586216
              ],
              [
                39.72180800770029,
                48.58520240926321
              ]
            ]
          ],
          [
            [
              [
                39.791086594447115,
                48.593095666653326
              ],
              [
                39.80256154569686,
                48.58730612180149
              ],
              [
                39.800216,
                48.589553
              ],
              [
                39.796119,
                48.591847
              ],
              [
                39.791086594447115,
                48.593095666653326
              ]
            ]
          ],
          [
            [
              [
                39.818518218473486,
                48.58551196060755
              ],
              [
                39.82433256196479,
                48.586281217394664
              ],
              [
                39.82236,
                48.586636
              ],
              [
                39.818518218473486,
                48.58551196060755
              ]
            ]
          ],
          [
            [
              [
                39.82526307989717,
                48.58582462269841
              ],
              [
                39.822933208391454,
                48.58041188228861
              ],
              [
                39.825482,
                48.581645
              ],
              [
                39.826311,
                48.584207
              ],
              [
                39.82526307989717,
                48.58582462269841
              ]
            ]
          ],
          [
            [
              [
                39.85539926788752,
                48.551116248637406
              ],
              [
                39.85783196756455,
                48.54233057361656
              ],
              [
                39.858045,
                48.545366
              ],
              [
                39.85539926788752,
                48.551116248637406
              ]
            ]
          ],
          [
            [
              [
                39.86665344120442,
                48.50820455952937
              ],
              [
                39.86256767832867,
                48.50238645277479
              ],
              [
                39.866135,
                48.504775
              ],
              [
                39.86665344120442,
                48.50820455952937
              ]
            ]
          ],
          [
            [
              [
                39.846802846608576,
                48.49831554907223
              ],
              [
                39.84670261330459,
                48.47875809719601
              ],
              [
                39.847884,
                48.495108
              ],
              [
                39.846802846608576,
                48.49831554907223
              ]
            ]
          ],
          [
            [
              [
                39.89759725589291,
                48.447639674848794
              ],
              [
                39.89715378470967,
                48.44459976456755
              ],
              [
                39.898555,
                48.445972
              ],
              [
                39.89759725589291,
                48.447639674848794
              ]
            ]
          ],
          [
            [
              [
                39.91102088010854,
                48.40156534065123
              ],
              [
                39.91823958976012,
                48.398078550620426
              ],
              [
                39.91605,
                48.40061
              ],
              [
                39.91102088010854,
                48.40156534065123
              ]
            ]
          ],
          [
            [
              [
                39.91846770637563,
                48.39721245404208
              ],
              [
                39.91208838855337,
                48.39354292912344
              ],
              [
                39.917405,
                48.39481
              ],
              [
                39.91846770637563,
                48.39721245404208
              ]
            ]
          ],
          [
            [
              [
                39.93365852504652,
                48.3809922660637
              ],
              [
                39.94117422394307,
                48.38712679859513
              ],
              [
                39.938309,
                48.387562
              ],
              [
                39.935271,
                48.384697
              ],
              [
                39.93365852504652,
                48.3809922660637
              ]
            ]
          ],
          [
            [
              [
                39.84555216546805,
                48.33241832688259
              ],
              [
                39.840917771935764,
                48.32915848473553
              ],
              [
                39.845217,
                48.329499
              ],
              [
                39.84555216546805,
                48.33241832688259
              ]
            ]
          ],
          [
            [
              [
                39.840840738921685,
                48.32603710467456
              ],
              [
                39.8412699484748,
                48.31389343662805
              ],
              [
                39.841887,
                48.318824
              ],
              [
                39.840840738921685,
                48.32603710467456
              ]
            ]
          ],
          [
            [
              [
                39.87467734246778,
                48.309344455704384
              ],
              [
                39.88727849951252,
                48.30899526531014
              ],
              [
                39.8873409409153,
                48.30898077185462
              ],
              [
                39.88739793700679,
                48.30895846111838
              ],
              [
                39.88744730124296,
                48.30892918901265
              ],
              [
                39.88748713987113,
                48.30889407850741
              ],
              [
                39.88751592458014,
                48.30885447654946
              ],
              [
                39.88753255112923,
                48.30881190238824
              ],
              [
                39.88753638170662,
                48.30876798929193
              ],
              [
                39.88726065158143,
                48.30420092297301
              ],
              [
                39.89019244239101,
                48.302800940017335
              ],
              [
                39.887839,
                48.304591
              ],
              [
                39.88795,
                48.309434
              ],
              [
                39.87467734246778,
                48.309344455704384
              ]
            ]
          ],
          [
            [
              [
                39.90899990332359,
                48.27657948439819
              ],
              [
                39.91189615901862,
                48.27336724740459
              ],
              [
                39.912254,
                48.273746
              ],
              [
                39.911385,
                48.275269
              ],
              [
                39.90899990332359,
                48.27657948439819
              ]
            ]
          ],
          [
            [
              [
                39.916510416459204,
                48.27021206529201
              ],
              [
                39.9238728207863,
                48.27153215512308
              ],
              [
                39.921069,
                48.27166
              ],
              [
                39.916510416459204,
                48.27021206529201
              ]
            ]
          ],
          [
            [
              [
                39.925271138682604,
                48.27211160866484
              ],
              [
                39.93425478739946,
                48.27906965579248
              ],
              [
                39.934201080288254,
                48.279113492279976
              ],
              [
                39.932875,
                48.279241
              ],
              [
                39.927869,
                48.276582
              ],
              [
                39.925271138682604,
                48.27211160866484
              ]
            ]
          ],
          [
            [
              [
                39.95749250609804,
                48.301642546032795
              ],
              [
                39.95855175607826,
                48.298291129123896
              ],
              [
                39.9699240151477,
                48.29895493154519
              ],
              [
                39.97062500519103,
                48.30256154756196
              ],
              [
                39.963011877703366,
                48.30237401079226
              ],
              [
                39.9629498295472,
                48.30238441442429
              ],
              [
                39.962891846788715,
                48.30240241886328
              ],
              [
                39.962840012336436,
                48.302427377339356
              ],
              [
                39.962796188241725,
                48.30245839327297
              ],
              [
                39.962761948809245,
                48.30249435248167
              ],
              [
                39.96273852404258,
                48.3025339632037
              ],
              [
                39.96272675545674,
                48.30257580250092
              ],
              [
                39.96272706584511,
                48.30261836737445
              ],
              [
                39.962739444087376,
                48.30266012875667
              ],
              [
                39.962763445544766,
                48.302699586440276
              ],
              [
                39.962798208028964,
                48.30273532297112
              ],
              [
                39.96284248277168,
                48.3027660545687
              ],
              [
                39.97062856227522,
                48.30723342846308
              ],
              [
                39.966383,
                48.306776
              ],
              [
                39.963744,
                48.303416
              ],
              [
                39.95749250609804,
                48.301642546032795
              ]
            ]
          ],
          [
            [
              [
                39.973655053788015,
                48.313468673765094
              ],
              [
                39.990120648140746,
                48.3171592300309
              ],
              [
                39.986949,
                48.317512
              ],
              [
                39.982518,
                48.315704
              ],
              [
                39.9789,
                48.315713
              ],
              [
                39.973655053788015,
                48.313468673765094
              ]
            ]
          ],
          [
            [
              [
                39.991460895766366,
                48.31614656475216
              ],
              [
                39.99341456885917,
                48.31006621007216
              ],
              [
                39.993222,
                48.313596
              ],
              [
                39.991460895766366,
                48.31614656475216
              ]
            ]
          ],
          [
            [
              [
                40.01946617918579,
                48.25583122255771
              ],
              [
                40.01979267063695,
                48.25294399301852
              ],
              [
                40.020776,
                48.25378
              ],
              [
                40.01946617918579,
                48.25583122255771
              ]
            ]
          ],
          [
            [
              [
                40.00998247073504,
                48.24460355703044
              ],
              [
                40.00343636896397,
                48.239412587750685
              ],
              [
                40.00763118344652,
                48.22420133787806
              ],
              [
                40.009557,
                48.22457
              ],
              [
                40.005778,
                48.241029
              ],
              [
                40.00998247073504,
                48.24460355703044
              ]
            ]
          ],
          [
            [
              [
                40.00393633851779,
                48.22349402784418
              ],
              [
                39.94252448388585,
                48.23047858760993
              ],
              [
                39.94244794034714,
                48.227462083320496
              ],
              [
                39.942623,
                48.228972
              ],
              [
                40.002928,
                48.223301
              ],
              [
                40.00393633851779,
                48.22349402784418
              ]
            ]
          ],
          [
            [
              [
                39.78071111027346,
                48.037227163017434
              ],
              [
                39.78533100454601,
                48.0234064025226
              ],
              [
                39.786777,
                48.025034
              ],
              [
                39.78071111027346,
                48.037227163017434
              ]
            ]
          ],
          [
            [
              [
                39.807318978793546,
                48.00576688001149
              ],
              [
                39.81509084134283,
                48.00242518195366
              ],
              [
                39.810975,
                48.004856
              ],
              [
                39.807318978793546,
                48.00576688001149
              ]
            ]
          ],
          [
            [
              [
                39.82299226945921,
                47.982874266884714
              ],
              [
                39.820088790530164,
                47.97804699502693
              ],
              [
                39.822798,
                47.979535
              ],
              [
                39.82299226945921,
                47.982874266884714
              ]
            ]
          ],
          [
            [
              [
                39.81602923075331,
                47.97043130652428
              ],
              [
                39.82635143700357,
                47.95316575068287
              ],
              [
                39.819844,
                47.967762
              ],
              [
                39.81602923075331,
                47.97043130652428
              ]
            ]
          ],
          [
            [
              [
                38.714494329183076,
                47.698843870141445
              ],
              [
                38.662108475560544,
                47.6997803486941
              ],
              [
                38.670796,
                47.698954
              ],
              [
                38.714494329183076,
                47.698843870141445
              ]
            ]
          ],
          [
            [
              [
                38.29492158342857,
                47.505383892386256
              ],
              [
                38.29012863189988,
                47.478917964859775
              ],
              [
                38.2941,
                47.490745
              ],
              [
                38.29492158342857,
                47.505383892386256
              ]
            ]
          ],
          [
            [
              [
                38.301770480072996,
                47.392615531610375
              ],
              [
                38.28904193697482,
                47.391483943448016
              ],
              [
                38.300409,
                47.391514
              ],
              [
                38.301770480072996,
                47.392615531610375
              ]
            ]
          ],
          [
            [
              [
                38.24579281602809,
                47.35065134534189
              ],
              [
                38.23214388801177,
                47.343633126111655
              ],
              [
                38.24024,
                47.346223
              ],
              [
                38.24579281602809,
                47.35065134534189
              ]
            ]
          ],
          [
            [
              [
                38.222810155721724,
                47.3327077529145
              ],
              [
                38.22693953008592,
                47.330174859255884
              ],
              [
                38.225794,
                47.332115
              ],
              [
                38.222810155721724,
                47.3327077529145
              ]
            ]
          ],
          [
            [
              [
                38.32897271692897,
                47.286864130882606
              ],
              [
                38.3270109331364,
                47.2846975172881
              ],
              [
                38.328436,
                47.284808
              ],
              [
                38.32897271692897,
                47.286864130882606
              ]
            ]
          ],
          [
            [
              [
                38.32398602272701,
                47.28088407487065
              ],
              [
                38.32643483480424,
                47.277994298830365
              ],
              [
                38.327186,
                47.279544
              ],
              [
                38.32398602272701,
                47.28088407487065
              ]
            ]
          ],
          [
            [
              [
                38.32713867484002,
                47.2771637164878
              ],
              [
                38.33337037584641,
                47.269809856865024
              ],
              [
                38.33081,
                47.275932
              ],
              [
                38.32713867484002,
                47.2771637164878
              ]
            ]
          ],
          [
            [
              [
                38.33087438035473,
                47.26470251384903
              ],
              [
                38.326360847967905,
                47.2587900740914
              ],
              [
                38.330785,
                47.263449
              ],
              [
                38.330997,
                47.264575
              ],
              [
                38.33087438035473,
                47.26470251384903
              ]
            ]
          ],
          [
            [
              [
                38.234310604379814,
                47.22576355287992
              ],
              [
                38.239954865314296,
                47.220264555550244
              ],
              [
                38.240047,
                47.221361
              ],
              [
                38.238255,
                47.222409
              ],
              [
                38.238517,
                47.22364
              ],
              [
                38.236442,
                47.224262
              ],
              [
                38.236145,
                47.225608
              ],
              [
                38.234310604379814,
                47.22576355287992
              ]
            ]
          ],
          [
            [
              [
                38.24250182577181,
                47.215953839123905
              ],
              [
                38.238413166360196,
                47.20853725869591
              ],
              [
                38.239657,
                47.208713
              ],
              [
                38.241055,
                47.210114
              ],
              [
                38.24250182577181,
                47.215953839123905
              ]
            ]
          ],
          [
            [
              [
                38.23499327380923,
                47.136581355647
              ],
              [
                38.23004416707326,
                47.12786569667919
              ],
              [
                38.231909,
                47.129692
              ],
              [
                38.23499327380923,
                47.136581355647
              ]
            ]
          ],
          [
            [
              [
                38.225666295431004,
                47.11648307429379
              ],
              [
                38.19252038393671,
                47.09693280558051
              ],
              [
                38.211502,
                47.107183
              ],
              [
                38.225666295431004,
                47.11648307429379
              ]
            ]
          ],
          [
            [
              [
                37.89220498604775,
                47.1100462670136
              ],
              [
                37.87433275038616,
                47.10654070913963
              ],
              [
                37.87958,
                47.106667
              ],
              [
                37.89220498604775,
                47.1100462670136
              ]
            ]
          ],
          [
            [
              [
                35.87453384881555,
                45.46266715660361
              ],
              [
                35.84862658876981,
                45.44745755140373
              ],
              [
                35.86369,
                45.45422
              ],
              [
                35.87453384881555,
                45.46266715660361
              ]
            ]
          ],
          [
            [
              [
                36.43282630791561,
                45.4485174573383
              ],
              [
                36.43630811037496,
                45.45141959022065
              ],
              [
                36.43401,
                45.450676
              ],
              [
                36.43282630791561,
                45.4485174573383
              ]
            ]
          ],
          [
            [
              [
                36.47352192015963,
                45.45780551789145
              ],
              [
                36.49202535366895,
                45.451860491545645
              ],
              [
                36.482062,
                45.455771
              ],
              [
                36.47352192015963,
                45.45780551789145
              ]
            ]
          ],
          [
            [
              [
                36.57844300151743,
                45.441987788747014
              ],
              [
                36.59528718794162,
                45.43935548948828
              ],
              [
                36.587036,
                45.44127
              ],
              [
                36.57844300151743,
                45.441987788747014
              ]
            ]
          ],
          [
            [
              [
                36.61477986561146,
                45.42090356752089
              ],
              [
                36.608319418364616,
                45.41300978113191
              ],
              [
                36.611498,
                45.414921
              ],
              [
                36.61477986561146,
                45.42090356752089
              ]
            ]
          ],
          [
            [
              [
                36.63615733329061,
                45.391489490170166
              ],
              [
                36.64791932494265,
                45.38375657114338
              ],
              [
                36.641199,
                45.390666
              ],
              [
                36.63615733329061,
                45.391489490170166
              ]
            ]
          ],
          [
            [
              [
                36.6481026052295,
                45.382336981873785
              ],
              [
                36.635278740641944,
                45.376048642033425
              ],
              [
                36.643211,
                45.377813
              ],
              [
                36.6481026052295,
                45.382336981873785
              ]
            ]
          ],
          [
            [
              [
                36.47735949430335,
                45.32913787553577
              ],
              [
                36.49675557122877,
                45.32020285390527
              ],
              [
                36.488837,
                45.324608
              ],
              [
                36.47735949430335,
                45.32913787553577
              ]
            ]
          ],
          [
            [
              [
                36.40456230350156,
                45.2106300795172
              ],
              [
                36.40777051799568,
                45.176377484513594
              ],
              [
                36.407734,
                45.193404
              ],
              [
                36.40456230350156,
                45.2106300795172
              ]
            ]
          ],
          [
            [
              [
                36.41882340594911,
                45.16103742261195
              ],
              [
                36.42179680115857,
                45.14762631875074
              ],
              [
                36.421428,
                45.152916
              ],
              [
                36.41882340594911,
                45.16103742261195
              ]
            ]
          ],
          [
            [
              [
                36.424505356558754,
                45.13540973964611
              ],
              [
                36.425667770881944,
                45.13016682435235
              ],
              [
                36.4258,
                45.134402
              ],
              [
                36.424505356558754,
                45.13540973964611
              ]
            ]
          ],
          [
            [
              [
                36.433867788915435,
                45.1175892929108
              ],
              [
                36.45306110261109,
                45.10671281804716
              ],
              [
                36.439699,
                45.116727
              ],
              [
                36.433867788915435,
                45.1175892929108
              ]
            ]
          ],
          [
            [
              [
                36.22408446741874,
                45.0269805323482
              ],
              [
                36.20267826770675,
                45.03237313054695
              ],
              [
                36.213493,
                45.02807
              ],
              [
                36.22408446741874,
                45.0269805323482
              ]
            ]
          ],
          [
            [
              [
                36.19615977940504,
                45.033368710840975
              ],
              [
                36.08186236667896,
                45.0467834933006
              ],
              [
                36.160037,
                45.035925
              ],
              [
                36.19615977940504,
                45.033368710840975
              ]
            ]
          ],
          [
            [
              [
                35.90599560357203,
                45.01720179949745
              ],
              [
                35.89494770197166,
                45.01306139159295
              ],
              [
                35.900286,
                45.014189
              ],
              [
                35.90599560357203,
                45.01720179949745
              ]
            ]
          ],
          [
            [
              [
                35.841295035271834,
                44.998458997549655
              ],
              [
                35.82898232392774,
                45.00397551901729
              ],
              [
                35.834801,
                44.999213
              ],
              [
                35.841295035271834,
                44.998458997549655
              ]
            ]
          ],
          [
            [
              [
                35.802689582596194,
                45.046913425025
              ],
              [
                35.77871464804775,
                45.06532953920496
              ],
              [
                35.785327,
                45.057628
              ],
              [
                35.802689582596194,
                45.046913425025
              ]
            ]
          ],
          [
            [
              [
                35.42547277529804,
                45.01160645669184
              ],
              [
                35.369479494850125,
                44.99321167744649
              ],
              [
                35.395224,
                44.999343
              ],
              [
                35.42547277529804,
                45.01160645669184
              ]
            ]
          ],
          [
            [
              [
                35.18912312530334,
                44.9071198497253
              ],
              [
                35.17022281504107,
                44.90032303976801
              ],
              [
                35.177573,
                44.900936
              ],
              [
                35.18912312530334,
                44.9071198497253
              ]
            ]
          ],
          [
            [
              [
                34.9391050428059,
                44.832106037713466
              ],
              [
                34.923184701424056,
                44.828952903854365
              ],
              [
                34.935034,
                44.830042
              ],
              [
                34.9391050428059,
                44.832106037713466
              ]
            ]
          ],
          [
            [
              [
                34.90511140612041,
                44.815511854633144
              ],
              [
                34.83770980968122,
                44.81518793954559
              ],
              [
                34.845166,
                44.813296
              ],
              [
                34.90511140612041,
                44.815511854633144
              ]
            ]
          ],
          [
            [
              [
                34.609488075574276,
                44.767391572742646
              ],
              [
                34.4888371105332,
                44.72023681653523
              ],
              [
                34.544614,
                44.741006
              ],
              [
                34.609488075574276,
                44.767391572742646
              ]
            ]
          ],
          [
            [
              [
                34.38893802020218,
                44.62734598190632
              ],
              [
                34.37854552771082,
                44.612730813833615
              ],
              [
                34.38342,
                44.615877
              ],
              [
                34.38893802020218,
                44.62734598190632
              ]
            ]
          ],
          [
            [
              [
                33.51629098091677,
                44.63631305286117
              ],
              [
                33.52267656897063,
                44.63959349347807
              ],
              [
                33.52105,
                44.640258
              ],
              [
                33.51629098091677,
                44.63631305286117
              ]
            ]
          ],
          [
            [
              [
                33.546695886202016,
                44.70269391182517
              ],
              [
                33.54716616705541,
                44.72060916913841
              ],
              [
                33.545774,
                44.707798
              ],
              [
                33.546695886202016,
                44.70269391182517
              ]
            ]
          ],
          [
            [
              [
                33.535059406011506,
                44.79478947499713
              ],
              [
                33.54248345893239,
                44.8032267895763
              ],
              [
                33.540633,
                44.802652
              ],
              [
                33.535059406011506,
                44.79478947499713
              ]
            ]
          ],
          [
            [
              [
                33.54650897375964,
                44.807801721261534
              ],
              [
                33.549043617856846,
                44.81068230277439
              ],
              [
                33.547143,
                44.81013
              ],
              [
                33.54650897375964,
                44.807801721261534
              ]
            ]
          ],
          [
            [
              [
                33.557994485288475,
                44.84104098178677
              ],
              [
                33.56870336951651,
                44.83924037284198
              ],
              [
                33.561031,
                44.842318
              ],
              [
                33.557994485288475,
                44.84104098178677
              ]
            ]
          ],
          [
            [
              [
                33.58287138653146,
                44.84370836816195
              ],
              [
                33.58961439855698,
                44.846069857275516
              ],
              [
                33.586864,
                44.847
              ],
              [
                33.58287138653146,
                44.84370836816195
              ]
            ]
          ],
          [
            [
              [
                33.34711931129427,
                45.17341424499433
              ],
              [
                33.32828958864633,
                45.173023571156115
              ],
              [
                33.331548,
                45.171883
              ],
              [
                33.34711931129427,
                45.17341424499433
              ]
            ]
          ],
          [
            [
              [
                33.283363796518515,
                45.14803529912712
              ],
              [
                33.258300451858815,
                45.14760040091305
              ],
              [
                33.268036,
                45.145629
              ],
              [
                33.27516,
                45.145901
              ],
              [
                33.283363796518515,
                45.14803529912712
              ]
            ]
          ],
          [
            [
              [
                33.147842803652644,
                45.20303931531643
              ],
              [
                33.139726001911086,
                45.214644961791265
              ],
              [
                33.143404,
                45.20709
              ],
              [
                33.147842803652644,
                45.20303931531643
              ]
            ]
          ],
          [
            [
              [
                32.64857871565379,
                45.31393795991389
              ],
              [
                32.612597114403535,
                45.32086132940007
              ],
              [
                32.622109,
                45.317634
              ],
              [
                32.64857871565379,
                45.31393795991389
              ]
            ]
          ],
          [
            [
              [
                32.50484335368229,
                45.38237642396622
              ],
              [
                32.48025640043358,
                45.38859626668623
              ],
              [
                32.488644,
                45.384988
              ],
              [
                32.50484335368229,
                45.38237642396622
              ]
            ]
          ],
          [
            [
              [
                32.54355613288507,
                45.45831126480298
              ],
              [
                32.58422800312408,
                45.48214957321622
              ],
              [
                32.562144,
                45.470223
              ],
              [
                32.54355613288507,
                45.45831126480298
              ]
            ]
          ],
          [
            [
              [
                32.602734410850296,
                45.490179998462395
              ],
              [
                32.71944650978829,
                45.53192837961268
              ],
              [
                32.691784,
                45.523882
              ],
              [
                32.602734410850296,
                45.490179998462395
              ]
            ]
          ],
          [
            [
              [
                32.797826984278444,
                45.56319365447909
              ],
              [
                32.82500494271275,
                45.55775739931619
              ],
              [
                32.820317,
                45.559825
              ],
              [
                32.797826984278444,
                45.56319365447909
              ]
            ]
          ],
          [
            [
              [
                32.82191164413636,
                45.58818377184484
              ],
              [
                32.87890684795174,
                45.62263257473427
              ],
              [
                32.82504,
                45.590611
              ],
              [
                32.82191164413636,
                45.58818377184484
              ]
            ]
          ],
          [
            [
              [
                33.184617867776204,
                45.805449070069955
              ],
              [
                33.17438207940761,
                45.78907426309816
              ],
              [
                33.180625,
                45.797211
              ],
              [
                33.184617867776204,
                45.805449070069955
              ]
            ]
          ],
          [
            [
              [
                33.379577025778595,
                45.80179405902279
              ],
              [
                33.43012276726118,
                45.837421861463476
              ],
              [
                33.41709,
                45.830205
              ],
              [
                33.379577025778595,
                45.80179405902279
              ]
            ]
          ],
          [
            [
              [
                33.51008369327229,
                45.84242687593438
              ],
              [
                33.524867078933696,
                45.84896543705165
              ],
              [
                33.517655,
                45.846594
              ],
              [
                33.51008369327229,
                45.84242687593438
              ]
            ]
          ],
          [
            [
              [
                33.52844637410254,
                45.849219390738995
              ],
              [
                33.54148614234208,
                45.840968182666984
              ],
              [
                33.537116,
                45.845796
              ],
              [
                33.52844637410254,
                45.849219390738995
              ]
            ]
          ],
          [
            [
              [
                33.54885342691048,
                45.845011735777895
              ],
              [
                33.56677067997867,
                45.871635620839406
              ],
              [
                33.55864,
                45.86172
              ],
              [
                33.551715,
                45.851628
              ],
              [
                33.54885342691048,
                45.845011735777895
              ]
            ]
          ],
          [
            [
              [
                33.62026971764494,
                45.89000575519307
              ],
              [
                33.64040889575008,
                45.87773543015824
              ],
              [
                33.634096,
                45.882614
              ],
              [
                33.62026971764494,
                45.89000575519307
              ]
            ]
          ],
          [
            [
              [
                33.643792908682975,
                45.87618803578069
              ],
              [
                33.66129784531189,
                45.87198218873688
              ],
              [
                33.654663,
                45.875233
              ],
              [
                33.643792908682975,
                45.87618803578069
              ]
            ]
          ],
          [
            [
              [
                33.66529150140568,
                45.862246970977175
              ],
              [
                33.68122358410877,
                45.85226024820132
              ],
              [
                33.674126,
                45.857432
              ],
              [
                33.66529150140568,
                45.862246970977175
              ]
            ]
          ],
          [
            [
              [
                33.68127595052965,
                45.86402824771009
              ],
              [
                33.679678219508226,
                45.872622027028086
              ],
              [
                33.679077,
                45.867314
              ],
              [
                33.68127595052965,
                45.86402824771009
              ]
            ]
          ],
          [
            [
              [
                33.67536257603796,
                45.900013743156585
              ],
              [
                33.6792298483388,
                45.90751860837159
              ],
              [
                33.676214,
                45.903954
              ],
              [
                33.67536257603796,
                45.900013743156585
              ]
            ]
          ],
          [
            [
              [
                33.68204699893788,
                45.90961123733903
              ],
              [
                33.69092242940902,
                45.913291409181774
              ],
              [
                33.687773,
                45.912752
              ],
              [
                33.68204699893788,
                45.90961123733903
              ]
            ]
          ],
          [
            [
              [
                33.70568260244761,
                45.91375863842215
              ],
              [
                33.72879744434878,
                45.92908084491056
              ],
              [
                33.720244,
                45.924636
              ],
              [
                33.70568260244761,
                45.91375863842215
              ]
            ]
          ],
          [
            [
              [
                33.74270660687252,
                45.95031252688883
              ],
              [
                33.695427680041036,
                45.954741696718784
              ],
              [
                33.722964,
                45.950158
              ],
              [
                33.74270660687252,
                45.95031252688883
              ]
            ]
          ],
          [
            [
              [
                33.69137421947705,
                45.955015863740236
              ],
              [
                33.662055801295885,
                45.954408834781965
              ],
              [
                33.682856,
                45.952803
              ],
              [
                33.69137421947705,
                45.955015863740236
              ]
            ]
          ],
          [
            [
              [
                33.645351392189326,
                45.944261674028745
              ],
              [
                33.6377615794852,
                45.94193525277514
              ],
              [
                33.642079,
                45.942885
              ],
              [
                33.645351392189326,
                45.944261674028745
              ]
            ]
          ],
          [
            [
              [
                33.63076383520411,
                45.941805420305585
              ],
              [
                33.62035049990011,
                45.943555182364314
              ],
              [
                33.624497,
                45.942516
              ],
              [
                33.63076383520411,
                45.941805420305585
              ]
            ]
          ],
          [
            [
              [
                33.62539403232675,
                45.993164954728776
              ],
              [
                33.61229391241324,
                46.04934457010999
              ],
              [
                33.618724,
                46.01252
              ],
              [
                33.622873,
                45.997617
              ],
              [
                33.62539403232675,
                45.993164954728776
              ]
            ]
          ],
          [
            [
              [
                33.615558492601345,
                46.1191953418459
              ],
              [
                33.612647367780745,
                46.13570873863179
              ],
              [
                33.612957,
                46.129148
              ],
              [
                33.615558492601345,
                46.1191953418459
              ]
            ]
          ],
          [
            [
              [
                31.518518,
                46.312396
              ],
              [
                31.523327,
                46.3019
              ],
              [
                31.54049,
                46.282745
              ],
              [
                31.562127,
                46.266905
              ],
              [
                31.590959,
                46.251238
              ],
              [
                31.637322,
                46.234212
              ],
              [
                31.70108,
                46.221792
              ],
              [
                31.904302,
                46.188215
              ],
              [
                31.966135,
                46.180063
              ],
              [
                32.022212,
                46.174043
              ],
              [
                32.07982,
                46.165498
              ],
              [
                32.08271,
                46.166345
              ],
              [
                32.082855,
                46.16737
              ],
              [
                32.077824,
                46.166905
              ],
              [
                32.067755,
                46.168159
              ],
              [
                32.059059,
                46.170244
              ],
              [
                32.053882,
                46.17053
              ],
              [
                32.05025,
                46.1726
              ],
              [
                32.040981,
                46.172443
              ],
              [
                32.040351,
                46.173599
              ],
              [
                32.032856,
                46.175489
              ],
              [
                32.007135,
                46.176861
              ],
              [
                31.914504,
                46.188302
              ],
              [
                31.849782,
                46.19973
              ],
              [
                31.697744,
                46.223741
              ],
              [
                31.677116,
                46.229168
              ],
              [
                31.664569,
                46.230217
              ],
              [
                31.655626,
                46.232572
              ],
              [
                31.651727,
                46.235745
              ],
              [
                31.655932,
                46.239308
              ],
              [
                31.663227,
                46.241802
              ],
              [
                31.674235,
                46.245022
              ],
              [
                31.67975,
                46.244443
              ],
              [
                31.680824,
                46.248864
              ],
              [
                31.671382,
                46.249933
              ],
              [
                31.64589,
                46.244773
              ],
              [
                31.62778,
                46.245188
              ],
              [
                31.609842,
                46.246668
              ],
              [
                31.592767,
                46.25302
              ],
              [
                31.576891,
                46.260557
              ],
              [
                31.56367,
                46.268092
              ],
              [
                31.552335,
                46.278237
              ],
              [
                31.541864,
                46.2901
              ],
              [
                31.535857,
                46.305635
              ],
              [
                31.532852,
                46.319332
              ],
              [
                31.536371,
                46.33729
              ],
              [
                31.536029,
                46.356367
              ],
              [
                31.534548,
                46.361535
              ],
              [
                31.535128,
                46.367947
              ],
              [
                31.532692,
                46.369628
              ],
              [
                31.527681,
                46.369473
              ],
              [
                31.521523,
                46.366971
              ],
              [
                31.516114,
                46.360752
              ],
              [
                31.511479,
                46.349257
              ],
              [
                31.514742,
                46.321287
              ],
              [
                31.518518,
                46.312396
              ]
            ]
          ],
          [
            [
              [
                36.400835,
                50.30717
              ],
              [
                36.373927,
                50.30029
              ],
              [
                36.389385,
                50.27628
              ],
              [
                36.405358,
                50.261131
              ],
              [
                36.415918,
                50.259725
              ],
              [
                36.418364,
                50.256871
              ],
              [
                36.423299,
                50.25399
              ],
              [
                36.443985,
                50.248337
              ],
              [
                36.448247,
                50.253593
              ],
              [
                36.466356,
                50.251404
              ],
              [
                36.481032,
                50.241639
              ],
              [
                36.485493,
                50.242206
              ],
              [
                36.505396,
                50.238677
              ],
              [
                36.532801,
                50.242425
              ],
              [
                36.569199,
                50.24454
              ],
              [
                36.559931,
                50.250796
              ],
              [
                36.56865,
                50.257768
              ],
              [
                36.574008,
                50.255268
              ],
              [
                36.577894,
                50.258635
              ],
              [
                36.575109,
                50.260672
              ],
              [
                36.580365,
                50.262584
              ],
              [
                36.573943,
                50.275045
              ],
              [
                36.592604,
                50.275718
              ],
              [
                36.592663,
                50.278079
              ],
              [
                36.589552,
                50.279346
              ],
              [
                36.588033,
                50.281698
              ],
              [
                36.588574,
                50.283269
              ],
              [
                36.585614,
                50.285885
              ],
              [
                36.571219,
                50.285748
              ],
              [
                36.560789,
                50.284236
              ],
              [
                36.556128,
                50.281366
              ],
              [
                36.523917,
                50.286424
              ],
              [
                36.522815,
                50.289145
              ],
              [
                36.525136,
                50.290731
              ],
              [
                36.526607,
                50.293474
              ],
              [
                36.516363,
                50.295165
              ],
              [
                36.515658,
                50.295914
              ],
              [
                36.511151,
                50.295369
              ],
              [
                36.500702,
                50.299248
              ],
              [
                36.492712,
                50.30452
              ],
              [
                36.489689,
                50.307838
              ],
              [
                36.489951,
                50.309924
              ],
              [
                36.487653,
                50.311665
              ],
              [
                36.472289,
                50.313161
              ],
              [
                36.440317,
                50.31098
              ],
              [
                36.433698,
                50.330681
              ],
              [
                36.425543,
                50.32827
              ],
              [
                36.409299,
                50.312446
              ],
              [
                36.400835,
                50.30717
              ]
            ]
          ],
          [
            [
              [
                36.760703,
                50.289948
              ],
              [
                36.75466,
                50.290517
              ],
              [
                36.747943,
                50.288235
              ],
              [
                36.748032,
                50.287217
              ],
              [
                36.750267,
                50.286309
              ],
              [
                36.750696,
                50.283002
              ],
              [
                36.748778,
                50.280207
              ],
              [
                36.744987,
                50.280684
              ],
              [
                36.744887,
                50.281818
              ],
              [
                36.742326,
                50.281619
              ],
              [
                36.739936,
                50.282955
              ],
              [
                36.728862,
                50.27733
              ],
              [
                36.720128,
                50.277444
              ],
              [
                36.727123,
                50.267794
              ],
              [
                36.739773,
                50.265659
              ],
              [
                36.772227,
                50.255269
              ],
              [
                36.789252,
                50.2458
              ],
              [
                36.823421,
                50.249979
              ],
              [
                36.837605,
                50.258828
              ],
              [
                36.837776,
                50.261353
              ],
              [
                36.8443,
                50.264233
              ],
              [
                36.8559298,
                50.2572236
              ],
              [
                36.8684253,
                50.2600501
              ],
              [
                36.8809403,
                50.2504327
              ],
              [
                36.8887974,
                50.2482311
              ],
              [
                36.9042273,
                50.2492157
              ],
              [
                36.9048187,
                50.2519582
              ],
              [
                36.9086357,
                50.2545098
              ],
              [
                36.9048364,
                50.2568556
              ],
              [
                36.900233,
                50.2568212
              ],
              [
                36.8992776,
                50.2540704
              ],
              [
                36.8939941,
                50.2520663
              ],
              [
                36.894431,
                50.2581996
              ],
              [
                36.8988242,
                50.2630026
              ],
              [
                36.9053791,
                50.2605364
              ],
              [
                36.9060119,
                50.26235
              ],
              [
                36.909048,
                50.2621882
              ],
              [
                36.9091764,
                50.2641749
              ],
              [
                36.9080605,
                50.2672708
              ],
              [
                36.906,
                50.2673178
              ],
              [
                36.904454,
                50.2683996
              ],
              [
                36.8967261,
                50.2678202
              ],
              [
                36.8963769,
                50.274672
              ],
              [
                36.9151097,
                50.2813232
              ],
              [
                36.9226951,
                50.2794497
              ],
              [
                36.9285799,
                50.2714992
              ],
              [
                36.9336067,
                50.2674978
              ],
              [
                36.9355754,
                50.2679782
              ],
              [
                36.94258,
                50.265355
              ],
              [
                36.942632,
                50.2630609
              ],
              [
                36.9471687,
                50.2629888
              ],
              [
                36.9514481,
                50.270159
              ],
              [
                36.9557768,
                50.2745336
              ],
              [
                36.9548707,
                50.2786885
              ],
              [
                36.9498712,
                50.2878203
              ],
              [
                36.9624032,
                50.2911245
              ],
              [
                36.9760529,
                50.2974386
              ],
              [
                36.9738615,
                50.2990686
              ],
              [
                36.9765848,
                50.3011443
              ],
              [
                36.9816698,
                50.3027815
              ],
              [
                36.9888344,
                50.301066
              ],
              [
                36.9980172,
                50.3036544
              ],
              [
                37.0060585,
                50.3016586
              ],
              [
                37.0130603,
                50.3047678
              ],
              [
                37.0220957,
                50.3063194
              ],
              [
                37.043667,
                50.317522
              ],
              [
                37.053025,
                50.319278
              ],
              [
                37.053801,
                50.322568
              ],
              [
                37.04059,
                50.32723
              ],
              [
                37.0443708,
                50.3313439
              ],
              [
                37.0489831,
                50.3332094
              ],
              [
                37.0467832,
                50.3338956
              ],
              [
                37.0488748,
                50.3356774
              ],
              [
                37.0381007,
                50.3344226
              ],
              [
                37.031315,
                50.33909
              ],
              [
                37.032995,
                50.348824
              ],
              [
                36.957421,
                50.34918
              ],
              [
                36.937645,
                50.350224
              ],
              [
                36.915294,
                50.346287
              ],
              [
                36.882156,
                50.336552
              ],
              [
                36.872241,
                50.335704
              ],
              [
                36.851943,
                50.327594
              ],
              [
                36.833358,
                50.313138
              ],
              [
                36.828485,
                50.31283
              ],
              [
                36.820803,
                50.313566
              ],
              [
                36.803938,
                50.309832
              ],
              [
                36.800333,
                50.306023
              ],
              [
                36.768364,
                50.30188
              ],
              [
                36.764275,
                50.291966
              ],
              [
                36.760703,
                50.289948
              ]
            ]
          ],
          [
            [
              [
                35.162895,
                51.109577
              ],
              [
                35.154484,
                51.110223
              ],
              [
                35.150535,
                51.106397
              ],
              [
                35.154655,
                51.103002
              ],
              [
                35.156458,
                51.103756
              ],
              [
                35.164354,
                51.100738
              ],
              [
                35.164097,
                51.10505
              ],
              [
                35.166672,
                51.10575
              ],
              [
                35.163753,
                51.107367
              ],
              [
                35.162895,
                51.109577
              ]
            ]
          ],
          [
            [
              [
                35.4730548,
                50.7252895
              ],
              [
                35.4637955,
                50.7349646
              ],
              [
                35.471954,
                50.7371979
              ],
              [
                35.473853,
                50.7406877
              ],
              [
                35.4700818,
                50.7442793
              ],
              [
                35.4700869,
                50.7470017
              ],
              [
                35.4767483,
                50.7521983
              ],
              [
                35.473741,
                50.7551664
              ],
              [
                35.4891429,
                50.7766075
              ],
              [
                35.4739399,
                50.7851814
              ],
              [
                35.4623381,
                50.783119
              ],
              [
                35.4507369,
                50.782792
              ],
              [
                35.4347603,
                50.7924683
              ],
              [
                35.4332372,
                50.7945317
              ],
              [
                35.4161128,
                50.7984414
              ],
              [
                35.4115648,
                50.8024082
              ],
              [
                35.4101511,
                50.8058122
              ],
              [
                35.413787,
                50.8167469
              ],
              [
                35.4201812,
                50.8295974
              ],
              [
                35.4197499,
                50.8416223
              ],
              [
                35.4112467,
                50.8568402
              ],
              [
                35.4032158,
                50.8652066
              ],
              [
                35.3973111,
                50.8641888
              ],
              [
                35.3903763,
                50.865771
              ],
              [
                35.3927742,
                50.8394811
              ],
              [
                35.3988303,
                50.8358585
              ],
              [
                35.3953329,
                50.8172889
              ],
              [
                35.3786917,
                50.8075476
              ],
              [
                35.3822974,
                50.7996292
              ],
              [
                35.394227,
                50.79187
              ],
              [
                35.3937989,
                50.7812626
              ],
              [
                35.4155463,
                50.7589082
              ],
              [
                35.4200652,
                50.7404511
              ],
              [
                35.411514,
                50.7408178
              ],
              [
                35.4046798,
                50.7372732
              ],
              [
                35.4086922,
                50.7310531
              ],
              [
                35.4226826,
                50.7273588
              ],
              [
                35.4319522,
                50.719154
              ],
              [
                35.4236266,
                50.7077953
              ],
              [
                35.4065464,
                50.7026312
              ],
              [
                35.4012677,
                50.6985535
              ],
              [
                35.4059455,
                50.6883867
              ],
              [
                35.4138419,
                50.6789785
              ],
              [
                35.4175887,
                50.6720306
              ],
              [
                35.417559,
                50.6636675
              ],
              [
                35.4094913,
                50.6554793
              ],
              [
                35.4292475,
                50.6557391
              ],
              [
                35.4627362,
                50.6663084
              ],
              [
                35.4856807,
                50.6558358
              ],
              [
                35.4892589,
                50.6586512
              ],
              [
                35.4869284,
                50.6706136
              ],
              [
                35.4964908,
                50.6786614
              ],
              [
                35.4755222,
                50.6813802
              ],
              [
                35.4725777,
                50.6801819
              ],
              [
                35.4642241,
                50.6844819
              ],
              [
                35.4593024,
                50.6894341
              ],
              [
                35.4637851,
                50.6938738
              ],
              [
                35.4605235,
                50.6967553
              ],
              [
                35.4621543,
                50.7028441
              ],
              [
                35.4596652,
                50.7045292
              ],
              [
                35.4626693,
                50.7081167
              ],
              [
                35.4665317,
                50.7084972
              ],
              [
                35.4675616,
                50.7164865
              ],
              [
                35.4730548,
                50.7252895
              ]
            ]
          ],
          [
            [
              [
                35.3510305,
                51.0061708
              ],
              [
                35.3580257,
                51.0053606
              ],
              [
                35.36854,
                51.0085741
              ],
              [
                35.3749772,
                51.0087901
              ],
              [
                35.3754922,
                51.0120302
              ],
              [
                35.350258,
                51.0110582
              ],
              [
                35.3484127,
                51.0091815
              ],
              [
                35.3510305,
                51.0061708
              ]
            ]
          ],
          [
            [
              [
                37.432518,
                50.443688
              ],
              [
                37.4404727,
                50.4335986
              ],
              [
                37.4624306,
                50.4189023
              ],
              [
                37.4654945,
                50.4308721
              ],
              [
                37.4841668,
                50.4313827
              ],
              [
                37.484493,
                50.445003
              ],
              [
                37.490915,
                50.457394
              ],
              [
                37.476859,
                50.459505
              ],
              [
                37.473266,
                50.455697
              ],
              [
                37.469072,
                50.453555
              ],
              [
                37.4424897,
                50.4470187
              ],
              [
                37.432518,
                50.443688
              ]
            ]
          ],
          [
            [
              [
                34.2970749,
                51.7169533
              ],
              [
                34.2991777,
                51.7121007
              ],
              [
                34.3009707,
                51.7120983
              ],
              [
                34.3037172,
                51.7166186
              ],
              [
                34.3090484,
                51.7201572
              ],
              [
                34.3051,
                51.7214599
              ],
              [
                34.303212,
                51.7238259
              ],
              [
                34.2997142,
                51.7236863
              ],
              [
                34.2970749,
                51.7169533
              ]
            ]
          ],
          [
            [
              [
                34.3559759,
                51.8608179
              ],
              [
                34.3535726,
                51.8556759
              ],
              [
                34.3481653,
                51.8516468
              ],
              [
                34.3459337,
                51.8424208
              ],
              [
                34.3597107,
                51.8420109
              ],
              [
                34.3719414,
                51.8373571
              ],
              [
                34.3792361,
                51.8398223
              ],
              [
                34.3792361,
                51.8440647
              ],
              [
                34.369517,
                51.8450012
              ],
              [
                34.3671138,
                51.8487129
              ],
              [
                34.3676287,
                51.8521061
              ],
              [
                34.3628222,
                51.855181
              ],
              [
                34.3638522,
                51.8580436
              ],
              [
                34.3559759,
                51.8608179
              ]
            ]
          ],
          [
            [
              [
                34.4061823,
                51.2686798
              ],
              [
                34.4009037,
                51.2709621
              ],
              [
                34.3836947,
                51.2737812
              ],
              [
                34.3790598,
                51.2705593
              ],
              [
                34.385583,
                51.2594422
              ],
              [
                34.4030066,
                51.2648131
              ],
              [
                34.4061823,
                51.2686798
              ]
            ]
          ],
          [
            [
              [
                36.1983428,
                50.391406
              ],
              [
                36.2013254,
                50.3892445
              ],
              [
                36.2075812,
                50.3914754
              ],
              [
                36.1989123,
                50.4002846
              ],
              [
                36.1897284,
                50.3984791
              ],
              [
                36.1876685,
                50.3943208
              ],
              [
                36.1917884,
                50.390381
              ],
              [
                36.1983428,
                50.391406
              ]
            ]
          ],
          [
            [
              [
                35.3454315,
                50.9327806
              ],
              [
                35.3439858,
                50.9354808
              ],
              [
                35.3394501,
                50.9341781
              ],
              [
                35.3331252,
                50.9344934
              ],
              [
                35.331799,
                50.9300868
              ],
              [
                35.3340778,
                50.9276273
              ],
              [
                35.3409683,
                50.9245577
              ],
              [
                35.3456264,
                50.9255997
              ],
              [
                35.3471943,
                50.9198782
              ],
              [
                35.354599,
                50.9161034
              ],
              [
                35.3627173,
                50.9197551
              ],
              [
                35.3767521,
                50.9195643
              ],
              [
                35.3888609,
                50.9147995
              ],
              [
                35.4005445,
                50.9147915
              ],
              [
                35.3928049,
                50.9192164
              ],
              [
                35.3930469,
                50.9246962
              ],
              [
                35.3875975,
                50.9236282
              ],
              [
                35.3736289,
                50.9234186
              ],
              [
                35.3659145,
                50.9260185
              ],
              [
                35.3726191,
                50.9324592
              ],
              [
                35.3643201,
                50.9325809
              ],
              [
                35.3549054,
                50.931079
              ],
              [
                35.3533421,
                50.9322748
              ],
              [
                35.3503772,
                50.9317566
              ],
              [
                35.347752,
                50.9319373
              ],
              [
                35.3483661,
                50.9328495
              ],
              [
                35.3454315,
                50.9327806
              ]
            ]
          ],
          [
            [
              [
                37.0804141,
                50.3474233
              ],
              [
                37.0808896,
                50.3394776
              ],
              [
                37.0751195,
                50.3385725
              ],
              [
                37.0731263,
                50.3358047
              ],
              [
                37.0760596,
                50.3321779
              ],
              [
                37.0831985,
                50.3334258
              ],
              [
                37.0834722,
                50.3476026
              ],
              [
                37.0804141,
                50.3474233
              ]
            ]
          ],
          [
            [
              [
                36.2303407,
                50.3717829
              ],
              [
                36.2190902,
                50.3649557
              ],
              [
                36.2238491,
                50.358275
              ],
              [
                36.241996,
                50.358383
              ],
              [
                36.2329557,
                50.3642512
              ],
              [
                36.2303407,
                50.3717829
              ]
            ]
          ],
          [
            [
              [
                37.1383816,
                50.3609458
              ],
              [
                37.1433612,
                50.3458564
              ],
              [
                37.1629631,
                50.3519389
              ],
              [
                37.1803359,
                50.3631659
              ],
              [
                37.1491147,
                50.3558986
              ],
              [
                37.1383816,
                50.3609458
              ]
            ]
          ],
          [
            [
              [
                35.3279976,
                51.0711103
              ],
              [
                35.3258518,
                51.0741304
              ],
              [
                35.3279976,
                51.0770425
              ],
              [
                35.3123764,
                51.0773121
              ],
              [
                35.3116898,
                51.078768
              ],
              [
                35.3043083,
                51.0788759
              ],
              [
                35.3031925,
                51.0774739
              ],
              [
                35.304995,
                51.0762875
              ],
              [
                35.3037933,
                51.0742383
              ],
              [
                35.2868929,
                51.0675402
              ],
              [
                35.2952961,
                51.0634513
              ],
              [
                35.3056816,
                51.0621567
              ],
              [
                35.3215603,
                51.0669573
              ],
              [
                35.3279976,
                51.0711103
              ]
            ]
          ]
        ]
      },
      "properties": {
        "categoria": "post-2022",
        "sourceLayer": "DeepState — controllo russo consolidato, normalizzato"
      }
    },
    {
      "type": "Feature",
      "geometry": {
        "type": "MultiPolygon",
        "coordinates": [
          [
            [
              [
                37.7738057,
                48.5114247
              ],
              [
                37.7689367,
                48.5183957
              ],
              [
                37.7708795,
                48.5223588
              ],
              [
                37.7599005,
                48.5334162
              ],
              [
                37.7464985,
                48.5324416
              ],
              [
                37.7473749,
                48.53467
              ],
              [
                37.7520889,
                48.538956
              ],
              [
                37.7702587,
                48.543597
              ],
              [
                37.7944234,
                48.5386169
              ],
              [
                37.8224309,
                48.5461133
              ],
              [
                37.8361527,
                48.5524221
              ],
              [
                37.8288448,
                48.561656
              ],
              [
                37.8361572,
                48.5663592
              ],
              [
                37.8342009,
                48.5683928
              ],
              [
                37.8330671,
                48.5726621
              ],
              [
                37.8363967,
                48.5754542
              ],
              [
                37.837734,
                48.578143
              ],
              [
                37.8344,
                48.578295
              ],
              [
                37.832281,
                48.580757
              ],
              [
                37.82467,
                48.581572
              ],
              [
                37.820656,
                48.584733
              ],
              [
                37.821106,
                48.58816
              ],
              [
                37.818144,
                48.590592
              ],
              [
                37.817543,
                48.593017
              ],
              [
                37.7844991,
                48.5890699
              ],
              [
                37.7834333,
                48.5956317
              ],
              [
                37.7862183,
                48.5962532
              ],
              [
                37.7868576,
                48.5973856
              ],
              [
                37.7834153,
                48.5973231
              ],
              [
                37.782024,
                48.599128
              ],
              [
                37.761837,
                48.6024541
              ],
              [
                37.7583948,
                48.6156084
              ],
              [
                37.7631059,
                48.6192294
              ],
              [
                37.7764591,
                48.619809
              ],
              [
                37.7880016,
                48.623531
              ],
              [
                37.7846667,
                48.633513
              ],
              [
                37.8006656,
                48.6438688
              ],
              [
                37.7979665,
                48.6576765
              ],
              [
                37.816494,
                48.6629965
              ],
              [
                37.8196025,
                48.668918
              ],
              [
                37.8190211,
                48.6782683
              ],
              [
                37.8074496,
                48.6866832
              ],
              [
                37.8109084,
                48.6895801
              ],
              [
                37.8271207,
                48.6871643
              ],
              [
                37.8300488,
                48.6905227
              ],
              [
                37.8285789,
                48.6970991
              ],
              [
                37.8288733,
                48.7007551
              ],
              [
                37.8103715,
                48.7089722
              ],
              [
                37.8171211,
                48.7191435
              ],
              [
                37.8192761,
                48.7184223
              ],
              [
                37.8154232,
                48.7093198
              ],
              [
                37.8251582,
                48.7054151
              ],
              [
                37.8339516,
                48.7064018
              ],
              [
                37.8441603,
                48.7044542
              ],
              [
                37.8504163,
                48.7014926
              ],
              [
                37.8538874,
                48.6983404
              ],
              [
                37.8629361,
                48.701533
              ],
              [
                37.8667073,
                48.706449
              ],
              [
                37.8515724,
                48.711177
              ],
              [
                37.8392975,
                48.7177311
              ],
              [
                37.8353494,
                48.7214951
              ],
              [
                37.8304572,
                48.7235601
              ],
              [
                37.8306289,
                48.7282595
              ],
              [
                37.8334403,
                48.7313315
              ],
              [
                37.8311869,
                48.7341205
              ],
              [
                37.8214667,
                48.7377868
              ],
              [
                37.8205005,
                48.7397547
              ],
              [
                37.843373,
                48.7312481
              ],
              [
                37.8478764,
                48.7343687
              ],
              [
                37.870225,
                48.726057
              ],
              [
                37.8789578,
                48.729889
              ],
              [
                37.8809997,
                48.7330919
              ],
              [
                37.876957,
                48.7408441
              ],
              [
                37.8614679,
                48.7395644
              ],
              [
                37.8510632,
                48.7424338
              ],
              [
                37.8475246,
                48.7453028
              ],
              [
                37.8510041,
                48.7479563
              ],
              [
                37.8627242,
                48.752251
              ],
              [
                37.8589623,
                48.7539796
              ],
              [
                37.8545345,
                48.75142
              ],
              [
                37.8487339,
                48.7504447
              ],
              [
                37.8383345,
                48.7506438
              ],
              [
                37.8347017,
                48.7520603
              ],
              [
                37.8444301,
                48.7544414
              ],
              [
                37.8368502,
                48.7622598
              ],
              [
                37.8332599,
                48.7626565
              ],
              [
                37.8320727,
                48.7655426
              ],
              [
                37.8389682,
                48.764865
              ],
              [
                37.8515569,
                48.758191
              ],
              [
                37.8585387,
                48.7565548
              ],
              [
                37.8635928,
                48.7590934
              ],
              [
                37.869124,
                48.7594006
              ],
              [
                37.8799761,
                48.757727
              ],
              [
                37.8904079,
                48.7613725
              ],
              [
                37.8946624,
                48.7717736
              ],
              [
                37.8808293,
                48.7792463
              ],
              [
                37.8713942,
                48.77989
              ],
              [
                37.8706277,
                48.7820605
              ],
              [
                37.8726938,
                48.7826475
              ],
              [
                37.8812829,
                48.7812549
              ],
              [
                37.8910919,
                48.7782862
              ],
              [
                37.8995604,
                48.7713413
              ],
              [
                37.921347,
                48.7692917
              ],
              [
                37.9392927,
                48.7640687
              ],
              [
                37.9633526,
                48.7669418
              ],
              [
                37.9510482,
                48.7813993
              ],
              [
                37.9567649,
                48.7974547
              ],
              [
                37.9535218,
                48.8002309
              ],
              [
                37.9555482,
                48.8097311
              ],
              [
                37.9503602,
                48.8134014
              ],
              [
                37.9551826,
                48.8218588
              ],
              [
                37.9553543,
                48.826549
              ],
              [
                37.9525966,
                48.8428017
              ],
              [
                37.9409579,
                48.8438852
              ],
              [
                37.9301752,
                48.8403833
              ],
              [
                37.9166468,
                48.8398176
              ],
              [
                37.9071624,
                48.8330371
              ],
              [
                37.8938581,
                48.8373308
              ],
              [
                37.9017949,
                48.8443964
              ],
              [
                37.9001855,
                48.8498495
              ],
              [
                37.9070199,
                48.8528587
              ],
              [
                37.910422,
                48.8591431
              ],
              [
                37.9083825,
                48.8625545
              ],
              [
                37.9101195,
                48.865966
              ],
              [
                37.9165489,
                48.8719308
              ],
              [
                37.9149421,
                48.875648
              ],
              [
                37.9269365,
                48.8854383
              ],
              [
                37.9315117,
                48.8909146
              ],
              [
                37.9322546,
                48.898336
              ],
              [
                37.9299934,
                48.9005092
              ],
              [
                37.9370505,
                48.9087543
              ],
              [
                37.9404422,
                48.9187692
              ],
              [
                37.9661973,
                48.9378116
              ],
              [
                37.9653286,
                48.9419142
              ],
              [
                37.9537381,
                48.9459549
              ],
              [
                37.9502394,
                48.9407359
              ],
              [
                37.9357549,
                48.941323
              ],
              [
                37.933803,
                48.9368311
              ],
              [
                37.935628,
                48.9273212
              ],
              [
                37.930705,
                48.9150088
              ],
              [
                37.9192613,
                48.9123972
              ],
              [
                37.8816009,
                48.9299537
              ],
              [
                37.8789452,
                48.9514532
              ],
              [
                37.8829035,
                48.9599471
              ],
              [
                37.9247142,
                48.9659619
              ],
              [
                37.9669839,
                48.9697606
              ],
              [
                37.96838,
                48.976538
              ],
              [
                37.965441,
                48.98459
              ],
              [
                37.96544144361397,
                48.98459008049791
              ],
              [
                37.9654414,
                48.9845902
              ],
              [
                37.9758289,
                48.986475
              ],
              [
                37.98063973058412,
                48.989903250533494
              ],
              [
                37.967442,
                49.002176
              ],
              [
                37.956422,
                49.009206
              ],
              [
                37.945692,
                49.009082
              ],
              [
                37.940453,
                49.013688
              ],
              [
                37.938389,
                49.019295
              ],
              [
                37.94156,
                49.019807
              ],
              [
                37.940268,
                49.023416
              ],
              [
                37.951235,
                49.024341
              ],
              [
                37.961283,
                49.033357
              ],
              [
                37.95489,
                49.038881
              ],
              [
                37.966102,
                49.048272
              ],
              [
                37.968105,
                49.060994
              ],
              [
                37.955772,
                49.067824
              ],
              [
                37.935568,
                49.073383
              ],
              [
                37.917712,
                49.081798
              ],
              [
                37.900901,
                49.081013
              ],
              [
                37.883844,
                49.077528
              ],
              [
                37.869523,
                49.071161
              ],
              [
                37.866655,
                49.072194
              ],
              [
                37.86619,
                49.074126
              ],
              [
                37.8608946,
                49.0814076
              ],
              [
                37.8399829,
                49.0784861
              ],
              [
                37.8203985,
                49.0698701
              ],
              [
                37.783585,
                49.071062
              ],
              [
                37.747419,
                49.0631634
              ],
              [
                37.7220394,
                49.0648366
              ],
              [
                37.7130459,
                49.0691004
              ],
              [
                37.720738,
                49.082395
              ],
              [
                37.721734951455005,
                49.08837870863262
              ],
              [
                37.714678965160665,
                49.088788763654655
              ],
              [
                37.706926,
                49.089239
              ],
              [
                37.6839874,
                49.0942648
              ],
              [
                37.6818175,
                49.0970408
              ],
              [
                37.714108,
                49.102253
              ],
              [
                37.715115,
                49.1071085
              ],
              [
                37.703824,
                49.110266
              ],
              [
                37.6964577,
                49.1050632
              ],
              [
                37.6784489,
                49.1053093
              ],
              [
                37.6789513,
                49.1176016
              ],
              [
                37.6886444,
                49.1282404
              ],
              [
                37.7003972,
                49.1302842
              ],
              [
                37.7095327,
                49.1268678
              ],
              [
                37.7240818,
                49.1332643
              ],
              [
                37.7472985,
                49.1297186
              ],
              [
                37.7536,
                49.136166
              ],
              [
                37.747495,
                49.137986
              ],
              [
                37.745681,
                49.142893
              ],
              [
                37.74892,
                49.14743
              ],
              [
                37.764481,
                49.163179
              ],
              [
                37.7638464,
                49.1668115
              ],
              [
                37.7500095,
                49.174491
              ],
              [
                37.749046,
                49.178692
              ],
              [
                37.755336,
                49.181574
              ],
              [
                37.759911,
                49.185634
              ],
              [
                37.776544,
                49.182906
              ],
              [
                37.783937,
                49.188134
              ],
              [
                37.79455,
                49.185673
              ],
              [
                37.794786,
                49.183885
              ],
              [
                37.805966,
                49.180848
              ],
              [
                37.814419,
                49.185799
              ],
              [
                37.839223,
                49.186051
              ],
              [
                37.842278,
                49.1906
              ],
              [
                37.8839,
                49.192806
              ],
              [
                37.892682,
                49.200398
              ],
              [
                37.88074,
                49.208092
              ],
              [
                37.883474,
                49.213581
              ],
              [
                37.884149,
                49.220472
              ],
              [
                37.878299,
                49.221606
              ],
              [
                37.876396,
                49.226102
              ],
              [
                37.895111,
                49.226009
              ],
              [
                37.898306,
                49.224458
              ],
              [
                37.91873,
                49.226813
              ],
              [
                37.915586,
                49.242748
              ],
              [
                37.919478,
                49.245847
              ],
              [
                37.935564,
                49.239305
              ],
              [
                37.9510069,
                49.2363778
              ],
              [
                37.9564918,
                49.2402874
              ],
              [
                37.9491714,
                49.2417166
              ],
              [
                37.9502621,
                49.2441543
              ],
              [
                37.953817,
                49.2454436
              ],
              [
                37.9500332,
                49.2466768
              ],
              [
                37.9500259,
                49.2479101
              ],
              [
                37.9559195,
                49.2482486
              ],
              [
                37.9670076,
                49.2438865
              ],
              [
                37.997876,
                49.252128
              ],
              [
                38.009803,
                49.261509
              ],
              [
                38.014016,
                49.268431
              ],
              [
                38.006727,
                49.273896
              ],
              [
                38.012922,
                49.285051
              ],
              [
                38.008788,
                49.28801
              ],
              [
                38.002595,
                49.288282
              ],
              [
                37.999277,
                49.28581
              ],
              [
                37.997847,
                49.283115
              ],
              [
                37.98938,
                49.283586
              ],
              [
                37.983734,
                49.28089
              ],
              [
                37.967716,
                49.286555
              ],
              [
                37.962008,
                49.303265
              ],
              [
                37.969614,
                49.303038
              ],
              [
                37.969378,
                49.311145
              ],
              [
                37.961584,
                49.311489
              ],
              [
                37.961857,
                49.317318
              ],
              [
                37.966392,
                49.322245
              ],
              [
                37.964944,
                49.332475
              ],
              [
                37.962823,
                49.334169
              ],
              [
                37.957295,
                49.334845
              ],
              [
                37.950047,
                49.337701
              ],
              [
                37.941789,
                49.338838
              ],
              [
                37.942329,
                49.341848
              ],
              [
                37.941177,
                49.344568
              ],
              [
                37.943867,
                49.346904
              ],
              [
                37.941921,
                49.349687
              ],
              [
                37.947628,
                49.351399
              ],
              [
                37.949573,
                49.353118
              ],
              [
                37.954308,
                49.361588
              ],
              [
                37.949072,
                49.362706
              ],
              [
                37.938519,
                49.379198
              ],
              [
                37.93251,
                49.38069
              ],
              [
                37.916074,
                49.378557
              ],
              [
                37.916373,
                49.382798
              ],
              [
                37.890612,
                49.382054
              ],
              [
                37.875647,
                49.377602
              ],
              [
                37.86223,
                49.380416
              ],
              [
                37.847139,
                49.381273
              ],
              [
                37.846639,
                49.386656
              ],
              [
                37.829959,
                49.401199
              ],
              [
                37.82396,
                49.394644
              ],
              [
                37.815689,
                49.390963
              ],
              [
                37.768932,
                49.405279
              ],
              [
                37.7645106,
                49.3973763
              ],
              [
                37.7115087,
                49.4170643
              ],
              [
                37.684216,
                49.4121845
              ],
              [
                37.6767368,
                49.4212577
              ],
              [
                37.7084009,
                49.4307764
              ],
              [
                37.7125011,
                49.4417663
              ],
              [
                37.7432773,
                49.4599297
              ],
              [
                37.7579254,
                49.4579104
              ],
              [
                37.7717094,
                49.4682359
              ],
              [
                37.7783498,
                49.4823508
              ],
              [
                37.7435195,
                49.4910765
              ],
              [
                37.728931,
                49.501997
              ],
              [
                37.733753,
                49.510818
              ],
              [
                37.723574,
                49.514624
              ],
              [
                37.713266,
                49.513489
              ],
              [
                37.706303,
                49.507389
              ],
              [
                37.697626,
                49.502403
              ],
              [
                37.695034,
                49.502686
              ],
              [
                37.696716,
                49.508826
              ],
              [
                37.700764,
                49.514862
              ],
              [
                37.696968,
                49.525332
              ],
              [
                37.692828,
                49.526886
              ],
              [
                37.695323,
                49.530318
              ],
              [
                37.696021,
                49.541136
              ],
              [
                37.70085,
                49.544334
              ],
              [
                37.701752,
                49.552933
              ],
              [
                37.715368,
                49.556361
              ],
              [
                37.731829,
                49.557172
              ],
              [
                37.759603,
                49.556177
              ],
              [
                37.760668,
                49.559201
              ],
              [
                37.753838,
                49.56178
              ],
              [
                37.753832,
                49.563496
              ],
              [
                37.761252,
                49.569586
              ],
              [
                37.77057,
                49.572138
              ],
              [
                37.772164,
                49.574912
              ],
              [
                37.79249,
                49.580292
              ],
              [
                37.796328,
                49.590543
              ],
              [
                37.790625,
                49.592201
              ],
              [
                37.790894,
                49.594665
              ],
              [
                37.804075,
                49.594326
              ],
              [
                37.803024,
                49.603214
              ],
              [
                37.789024,
                49.603152
              ],
              [
                37.787941,
                49.607704
              ],
              [
                37.808735,
                49.607885
              ],
              [
                37.8166923,
                49.6149658
              ],
              [
                37.810056,
                49.6241761
              ],
              [
                37.7989986,
                49.6273681
              ],
              [
                37.8012187,
                49.6408989
              ],
              [
                37.7782176,
                49.6426777
              ],
              [
                37.7784403,
                49.6513703
              ],
              [
                37.7701087,
                49.6542929
              ],
              [
                37.7699749,
                49.6572755
              ],
              [
                37.7727358,
                49.6577081
              ],
              [
                37.7778114,
                49.6731791
              ],
              [
                37.7708693,
                49.6892205
              ],
              [
                37.7756004,
                49.6953775
              ],
              [
                37.7695729,
                49.7040325
              ],
              [
                37.7768543,
                49.7327184
              ],
              [
                37.7494416,
                49.7414791
              ],
              [
                37.733444,
                49.740142
              ],
              [
                37.7192914,
                49.7369807
              ],
              [
                37.700727,
                49.7369691
              ],
              [
                37.6746149,
                49.7547544
              ],
              [
                37.6691991,
                49.7517112
              ],
              [
                37.6620531,
                49.7516757
              ],
              [
                37.6557653,
                49.7530816
              ],
              [
                37.6466529,
                49.7588812
              ],
              [
                37.6381151,
                49.7738941
              ],
              [
                37.6232738,
                49.7767237
              ],
              [
                37.611246,
                49.78401
              ],
              [
                37.612197,
                49.79171
              ],
              [
                37.605703,
                49.795738
              ],
              [
                37.605246,
                49.802153
              ],
              [
                37.600134,
                49.80926
              ],
              [
                37.600514,
                49.811768
              ],
              [
                37.609756,
                49.815873
              ],
              [
                37.617078,
                49.824791
              ],
              [
                37.628233,
                49.828063
              ],
              [
                37.633392,
                49.840982
              ],
              [
                37.632287,
                49.850879
              ],
              [
                37.634142,
                49.851668
              ],
              [
                37.647909,
                49.851347
              ],
              [
                37.647907,
                49.857949
              ],
              [
                37.63646,
                49.862767
              ],
              [
                37.640691,
                49.868973
              ],
              [
                37.65001,
                49.871535
              ],
              [
                37.649624,
                49.890778
              ],
              [
                37.655369,
                49.889578
              ],
              [
                37.663524,
                49.882537
              ],
              [
                37.677931,
                49.882439
              ],
              [
                37.682886,
                49.888812
              ],
              [
                37.694024,
                49.891022
              ],
              [
                37.696636,
                49.89027
              ],
              [
                37.70199,
                49.890135
              ],
              [
                37.732928,
                49.900517
              ],
              [
                37.738516,
                49.897712
              ],
              [
                37.744348,
                49.900549
              ],
              [
                37.749238,
                49.908269
              ],
              [
                37.747178,
                49.91257
              ],
              [
                37.753528,
                49.913556
              ],
              [
                37.76859,
                49.912578
              ],
              [
                37.771121,
                49.913478
              ],
              [
                37.775018,
                49.921524
              ],
              [
                37.773713,
                49.929327
              ],
              [
                37.752736,
                49.93996
              ],
              [
                37.748912,
                49.953199
              ],
              [
                37.734898,
                49.95601
              ],
              [
                37.727291,
                49.961004
              ],
              [
                37.734732,
                49.966041
              ],
              [
                37.75069,
                49.972173
              ],
              [
                37.761756,
                49.969747
              ],
              [
                37.768273,
                49.979852
              ],
              [
                37.775992,
                49.982118
              ],
              [
                37.7804197,
                49.993807
              ],
              [
                37.7784475,
                50.0057746
              ],
              [
                37.7756265,
                50.0226981
              ],
              [
                37.764934,
                50.0389538
              ],
              [
                37.7631735,
                50.0400768
              ],
              [
                37.7624942,
                50.0504253
              ],
              [
                37.7699218,
                50.0547732
              ],
              [
                37.7682598,
                50.0580093
              ],
              [
                37.7631645,
                50.0615758
              ],
              [
                37.7580371,
                50.0636944
              ],
              [
                37.7581438,
                50.0658
              ],
              [
                37.7623754,
                50.0667488
              ],
              [
                37.7628568,
                50.0689224
              ],
              [
                37.751458,
                50.0702956
              ],
              [
                37.7416187,
                50.0692409
              ],
              [
                37.7322256,
                50.0728064
              ],
              [
                37.7331311,
                50.0801181
              ],
              [
                37.7232675,
                50.0824024
              ],
              [
                37.7169277,
                50.0858695
              ],
              [
                37.7069926,
                50.0866344
              ],
              [
                37.7088078,
                50.0905767
              ],
              [
                37.6990433,
                50.0933948
              ],
              [
                37.6891233,
                50.0919803
              ],
              [
                37.6855701,
                50.09044
              ],
              [
                37.6809715,
                50.0909977
              ],
              [
                37.6762369,
                50.0879259
              ],
              [
                37.6720905,
                50.0826595
              ],
              [
                37.6635078,
                50.0995096
              ],
              [
                37.6653963,
                50.1009414
              ],
              [
                37.6621347,
                50.1079881
              ],
              [
                37.656813,
                50.116574
              ],
              [
                37.6509762,
                50.1189414
              ],
              [
                37.6565558,
                50.1285712
              ],
              [
                37.6617049,
                50.1316527
              ],
              [
                37.663164,
                50.1401243
              ],
              [
                37.6528645,
                50.1448553
              ],
              [
                37.647028,
                50.1424351
              ],
              [
                37.6364713,
                50.1403441
              ],
              [
                37.626944,
                50.137374
              ],
              [
                37.617846,
                50.137814
              ],
              [
                37.6035117,
                50.1484849
              ],
              [
                37.604885,
                50.159264
              ],
              [
                37.615614,
                50.165312
              ],
              [
                37.62763,
                50.167402
              ],
              [
                37.626257,
                50.176417
              ],
              [
                37.639132,
                50.178726
              ],
              [
                37.639847,
                50.181424
              ],
              [
                37.614861,
                50.178036
              ],
              [
                37.60279,
                50.167464
              ],
              [
                37.5945072,
                50.1518309
              ],
              [
                37.598865,
                50.1477397
              ],
              [
                37.600773,
                50.137281
              ],
              [
                37.612229,
                50.13034
              ],
              [
                37.6284447,
                50.1321176
              ],
              [
                37.6432717,
                50.1363722
              ],
              [
                37.6483517,
                50.1410936
              ],
              [
                37.6578438,
                50.1377879
              ],
              [
                37.6549761,
                50.1318418
              ],
              [
                37.6471805,
                50.1266604
              ],
              [
                37.6496851,
                50.1224694
              ],
              [
                37.6450024,
                50.1186537
              ],
              [
                37.649604,
                50.111127
              ],
              [
                37.6556012,
                50.0933352
              ],
              [
                37.6715642,
                50.0772197
              ],
              [
                37.684517,
                50.0788407
              ],
              [
                37.6892921,
                50.0837878
              ],
              [
                37.7020507,
                50.0864761
              ],
              [
                37.7213925,
                50.0789072
              ],
              [
                37.729174,
                50.071146
              ],
              [
                37.726324,
                50.068878
              ],
              [
                37.7363536,
                50.0653945
              ],
              [
                37.7471445,
                50.0656977
              ],
              [
                37.7580788,
                50.0568235
              ],
              [
                37.7528215,
                50.0516387
              ],
              [
                37.7572989,
                50.0313233
              ],
              [
                37.7669154,
                50.0208659
              ],
              [
                37.7656588,
                50.0051126
              ],
              [
                37.7593581,
                49.9909979
              ],
              [
                37.741427,
                49.970256
              ],
              [
                37.723481,
                49.964117
              ],
              [
                37.726825,
                49.95469
              ],
              [
                37.744289,
                49.949866
              ],
              [
                37.753285,
                49.929935
              ],
              [
                37.759997,
                49.926
              ],
              [
                37.755638,
                49.920631
              ],
              [
                37.745617,
                49.91625
              ],
              [
                37.737906,
                49.903005
              ],
              [
                37.729163,
                49.901427
              ],
              [
                37.720493,
                49.90261
              ],
              [
                37.710149,
                49.902345
              ],
              [
                37.709912,
                49.896518
              ],
              [
                37.701435,
                49.894755
              ],
              [
                37.681256,
                49.89759
              ],
              [
                37.671273,
                49.885082
              ],
              [
                37.663166,
                49.891862
              ],
              [
                37.644603,
                49.892198
              ],
              [
                37.644494,
                49.872124
              ],
              [
                37.633314,
                49.871547
              ],
              [
                37.627162,
                49.863371
              ],
              [
                37.620242,
                49.831936
              ],
              [
                37.616135,
                49.83053
              ],
              [
                37.610638,
                49.82416
              ],
              [
                37.606386,
                49.826107
              ],
              [
                37.597208,
                49.826494
              ],
              [
                37.592846,
                49.822236
              ],
              [
                37.59202,
                49.810838
              ],
              [
                37.594148,
                49.797455
              ],
              [
                37.589094,
                49.789718
              ],
              [
                37.6129042,
                49.7770229
              ],
              [
                37.6211396,
                49.7740164
              ],
              [
                37.6249691,
                49.7717753
              ],
              [
                37.6249692,
                49.7615191
              ],
              [
                37.628317,
                49.7565282
              ],
              [
                37.6216966,
                49.7492823
              ],
              [
                37.6268228,
                49.7417393
              ],
              [
                37.619943,
                49.73697
              ],
              [
                37.6240903,
                49.7282187
              ],
              [
                37.6201562,
                49.7257847
              ],
              [
                37.6165154,
                49.7257605
              ],
              [
                37.6150203,
                49.7272898
              ],
              [
                37.6023832,
                49.7254305
              ],
              [
                37.5931655,
                49.7204694
              ],
              [
                37.6008585,
                49.7161458
              ],
              [
                37.6096735,
                49.7125747
              ],
              [
                37.6095143,
                49.7095109
              ],
              [
                37.6168622,
                49.7098785
              ],
              [
                37.6219251,
                49.708671
              ],
              [
                37.6237334,
                49.714144
              ],
              [
                37.623658,
                49.7208424
              ],
              [
                37.6341256,
                49.7382572
              ],
              [
                37.6498743,
                49.7507249
              ],
              [
                37.654653,
                49.751657
              ],
              [
                37.6619124,
                49.7472127
              ],
              [
                37.6731106,
                49.7443801
              ],
              [
                37.6851327,
                49.7395451
              ],
              [
                37.6871229,
                49.7317233
              ],
              [
                37.7028104,
                49.7209199
              ],
              [
                37.7223094,
                49.7195513
              ],
              [
                37.7308234,
                49.7255058
              ],
              [
                37.7580617,
                49.7209233
              ],
              [
                37.7408699,
                49.6953195
              ],
              [
                37.7403095,
                49.6843409
              ],
              [
                37.759313,
                49.6793585
              ],
              [
                37.7591599,
                49.6660646
              ],
              [
                37.7360941,
                49.6630318
              ],
              [
                37.6946207,
                49.6716898
              ],
              [
                37.6773475,
                49.6702324
              ],
              [
                37.6645325,
                49.6622853
              ],
              [
                37.6642504,
                49.6575601
              ],
              [
                37.6916641,
                49.6613325
              ],
              [
                37.7071795,
                49.6580984
              ],
              [
                37.6984734,
                49.6344566
              ],
              [
                37.6986339,
                49.6315746
              ],
              [
                37.7042874,
                49.6322504
              ],
              [
                37.7372311,
                49.6527197
              ],
              [
                37.7565296,
                49.6472726
              ],
              [
                37.7678424,
                49.6391533
              ],
              [
                37.7866012,
                49.6390858
              ],
              [
                37.7882815,
                49.6285082
              ],
              [
                37.7856169,
                49.6254598
              ],
              [
                37.791781,
                49.611058
              ],
              [
                37.776128,
                49.605085
              ],
              [
                37.78271,
                49.597044
              ],
              [
                37.770143,
                49.573801
              ],
              [
                37.760918,
                49.571969
              ],
              [
                37.739396,
                49.572306
              ],
              [
                37.723184,
                49.565966
              ],
              [
                37.713214,
                49.563771
              ],
              [
                37.707792,
                49.560963
              ],
              [
                37.701465,
                49.559861
              ],
              [
                37.699033,
                49.556859
              ],
              [
                37.692556,
                49.542023
              ],
              [
                37.69053,
                49.526754
              ],
              [
                37.693722,
                49.512905
              ],
              [
                37.690427,
                49.501074
              ],
              [
                37.696588,
                49.498335
              ],
              [
                37.710562,
                49.506967
              ],
              [
                37.71964,
                49.507401
              ],
              [
                37.723474,
                49.492968
              ],
              [
                37.7422374,
                49.4800924
              ],
              [
                37.751935,
                49.4713033
              ],
              [
                37.7366809,
                49.4636252
              ],
              [
                37.6850251,
                49.4669086
              ],
              [
                37.6614262,
                49.4465151
              ],
              [
                37.6513219,
                49.4396275
              ],
              [
                37.666622,
                49.4191209
              ],
              [
                37.6779749,
                49.4080459
              ],
              [
                37.7109544,
                49.4130493
              ],
              [
                37.7655493,
                49.3953382
              ],
              [
                37.7694306,
                49.4003537
              ],
              [
                37.814782,
                49.384433
              ],
              [
                37.84331,
                49.38449
              ],
              [
                37.843661,
                49.372868
              ],
              [
                37.853662,
                49.370241
              ],
              [
                37.857654,
                49.370409
              ],
              [
                37.862893,
                49.372979
              ],
              [
                37.874924,
                49.372197
              ],
              [
                37.902268,
                49.375326
              ],
              [
                37.908238,
                49.371913
              ],
              [
                37.929778,
                49.376402
              ],
              [
                37.934023,
                49.374131
              ],
              [
                37.935199,
                49.370826
              ],
              [
                37.938992,
                49.369784
              ],
              [
                37.935243,
                49.36184
              ],
              [
                37.94581,
                49.361937
              ],
              [
                37.949442,
                49.359486
              ],
              [
                37.949033,
                49.357045
              ],
              [
                37.936281,
                49.34811
              ],
              [
                37.936248,
                49.344945
              ],
              [
                37.941002,
                49.335679
              ],
              [
                37.946512,
                49.3337
              ],
              [
                37.957687,
                49.332292
              ],
              [
                37.961284,
                49.329427
              ],
              [
                37.961914,
                49.322194
              ],
              [
                37.957845,
                49.317449
              ],
              [
                37.959013,
                49.311026
              ],
              [
                37.955726,
                49.302584
              ],
              [
                37.949093,
                49.302465
              ],
              [
                37.949082,
                49.299019
              ],
              [
                37.956642,
                49.286681
              ],
              [
                37.972763,
                49.276573
              ],
              [
                37.98164,
                49.279834
              ],
              [
                37.993373,
                49.279225
              ],
              [
                37.997265,
                49.281103
              ],
              [
                38.00273,
                49.280419
              ],
              [
                38.003059,
                49.282344
              ],
              [
                38.00592,
                49.284274
              ],
              [
                38.007708,
                49.283992
              ],
              [
                38.008605,
                49.281031
              ],
              [
                37.999282,
                49.269851
              ],
              [
                38.006649,
                49.265902
              ],
              [
                37.993996,
                49.256464
              ],
              [
                37.9832,
                49.257987
              ],
              [
                37.974464,
                49.256484
              ],
              [
                37.9696888,
                49.2508738
              ],
              [
                37.9435413,
                49.2505301
              ],
              [
                37.934856,
                49.246172
              ],
              [
                37.918025,
                49.248896
              ],
              [
                37.911384,
                49.244321
              ],
              [
                37.913841,
                49.228596
              ],
              [
                37.88615,
                49.230819
              ],
              [
                37.87403,
                49.227311
              ],
              [
                37.87531,
                49.221353
              ],
              [
                37.880908,
                49.21741
              ],
              [
                37.874873,
                49.205245
              ],
              [
                37.884114,
                49.201147
              ],
              [
                37.883657,
                49.196095
              ],
              [
                37.865991,
                49.198138
              ],
              [
                37.851759,
                49.197487
              ],
              [
                37.836973,
                49.20173
              ],
              [
                37.806265,
                49.203982
              ],
              [
                37.77901,
                49.210822
              ],
              [
                37.771324,
                49.203977
              ],
              [
                37.800585,
                49.194774
              ],
              [
                37.812294,
                49.186468
              ],
              [
                37.805704,
                49.181754
              ],
              [
                37.795972,
                49.184165
              ],
              [
                37.796255,
                49.186043
              ],
              [
                37.783406,
                49.188819
              ],
              [
                37.776945,
                49.183698
              ],
              [
                37.759846,
                49.18666
              ],
              [
                37.754069,
                49.182456
              ],
              [
                37.746763,
                49.178811
              ],
              [
                37.7452961,
                49.1707599
              ],
              [
                37.76123,
                49.162937
              ],
              [
                37.750486,
                49.15421
              ],
              [
                37.747388,
                49.147149
              ],
              [
                37.74131,
                49.140806
              ],
              [
                37.745097,
                49.137323
              ],
              [
                37.745165,
                49.134192
              ],
              [
                37.7410466,
                49.1321328
              ],
              [
                37.7226363,
                49.134989
              ],
              [
                37.7163289,
                49.1308804
              ],
              [
                37.6986477,
                49.1367112
              ],
              [
                37.6808834,
                49.1270976
              ],
              [
                37.6729482,
                49.114513
              ],
              [
                37.6758028,
                49.1007745
              ],
              [
                37.680884,
                49.0915408
              ],
              [
                37.6874258,
                49.0874358
              ],
              [
                37.7095367,
                49.0855519
              ],
              [
                37.716627,
                49.0871531
              ],
              [
                37.71306,
                49.079168
              ],
              [
                37.7060963,
                49.0682547
              ],
              [
                37.7053929,
                49.0593557
              ],
              [
                37.7255964,
                49.0483269
              ],
              [
                37.7315781,
                49.0520369
              ],
              [
                37.7272603,
                49.0586718
              ],
              [
                37.756338,
                49.060232
              ],
              [
                37.781019,
                49.065942
              ],
              [
                37.8210429,
                49.0659738
              ],
              [
                37.8408763,
                49.0731336
              ],
              [
                37.856155,
                49.074966
              ],
              [
                37.8686,
                49.06818
              ],
              [
                37.890314,
                49.075562
              ],
              [
                37.913369,
                49.078324
              ],
              [
                37.918429,
                49.071037
              ],
              [
                37.936457,
                49.056052
              ],
              [
                37.939205,
                49.049626
              ],
              [
                37.919981,
                49.040808
              ],
              [
                37.91526,
                49.035048
              ],
              [
                37.918909,
                49.025077
              ],
              [
                37.8597928,
                49.0182889
              ],
              [
                37.8468586,
                49.0240407
              ],
              [
                37.837014,
                49.0194348
              ],
              [
                37.8537172,
                49.0059445
              ],
              [
                37.9173282,
                49.0046278
              ],
              [
                37.9199287,
                48.9830795
              ],
              [
                37.8908546,
                48.9822552
              ],
              [
                37.8791218,
                48.9748926
              ],
              [
                37.8649036,
                48.9724882
              ],
              [
                37.8368577,
                48.9711694
              ],
              [
                37.8410988,
                48.9689486
              ],
              [
                37.8488942,
                48.9683382
              ],
              [
                37.8539832,
                48.9646572
              ],
              [
                37.8604697,
                48.9557719
              ],
              [
                37.8705467,
                48.9512797
              ],
              [
                37.861652,
                48.9408098
              ],
              [
                37.8442347,
                48.92487
              ],
              [
                37.8442415,
                48.9115211
              ],
              [
                37.8801558,
                48.90441
              ],
              [
                37.902432,
                48.8991602
              ],
              [
                37.9161388,
                48.8975402
              ],
              [
                37.9120854,
                48.8878266
              ],
              [
                37.903653,
                48.884807
              ],
              [
                37.899683,
                48.887912
              ],
              [
                37.894621,
                48.888816
              ],
              [
                37.889696,
                48.886751
              ],
              [
                37.883162,
                48.885913
              ],
              [
                37.882264,
                48.88515
              ],
              [
                37.882761,
                48.882511
              ],
              [
                37.884674,
                48.8811
              ],
              [
                37.884206,
                48.879011
              ],
              [
                37.8802,
                48.877317
              ],
              [
                37.873813,
                48.877204
              ],
              [
                37.8920192,
                48.8622332
              ],
              [
                37.8885803,
                48.8538056
              ],
              [
                37.8711483,
                48.8465522
              ],
              [
                37.8435938,
                48.842621
              ],
              [
                37.8354563,
                48.8492069
              ],
              [
                37.8326397,
                48.8475461
              ],
              [
                37.8354069,
                48.8368405
              ],
              [
                37.8307263,
                48.8292254
              ],
              [
                37.8347986,
                48.8185687
              ],
              [
                37.8324532,
                48.8166821
              ],
              [
                37.8575708,
                48.8064295
              ],
              [
                37.8742782,
                48.8011504
              ],
              [
                37.8846328,
                48.8017491
              ],
              [
                37.8965469,
                48.8014641
              ],
              [
                37.8914655,
                48.7945077
              ],
              [
                37.9055251,
                48.7901226
              ],
              [
                37.8933943,
                48.7845583
              ],
              [
                37.8710779,
                48.789325
              ],
              [
                37.8594053,
                48.7836604
              ],
              [
                37.8545134,
                48.7708166
              ],
              [
                37.8460587,
                48.7678743
              ],
              [
                37.8274223,
                48.7690627
              ],
              [
                37.8185282,
                48.762047
              ],
              [
                37.8270037,
                48.7582556
              ],
              [
                37.817495,
                48.7573846
              ],
              [
                37.8082199,
                48.7601094
              ],
              [
                37.8146126,
                48.7680885
              ],
              [
                37.8119076,
                48.7705234
              ],
              [
                37.8042656,
                48.7621548
              ],
              [
                37.7945605,
                48.7670853
              ],
              [
                37.7927518,
                48.7629635
              ],
              [
                37.8054002,
                48.7532005
              ],
              [
                37.8020836,
                48.7481907
              ],
              [
                37.8035329,
                48.7419921
              ],
              [
                37.7939998,
                48.7396851
              ],
              [
                37.7906472,
                48.7371512
              ],
              [
                37.810392,
                48.7319166
              ],
              [
                37.8142047,
                48.7215249
              ],
              [
                37.7925662,
                48.7235421
              ],
              [
                37.7719574,
                48.722158
              ],
              [
                37.7750434,
                48.7163995
              ],
              [
                37.7952945,
                48.7174352
              ],
              [
                37.8059278,
                48.7154296
              ],
              [
                37.806578,
                48.7101271
              ],
              [
                37.7989365,
                48.6940061
              ],
              [
                37.8096645,
                48.6802276
              ],
              [
                37.811807,
                48.6723028
              ],
              [
                37.7907403,
                48.6572094
              ],
              [
                37.7913051,
                48.6495162
              ],
              [
                37.7819024,
                48.6447567
              ],
              [
                37.7741891,
                48.6332167
              ],
              [
                37.7826119,
                48.6265549
              ],
              [
                37.7785837,
                48.6235806
              ],
              [
                37.7528914,
                48.6204931
              ],
              [
                37.7454405,
                48.6080071
              ],
              [
                37.7487315,
                48.5992637
              ],
              [
                37.7787421,
                48.5939242
              ],
              [
                37.7765813,
                48.5873279
              ],
              [
                37.7777827,
                48.5802588
              ],
              [
                37.7909142,
                48.5806986
              ],
              [
                37.7951206,
                48.5868162
              ],
              [
                37.8040242,
                48.5891611
              ],
              [
                37.808794,
                48.586617
              ],
              [
                37.813714,
                48.586386
              ],
              [
                37.815831,
                48.582636
              ],
              [
                37.82151,
                48.57971
              ],
              [
                37.8135964,
                48.5774767
              ],
              [
                37.8207944,
                48.570221
              ],
              [
                37.8245567,
                48.5700798
              ],
              [
                37.8216478,
                48.5617316
              ],
              [
                37.8159215,
                48.5501703
              ],
              [
                37.8014959,
                48.5453616
              ],
              [
                37.7902476,
                48.5448714
              ],
              [
                37.7531445,
                48.5495908
              ],
              [
                37.7460751,
                48.558775
              ],
              [
                37.737974,
                48.5604598
              ],
              [
                37.7208893,
                48.5554763
              ],
              [
                37.7132503,
                48.5617579
              ],
              [
                37.7054375,
                48.5580404
              ],
              [
                37.7032036,
                48.5457762
              ],
              [
                37.6977519,
                48.543014
              ],
              [
                37.716373,
                48.5352161
              ],
              [
                37.7280856,
                48.5351806
              ],
              [
                37.7381617,
                48.5310342
              ],
              [
                37.7353891,
                48.528222
              ],
              [
                37.7365647,
                48.5252962
              ],
              [
                37.7429225,
                48.5303122
              ],
              [
                37.7475634,
                48.5258356
              ],
              [
                37.7421668,
                48.5200649
              ],
              [
                37.7184947,
                48.5159425
              ],
              [
                37.7040951,
                48.5156892
              ],
              [
                37.6842912,
                48.5197557
              ],
              [
                37.6836035,
                48.5214164
              ],
              [
                37.6904916,
                48.5272862
              ],
              [
                37.6839311,
                48.5337555
              ],
              [
                37.6797734,
                48.5311305
              ],
              [
                37.6783251,
                48.5254252
              ],
              [
                37.6728531,
                48.5294758
              ],
              [
                37.671501,
                48.5260232
              ],
              [
                37.675878,
                48.5170433
              ],
              [
                37.6630026,
                48.5145495
              ],
              [
                37.6467187,
                48.5079231
              ],
              [
                37.6407346,
                48.5208132
              ],
              [
                37.6254791,
                48.5155091
              ],
              [
                37.62799,
                48.4988878
              ],
              [
                37.6129947,
                48.4946616
              ],
              [
                37.6112257,
                48.4890452
              ],
              [
                37.6254517,
                48.482989
              ],
              [
                37.6301311,
                48.4743035
              ],
              [
                37.6269702,
                48.4689246
              ],
              [
                37.6135143,
                48.4662666
              ],
              [
                37.610048,
                48.47831
              ],
              [
                37.6043317,
                48.4850469
              ],
              [
                37.5968991,
                48.4765358
              ],
              [
                37.6067532,
                48.4698682
              ],
              [
                37.5993062,
                48.4604937
              ],
              [
                37.5750923,
                48.4503748
              ],
              [
                37.530983,
                48.448522
              ],
              [
                37.5100541,
                48.4571884
              ],
              [
                37.4813813,
                48.4706271
              ],
              [
                37.4690325,
                48.4919878
              ],
              [
                37.4435462,
                48.495796
              ],
              [
                37.4381478,
                48.4921499
              ],
              [
                37.42263,
                48.496074
              ],
              [
                37.4165504,
                48.4930904
              ],
              [
                37.3841031,
                48.5016006
              ],
              [
                37.3656838,
                48.5022795
              ],
              [
                37.3523037,
                48.4786336
              ],
              [
                37.3471827,
                48.473211
              ],
              [
                37.3393595,
                48.4721198
              ],
              [
                37.3327268,
                48.4787429
              ],
              [
                37.3169985,
                48.483451
              ],
              [
                37.3162906,
                48.4889549
              ],
              [
                37.3055233,
                48.487631
              ],
              [
                37.2633857,
                48.4763909
              ],
              [
                37.2652128,
                48.4741448
              ],
              [
                37.2649575,
                48.4662751
              ],
              [
                37.2531407,
                48.4659473
              ],
              [
                37.2502787,
                48.4651778
              ],
              [
                37.2473007,
                48.4702397
              ],
              [
                37.2327627,
                48.4700045
              ],
              [
                37.2319744,
                48.460045
              ],
              [
                37.2247277,
                48.4523392
              ],
              [
                37.2310425,
                48.4407624
              ],
              [
                37.2137538,
                48.4361634
              ],
              [
                37.2075565,
                48.4428873
              ],
              [
                37.2029035,
                48.4416395
              ],
              [
                37.2016957,
                48.4373995
              ],
              [
                37.1918187,
                48.4384547
              ],
              [
                37.1902611,
                48.436465
              ],
              [
                37.204312,
                48.4333971
              ],
              [
                37.2076942,
                48.422933
              ],
              [
                37.1987012,
                48.4171776
              ],
              [
                37.1995986,
                48.4139547
              ],
              [
                37.2228075,
                48.414484
              ],
              [
                37.2118136,
                48.3948175
              ],
              [
                37.1886387,
                48.392592
              ],
              [
                37.1949237,
                48.3759591
              ],
              [
                37.1733751,
                48.3795573
              ],
              [
                37.1747792,
                48.3704843
              ],
              [
                37.1792752,
                48.3608994
              ],
              [
                37.1775751,
                48.3600131
              ],
              [
                37.17621,
                48.3548077
              ],
              [
                37.1810404,
                48.3512776
              ],
              [
                37.1775372,
                48.3448717
              ],
              [
                37.1661955,
                48.346199
              ],
              [
                37.1606939,
                48.3661846
              ],
              [
                37.1503652,
                48.3726927
              ],
              [
                37.1245472,
                48.3825857
              ],
              [
                37.1133293,
                48.3876518
              ],
              [
                37.1101239,
                48.3844846
              ],
              [
                37.118591,
                48.3794931
              ],
              [
                37.1177852,
                48.3757164
              ],
              [
                37.1224556,
                48.3512541
              ],
              [
                37.1165187,
                48.3500029
              ],
              [
                37.1038227,
                48.3590958
              ],
              [
                37.1021628,
                48.36616
              ],
              [
                37.0935143,
                48.3784411
              ],
              [
                37.0828036,
                48.3781787
              ],
              [
                37.089194,
                48.3632849
              ],
              [
                37.0733072,
                48.3612078
              ],
              [
                37.0692025,
                48.3627795
              ],
              [
                37.0638925,
                48.3616163
              ],
              [
                37.0623317,
                48.3537552
              ],
              [
                37.0499638,
                48.3536168
              ],
              [
                37.0465518,
                48.3558459
              ],
              [
                37.0531227,
                48.362562
              ],
              [
                37.0499773,
                48.3757681
              ],
              [
                37.0468074,
                48.3753533
              ],
              [
                37.0483642,
                48.3683656
              ],
              [
                37.011381,
                48.3669704
              ],
              [
                37.0104121,
                48.3645305
              ],
              [
                37.0228685,
                48.3608545
              ],
              [
                37.0260541,
                48.3569499
              ],
              [
                37.0226615,
                48.351711
              ],
              [
                37.0302838,
                48.3409385
              ],
              [
                37.0352458,
                48.3316475
              ],
              [
                37.0462451,
                48.3203528
              ],
              [
                37.043345,
                48.3163059
              ],
              [
                37.0428502,
                48.30792
              ],
              [
                37.029055,
                48.2959128
              ],
              [
                36.998074,
                48.2805872
              ],
              [
                36.985762,
                48.2796198
              ],
              [
                36.9727213,
                48.2902461
              ],
              [
                36.9589909,
                48.2899623
              ],
              [
                36.9663755,
                48.2718575
              ],
              [
                36.9473036,
                48.2750283
              ],
              [
                36.935098,
                48.2724844
              ],
              [
                36.9424927,
                48.2643423
              ],
              [
                36.9567513,
                48.2600844
              ],
              [
                36.9665618,
                48.2549393
              ],
              [
                36.9689927,
                48.2439204
              ],
              [
                36.9588405,
                48.2419105
              ],
              [
                36.9489031,
                48.2447209
              ],
              [
                36.9142474,
                48.245587
              ],
              [
                36.9135766,
                48.2419722
              ],
              [
                36.9161849,
                48.2370173
              ],
              [
                36.9260463,
                48.2295404
              ],
              [
                36.9199332,
                48.2220702
              ],
              [
                36.9168248,
                48.2131917
              ],
              [
                36.9197712,
                48.2006342
              ],
              [
                36.925205,
                48.191393
              ],
              [
                36.924615,
                48.184537
              ],
              [
                36.919489,
                48.181091
              ],
              [
                36.9110995,
                48.1790763
              ],
              [
                36.9037544,
                48.1728468
              ],
              [
                36.8860968,
                48.1688318
              ],
              [
                36.899549,
                48.134183
              ],
              [
                36.8860351,
                48.1338274
              ],
              [
                36.889728,
                48.113227
              ],
              [
                36.8863733,
                48.1026195
              ],
              [
                36.8542833,
                48.0929889
              ],
              [
                36.845181,
                48.0929937
              ],
              [
                36.8299858,
                48.098566
              ],
              [
                36.8087898,
                48.1302127
              ],
              [
                36.7913182,
                48.136027
              ],
              [
                36.7831882,
                48.1376021
              ],
              [
                36.7719688,
                48.1272618
              ],
              [
                36.7613506,
                48.1305557
              ],
              [
                36.7514076,
                48.135138
              ],
              [
                36.742579,
                48.1346795
              ],
              [
                36.7401532,
                48.1299954
              ],
              [
                36.7490821,
                48.1173751
              ],
              [
                36.7417879,
                48.110483
              ],
              [
                36.7268576,
                48.0999046
              ],
              [
                36.7189666,
                48.0957403
              ],
              [
                36.7152144,
                48.1051513
              ],
              [
                36.7006158,
                48.1123095
              ],
              [
                36.6843866,
                48.1090936
              ],
              [
                36.6787795,
                48.0969445
              ],
              [
                36.6765871,
                48.0896905
              ],
              [
                36.6687765,
                48.0896905
              ],
              [
                36.6660299,
                48.0871678
              ],
              [
                36.6528978,
                48.0877411
              ],
              [
                36.6515245,
                48.0860784
              ],
              [
                36.6447871,
                48.0902352
              ],
              [
                36.6387358,
                48.0906077
              ],
              [
                36.6348734,
                48.0873971
              ],
              [
                36.6337576,
                48.0820647
              ],
              [
                36.6177072,
                48.0765598
              ],
              [
                36.620285,
                48.073034
              ],
              [
                36.624837,
                48.0702964
              ],
              [
                36.6219757,
                48.0652883
              ],
              [
                36.6201138,
                48.0562353
              ],
              [
                36.6169451,
                48.052067
              ],
              [
                36.621072,
                48.034531
              ],
              [
                36.6149859,
                48.0329712
              ],
              [
                36.612361,
                48.01887
              ],
              [
                36.617989,
                48.001574
              ],
              [
                36.5925906,
                48.0005687
              ],
              [
                36.5870567,
                47.9987963
              ],
              [
                36.5904494,
                47.995186
              ],
              [
                36.623667,
                47.989112
              ],
              [
                36.6188719,
                47.9783766
              ],
              [
                36.6046954,
                47.9721317
              ],
              [
                36.618827,
                47.962732
              ],
              [
                36.593034,
                47.958488
              ],
              [
                36.5734189,
                47.9778092
              ],
              [
                36.5622122,
                47.9707513
              ],
              [
                36.5462665,
                47.9754105
              ],
              [
                36.533754,
                47.970874
              ],
              [
                36.530105,
                47.965724
              ],
              [
                36.532218,
                47.96168
              ],
              [
                36.5467938,
                47.9625087
              ],
              [
                36.5463647,
                47.9675236
              ],
              [
                36.550314,
                47.968013
              ],
              [
                36.551173,
                47.9614043
              ],
              [
                36.5638779,
                47.9580695
              ],
              [
                36.5550373,
                47.9433529
              ],
              [
                36.5428495,
                47.9362805
              ],
              [
                36.5381287,
                47.9275969
              ],
              [
                36.5115212,
                47.9214427
              ],
              [
                36.5005048,
                47.9255445
              ],
              [
                36.4924767,
                47.9235013
              ],
              [
                36.4853609,
                47.9177878
              ],
              [
                36.453527,
                47.916328
              ],
              [
                36.4560374,
                47.896725
              ],
              [
                36.4033715,
                47.8904188
              ],
              [
                36.3781472,
                47.884037
              ],
              [
                36.3432041,
                47.8846379
              ],
              [
                36.3316073,
                47.8831619
              ],
              [
                36.3111684,
                47.88019
              ],
              [
                36.3048995,
                47.8756558
              ],
              [
                36.2817538,
                47.8760677
              ],
              [
                36.2407207,
                47.8846835
              ],
              [
                36.233161,
                47.8738391
              ],
              [
                36.2329763,
                47.8611306
              ],
              [
                36.2417186,
                47.8527965
              ],
              [
                36.2685702,
                47.8533313
              ],
              [
                36.2830025,
                47.8480805
              ],
              [
                36.289244,
                47.808387
              ],
              [
                36.264705,
                47.8099415
              ],
              [
                36.2084673,
                47.8115079
              ],
              [
                36.1961306,
                47.8028123
              ],
              [
                36.1582064,
                47.812087
              ],
              [
                36.1444825,
                47.8280937
              ],
              [
                36.1256181,
                47.8232131
              ],
              [
                36.1274332,
                47.80836
              ],
              [
                36.1691532,
                47.7829991
              ],
              [
                36.1614874,
                47.7773606
              ],
              [
                36.1689468,
                47.7660876
              ],
              [
                36.1645669,
                47.7653519
              ],
              [
                36.1659822,
                47.7498947
              ],
              [
                36.1430214,
                47.746843
              ],
              [
                36.1273481,
                47.7398252
              ],
              [
                36.1301821,
                47.7241878
              ],
              [
                36.1264778,
                47.7089973
              ],
              [
                36.1349853,
                47.6992196
              ],
              [
                36.1238371,
                47.6915785
              ],
              [
                36.1374077,
                47.6845112
              ],
              [
                36.1461984,
                47.6704597
              ],
              [
                36.1386926,
                47.6601878
              ],
              [
                36.1376368,
                47.6560606
              ],
              [
                36.1202731,
                47.6554019
              ],
              [
                36.1181097,
                47.6473325
              ],
              [
                36.125182,
                47.6380638
              ],
              [
                36.1261027,
                47.6288433
              ],
              [
                36.1018141,
                47.6223425
              ],
              [
                36.0791559,
                47.6080511
              ],
              [
                36.082356,
                47.592317
              ],
              [
                36.0676218,
                47.5855499
              ],
              [
                36.0401532,
                47.5850221
              ],
              [
                36.0377524,
                47.5759575
              ],
              [
                36.0483955,
                47.5562382
              ],
              [
                36.057075,
                47.537115
              ],
              [
                36.034005,
                47.532602
              ],
              [
                36.021299,
                47.526801
              ],
              [
                36.0049425,
                47.5309661
              ],
              [
                35.9891004,
                47.5311884
              ],
              [
                35.9735728,
                47.5272646
              ],
              [
                35.966768,
                47.5231218
              ],
              [
                35.9510656,
                47.5291893
              ],
              [
                35.9396937,
                47.5362492
              ],
              [
                35.9269468,
                47.5362964
              ],
              [
                35.912106,
                47.5273193
              ],
              [
                35.9032024,
                47.5289574
              ],
              [
                35.9021524,
                47.5268572
              ],
              [
                35.9124548,
                47.5242507
              ],
              [
                35.9344298,
                47.5204559
              ],
              [
                35.93649,
                47.514805
              ],
              [
                35.927564,
                47.501528
              ],
              [
                35.916712,
                47.495457
              ],
              [
                35.914422,
                47.487795
              ],
              [
                35.891493,
                47.477653
              ],
              [
                35.839104,
                47.480344
              ],
              [
                35.82707,
                47.486131
              ],
              [
                35.81246,
                47.484956
              ],
              [
                35.799415,
                47.48026
              ],
              [
                35.797483,
                47.491193
              ],
              [
                35.776928,
                47.490931
              ],
              [
                35.740898,
                47.492205
              ],
              [
                35.737339,
                47.503048
              ],
              [
                35.720042,
                47.515514
              ],
              [
                35.692865,
                47.52342
              ],
              [
                35.674118,
                47.519805
              ],
              [
                35.650152,
                47.512245
              ],
              [
                35.632248,
                47.516686
              ],
              [
                35.610172,
                47.512113
              ],
              [
                35.608242,
                47.527894
              ],
              [
                35.596226,
                47.540875
              ],
              [
                35.582977,
                47.551259
              ],
              [
                35.559492,
                47.552853
              ],
              [
                35.559809,
                47.55529
              ],
              [
                35.542487,
                47.553111
              ],
              [
                35.531475,
                47.550872
              ],
              [
                35.5054868,
                47.551685
              ],
              [
                35.5036471,
                47.5701889
              ],
              [
                35.5067851,
                47.5860809
              ],
              [
                35.4770138,
                47.584224
              ],
              [
                35.4465148,
                47.5664903
              ],
              [
                35.4239056,
                47.5666365
              ],
              [
                35.4086302,
                47.5777697
              ],
              [
                35.4313682,
                47.5908487
              ],
              [
                35.4472439,
                47.6056625
              ],
              [
                35.4336583,
                47.6050245
              ],
              [
                35.4269836,
                47.6067025
              ],
              [
                35.4117008,
                47.6062373
              ],
              [
                35.396395,
                47.593953
              ],
              [
                35.3903724,
                47.5867035
              ],
              [
                35.3829034,
                47.5881169
              ],
              [
                35.3763788,
                47.5957528
              ],
              [
                35.3594765,
                47.6028867
              ],
              [
                35.3599704,
                47.6093535
              ],
              [
                35.3547776,
                47.6107712
              ],
              [
                35.3459789,
                47.6082825
              ],
              [
                35.3350366,
                47.6144743
              ],
              [
                35.3379548,
                47.6175987
              ],
              [
                35.3143513,
                47.6273176
              ],
              [
                35.3001704,
                47.6268912
              ],
              [
                35.2978679,
                47.6296413
              ],
              [
                35.2787392,
                47.6301934
              ],
              [
                35.2797956,
                47.6085017
              ],
              [
                35.2915404,
                47.5914302
              ],
              [
                35.2885782,
                47.5832813
              ],
              [
                35.2929988,
                47.5768685
              ],
              [
                35.3041126,
                47.5731187
              ],
              [
                35.3155244,
                47.5710778
              ],
              [
                35.3217849,
                47.5649826
              ],
              [
                35.32742104681049,
                47.564003179133906
              ],
              [
                35.3264064,
                47.5675318
              ],
              [
                35.3430822,
                47.5695712
              ],
              [
                35.3490717,
                47.5715656
              ],
              [
                35.346688,
                47.5778414
              ],
              [
                35.3764828,
                47.5791657
              ],
              [
                35.3779304,
                47.5656904
              ],
              [
                35.3909219,
                47.5653014
              ],
              [
                35.3912449,
                47.5670367
              ],
              [
                35.4025112,
                47.5671823
              ],
              [
                35.4032206,
                47.55864
              ],
              [
                35.397757,
                47.546647
              ],
              [
                35.397308,
                47.540278
              ],
              [
                35.402973,
                47.537641
              ],
              [
                35.419282,
                47.535041
              ],
              [
                35.431521,
                47.537583
              ],
              [
                35.449143,
                47.542409
              ],
              [
                35.460844,
                47.540686
              ],
              [
                35.48561,
                47.544909
              ],
              [
                35.486299,
                47.547351
              ],
              [
                35.488364,
                47.547775
              ],
              [
                35.493777,
                47.545417
              ],
              [
                35.494554,
                47.544102
              ],
              [
                35.504532,
                47.544173
              ],
              [
                35.504748,
                47.546631
              ],
              [
                35.50827,
                47.546912
              ],
              [
                35.509647,
                47.544231
              ],
              [
                35.5361804,
                47.5462177
              ],
              [
                35.5372545,
                47.5436815
              ],
              [
                35.5549371,
                47.5445062
              ],
              [
                35.571915,
                47.538567
              ],
              [
                35.590302,
                47.528366
              ],
              [
                35.592551,
                47.519323
              ],
              [
                35.613134,
                47.504301
              ],
              [
                35.616157,
                47.504308
              ],
              [
                35.616503,
                47.506237
              ],
              [
                35.621182,
                47.507665
              ],
              [
                35.623629,
                47.505846
              ],
              [
                35.636935,
                47.510964
              ],
              [
                35.640841,
                47.507493
              ],
              [
                35.632903,
                47.502978
              ],
              [
                35.634628,
                47.500488
              ],
              [
                35.654663,
                47.500962
              ],
              [
                35.670484,
                47.502209
              ],
              [
                35.687063,
                47.509761
              ],
              [
                35.699524,
                47.506848
              ],
              [
                35.711504,
                47.505541
              ],
              [
                35.71853,
                47.494788
              ],
              [
                35.731603,
                47.490714
              ],
              [
                35.746391,
                47.489885
              ],
              [
                35.745142,
                47.486822
              ],
              [
                35.782257,
                47.485668
              ],
              [
                35.790682,
                47.480885
              ],
              [
                35.799375,
                47.473519
              ],
              [
                35.8180819,
                47.4695855
              ],
              [
                35.8421098,
                47.4709894
              ],
              [
                35.896111,
                47.46596
              ],
              [
                35.911615,
                47.468917
              ],
              [
                35.921493,
                47.475232
              ],
              [
                35.924055,
                47.494728
              ],
              [
                35.932591,
                47.493496
              ],
              [
                35.941642,
                47.493887
              ],
              [
                35.940888,
                47.511993
              ],
              [
                35.9361973,
                47.523303
              ],
              [
                35.9367705,
                47.5271607
              ],
              [
                35.9432371,
                47.5301327
              ],
              [
                35.9497032,
                47.5235996
              ],
              [
                35.967959,
                47.517566
              ],
              [
                35.9896768,
                47.5145181
              ],
              [
                35.9921425,
                47.5232359
              ],
              [
                35.9944477,
                47.5256521
              ],
              [
                35.9987761,
                47.5257009
              ],
              [
                36.020784,
                47.515904
              ],
              [
                36.03001,
                47.522289
              ],
              [
                36.031684,
                47.526124
              ],
              [
                36.0652477,
                47.5268356
              ],
              [
                36.0725324,
                47.5505458
              ],
              [
                36.0638173,
                47.5528682
              ],
              [
                36.0641989,
                47.5622572
              ],
              [
                36.0816972,
                47.5705533
              ],
              [
                36.0896737,
                47.5819769
              ],
              [
                36.0944037,
                47.5859266
              ],
              [
                36.1084888,
                47.5847812
              ],
              [
                36.108522,
                47.5899233
              ],
              [
                36.123919,
                47.5918809
              ],
              [
                36.1295879,
                47.6029352
              ],
              [
                36.1239917,
                47.6112924
              ],
              [
                36.1514322,
                47.6195619
              ],
              [
                36.1667148,
                47.6291201
              ],
              [
                36.1827927,
                47.6331433
              ],
              [
                36.1948236,
                47.6371212
              ],
              [
                36.2038627,
                47.6435461
              ],
              [
                36.2023186,
                47.6483531
              ],
              [
                36.1955505,
                47.6577624
              ],
              [
                36.1798788,
                47.6579929
              ],
              [
                36.1719299,
                47.6694344
              ],
              [
                36.1978262,
                47.6779656
              ],
              [
                36.2009385,
                47.6847235
              ],
              [
                36.191303,
                47.6957891
              ],
              [
                36.1850134,
                47.6975529
              ],
              [
                36.1582209,
                47.7011062
              ],
              [
                36.1528827,
                47.7110106
              ],
              [
                36.1756821,
                47.7143031
              ],
              [
                36.1900673,
                47.7198484
              ],
              [
                36.1989626,
                47.7287417
              ],
              [
                36.1950496,
                47.7534615
              ],
              [
                36.1919642,
                47.7577277
              ],
              [
                36.190595,
                47.7631479
              ],
              [
                36.2022769,
                47.7651024
              ],
              [
                36.2105582,
                47.778573
              ],
              [
                36.2350828,
                47.7875784
              ],
              [
                36.2714438,
                47.7862815
              ],
              [
                36.3058253,
                47.7914323
              ],
              [
                36.3029098,
                47.8029842
              ],
              [
                36.3088025,
                47.8206876
              ],
              [
                36.3225617,
                47.8273624
              ],
              [
                36.3459712,
                47.8304978
              ],
              [
                36.406937,
                47.8300996
              ],
              [
                36.4551076,
                47.8245888
              ],
              [
                36.4928655,
                47.848131
              ],
              [
                36.5398998,
                47.8515073
              ],
              [
                36.5725294,
                47.861645
              ],
              [
                36.5794467,
                47.8738505
              ],
              [
                36.5740216,
                47.8965362
              ],
              [
                36.6289303,
                47.9037367
              ],
              [
                36.6293006,
                47.9210586
              ],
              [
                36.6087873,
                47.9232987
              ],
              [
                36.6103433,
                47.9264769
              ],
              [
                36.626654,
                47.9369646
              ],
              [
                36.630145,
                47.950712
              ],
              [
                36.62885,
                47.957946
              ],
              [
                36.6471236,
                47.9604942
              ],
              [
                36.646786,
                47.964472
              ],
              [
                36.643816,
                47.970748
              ],
              [
                36.638286,
                47.971599
              ],
              [
                36.63507,
                47.980337
              ],
              [
                36.6623135,
                48.0008002
              ],
              [
                36.6652849,
                48.0065672
              ],
              [
                36.6721151,
                48.0125089
              ],
              [
                36.6839741,
                48.0192811
              ],
              [
                36.6988631,
                48.0261797
              ],
              [
                36.7043335,
                48.037781
              ],
              [
                36.7066244,
                48.0535143
              ],
              [
                36.7144251,
                48.0673156
              ],
              [
                36.7253999,
                48.0790274
              ],
              [
                36.715523,
                48.084652
              ],
              [
                36.7200233,
                48.0876422
              ],
              [
                36.7274939,
                48.0899266
              ],
              [
                36.7445348,
                48.086535
              ],
              [
                36.7492692,
                48.0831164
              ],
              [
                36.7457506,
                48.0790139
              ],
              [
                36.7690225,
                48.0753965
              ],
              [
                36.8058453,
                48.0595327
              ],
              [
                36.8262628,
                48.0699393
              ],
              [
                36.8379785,
                48.0715742
              ],
              [
                36.8377426,
                48.077782
              ],
              [
                36.863429,
                48.0819825
              ],
              [
                36.8762401,
                48.0833377
              ],
              [
                36.893159,
                48.0873839
              ],
              [
                36.8926943,
                48.0951177
              ],
              [
                36.9015266,
                48.0977944
              ],
              [
                36.90497,
                48.103836
              ],
              [
                36.903059,
                48.113533
              ],
              [
                36.915912,
                48.113831
              ],
              [
                36.912218,
                48.129688
              ],
              [
                36.904532,
                48.134801
              ],
              [
                36.90663,
                48.139399
              ],
              [
                36.907008,
                48.164655
              ],
              [
                36.915983,
                48.166689
              ],
              [
                36.93585,
                48.18601
              ],
              [
                36.9307287,
                48.1962499
              ],
              [
                36.9272081,
                48.2200985
              ],
              [
                36.9515909,
                48.2205983
              ],
              [
                36.9518286,
                48.2361167
              ],
              [
                36.9420816,
                48.2376173
              ],
              [
                36.9419454,
                48.239804
              ],
              [
                36.9709934,
                48.2384455
              ],
              [
                36.972917,
                48.2456616
              ],
              [
                36.9816539,
                48.2488557
              ],
              [
                36.9806418,
                48.2580633
              ],
              [
                36.9874519,
                48.2591455
              ],
              [
                36.9883384,
                48.262913
              ],
              [
                36.9954488,
                48.263395
              ],
              [
                37.0030738,
                48.2609053
              ],
              [
                37.0088197,
                48.2610535
              ],
              [
                37.0104538,
                48.2597782
              ],
              [
                37.012517,
                48.2599323
              ],
              [
                37.018077,
                48.241751
              ],
              [
                37.03835,
                48.244378
              ],
              [
                37.040486,
                48.246641
              ],
              [
                37.046332,
                48.249762
              ],
              [
                37.046086,
                48.252084
              ],
              [
                37.0511652,
                48.2551443
              ],
              [
                37.0503241,
                48.2616321
              ],
              [
                37.05763,
                48.263759
              ],
              [
                37.0543796,
                48.2806922
              ],
              [
                37.103509,
                48.2870468
              ],
              [
                37.1023468,
                48.2958392
              ],
              [
                37.0878709,
                48.3024452
              ],
              [
                37.0862081,
                48.3125835
              ],
              [
                37.0620494,
                48.317819
              ],
              [
                37.0628164,
                48.3220158
              ],
              [
                37.0552574,
                48.3210748
              ],
              [
                37.0530131,
                48.3243291
              ],
              [
                37.0517849,
                48.3290114
              ],
              [
                37.04744,
                48.3286739
              ],
              [
                37.046701,
                48.3320179
              ],
              [
                37.0500964,
                48.3379842
              ],
              [
                37.0370108,
                48.3488568
              ],
              [
                37.0408354,
                48.3492325
              ],
              [
                37.0628539,
                48.3400232
              ],
              [
                37.067504,
                48.3427664
              ],
              [
                37.0684248,
                48.3513707
              ],
              [
                37.0706879,
                48.3517936
              ],
              [
                37.0729505,
                48.3485661
              ],
              [
                37.0862311,
                48.3468455
              ],
              [
                37.1061438,
                48.3399326
              ],
              [
                37.105154,
                48.3473726
              ],
              [
                37.1236288,
                48.3488393
              ],
              [
                37.1433039,
                48.3529272
              ],
              [
                37.1567985,
                48.3480681
              ],
              [
                37.1622447,
                48.3394898
              ],
              [
                37.1847258,
                48.336892
              ],
              [
                37.1986464,
                48.3394571
              ],
              [
                37.1979667,
                48.3443919
              ],
              [
                37.2044701,
                48.3454954
              ],
              [
                37.2063237,
                48.3486064
              ],
              [
                37.2059508,
                48.351889
              ],
              [
                37.2021871,
                48.35379
              ],
              [
                37.2018684,
                48.3559571
              ],
              [
                37.1939138,
                48.3605905
              ],
              [
                37.1954114,
                48.3650344
              ],
              [
                37.1995697,
                48.3683663
              ],
              [
                37.2022644,
                48.3679878
              ],
              [
                37.2088016,
                48.3639313
              ],
              [
                37.2195443,
                48.3680865
              ],
              [
                37.2210733,
                48.375499
              ],
              [
                37.2313653,
                48.3756701
              ],
              [
                37.2322155,
                48.3883252
              ],
              [
                37.2366071,
                48.3963001
              ],
              [
                37.2501967,
                48.3997856
              ],
              [
                37.249986,
                48.4080656
              ],
              [
                37.2569365,
                48.4101263
              ],
              [
                37.2565519,
                48.4133443
              ],
              [
                37.2471113,
                48.4136119
              ],
              [
                37.2408008,
                48.4164126
              ],
              [
                37.2367243,
                48.4194072
              ],
              [
                37.2263186,
                48.4209063
              ],
              [
                37.2244953,
                48.4246838
              ],
              [
                37.2357878,
                48.4262062
              ],
              [
                37.2481964,
                48.4258487
              ],
              [
                37.2436159,
                48.4293205
              ],
              [
                37.2589625,
                48.4428476
              ],
              [
                37.28728,
                48.4603713
              ],
              [
                37.3021728,
                48.4647581
              ],
              [
                37.3184403,
                48.4647047
              ],
              [
                37.3253956,
                48.4589055
              ],
              [
                37.3390921,
                48.4597018
              ],
              [
                37.3514275,
                48.4639111
              ],
              [
                37.3600317,
                48.4719619
              ],
              [
                37.3652901,
                48.4729231
              ],
              [
                37.3674132,
                48.4824313
              ],
              [
                37.3755561,
                48.484284
              ],
              [
                37.3751165,
                48.4889811
              ],
              [
                37.3806387,
                48.4933927
              ],
              [
                37.3883342,
                48.4913265
              ],
              [
                37.3956864,
                48.4858612
              ],
              [
                37.4189736,
                48.4832948
              ],
              [
                37.4446321,
                48.4847153
              ],
              [
                37.4461712,
                48.4906845
              ],
              [
                37.4519195,
                48.4847651
              ],
              [
                37.4660369,
                48.4792162
              ],
              [
                37.4614422,
                48.4736672
              ],
              [
                37.4740549,
                48.4590094
              ],
              [
                37.4813328,
                48.4567067
              ],
              [
                37.4913501,
                48.4511124
              ],
              [
                37.5088781,
                48.4448318
              ],
              [
                37.5244232,
                48.4452194
              ],
              [
                37.5870054,
                48.4441194
              ],
              [
                37.6045168,
                48.4422839
              ],
              [
                37.6120284,
                48.443395
              ],
              [
                37.63848,
                48.450629
              ],
              [
                37.6385185,
                48.4548211
              ],
              [
                37.6480769,
                48.4576413
              ],
              [
                37.6472135,
                48.4703363
              ],
              [
                37.6528788,
                48.4757154
              ],
              [
                37.6531355,
                48.4891182
              ],
              [
                37.6616769,
                48.4897887
              ],
              [
                37.6594888,
                48.4951865
              ],
              [
                37.6646924,
                48.5036842
              ],
              [
                37.6798524,
                48.4956879
              ],
              [
                37.6863436,
                48.4964505
              ],
              [
                37.6894875,
                48.4919232
              ],
              [
                37.7002034,
                48.4915001
              ],
              [
                37.7161531,
                48.4844196
              ],
              [
                37.7218038,
                48.4719987
              ],
              [
                37.7363148,
                48.4595642
              ],
              [
                37.7356191,
                48.454506
              ],
              [
                37.7756421,
                48.453371
              ],
              [
                37.784997,
                48.4493874
              ],
              [
                37.7849937,
                48.456736
              ],
              [
                37.7704062,
                48.4695172
              ],
              [
                37.7619519,
                48.4831088
              ],
              [
                37.7799668,
                48.4917466
              ],
              [
                37.7686224,
                48.5001496
              ],
              [
                37.7738057,
                48.5114247
              ]
            ]
          ],
          [
            [
              [
                33.19787,
                46.767502
              ],
              [
                33.1715628,
                46.7744748
              ],
              [
                33.154365,
                46.78076
              ],
              [
                33.144842,
                46.781667
              ],
              [
                33.130411,
                46.779007
              ],
              [
                33.092987,
                46.762763
              ],
              [
                33.067933,
                46.74898
              ],
              [
                33.047009,
                46.740602
              ],
              [
                33.032254,
                46.737421
              ],
              [
                33.009426,
                46.736215
              ],
              [
                32.983164,
                46.737828
              ],
              [
                32.959826,
                46.733988
              ],
              [
                32.936339,
                46.731475
              ],
              [
                32.912735,
                46.725828
              ],
              [
                32.893971,
                46.717421
              ],
              [
                32.871483,
                46.702413
              ],
              [
                32.839211,
                46.685576
              ],
              [
                32.824662,
                46.678657
              ],
              [
                32.8140584,
                46.6761637
              ],
              [
                32.7997278,
                46.6745797
              ],
              [
                32.7837679,
                46.6689314
              ],
              [
                32.7590693,
                46.6647508
              ],
              [
                32.7296999,
                46.6643944
              ],
              [
                32.7305938,
                46.661908
              ],
              [
                32.732929,
                46.6609593
              ],
              [
                32.7356503,
                46.6572419
              ],
              [
                32.728898,
                46.656098
              ],
              [
                32.725937,
                46.659043
              ],
              [
                32.722156,
                46.658665
              ],
              [
                32.719205,
                46.661079
              ],
              [
                32.698022,
                46.658625
              ],
              [
                32.672038,
                46.65051
              ],
              [
                32.658355,
                46.643822
              ],
              [
                32.654335,
                46.643761
              ],
              [
                32.644467,
                46.638234
              ],
              [
                32.61951,
                46.618914
              ],
              [
                32.589384,
                46.592302
              ],
              [
                32.567122,
                46.594786
              ],
              [
                32.558713,
                46.596738
              ],
              [
                32.547385,
                46.593173
              ],
              [
                32.539062,
                46.591494
              ],
              [
                32.512893,
                46.591026
              ],
              [
                32.482875,
                46.574123
              ],
              [
                32.480651,
                46.570789
              ],
              [
                32.472162,
                46.568752
              ],
              [
                32.45801,
                46.561758
              ],
              [
                32.469343,
                46.552657
              ],
              [
                32.478441,
                46.550585
              ],
              [
                32.492002,
                46.555122
              ],
              [
                32.496466,
                46.552734
              ],
              [
                32.496128,
                46.5482
              ],
              [
                32.507332,
                46.548265
              ],
              [
                32.50899,
                46.540014
              ],
              [
                32.514585,
                46.54101
              ],
              [
                32.520688,
                46.540356
              ],
              [
                32.531855,
                46.536868
              ],
              [
                32.553804,
                46.541271
              ],
              [
                32.582333,
                46.555126
              ],
              [
                32.666501,
                46.582534
              ],
              [
                32.691777,
                46.601258
              ],
              [
                32.689077,
                46.606416
              ],
              [
                32.678738,
                46.614152
              ],
              [
                32.684459,
                46.621245
              ],
              [
                32.719988,
                46.631762
              ],
              [
                32.751121,
                46.630308
              ],
              [
                32.767524,
                46.635578
              ],
              [
                32.784392,
                46.628019
              ],
              [
                32.79871,
                46.632116
              ],
              [
                32.803575,
                46.64089
              ],
              [
                32.817026,
                46.645891
              ],
              [
                32.833632,
                46.65495
              ],
              [
                32.845933,
                46.663276
              ],
              [
                32.875045,
                46.686842
              ],
              [
                32.879959,
                46.686474
              ],
              [
                32.885731,
                46.68905
              ],
              [
                32.891023,
                46.693202
              ],
              [
                32.891767,
                46.698237
              ],
              [
                32.905306,
                46.711285
              ],
              [
                32.923355,
                46.718326
              ],
              [
                32.928559,
                46.718374
              ],
              [
                32.933393,
                46.717207
              ],
              [
                32.942776,
                46.713303
              ],
              [
                32.954231,
                46.711542
              ],
              [
                32.979847,
                46.710469
              ],
              [
                32.991091,
                46.714538
              ],
              [
                33.01958,
                46.717745
              ],
              [
                33.024894,
                46.724573
              ],
              [
                33.04052,
                46.729226
              ],
              [
                33.044173,
                46.738481
              ],
              [
                33.048438,
                46.737604
              ],
              [
                33.054173,
                46.731432
              ],
              [
                33.06219,
                46.732265
              ],
              [
                33.073312,
                46.7384
              ],
              [
                33.081979,
                46.73801
              ],
              [
                33.090411,
                46.743645
              ],
              [
                33.132062,
                46.755128
              ],
              [
                33.137166,
                46.755756
              ],
              [
                33.140191,
                46.756687
              ],
              [
                33.141455,
                46.759367
              ],
              [
                33.153349,
                46.762795
              ],
              [
                33.19787,
                46.767502
              ]
            ]
          ],
          [
            [
              [
                32.342266,
                46.533458
              ],
              [
                32.346257,
                46.53331
              ],
              [
                32.347845,
                46.533664
              ],
              [
                32.347845,
                46.534639
              ],
              [
                32.351385,
                46.535377
              ],
              [
                32.352909,
                46.534919
              ],
              [
                32.355768,
                46.536288
              ],
              [
                32.354169,
                46.536414
              ],
              [
                32.354325,
                46.537148
              ],
              [
                32.357629,
                46.537665
              ],
              [
                32.365547,
                46.53765
              ],
              [
                32.364453,
                46.536617
              ],
              [
                32.367199,
                46.534845
              ],
              [
                32.370204,
                46.534727
              ],
              [
                32.374238,
                46.537325
              ],
              [
                32.374409,
                46.541222
              ],
              [
                32.376555,
                46.542344
              ],
              [
                32.381404,
                46.540617
              ],
              [
                32.382306,
                46.539569
              ],
              [
                32.382134,
                46.534373
              ],
              [
                32.380889,
                46.53334
              ],
              [
                32.373036,
                46.531893
              ],
              [
                32.36986,
                46.532306
              ],
              [
                32.363251,
                46.535613
              ],
              [
                32.361191,
                46.535613
              ],
              [
                32.357672,
                46.534727
              ],
              [
                32.356814,
                46.53331
              ],
              [
                32.35278,
                46.532897
              ],
              [
                32.350033,
                46.533487
              ],
              [
                32.348317,
                46.532956
              ],
              [
                32.353295,
                46.531716
              ],
              [
                32.36162,
                46.531539
              ],
              [
                32.364109,
                46.530594
              ],
              [
                32.366684,
                46.527878
              ],
              [
                32.370461,
                46.527642
              ],
              [
                32.377156,
                46.529177
              ],
              [
                32.383078,
                46.531598
              ],
              [
                32.392777,
                46.538919
              ],
              [
                32.398946,
                46.541742
              ],
              [
                32.402664,
                46.542707
              ],
              [
                32.395438,
                46.5392
              ],
              [
                32.410973,
                46.544469
              ],
              [
                32.416166,
                46.546978
              ],
              [
                32.428311,
                46.555212
              ],
              [
                32.422818,
                46.558045
              ],
              [
                32.417153,
                46.558163
              ],
              [
                32.413848,
                46.557484
              ],
              [
                32.403162,
                46.552733
              ],
              [
                32.4046,
                46.549528
              ],
              [
                32.402712,
                46.545868
              ],
              [
                32.39945,
                46.542975
              ],
              [
                32.387434,
                46.536422
              ],
              [
                32.384516,
                46.537602
              ],
              [
                32.380568,
                46.543152
              ],
              [
                32.374216,
                46.543742
              ],
              [
                32.373379,
                46.545413
              ],
              [
                32.362307,
                46.544233
              ],
              [
                32.353938,
                46.538344
              ],
              [
                32.359968,
                46.541111
              ],
              [
                32.357474,
                46.539157
              ],
              [
                32.350655,
                46.536056
              ],
              [
                32.342266,
                46.533458
              ]
            ]
          ],
          [
            [
              [
                37.032995,
                50.348824
              ],
              [
                37.031315,
                50.33909
              ],
              [
                37.0381007,
                50.3344226
              ],
              [
                37.0488748,
                50.3356774
              ],
              [
                37.0467832,
                50.3338956
              ],
              [
                37.0489831,
                50.3332094
              ],
              [
                37.0443708,
                50.3313439
              ],
              [
                37.04059,
                50.32723
              ],
              [
                37.053801,
                50.322568
              ],
              [
                37.053025,
                50.319278
              ],
              [
                37.043667,
                50.317522
              ],
              [
                37.0220957,
                50.3063194
              ],
              [
                37.0130603,
                50.3047678
              ],
              [
                37.0060585,
                50.3016586
              ],
              [
                36.9980172,
                50.3036544
              ],
              [
                36.9888344,
                50.301066
              ],
              [
                36.9816698,
                50.3027815
              ],
              [
                36.9765848,
                50.3011443
              ],
              [
                36.9738615,
                50.2990686
              ],
              [
                36.9760529,
                50.2974386
              ],
              [
                36.9624032,
                50.2911245
              ],
              [
                36.9498712,
                50.2878203
              ],
              [
                36.9548707,
                50.2786885
              ],
              [
                36.9557768,
                50.2745336
              ],
              [
                36.9514481,
                50.270159
              ],
              [
                36.9471687,
                50.2629888
              ],
              [
                36.942632,
                50.2630609
              ],
              [
                36.94258,
                50.265355
              ],
              [
                36.9355754,
                50.2679782
              ],
              [
                36.9336067,
                50.2674978
              ],
              [
                36.9285799,
                50.2714992
              ],
              [
                36.9226951,
                50.2794497
              ],
              [
                36.9151097,
                50.2813232
              ],
              [
                36.8963769,
                50.274672
              ],
              [
                36.8967261,
                50.2678202
              ],
              [
                36.904454,
                50.2683996
              ],
              [
                36.906,
                50.2673178
              ],
              [
                36.9080605,
                50.2672708
              ],
              [
                36.9091764,
                50.2641749
              ],
              [
                36.909048,
                50.2621882
              ],
              [
                36.9060119,
                50.26235
              ],
              [
                36.9053791,
                50.2605364
              ],
              [
                36.8988242,
                50.2630026
              ],
              [
                36.894431,
                50.2581996
              ],
              [
                36.8939941,
                50.2520663
              ],
              [
                36.8992776,
                50.2540704
              ],
              [
                36.900233,
                50.2568212
              ],
              [
                36.9048364,
                50.2568556
              ],
              [
                36.9086357,
                50.2545098
              ],
              [
                36.9048187,
                50.2519582
              ],
              [
                36.9042273,
                50.2492157
              ],
              [
                36.8887974,
                50.2482311
              ],
              [
                36.8809403,
                50.2504327
              ],
              [
                36.8684253,
                50.2600501
              ],
              [
                36.8559298,
                50.2572236
              ],
              [
                36.8443,
                50.264233
              ],
              [
                36.837776,
                50.261353
              ],
              [
                36.837605,
                50.258828
              ],
              [
                36.823421,
                50.249979
              ],
              [
                36.789252,
                50.2458
              ],
              [
                36.772227,
                50.255269
              ],
              [
                36.739773,
                50.265659
              ],
              [
                36.727123,
                50.267794
              ],
              [
                36.720128,
                50.277444
              ],
              [
                36.710503,
                50.271243
              ],
              [
                36.705342,
                50.268882
              ],
              [
                36.704035,
                50.264214
              ],
              [
                36.74297,
                50.256961
              ],
              [
                36.761082,
                50.244326
              ],
              [
                36.777128,
                50.238494
              ],
              [
                36.80304,
                50.242051
              ],
              [
                36.829471,
                50.244615
              ],
              [
                36.8424251,
                50.2420138
              ],
              [
                36.8404487,
                50.2324275
              ],
              [
                36.8438826,
                50.2278474
              ],
              [
                36.8663947,
                50.2330157
              ],
              [
                36.8813909,
                50.2350842
              ],
              [
                36.8876013,
                50.2281568
              ],
              [
                36.8911319,
                50.2206214
              ],
              [
                36.8901692,
                50.212531
              ],
              [
                36.8979702,
                50.2127697
              ],
              [
                36.8986478,
                50.2193794
              ],
              [
                36.8938042,
                50.2282419
              ],
              [
                36.8919396,
                50.2384297
              ],
              [
                36.9041738,
                50.2375567
              ],
              [
                36.9109623,
                50.2499731
              ],
              [
                36.9222662,
                50.2498434
              ],
              [
                36.9268096,
                50.2546691
              ],
              [
                36.9315195,
                50.2543849
              ],
              [
                36.9299834,
                50.2480292
              ],
              [
                36.9248431,
                50.2466131
              ],
              [
                36.9260636,
                50.2438907
              ],
              [
                36.9372584,
                50.2453618
              ],
              [
                36.9387048,
                50.2421566
              ],
              [
                36.9280658,
                50.2390488
              ],
              [
                36.9309022,
                50.2357765
              ],
              [
                36.9393207,
                50.2364782
              ],
              [
                36.9518668,
                50.2435893
              ],
              [
                36.9532713,
                50.2541874
              ],
              [
                36.9800561,
                50.2777961
              ],
              [
                36.9943329,
                50.2845288
              ],
              [
                36.9931624,
                50.294113
              ],
              [
                37.0129089,
                50.30209
              ],
              [
                37.0267541,
                50.3035033
              ],
              [
                37.0369172,
                50.3097476
              ],
              [
                37.054636,
                50.315551
              ],
              [
                37.057507,
                50.320256
              ],
              [
                37.056773,
                50.324852
              ],
              [
                37.0471515,
                50.329552
              ],
              [
                37.0515056,
                50.3330154
              ],
              [
                37.0531983,
                50.3368624
              ],
              [
                37.0598043,
                50.3370779
              ],
              [
                37.080015,
                50.3154913
              ],
              [
                37.0729763,
                50.2871247
              ],
              [
                37.084454,
                50.2779884
              ],
              [
                37.0911252,
                50.2868409
              ],
              [
                37.1065365,
                50.312436
              ],
              [
                37.1312582,
                50.315009
              ],
              [
                37.1235703,
                50.3027889
              ],
              [
                37.1216054,
                50.2872862
              ],
              [
                37.1357277,
                50.2847978
              ],
              [
                37.1428336,
                50.3177565
              ],
              [
                37.1540678,
                50.3242296
              ],
              [
                37.1482964,
                50.3355846
              ],
              [
                37.1847358,
                50.3405501
              ],
              [
                37.217072,
                50.3586516
              ],
              [
                37.223336,
                50.377942
              ],
              [
                37.2207153,
                50.3753732
              ],
              [
                37.2029263,
                50.37168
              ],
              [
                37.1803359,
                50.3631659
              ],
              [
                37.1629631,
                50.3519389
              ],
              [
                37.1433612,
                50.3458564
              ],
              [
                37.1383816,
                50.3609458
              ],
              [
                37.1025246,
                50.3573454
              ],
              [
                37.1056048,
                50.3534083
              ],
              [
                37.105509,
                50.351607
              ],
              [
                37.0834722,
                50.3476026
              ],
              [
                37.0831985,
                50.3334258
              ],
              [
                37.0760596,
                50.3321779
              ],
              [
                37.0731263,
                50.3358047
              ],
              [
                37.0751195,
                50.3385725
              ],
              [
                37.0808896,
                50.3394776
              ],
              [
                37.0804141,
                50.3474233
              ],
              [
                37.0701921,
                50.3464436
              ],
              [
                37.0595111,
                50.3471917
              ],
              [
                37.0448727,
                50.3450245
              ],
              [
                37.037963,
                50.348663
              ],
              [
                37.032995,
                50.348824
              ]
            ]
          ],
          [
            [
              [
                36.389385,
                50.27628
              ],
              [
                36.378047,
                50.293766
              ],
              [
                36.363798,
                50.287487
              ],
              [
                36.365344,
                50.2696333
              ],
              [
                36.3593441,
                50.2587785
              ],
              [
                36.391696,
                50.26417
              ],
              [
                36.400655,
                50.253404
              ],
              [
                36.405602,
                50.253458
              ],
              [
                36.428055,
                50.247111
              ],
              [
                36.445819,
                50.243322
              ],
              [
                36.451698,
                50.247353
              ],
              [
                36.460157,
                50.246224
              ],
              [
                36.466916,
                50.242394
              ],
              [
                36.468899,
                50.237302
              ],
              [
                36.466444,
                50.230549
              ],
              [
                36.464715,
                50.229073
              ],
              [
                36.458867,
                50.228366
              ],
              [
                36.459014,
                50.222558
              ],
              [
                36.47563,
                50.216064
              ],
              [
                36.481944,
                50.214951
              ],
              [
                36.49337,
                50.210498
              ],
              [
                36.5182,
                50.223591
              ],
              [
                36.530919,
                50.233554
              ],
              [
                36.534777,
                50.235131
              ],
              [
                36.540338,
                50.234994
              ],
              [
                36.569525,
                50.230051
              ],
              [
                36.578435,
                50.224435
              ],
              [
                36.588201,
                50.221893
              ],
              [
                36.613489,
                50.223726
              ],
              [
                36.5963787,
                50.2295403
              ],
              [
                36.5981604,
                50.2309131
              ],
              [
                36.586776,
                50.23514
              ],
              [
                36.578034,
                50.2396
              ],
              [
                36.576406,
                50.241576
              ],
              [
                36.569199,
                50.24454
              ],
              [
                36.532801,
                50.242425
              ],
              [
                36.505396,
                50.238677
              ],
              [
                36.485493,
                50.242206
              ],
              [
                36.481032,
                50.241639
              ],
              [
                36.466356,
                50.251404
              ],
              [
                36.448247,
                50.253593
              ],
              [
                36.443985,
                50.248337
              ],
              [
                36.423299,
                50.25399
              ],
              [
                36.418364,
                50.256871
              ],
              [
                36.415918,
                50.259725
              ],
              [
                36.405358,
                50.261131
              ],
              [
                36.389385,
                50.27628
              ]
            ]
          ],
          [
            [
              [
                34.737125,
                51.179299
              ],
              [
                34.7314817,
                51.1824188
              ],
              [
                34.726526,
                51.1788655
              ],
              [
                34.7324058,
                51.1639038
              ],
              [
                34.7463205,
                51.1642258
              ],
              [
                34.7538807,
                51.1475363
              ],
              [
                34.7683775,
                51.1467185
              ],
              [
                34.7754302,
                51.1393892
              ],
              [
                34.7879764,
                51.1332427
              ],
              [
                34.787378,
                51.1296361
              ],
              [
                34.7905083,
                51.1209068
              ],
              [
                34.81101,
                51.115236
              ],
              [
                34.8331229,
                51.1156808
              ],
              [
                34.8462638,
                51.1150382
              ],
              [
                34.866591,
                51.118008
              ],
              [
                34.9130533,
                51.1213271
              ],
              [
                34.919146,
                51.1090393
              ],
              [
                34.9343922,
                51.1080569
              ],
              [
                34.946803,
                51.110359
              ],
              [
                34.9656051,
                51.0994071
              ],
              [
                34.9988663,
                51.0979982
              ],
              [
                35.018193,
                51.104802
              ],
              [
                35.04327,
                51.103995
              ],
              [
                35.0794874,
                51.1068271
              ],
              [
                35.0839505,
                51.1134207
              ],
              [
                35.105738,
                51.1191188
              ],
              [
                35.1377245,
                51.1165512
              ],
              [
                35.1479072,
                51.1111779
              ],
              [
                35.1438142,
                51.1021857
              ],
              [
                35.1441704,
                51.0957484
              ],
              [
                35.1383578,
                51.0892431
              ],
              [
                35.1475532,
                51.0825396
              ],
              [
                35.1555473,
                51.0909316
              ],
              [
                35.173617,
                51.0875152
              ],
              [
                35.1767544,
                51.0987085
              ],
              [
                35.1702982,
                51.1028225
              ],
              [
                35.1683999,
                51.100379
              ],
              [
                35.164354,
                51.100738
              ],
              [
                35.156458,
                51.103756
              ],
              [
                35.154655,
                51.103002
              ],
              [
                35.150535,
                51.106397
              ],
              [
                35.154484,
                51.110223
              ],
              [
                35.162895,
                51.109577
              ],
              [
                35.168289,
                51.11987
              ],
              [
                35.17459,
                51.121569
              ],
              [
                35.168299,
                51.126405
              ],
              [
                35.153652,
                51.131301
              ],
              [
                35.142092,
                51.13361
              ],
              [
                35.115952,
                51.12453
              ],
              [
                35.097239,
                51.127832
              ],
              [
                35.05505,
                51.112478
              ],
              [
                35.047623,
                51.112815
              ],
              [
                35.047672,
                51.115792
              ],
              [
                35.042838,
                51.116499
              ],
              [
                35.03986,
                51.1103768
              ],
              [
                35.037414,
                51.110403
              ],
              [
                35.033296,
                51.113528
              ],
              [
                35.030561,
                51.112242
              ],
              [
                35.030193,
                51.108784
              ],
              [
                35.028294,
                51.106061
              ],
              [
                35.0193974,
                51.1068814
              ],
              [
                34.999603,
                51.1009643
              ],
              [
                34.9964969,
                51.102557
              ],
              [
                35.0054075,
                51.1094306
              ],
              [
                34.9796357,
                51.1088197
              ],
              [
                34.9731012,
                51.1053617
              ],
              [
                34.9728323,
                51.108586
              ],
              [
                34.9653145,
                51.1156433
              ],
              [
                34.9552015,
                51.1220153
              ],
              [
                34.9545258,
                51.1270248
              ],
              [
                34.9362658,
                51.1307955
              ],
              [
                34.9274656,
                51.1404348
              ],
              [
                34.9156219,
                51.142912
              ],
              [
                34.9020607,
                51.12934
              ],
              [
                34.884882,
                51.138744
              ],
              [
                34.878312,
                51.129412
              ],
              [
                34.867746,
                51.122594
              ],
              [
                34.8517645,
                51.119302
              ],
              [
                34.8442892,
                51.1168483
              ],
              [
                34.8350961,
                51.1177885
              ],
              [
                34.8285989,
                51.122294
              ],
              [
                34.8261364,
                51.1213054
              ],
              [
                34.8118991,
                51.1292953
              ],
              [
                34.8148296,
                51.1347544
              ],
              [
                34.8049502,
                51.1429358
              ],
              [
                34.7986608,
                51.1424027
              ],
              [
                34.7881348,
                51.1523125
              ],
              [
                34.7717686,
                51.1526934
              ],
              [
                34.7573821,
                51.1509764
              ],
              [
                34.7519197,
                51.1678886
              ],
              [
                34.7450879,
                51.1667922
              ],
              [
                34.737125,
                51.179299
              ]
            ]
          ],
          [
            [
              [
                35.258447,
                51.058753
              ],
              [
                35.252405,
                51.061493
              ],
              [
                35.248847,
                51.064371
              ],
              [
                35.243634,
                51.063816
              ],
              [
                35.24207,
                51.060242
              ],
              [
                35.227807,
                51.055079
              ],
              [
                35.21344,
                51.046509
              ],
              [
                35.239297,
                51.050874
              ],
              [
                35.261034,
                51.047463
              ],
              [
                35.27142,
                51.050755
              ],
              [
                35.281119,
                51.050377
              ],
              [
                35.318536,
                51.057123
              ],
              [
                35.337853,
                51.067208
              ],
              [
                35.327998,
                51.07111
              ],
              [
                35.32156,
                51.066957
              ],
              [
                35.313002981523645,
                51.06437016987741
              ],
              [
                35.3056816,
                51.0621567
              ],
              [
                35.30019579246649,
                51.06284053095979
              ],
              [
                35.295296,
                51.063451
              ],
              [
                35.286893,
                51.06754
              ],
              [
                35.276261,
                51.065128
              ],
              [
                35.274557,
                51.058616
              ],
              [
                35.258447,
                51.058753
              ]
            ]
          ],
          [
            [
              [
                33.3262221,
                46.7754123
              ],
              [
                33.3136908,
                46.7732961
              ],
              [
                33.3028762,
                46.7730609
              ],
              [
                33.2948081,
                46.7761176
              ],
              [
                33.2807319,
                46.7829358
              ],
              [
                33.2711188,
                46.7812901
              ],
              [
                33.2479445,
                46.782113
              ],
              [
                33.2328137,
                46.7848446
              ],
              [
                33.2218023,
                46.7838132
              ],
              [
                33.2121397,
                46.7819842
              ],
              [
                33.2089388,
                46.783831
              ],
              [
                33.2064244,
                46.7868531
              ],
              [
                33.1831982,
                46.7872535
              ],
              [
                33.160677,
                46.7865003
              ],
              [
                33.1571774,
                46.7854627
              ],
              [
                33.1878462,
                46.7755055
              ],
              [
                33.1887567,
                46.7787523
              ],
              [
                33.2034606,
                46.7730867
              ],
              [
                33.2188792,
                46.7701351
              ],
              [
                33.2315505,
                46.7700035
              ],
              [
                33.2400481,
                46.7684755
              ],
              [
                33.2479446,
                46.7656536
              ],
              [
                33.2507354,
                46.7617734
              ],
              [
                33.2579668,
                46.7567757
              ],
              [
                33.2686303,
                46.7545997
              ],
              [
                33.2798735,
                46.7556579
              ],
              [
                33.2975547,
                46.7537761
              ],
              [
                33.3219306,
                46.7556579
              ],
              [
                33.3284537,
                46.75801
              ],
              [
                33.3423583,
                46.7670646
              ],
              [
                33.3449332,
                46.7742366
              ],
              [
                33.3433883,
                46.7762352
              ],
              [
                33.3387534,
                46.7751771
              ],
              [
                33.3325736,
                46.7776459
              ],
              [
                33.3262221,
                46.7754123
              ]
            ]
          ],
          [
            [
              [
                35.4094913,
                50.6554793
              ],
              [
                35.417559,
                50.6636675
              ],
              [
                35.4175887,
                50.6720306
              ],
              [
                35.4138419,
                50.6789785
              ],
              [
                35.4059455,
                50.6883867
              ],
              [
                35.4012677,
                50.6985535
              ],
              [
                35.4065464,
                50.7026312
              ],
              [
                35.4236266,
                50.7077953
              ],
              [
                35.4319522,
                50.719154
              ],
              [
                35.4226826,
                50.7273588
              ],
              [
                35.4086922,
                50.7310531
              ],
              [
                35.4046798,
                50.7372732
              ],
              [
                35.411514,
                50.7408178
              ],
              [
                35.4200652,
                50.7404511
              ],
              [
                35.4155463,
                50.7589082
              ],
              [
                35.3937989,
                50.7812626
              ],
              [
                35.394227,
                50.79187
              ],
              [
                35.3822974,
                50.7996292
              ],
              [
                35.3786917,
                50.8075476
              ],
              [
                35.3953329,
                50.8172889
              ],
              [
                35.3988303,
                50.8358585
              ],
              [
                35.3927742,
                50.8394811
              ],
              [
                35.3903763,
                50.865771
              ],
              [
                35.3817281,
                50.8701801
              ],
              [
                35.3856422,
                50.8749843
              ],
              [
                35.401332,
                50.8797697
              ],
              [
                35.3878053,
                50.8860083
              ],
              [
                35.379839,
                50.8957588
              ],
              [
                35.4035533,
                50.9026554
              ],
              [
                35.3967211,
                50.906702
              ],
              [
                35.3968224,
                50.909117
              ],
              [
                35.4020649,
                50.9105546
              ],
              [
                35.4005445,
                50.9147915
              ],
              [
                35.3888609,
                50.9147995
              ],
              [
                35.3767521,
                50.9195643
              ],
              [
                35.3627173,
                50.9197551
              ],
              [
                35.354599,
                50.9161034
              ],
              [
                35.3471943,
                50.9198782
              ],
              [
                35.3456264,
                50.9255997
              ],
              [
                35.3409683,
                50.9245577
              ],
              [
                35.3340778,
                50.9276273
              ],
              [
                35.331799,
                50.9300868
              ],
              [
                35.3331252,
                50.9344934
              ],
              [
                35.3257181,
                50.9467691
              ],
              [
                35.3201388,
                50.9432157
              ],
              [
                35.3131757,
                50.9447507
              ],
              [
                35.3153105,
                50.9495308
              ],
              [
                35.308139,
                50.9532124
              ],
              [
                35.3001345,
                50.9597022
              ],
              [
                35.3075769,
                50.9766773
              ],
              [
                35.3221395,
                50.9852403
              ],
              [
                35.3353214,
                50.990562
              ],
              [
                35.3296192,
                50.9959912
              ],
              [
                35.296871,
                50.998282
              ],
              [
                35.243312,
                50.950723
              ],
              [
                35.2782082,
                50.9519928
              ],
              [
                35.2945645,
                50.9328745
              ],
              [
                35.323273,
                50.913717
              ],
              [
                35.33838,
                50.917613
              ],
              [
                35.35213,
                50.90621
              ],
              [
                35.362601,
                50.900039
              ],
              [
                35.366034,
                50.893543
              ],
              [
                35.362773,
                50.890186
              ],
              [
                35.3606238,
                50.8775205
              ],
              [
                35.3803118,
                50.8476676
              ],
              [
                35.387415,
                50.817858
              ],
              [
                35.3724803,
                50.8167745
              ],
              [
                35.3676736,
                50.8065782
              ],
              [
                35.369219,
                50.798333
              ],
              [
                35.3891904,
                50.7898934
              ],
              [
                35.3754254,
                50.780216
              ],
              [
                35.3710124,
                50.7698269
              ],
              [
                35.3794659,
                50.7533477
              ],
              [
                35.3774498,
                50.7304556
              ],
              [
                35.4106931,
                50.7098348
              ],
              [
                35.3962733,
                50.7001593
              ],
              [
                35.3921535,
                50.6951583
              ],
              [
                35.3933122,
                50.6886605
              ],
              [
                35.386488,
                50.685805
              ],
              [
                35.3855893,
                50.6707375
              ],
              [
                35.4001358,
                50.6561048
              ],
              [
                35.4094913,
                50.6554793
              ]
            ]
          ],
          [
            [
              [
                34.3051,
                51.7214599
              ],
              [
                34.3127125,
                51.7196289
              ],
              [
                34.3153464,
                51.7167608
              ],
              [
                34.3183823,
                51.716023
              ],
              [
                34.3328574,
                51.7151025
              ],
              [
                34.3357366,
                51.7136609
              ],
              [
                34.3424472,
                51.7139555
              ],
              [
                34.3464127,
                51.7150115
              ],
              [
                34.3501121,
                51.7147417
              ],
              [
                34.3546696,
                51.7129827
              ],
              [
                34.3612184,
                51.7134754
              ],
              [
                34.3635272,
                51.7121714
              ],
              [
                34.3929574,
                51.7181694
              ],
              [
                34.3998207,
                51.7151775
              ],
              [
                34.4118283,
                51.7213023
              ],
              [
                34.394307,
                51.7242224
              ],
              [
                34.3602666,
                51.7242066
              ],
              [
                34.3415209,
                51.725844
              ],
              [
                34.3174169,
                51.7233741
              ],
              [
                34.3013342,
                51.7290964
              ],
              [
                34.2933198,
                51.7256205
              ],
              [
                34.2900799,
                51.7194129
              ],
              [
                34.284415,
                51.7167009
              ],
              [
                34.2811535,
                51.7123402
              ],
              [
                34.2824409,
                51.705692
              ],
              [
                34.2857883,
                51.7048677
              ],
              [
                34.290509,
                51.7049474
              ],
              [
                34.2972038,
                51.708245
              ],
              [
                34.2991777,
                51.7121007
              ],
              [
                34.2970749,
                51.7169533
              ],
              [
                34.2997142,
                51.7236863
              ],
              [
                34.303212,
                51.7238259
              ],
              [
                34.3051,
                51.7214599
              ]
            ]
          ],
          [
            [
              [
                37.432518,
                50.443688
              ],
              [
                37.421312,
                50.434954
              ],
              [
                37.396863,
                50.431144
              ],
              [
                37.376938,
                50.432749
              ],
              [
                37.3758137,
                50.4290728
              ],
              [
                37.3899555,
                50.4235022
              ],
              [
                37.4215695,
                50.4294867
              ],
              [
                37.4579078,
                50.4157914
              ],
              [
                37.4637443,
                50.4160648
              ],
              [
                37.4624306,
                50.4189023
              ],
              [
                37.4404727,
                50.4335986
              ],
              [
                37.432518,
                50.443688
              ]
            ]
          ],
          [
            [
              [
                34.3559759,
                51.8608179
              ],
              [
                34.3462771,
                51.8639982
              ],
              [
                34.3272226,
                51.8721343
              ],
              [
                34.3267292,
                51.875063
              ],
              [
                34.31948,
                51.879148
              ],
              [
                34.2992096,
                51.8726974
              ],
              [
                34.2818599,
                51.8642313
              ],
              [
                34.2807878,
                51.8592942
              ],
              [
                34.30422,
                51.8534494
              ],
              [
                34.3184679,
                51.8637332
              ],
              [
                34.3313425,
                51.8554109
              ],
              [
                34.3375661,
                51.8411209
              ],
              [
                34.3262576,
                51.8350887
              ],
              [
                34.3281562,
                51.8333455
              ],
              [
                34.3420714,
                51.8373298
              ],
              [
                34.3771762,
                51.8345719
              ],
              [
                34.3879908,
                51.837648
              ],
              [
                34.387562,
                51.8438791
              ],
              [
                34.3792361,
                51.8440647
              ],
              [
                34.3792361,
                51.8398223
              ],
              [
                34.3719414,
                51.8373571
              ],
              [
                34.3597107,
                51.8420109
              ],
              [
                34.3459337,
                51.8424208
              ],
              [
                34.3481653,
                51.8516468
              ],
              [
                34.3535726,
                51.8556759
              ],
              [
                34.3559759,
                51.8608179
              ]
            ]
          ],
          [
            [
              [
                34.4094202,
                51.7821585
              ],
              [
                34.4068453,
                51.7788662
              ],
              [
                34.4142268,
                51.7755737
              ],
              [
                34.4216082,
                51.7751489
              ],
              [
                34.4229815,
                51.7772731
              ],
              [
                34.4162867,
                51.7790787
              ],
              [
                34.4142268,
                51.7810965
              ],
              [
                34.4094202,
                51.7821585
              ]
            ]
          ],
          [
            [
              [
                34.4250773,
                51.728538
              ],
              [
                34.4279955,
                51.7297608
              ],
              [
                34.4326304,
                51.7298139
              ],
              [
                34.4365786,
                51.7325782
              ],
              [
                34.4329737,
                51.7340666
              ],
              [
                34.4192408,
                51.7355549
              ],
              [
                34.4173525,
                51.7301329
              ],
              [
                34.4112586,
                51.7271027
              ],
              [
                34.4212577,
                51.7227166
              ],
              [
                34.4250773,
                51.728538
              ]
            ]
          ],
          [
            [
              [
                34.2314055,
                51.70849
              ],
              [
                34.2200758,
                51.7034903
              ],
              [
                34.2317488,
                51.697958
              ],
              [
                34.2382719,
                51.6975324
              ],
              [
                34.24737,
                51.7013625
              ],
              [
                34.256468,
                51.7025328
              ],
              [
                34.2537215,
                51.7063625
              ],
              [
                34.2314055,
                51.70849
              ]
            ]
          ],
          [
            [
              [
                36.1989123,
                50.4002846
              ],
              [
                36.185053,
                50.406603
              ],
              [
                36.1813488,
                50.3977293
              ],
              [
                36.1897449,
                50.3883613
              ],
              [
                36.214289,
                50.383524
              ],
              [
                36.2075812,
                50.3914754
              ],
              [
                36.2013254,
                50.3892445
              ],
              [
                36.1983428,
                50.391406
              ],
              [
                36.1917884,
                50.390381
              ],
              [
                36.1876685,
                50.3943208
              ],
              [
                36.1897284,
                50.3984791
              ],
              [
                36.1989123,
                50.4002846
              ]
            ]
          ],
          [
            [
              [
                36.2303407,
                50.3717829
              ],
              [
                36.2208993,
                50.3778043
              ],
              [
                36.2130035,
                50.3671023
              ],
              [
                36.2051072,
                50.3606824
              ],
              [
                36.1949808,
                50.3566988
              ],
              [
                36.2059201,
                50.3493644
              ],
              [
                36.2173733,
                50.3493406
              ],
              [
                36.241996,
                50.358383
              ],
              [
                36.2238491,
                50.358275
              ],
              [
                36.2190902,
                50.3649557
              ],
              [
                36.2303407,
                50.3717829
              ]
            ]
          ],
          [
            [
              [
                34.2605642,
                51.282635
              ],
              [
                34.2545272,
                51.2820675
              ],
              [
                34.2508498,
                51.2755004
              ],
              [
                34.246523,
                51.2762976
              ],
              [
                34.2355759,
                51.2750405
              ],
              [
                34.2308093,
                51.27185
              ],
              [
                34.2248822,
                51.2652541
              ],
              [
                34.2438041,
                51.2635631
              ],
              [
                34.2567174,
                51.2586148
              ],
              [
                34.2577662,
                51.2570133
              ],
              [
                34.2616471,
                51.256459
              ],
              [
                34.2557622,
                51.2645214
              ],
              [
                34.2524522,
                51.2739255
              ],
              [
                34.2623686,
                51.2753985
              ],
              [
                34.2722411,
                51.2827242
              ],
              [
                34.275341,
                51.2872217
              ],
              [
                34.2880654,
                51.2889153
              ],
              [
                34.2944582,
                51.2936391
              ],
              [
                34.3026337,
                51.2952225
              ],
              [
                34.3096948,
                51.3037817
              ],
              [
                34.3115831,
                51.3157465
              ],
              [
                34.3173337,
                51.3259919
              ],
              [
                34.309967,
                51.334943
              ],
              [
                34.3119171,
                51.3262166
              ],
              [
                34.3055179,
                51.3222945
              ],
              [
                34.3038384,
                51.3198622
              ],
              [
                34.2998425,
                51.3070753
              ],
              [
                34.2802462,
                51.2937062
              ],
              [
                34.2605642,
                51.282635
              ]
            ]
          ],
          [
            [
              [
                34.4979999,
                51.2432135
              ],
              [
                34.512677,
                51.2419776
              ],
              [
                34.52332,
                51.2529378
              ],
              [
                34.5408294,
                51.2531527
              ],
              [
                34.555249,
                51.2445567
              ],
              [
                34.5804832,
                51.2335946
              ],
              [
                34.5976494,
                51.2462761
              ],
              [
                34.6019409,
                51.2461686
              ],
              [
                34.6012542,
                51.2539048
              ],
              [
                34.6050308,
                51.254442
              ],
              [
                34.6098373,
                51.2515411
              ],
              [
                34.6188495,
                51.2507352
              ],
              [
                34.6155021,
                51.2561609
              ],
              [
                34.607949,
                51.2601358
              ],
              [
                34.5976494,
                51.2565906
              ],
              [
                34.5966194,
                51.2504666
              ],
              [
                34.5720718,
                51.2468133
              ],
              [
                34.554219,
                51.2529378
              ],
              [
                34.5504425,
                51.2579872
              ],
              [
                34.5353363,
                51.2597061
              ],
              [
                34.5296714,
                51.2590615
              ],
              [
                34.5289848,
                51.2559461
              ],
              [
                34.5185135,
                51.2558386
              ],
              [
                34.5162819,
                51.2516485
              ],
              [
                34.4984291,
                51.2504666
              ],
              [
                34.4979999,
                51.2432135
              ]
            ]
          ]
        ]
      },
      "properties": {
        "categoria": "conteso",
        "sourceLayer": "DeepState — stato ignoto, separato dal controllo consolidato"
      }
    },
    {
      "type": "Feature",
      "geometry": {
        "type": "Polygon",
        "coordinates": [
          [
            [
              34.237876,
              51.2924714
            ],
            [
              34.2435334,
              51.2845465
            ],
            [
              34.25454673278138,
              51.282069336152624
            ],
            [
              34.2605642,
              51.282635
            ],
            [
              34.2802462,
              51.2937062
            ],
            [
              34.2998425,
              51.3070753
            ],
            [
              34.3038384,
              51.3198622
            ],
            [
              34.3055179,
              51.3222945
            ],
            [
              34.3119171,
              51.3262166
            ],
            [
              34.3107225204556,
              51.3315621612206
            ],
            [
              34.3100686,
              51.3321342
            ],
            [
              34.310458562999905,
              51.332743330566466
            ],
            [
              34.31011415768012,
              51.33428449183132
            ],
            [
              34.30911865123747,
              51.33511227347986
            ],
            [
              34.3042296,
              51.3360878
            ],
            [
              34.2993505,
              51.3342295
            ],
            [
              34.292015800000016,
              51.3379478
            ],
            [
              34.289037174454165,
              51.338747783685506
            ],
            [
              34.28758342047467,
              51.33883366147407
            ],
            [
              34.2814564,
              51.3346262
            ],
            [
              34.2897191,
              51.3219593
            ],
            [
              34.2856958,
              51.3210943
            ],
            [
              34.28228459339167,
              51.31952878915687
            ],
            [
              34.2808742,
              51.3179984
            ],
            [
              34.2812721,
              51.3143044
            ],
            [
              34.2824687,
              51.3108729
            ],
            [
              34.282029995635156,
              51.31103999384078
            ],
            [
              34.2821878,
              51.3106562
            ],
            [
              34.2772508,
              51.3109448
            ],
            [
              34.2772675,
              51.3128016
            ],
            [
              34.27277902805739,
              51.314425186593745
            ],
            [
              34.2697647,
              51.3059248
            ],
            [
              34.2666251,
              51.29872870000001
            ],
            [
              34.2662283,
              51.2985435
            ],
            [
              34.2640682,
              51.29885520000001
            ],
            [
              34.258561526816614,
              51.30231309791658
            ],
            [
              34.2559651,
              51.3013653
            ],
            [
              34.2546741,
              51.29899080000001
            ],
            [
              34.24984394441389,
              51.29886162155762
            ],
            [
              34.2499091,
              51.2968648
            ],
            [
              34.2492322,
              51.2964366
            ],
            [
              34.24506827372635,
              51.29605341480194
            ],
            [
              34.2447424,
              51.2940462
            ],
            [
              34.2418876,
              51.2932738
            ],
            [
              34.23950230000001,
              51.2934652
            ],
            [
              34.237876,
              51.2924714
            ]
          ]
        ]
      },
      "properties": {
        "categoria": "ucraino-in-russia",
        "sourceLayer": "DeepState — controllo ucraino consolidato in Russia, al netto di riconquista e stato ignoto"
      }
    }
  ]
}
