{"type":"FeatureCollection","metadata":{"dataCartografica":"2023-09-30","revisionatoIl":"2026-07-20","revisioneSorgente":{"id":"1696066231","timestampUtc":"2023-09-30T09:30:31Z"},"fonti":[{"id":"deepstate-history-1696066231","titolo":"DeepStateMap — revisione storica 1696066231","autore":"DeepStateUA","url":"https://deepstatemap.live/api/history/1696066231/geojson","ruolo":"base vettoriale primaria datata per controllo russo, stato ignoto e controllo ucraino in Russia"},{"id":"deepstate-history-index","titolo":"DeepStateMap — indice pubblico delle revisioni storiche","autore":"DeepStateUA","url":"https://deepstatemap.live/api/history/public","ruolo":"riscontro dell'identificativo e del timestamp UTC della revisione 1696066231"},{"id":"isw-2023-09-30","titolo":"Assessed Control of Terrain in Ukraine and Main Russian Maneuver Axes, September 30, 2023","url":"https://understandingwar.org/map/assessed-control-of-terrain-in-ukraine-and-main-russian-maneuver-axes-as-of-september-30-2023-300-pm-et/","ruolo":"verifica coeva nazionale e controllo dell'asse Robotyne–Verbove"},{"id":"viina-2","titolo":"VIINA 2.0 — Territorial Control Data","autori":"Yuri M. Zhukov e Natalie Ayers","url":"https://github.com/zhukovyuri/VIINA","licenza":"ODbL 1.0","ruolo":"verifica indipendente giornaliera dell'attribuzione presso i centri abitati e delle località contese"}],"note":"La controffensiva è rappresentata attraverso il controllo consolidato; salienti, ricognizioni e massime penetrazioni non diventano automaticamente territorio controllato.","incertezza":"Media nella fascia Robotyne–Verbove e presso Bakhmut; bassa nelle aree consolidate. Le avanzate rivendicate oltre le aree stabilmente attribuite restano escluse.","notePerCategoria":{"pre-2022":"Crimea e porzioni del Donbas già controllate prima del 24 febbraio 2022; perimetro identico alla geometria approvata di Fase 3.","post-2022":"Territorio sotto controllo russo acquisito dal 24 febbraio 2022, al netto del perimetro pre-2022 durante l'importazione.","conteso":"Solo poligoni a stato ignoto della revisione DeepState, al netto delle aree di controllo consolidato; non sono raid, infiltrazioni o semplici presenze.","ucraino-in-russia":"Solo area blu esterna al confine ucraino non coperta da riconquista russa o stato ignoto; escluse massime avanzate e presenze discontinue."},"normalizzazioneGeometrica":{"metodo":"snap topologico; dissoluzione per categoria; semplificazione Douglas-Peucker; sottrazione preventiva delle categorie","snapGradi":0.000005,"tolleranzaControlloEContesoMetri":50,"tolleranzaUcrainoInRussiaMetri":20,"fasciaTecnicaSeparazioneOrigineMetri":25,"isoleScartateSottoKm2":{"controllo":0.01,"conteso":0.005,"ucrainoInRussia":0.001},"motivazione":"rendere robuste le operazioni booleane senza alterare la lettura cartografica alla scala del renderer; la fascia tecnica è inferiore all’incertezza delle fonti"}},"features":[{"type":"Feature","properties":{"categoria":"pre-2022","sourceLayer":"Frontiera F3 — perimetro pre-2022 approvato"},"geometry":{"type":"MultiPolygon","coordinates":[[[[32.478939,45.389163],[32.507445,45.381957],[32.513458,45.372038],[32.510377,45.360884],[32.489453,45.346136],[32.551846,45.332385],[32.569816,45.332888],[32.578538,45.327642],[32.65299,45.313322],[32.675688,45.320614],[32.685502,45.332102],[32.712159,45.341307],[32.735393,45.354972],[32.76522,45.363836],[32.84671,45.365264],[32.907019,45.359436],[32.966765,45.336694],[32.991848,45.322499],[33.035244,45.29016],[33.062776,45.27566],[33.107907,45.23151],[33.138912,45.216317],[33.148825,45.202143],[33.185236,45.183717],[33.201984,45.183225],[33.225292,45.174695],[33.257295,45.147804],[33.284289,45.148276],[33.300138,45.162027],[33.29792,45.165633],[33.305239,45.17277],[33.350015,45.173699],[33.380282,45.185909],[33.376436,45.191845],[33.391196,45.197375],[33.432652,45.184093],[33.509265,45.13445],[33.56149,45.081073],[33.58086,45.050881],[33.602595,44.997973],[33.604377,44.980471],[33.597652,44.97655],[33.610962,44.925721],[33.6052,44.866386],[33.594636,44.847578],[33.569694,44.838843],[33.55297,44.841655],[33.548513,44.834598],[33.549545,44.810828],[33.533513,44.792608],[33.540722,44.761758],[33.539777,44.744321],[33.547583,44.724445],[33.546363,44.677979],[33.535667,44.64599],[33.508271,44.631916],[33.494615,44.617766],[33.450155,44.615946],[33.373305,44.584056],[33.403694,44.553239],[33.46013,44.522891],[33.486243,44.494968],[33.506071,44.500846],[33.554048,44.486877],[33.601948,44.491739],[33.627013,44.479579],[33.63834,44.458687],[33.64553,44.421924],[33.673869,44.412807],[33.702892,44.416926],[33.733092,44.383332],[33.759005,44.386932],[33.778737,44.381452],[33.846027,44.401142],[33.882423,44.400268],[33.939412,44.389646],[33.963406,44.38885],[34.034986,44.403674],[34.057232,44.416521],[34.128936,44.427878],[34.171984,44.491011],[34.260362,44.507556],[34.308946,44.552088],[34.334843,44.545507],[34.349035,44.546767],[34.349805,44.57185],[34.354354,44.585681],[34.375816,44.591703],[34.377892,44.612309],[34.389678,44.628884],[34.403924,44.639751],[34.412176,44.658807],[34.432149,44.682765],[34.474964,44.715071],[34.625628,44.773956],[34.677858,44.787856],[34.728811,44.807825],[34.747987,44.807058],[34.763731,44.815057],[34.912095,44.81577],[34.920318,44.82153],[34.920988,44.828751],[34.967823,44.838027],[34.988701,44.828075],[35.0007,44.83203],[35.029503,44.828249],[35.047274,44.814837],[35.043666,44.799459],[35.081062,44.790612],[35.09398,44.801375],[35.111022,44.80702],[35.118455,44.81723],[35.133101,44.822812],[35.130569,44.829311],[35.139391,44.861252],[35.169311,44.900247],[35.190556,44.907887],[35.216612,44.909005],[35.243653,44.916792],[35.25652,44.938423],[35.249825,44.952823],[35.271282,44.967596],[35.283641,44.96616],[35.294987,44.959711],[35.301518,44.965776],[35.322807,44.966441],[35.322466,44.95921],[35.344315,44.964188],[35.351803,44.954952],[35.382973,44.943891],[35.394038,44.954933],[35.356103,44.97733],[35.358416,44.985552],[35.366739,44.992559],[35.428693,45.012912],[35.412652,45.025778],[35.385966,45.035246],[35.389399,45.049444],[35.414638,45.07541],[35.451063,45.097366],[35.541346,45.125861],[35.58496,45.129359],[35.62977,45.122303],[35.692135,45.104626],[35.748793,45.081465],[35.777878,45.066304],[35.804886,45.045558],[35.814483,45.033306],[35.810165,45.021418],[35.82978,45.014076],[35.834113,45.0091],[35.828278,45.004552],[35.842096,44.998366],[35.870587,45.004186],[35.907658,45.018079],[35.925851,45.019111],[35.954083,45.011219],[35.984215,45.022859],[35.994952,45.03511],[36.012561,45.044932],[36.035405,45.049216],[36.07129,45.048252],[36.201045,45.033023],[36.225684,45.026816],[36.24793,45.04068],[36.249153,45.047687],[36.282137,45.05499],[36.372884,45.057475],[36.440096,45.083327],[36.456018,45.095623],[36.454606,45.105555],[36.43318,45.117691],[36.425628,45.128893],[36.417779,45.164294],[36.407778,45.172889],[36.403912,45.214162],[36.423049,45.23723],[36.423707,45.245262],[36.435783,45.258066],[36.43962,45.271622],[36.436333,45.276239],[36.426012,45.27864],[36.421663,45.286584],[36.435179,45.295073],[36.484438,45.305478],[36.499502,45.318675],[36.47329,45.330744],[36.472041,45.341233],[36.477812,45.349132],[36.518286,45.351539],[36.535225,45.349918],[36.534981,45.345637],[36.54435,45.344735],[36.596554,45.345031],[36.60599,45.347733],[36.612025,45.355938],[36.630569,45.360521],[36.633217,45.362811],[36.630106,45.373786],[36.648733,45.38292],[36.611273,45.407542],[36.607593,45.412573],[36.61553,45.422271],[36.598276,45.438662],[36.57528,45.442252],[36.565672,45.436625],[36.56594,45.428443],[36.554467,45.424368],[36.532672,45.42719],[36.495456,45.450514],[36.470548,45.458514],[36.461093,45.456435],[36.447174,45.460135],[36.432474,45.447875],[36.415458,45.446825],[36.376602,45.463689],[36.372894,45.47138],[36.357563,45.471617],[36.344848,45.484307],[36.33933,45.482513],[36.336302,45.474221],[36.322868,45.471297],[36.293683,45.483861],[36.265345,45.478566],[36.17039,45.472361],[36.12387,45.463618],[36.068785,45.445463],[36.068942,45.404374],[36.04285,45.384009],[35.99701,45.371491],[35.941221,45.380044],[35.886842,45.407774],[35.846507,45.446506],[35.87606,45.463856],[35.867831,45.473251],[35.841775,45.474473],[35.823649,45.46632],[35.817747,45.458869],[35.818368,45.451418],[35.826475,45.440129],[35.748929,45.396331],[35.745726,45.39066],[35.748889,45.384633],[35.760985,45.381258],[35.753728,45.366548],[35.724851,45.351594],[35.71557,45.338458],[35.632903,45.324584],[35.525825,45.291193],[35.498759,45.306176],[35.467835,45.307544],[35.382064,45.352514],[35.311256,45.411424],[35.201458,45.523343],[35.109867,45.599025],[35.050056,45.667202],[34.977053,45.765285],[34.958219,45.760037],[34.800881,45.804735],[34.796134,45.892053],[34.782879,45.904975],[34.752716,45.910231],[34.700883,45.959179],[34.651415,45.973908],[34.556042,45.988691],[34.478552,45.946947],[34.436726,45.968164],[34.382464,46.034692],[34.227754,46.060816],[34.160772,46.08043],[34.122582,46.108122],[34.038334,46.116935],[33.82395,46.187069],[33.740532,46.185128],[33.6897,46.204334],[33.60668,46.146878],[33.612528,46.138238],[33.616561,46.11536],[33.633038,46.097381],[33.637282,46.081351],[33.623699,46.071722],[33.611338,46.054819],[33.629384,45.977458],[33.627758,45.958848],[33.616479,45.949068],[33.617606,45.944243],[33.634992,45.941326],[33.647501,45.945166],[33.640135,45.949356],[33.659761,45.954586],[33.692314,45.95526],[33.744939,45.95033],[33.747278,45.946685],[33.751076,45.9488],[33.757987,45.934494],[33.749506,45.928276],[33.730928,45.930188],[33.701995,45.911004],[33.691971,45.913471],[33.680094,45.90854],[33.675115,45.898868],[33.684191,45.850098],[33.661598,45.86426],[33.662233,45.871524],[33.642234,45.876325],[33.616272,45.892143],[33.593725,45.885292],[33.581653,45.871206],[33.568716,45.874008],[33.548213,45.843531],[33.542129,45.840258],[33.527171,45.849723],[33.507622,45.841072],[33.50089,45.848355],[33.520062,45.857708],[33.544102,45.880335],[33.540593,45.884913],[33.517951,45.867777],[33.432207,45.838576],[33.373494,45.797187],[33.32241,45.775037],[33.23866,45.752804],[33.21192,45.757728],[33.182114,45.773902],[33.172486,45.786603],[33.185831,45.807952],[33.182338,45.80993],[33.175838,45.805742],[33.165737,45.78827],[33.159184,45.749182],[33.152919,45.733355],[33.1378,45.719814],[33.127908,45.719842],[33.114638,45.712775],[33.095704,45.715503],[33.0691,45.706833],[33.017154,45.687009],[33.006337,45.679383],[32.999393,45.681147],[32.908691,45.640338],[32.820181,45.586841],[32.821299,45.58301],[32.841008,45.582406],[32.843141,45.570597],[32.833962,45.560234],[32.825974,45.55733],[32.793178,45.56389],[32.772105,45.557869],[32.736877,45.543007],[32.72322,45.533026],[32.59058,45.48558],[32.538208,45.454884],[32.524271,45.438872],[32.500388,45.424663],[32.48807,45.407956],[32.479703,45.404263],[32.478939,45.389163]]],[[[36.50714,45.295558],[36.533319,45.279798],[36.549112,45.261314],[36.578294,45.249048],[36.547052,45.279677],[36.519242,45.293988],[36.50714,45.295558]]],[[[37.521854,47.94582],[37.542839,47.932477],[37.5350299,47.918015],[37.644034,47.886626],[37.634262,47.838423],[37.634549,47.802538],[37.623169,47.77311],[37.637589,47.751994],[37.67268,47.724717],[37.764495,47.684702],[37.803977,47.660196],[37.8312754,47.6567292],[37.8523854,47.641694],[37.8458595,47.6237619],[37.8159936,47.5852213],[37.819427,47.546303],[37.892555,47.469773],[37.878478,47.441684],[37.863715,47.426588],[37.855819,47.403124],[37.856849,47.392898],[37.850326,47.384298],[37.83831,47.378022],[37.841643,47.369022],[37.851599,47.365534],[37.837623,47.352442],[37.848609,47.350116],[37.859152,47.354371],[37.861212,47.347858],[37.856849,47.343603],[37.829283,47.342507],[37.824577,47.321498],[37.834876,47.30823],[37.827666,47.302643],[37.833846,47.285412],[37.833503,47.249301],[37.8005435,47.1732715],[37.818054,47.119099],[37.829283,47.112742],[37.83831,47.099704],[37.895473,47.110921],[37.983964,47.083576],[37.99023,47.091466],[37.975882,47.095683],[37.993063,47.099003],[38.032545,47.08907],[38.040012,47.091875],[38.054332,47.108302],[38.062671,47.110804],[38.08885,47.105956],[38.122869,47.080622],[38.132826,47.06402],[38.131796,47.053729],[38.106046,47.047179],[38.080408,47.026545],[38.084988,47.020418],[38.163265,47.065455],[38.186556,47.093712],[38.230118,47.119406],[38.229247,47.127085],[38.236312,47.139527],[38.234781,47.202589],[38.24279,47.217117],[38.233869,47.225801],[38.234334,47.230986],[38.253541,47.233616],[38.260502,47.238316],[38.288189,47.23856],[38.288043,47.2565],[38.324491,47.256821],[38.333735,47.268938],[38.323394,47.281132],[38.333354,47.292132],[38.333288,47.296975],[38.327091,47.299009],[38.334511,47.301408],[38.336304,47.306408],[38.220978,47.30538],[38.221472,47.327345],[38.227214,47.32971],[38.222079,47.332853],[38.230493,47.338902],[38.230693,47.343169],[38.246788,47.351445],[38.250461,47.357713],[38.245559,47.363193],[38.258732,47.373353],[38.286492,47.37356],[38.286416,47.391477],[38.302085,47.39287],[38.302022,47.475121],[38.289402,47.476754],[38.295072,47.508064],[38.284908,47.508376],[38.284804,47.544465],[38.305114,47.544851],[38.31115,47.553619],[38.31097,47.576028],[38.350737,47.576206],[38.35012,47.616689],[38.456688,47.617004],[38.456275,47.644253],[38.620087,47.64487],[38.629589,47.653336],[38.629274,47.669278],[38.665887,47.669418],[38.665616,47.697176],[38.6592,47.700057],[38.729124,47.698807],[38.730305,47.680361],[38.773164,47.685764],[38.770869,47.720629],[38.788943,47.737015],[38.798157,47.77844],[38.788677,47.815974],[38.835102,47.816059],[38.8393994,47.8642544],[39.082778,47.869927],[39.082891,47.851604],[39.109389,47.851752],[39.109535,47.842747],[39.149682,47.842582],[39.236213,47.853953],[39.241734,47.867014],[39.39045,47.866185],[39.412529,47.830898],[39.437354,47.839834],[39.44625,47.850644],[39.478474,47.859474],[39.520308,47.825141],[39.534491,47.83253],[39.542168,47.824981],[39.565587,47.836556],[39.73791,47.827729],[39.763184,47.846537],[39.762505,47.870145],[39.794941,47.866833],[39.793904,47.915897],[39.806594,47.933666],[39.805888,47.950562],[39.827391,47.950834],[39.815408,47.970866],[39.823031,47.98354],[39.816717,47.984542],[39.817916,47.994778],[39.813736,47.998502],[39.81672,48.001463],[39.795218,48.010703],[39.785081,48.023125],[39.779662,48.039336],[39.877208,48.041378],[39.885886,48.047866],[39.832202,48.0665],[39.868584,48.079444],[39.879951,48.115164],[39.910275,48.138416],[39.909184,48.16933],[39.913886,48.178015],[39.940934,48.18081],[39.942194,48.230744],[40.00754,48.223312],[40.003076,48.239476],[40.01951,48.252508],[40.018989,48.25706],[40.016777,48.269458],[40.008963,48.272654],[39.999745,48.28929],[39.990815,48.317082],[39.972492,48.312971],[39.971265,48.307302],[39.963063,48.302596],[39.971011,48.302796],[39.970224,48.298747],[39.958283,48.29805],[39.95666,48.303185],[39.951971,48.303551],[39.948411,48.294295],[39.937703,48.292225],[39.936215,48.285058],[39.930156,48.282764],[39.934695,48.279066],[39.924907,48.271485],[39.914829,48.269678],[39.90822,48.277008],[39.912695,48.288202],[39.910188,48.292982],[39.886916,48.304089],[39.887199,48.308777],[39.841068,48.310051],[39.840394,48.329117],[39.845593,48.332774],[39.877934,48.334073],[39.918581,48.341692],[39.918603,48.347207],[39.943644,48.34812],[39.947507,48.35523],[39.94253,48.354963],[39.944422,48.357166],[39.934751,48.372274],[39.943278,48.383791],[39.941535,48.387072],[39.926845,48.375075],[39.92122,48.375928],[39.914558,48.386827],[39.905962,48.390316],[39.918644,48.397611],[39.906312,48.403562],[39.912763,48.41558],[39.910297,48.421956],[39.895926,48.429242],[39.888817,48.441993],[39.896766,48.44422],[39.897326,48.448112],[39.857752,48.463363],[39.846338,48.473712],[39.846469,48.499306],[39.84871,48.50284],[39.861877,48.501924],[39.866756,48.508883],[39.854533,48.552999],[39.85763,48.561413],[39.846829,48.572934],[39.821685,48.578332],[39.825051,48.586152],[39.80861,48.583972],[39.789985,48.593369],[39.773425,48.592326],[39.770368,48.587994],[39.751295,48.58209],[39.751054,48.588836],[39.746721,48.590673],[39.721237,48.584834],[39.6713252,48.5892403],[39.6334311,48.5812628],[39.6236025,48.5870259],[39.6110289,48.5740514],[39.6010726,48.5749594],[39.5968664,48.5795022],[39.6058783,48.5855209],[39.600613,48.5928753],[39.5913857,48.5922505],[39.5743396,48.5817384],[39.5640858,48.5845992],[39.5694136,48.5911155],[39.5635639,48.5990889],[39.549059,48.595854],[39.549314,48.585973],[39.5306906,48.5856913],[39.5292488,48.5912185],[39.5350124,48.5928382],[39.5341908,48.5967686],[39.5245243,48.6026385],[39.5298325,48.6093625],[39.5129236,48.6221295],[39.5175713,48.6266987],[39.5165791,48.6337256],[39.4672186,48.6285546],[39.4654267,48.6335035],[39.4686795,48.6376897],[39.454215,48.639786],[39.449575,48.644557],[39.452373,48.65471],[39.410694,48.657656],[39.408033,48.65981],[39.413526,48.66684],[39.411724,48.670524],[39.390524,48.678799],[39.389599,48.684749],[39.377986,48.686237],[39.355953,48.697214],[39.346855,48.712224],[39.374183,48.718652],[39.353722,48.726891],[39.358871,48.736175],[39.349266,48.742496],[39.343138,48.757361],[39.353893,48.76549],[39.351063,48.768547],[39.33167,48.766602],[39.326603,48.768309],[39.326256,48.775559],[39.311844,48.774069],[39.292617,48.760605],[39.286434,48.748901],[39.272383,48.753887],[39.268663,48.741949],[39.256311,48.74227],[39.259229,48.733835],[39.24978,48.712564],[39.239588,48.709125],[39.232364,48.711412],[39.207173,48.6983],[39.200371,48.699999],[39.196508,48.706513],[39.174249,48.680329],[39.148672,48.675285],[39.141898,48.66665],[39.141984,48.660868],[39.123187,48.660018],[39.103618,48.649869],[39.075894,48.651626],[39.042678,48.646466],[39.012372,48.658336],[39.009633,48.662626],[39.025426,48.661974],[39.026284,48.667274],[39.014354,48.683427],[39.015548,48.694891],[39.001815,48.698007],[38.998986,48.711196],[38.984305,48.711828],[38.999333,48.719624],[38.978812,48.744892],[38.961131,48.746137],[38.961045,48.736515],[38.943707,48.733854],[38.932464,48.736798],[38.936959,48.747117],[38.918028,48.742911],[38.90474,48.750608],[38.863879,48.75138],[38.847148,48.742911],[38.830067,48.717038],[38.808438,48.713414],[38.767067,48.71432],[38.691716,48.729363],[38.674549,48.729363],[38.678412,48.723701],[38.583218,48.71987],[38.577732,48.696742],[38.572231,48.689056],[38.559446,48.686695],[38.548978,48.675294],[38.527284,48.674642],[38.516148,48.670562],[38.515247,48.666367],[38.431476,48.650492],[38.4263261,48.6386961],[38.4362747,48.6292431],[38.4412529,48.6172714],[38.438793,48.6110275],[38.40607,48.60193],[38.402637,48.59194],[38.402637,48.547867],[38.414303,48.520605],[38.405377,48.473366],[38.389247,48.432278],[38.390964,48.415874],[38.321754,48.371053],[38.273689,48.359192],[38.2385206,48.3867172],[38.1890602,48.4165331],[38.163094,48.402117],[38.148548,48.414482],[38.117477,48.420805],[38.113706,48.408013],[38.042123,48.409086],[38.004802,48.393954],[37.978623,48.391275],[37.974959,48.381115],[37.9500832,48.3734333],[37.942023,48.3574628],[37.9292962,48.3594898],[37.9185517,48.3465274],[37.9054956,48.3404377],[37.9006815,48.3232554],[37.9011467,48.2908822],[37.8943398,48.286666],[37.895347,48.268546],[37.89157,48.255061],[37.896571,48.215429],[37.88333,48.199712],[37.856208,48.192846],[37.828593,48.17515],[37.8168038,48.1322916],[37.789283,48.100177],[37.756436,48.08667],[37.7430873,48.0868254],[37.7266508,48.0795824],[37.7257935,48.0733245],[37.693049,48.069307],[37.687749,48.061894],[37.694294,48.056545],[37.691199,48.053406],[37.68785,48.054754],[37.64781,48.028944],[37.616482,48.018095],[37.575455,48.013961],[37.573394,48.006899],[37.556143,48.009855],[37.549621,47.997364],[37.558546,47.986451],[37.5412006,47.9745867],[37.525158,47.957202],[37.521854,47.94582]]]]}},{"type":"Feature","geometry":{"type":"MultiPolygon","coordinates":[[[[36.57731393397784,45.249198486612514],[36.552366413941606,45.25968758901251],[36.571599,45.250076],[36.57731393397784,45.249198486612514]]],[[[37.54461927065706,47.977246217653914],[37.54503042941081,47.97752745087261],[37.55813229510244,47.98648914711688],[37.54929955407993,47.99729944418876],[37.54928652663885,47.99734552780232],[37.54928808686471,47.99739241708059],[37.549304166749096,47.99743806699946],[37.55585197635638,48.0099669345469],[37.555887867499806,48.010000954040194],[37.555932529599595,48.01002995595662],[37.55598442727217,48.01005294326619],[37.55604177638131,48.010069125708306],[37.556102605374114,48.01007794696033],[37.55616482306131,48.01007910376362],[37.55622629051096,48.01007255634937],[37.57313270699359,48.00717560241369],[37.575145464232236,48.01404794999765],[37.57517835667193,48.014088233537215],[37.57522280575815,48.01412320199427],[37.57527695467042,48.014151394576295],[37.575338541370584,48.01417163354797],[37.57540499309917,48.01418307343207],[37.579530062978115,48.01459872754917],[37.60790154003021,48.01745752063414],[37.61637700328627,48.01831153312365],[37.64761214095316,48.0291283855653],[37.6876658391634,48.05494183737034],[37.68772130108777,48.05496144971892],[37.687781251475414,48.05497382717553],[37.68784359951697,48.05497853806767],[37.68790617077999,48.05497541809965],[37.68796678304676,48.054964576082554],[37.68802332242355,48.05494639013939],[37.69109597679344,48.053709621184865],[37.69387747595077,48.05653067789928],[37.68745361794636,48.061786929480846],[37.687428825840584,48.06182582637128],[37.68741538110402,48.06186713944146],[37.68741376026292,48.06190940450319],[37.68742402079097,48.0619511236249],[37.68744579906826,48.06199081822029],[37.692778315739154,48.069440110024786],[37.69282048561244,48.06947167634086],[37.69287076796359,48.06949739653519],[37.69292737773074,48.06951635751577],[37.69298830521513,48.06952788614837],[37.69377908077085,48.06962490831101],[37.722930275166895,48.07320153875111],[37.7254820319559,48.073514619954],[37.72632688135435,48.07964242256402],[37.726348093617226,48.07968005109721],[37.72637900938592,48.07971454936725],[37.72641863764699,48.07974481150218],[37.7264657080939,48.07976986742123],[37.74296168262842,48.08703371300033],[37.74302620024613,48.087046238857894],[37.743093158122136,48.08704994472476],[37.7563435077778,48.08689568967998],[37.789033688755524,48.10033822257275],[37.79169129143076,48.10343945506728],[37.80497559034824,48.11894128303195],[37.805932602751206,48.12005804814865],[37.7981762,48.1193242],[37.7975806,48.1182384],[37.7989535,48.1151557],[37.791622,48.112445],[37.790173,48.110862],[37.7834993,48.1080899],[37.7773411,48.1041708],[37.7679859,48.102322],[37.7651562,48.0929206],[37.7465144,48.0926233],[37.7451752,48.0949252],[37.7419491,48.096698],[37.7376034,48.0956402],[37.7170963,48.0980084],[37.713323,48.100644],[37.696379,48.099358],[37.692063,48.103723],[37.6839435,48.1044556],[37.6812587,48.1138625],[37.647767,48.109653],[37.6224828,48.1076662],[37.6132641,48.1042586],[37.6135403,48.1021959],[37.63171,48.099192],[37.638986,48.088925],[37.641316,48.081249],[37.6343331,48.0756643],[37.636965,48.074346],[37.636078,48.072311],[37.638338,48.071395],[37.641518,48.066091],[37.6353309,48.0644624],[37.6275622,48.0644404],[37.6208378,48.0613172],[37.6143521,48.0618855],[37.6113165,48.0608595],[37.6067181,48.0555403],[37.5965972,48.0544749],[37.59176,48.052975],[37.5890879,48.0439315],[37.5903918,48.037833],[37.573459,48.032381],[37.570798,48.014241],[37.558525,48.014097],[37.548288,48.0072],[37.543246,47.998348],[37.543162,47.995432],[37.5484835,47.9864152],[37.5439017,47.9832735],[37.5447913,47.9774234],[37.54461927065706,47.977246217653914]]],[[[37.93078444455095,48.35948370752811],[37.94180091415291,48.357729112588224],[37.949790911354334,48.3735461620846],[37.94983117215669,48.373582992550716],[37.94988178551949,48.373613674135036],[37.949940672409824,48.37363694652746],[37.9723618942655,48.380560676669226],[37.97466823447642,48.38127288037241],[37.97831589824688,48.39136906990228],[37.978349592714544,48.391407189625255],[37.9783938782559,48.39144018871099],[37.9784470393835,48.39146678886109],[37.97850701678273,48.39148595965348],[37.97857148708503,48.39149695845947],[38.00468353260537,48.394169107201066],[38.042004458243824,48.40929634192688],[38.04206652872615,48.409307428200876],[38.042130637668414,48.40931052158615],[38.11342870953135,48.408241792585294],[38.11716265997583,48.42088816396719],[38.11719127756391,48.42092533121572],[38.11722976440927,48.4209583420852],[38.11727679113823,48.42098605633238],[38.11733073338911,48.42100751666536],[38.11738972791993,48.421021981810746],[38.11745173696889,48.42102895211935],[38.11751461864397,48.42102818682545],[38.11757620091006,48.42101971236352],[38.11973017764827,48.42058103918912],[38.14689122675937,48.41504949215706],[38.148710498036095,48.414678984206866],[38.148767105815125,48.41465313216627],[38.148814677325966,48.41462022242136],[38.16314531084953,48.402438264876295],[38.188900444623975,48.41673107235415],[38.18896445202721,48.41674850008827],[38.18903246222762,48.41675692297882],[38.18910163202159,48.416755988902075],[38.18916906972612,48.41674573690767],[38.18923195607203,48.416726595585985],[38.1892876620691,48.416699365150016],[38.238762209170154,48.38687502776722],[38.27379339196567,48.3594573336823],[38.32156919600076,48.3712469710909],[38.363706132612755,48.398535311569916],[38.38505661636383,48.41236211809256],[38.390615592371375,48.415962171684626],[38.3889099790323,48.432298784159514],[38.388919446719065,48.43233458609928],[38.40504361945922,48.47340842326353],[38.40787482453465,48.48839251830466],[38.407891702448765,48.4884818443204],[38.41319029649151,48.51652454508047],[38.41319601399685,48.51655480486074],[38.41395800953194,48.52058765066826],[38.40229746516849,48.54783690757511],[38.40229746500627,48.591965418140596],[38.40575899027272,48.60202020524764],[38.405790322465705,48.60205739834555],[38.405831706165166,48.60209001282909],[38.405881654072715,48.602116876544734],[38.405938371086414,48.602137024017935],[38.438506606084054,48.61119150737247],[38.44090123820731,48.6172698371145],[38.435962493833905,48.629146465399266],[38.426017182737716,48.6386024792937],[38.42599700272272,48.63864003969472],[38.42598718848817,48.63867936588025],[38.425988049183786,48.63871921916767],[38.42599955772461,48.63875834426897],[38.43117494289117,48.65059629325952],[38.43121276091423,48.6506340963529],[38.43126129580719,48.65066611452827],[38.43131857165601,48.650691044275014],[38.431382256677374,48.65070787066198],[38.433116468742924,48.65103651228273],[38.45969437684042,48.656073155128624],[38.51494129049931,48.66654271395986],[38.515825793320104,48.670633831992745],[38.51585124509335,48.670671682335644],[38.515886788631306,48.670705802732485],[38.51593121522026,48.67073503284744],[38.515983014051756,48.67075837864709],[38.52719131682139,48.67485807867749],[38.52726853661072,48.67486634656836],[38.54878124343071,48.67551289795281],[38.55919324282149,48.68684530652712],[38.55924031936611,48.68687387992245],[38.55929466445243,48.68689613193627],[38.5593543575881,48.68691127620482],[38.571989758297924,48.689244651197754],[38.57740342308811,48.696808686202914],[38.57783372219249,48.69862067711549],[38.58251848965482,48.71834824796754],[38.58289809093965,48.71994675019895],[38.58292643420751,48.71998590581173],[38.58296566204034,48.72002073452914],[38.583014310026755,48.7200499361444],[38.58307056207772,48.72007242051656],[38.5831323182237,48.72008734826837],[38.583197273011116,48.72009416212257],[38.67789925646842,48.723905362156785],[38.67421700241987,48.72931321551555],[38.67420863069589,48.7293575732837],[38.674213743354706,48.72940214606114],[38.674232137883415,48.72944516800947],[38.674263085577365,48.72948493472506],[38.67430536040448,48.72951987076324],[38.674357287573706,48.72954859205406],[38.67441680988383,48.72956996073662],[38.67448156922442,48.72958313023957],[38.674549000000006,48.729587578821025],[38.69142926018152,48.729587578821025],[38.69176604514637,48.729587578821025],[38.70151813927816,48.72764068870164],[38.753516,48.718494],[38.76492484944457,48.7149822898124],[38.76712288159513,48.71454347872032],[38.808401028720944,48.713639512138634],[38.82982152541481,48.71722857850929],[38.846862976854275,48.74303391674829],[38.846898263875794,48.74306369037321],[38.846940621527544,48.74308914099997],[38.848055992362525,48.74365324160233],[38.86016540615537,48.74977759719827],[38.86069838474426,48.75004715198095],[38.86291315729458,48.7511672767776],[38.86095745507976,48.75073654072209],[38.862916818114115,48.751169128243],[38.8637379583579,48.75158442124835],[38.863811616817365,48.75160014050951],[38.86388875651748,48.75160448667414],[38.872324940805505,48.75144440743519],[38.87762,48.752591],[38.879079,48.752478],[38.88024269056814,48.75129416565372],[38.90480823088697,48.7508280268326],[38.90486466757909,48.75081699558662],[38.904917380872064,48.75079972240226],[38.90496479640343,48.750776723170965],[38.906459549608265,48.74991089419385],[38.911137,48.748007],[38.91258157117147,48.7463647411227],[38.91810528497196,48.74316515509454],[38.919143124701634,48.743395482514856],[38.922876216061766,48.74501023260856],[38.91915091323893,48.743397211022305],[38.927058499922424,48.745152139061446],[38.9369157901146,48.74733976414108],[38.93698301318137,48.747341019944656],[38.937049300033536,48.74733354184091],[38.93711206631204,48.74731762138254],[38.937168864921446,48.74729387926834],[38.93721748143879,48.74726324114275],[38.93725602044965,48.747226901506195],[38.937282979444895,48.747186277143314],[38.93729730739719,48.747142951885095],[38.937298445733845,48.74709861485876],[38.937286350109034,48.747054994633],[38.93723285170988,48.74693218247425],[38.93886,48.745814],[38.93795846306615,48.744073827079],[38.938858,48.745812],[38.937231720431484,48.746929585485475],[38.93566569038668,48.74333457080244],[38.93287649198315,48.73693162262923],[38.94373360955299,48.734088663394346],[38.94603196180775,48.73444140986255],[38.94607,48.734451],[38.94608989510727,48.7344503013485],[38.96070607152402,48.73669356262359],[38.96074724817733,48.741005992593635],[38.96074731040359,48.74101250954874],[38.960787402996395,48.745211405886224],[38.9607874124727,48.74521239833947],[38.96079664923587,48.74617976433745],[38.9608143715619,48.74621973506757],[38.96084298116432,48.74625686097434],[38.960881494322955,48.746289865481124],[38.960928586775765,48.746317613723626],[38.960982639252315,48.74633915157312],[38.96104179315266,48.74635373844538],[38.961104014456836,48.746360872766715],[38.961167163667284,48.746360309221316],[38.96362508175335,48.74618664593433],[38.964095,48.746196],[38.96421463120907,48.7461449915371],[38.97891294309408,48.745106487784845],[38.97897391557632,48.74508957537158],[38.97902878018088,48.745065209962185],[38.9790754672836,48.74503431068275],[38.979112215745864,48.7449980431319],[38.97940599020048,48.744636173985064],[38.981218,48.743847],[38.981825748492035,48.741655534059625],[38.98560939384328,48.73699486839024],[38.989543,48.734989],[38.991439,48.730611],[38.998391,48.724269],[38.999209744815616,48.72024205913252],[38.999658964090706,48.71968871423386],[38.999671937046294,48.7196448190925],[38.99967146936044,48.71960009838432],[38.999657579614684,48.71955632551893],[38.9996308186424,48.71951523631448],[38.999592247680326,48.71947846016417],[38.999543396281105,48.719447455423634],[38.99908623437215,48.71921029720751],[38.99804701249958,48.7174736930063],[38.99908529398769,48.719209809371804],[38.99282245184482,48.715960884994274],[38.98521402780707,48.712013923891476],[38.99665577593183,48.711517848298186],[38.996925,48.711604],[38.99756252413663,48.71147853475547],[38.999073546602034,48.71141302191968],[38.999135617358746,48.71139771493285],[38.99919201662692,48.7113747616785],[38.99924060651139,48.71134503223637],[38.999279545153215,48.711309653546635],[38.999307356547774,48.71126996669035],[38.999322986493006,48.71122747605257],[39.002122690708006,48.69817466534008],[39.015716469374695,48.69508611523197],[39.015768463277276,48.695062053754114],[39.015812777912984,48.69503203410922],[39.015847869712644,48.69499710195289],[39.01587251636802,48.694958474052854],[39.015885859405735,48.69491749590521],[39.015887434086906,48.694875594867106],[39.0156231675929,48.692338448095896],[39.015729,48.688642],[39.01491704591666,48.68555917652117],[39.014699594189366,48.683471484890475],[39.01670274994536,48.68075772631371],[39.019584,48.679141],[39.01997361050407,48.676326555213784],[39.02661200074537,48.66733325132349],[39.02662295506213,48.66729200039184],[39.02662212167577,48.667250123485275],[39.02650597398701,48.666537803706696],[39.02748580790611,48.663249643242864],[39.02650522488092,48.666533209529355],[39.025799654040796,48.66220602859321],[39.025799540886915,48.66220533463412],[39.02575109142161,48.66190819990191],[39.025726293108455,48.661868665450406],[39.02569059159795,48.66183295556982],[39.02564528317915,48.66180236683163],[39.025592012944415,48.66177800986418],[39.02553271505803,48.66176076902877],[39.02546954253077,48.661751270310894],[39.02540478904971,48.66174985859262],[39.01015956450603,48.662379244298954],[39.01264174500549,48.658491443609755],[39.01372562751388,48.6580669170596],[39.019155,48.656978],[39.02851,48.653009],[39.032209,48.652876],[39.03426723975527,48.65002134042927],[39.042733530264485,48.646705330553026],[39.07587101944992,48.65185006508354],[39.07592646129441,48.65184955258214],[39.0925992812919,48.65079291777337],[39.098556,48.650892],[39.10200342211537,48.650196933258336],[39.1035150674302,48.65010113320421],[39.12303407742997,48.66021858117967],[39.12309715289842,48.66023459565037],[39.123163777450976,48.66024205436876],[39.126624132441236,48.66039853158454],[39.127309,48.660474],[39.12770097941116,48.66044722659305],[39.141640859156915,48.6610775878066],[39.14156722870138,48.666702090812635],[39.14159606621137,48.666753304685834],[39.143265524828344,48.66887902306395],[39.1432680497696,48.66888223806669],[39.14651709832025,48.67301924520499],[39.14840725213465,48.675425974344535],[39.148455112316164,48.67545798771606],[39.14851167472443,48.67548306032273],[39.14857466990443,48.67550018617073],[39.15081391861615,48.675941785174615],[39.151943,48.676288],[39.15228416185871,48.67623172972074],[39.17401974381678,48.680518172442014],[39.196251377562966,48.70666050097856],[39.19630230522822,48.70669191340058],[39.19636186373496,48.706715818773056],[39.19642755404903,48.706731214038754],[39.19649661983954,48.70673745321944],[39.196566163136715,48.70673427452182],[39.19663326593402,48.70672181132267],[39.196695112631176,48.70670058657219],[39.19674910817943,48.706671490850475],[39.196792986970884,48.706635744997875],[39.19682490790251,48.70659484888762],[39.196985963777145,48.7063232651087],[39.198356,48.705779],[39.199855287225766,48.701484809467885],[39.20063278646731,48.70017373539125],[39.20711341444763,48.69855500671407],[39.21392471811835,48.70209897997633],[39.22035124637476,48.705442751655134],[39.22649805969831,48.70864098552047],[39.229011814603794,48.70994891137484],[39.22678546354894,48.70897720231971],[39.22902198131763,48.70995420119361],[39.23220624175476,48.71161099619128],[39.23226468757712,48.711626805231134],[39.23232655418575,48.711635215433844],[39.23238971060469,48.711635937112426],[39.23245198142919,48.71162894540888],[39.23251122175971,48.71161448115042],[39.23344740868862,48.71131809957988],[39.235993,48.71109],[39.238514476269174,48.709713948313485],[39.239583184606715,48.709375612618175],[39.249494585651014,48.71271993575016],[39.25393748084834,48.72272164717095],[39.253940144636395,48.722727643810124],[39.255416896212836,48.72605206233718],[39.25541747542117,48.72605336623348],[39.25887731324065,48.73384204858954],[39.25861431139668,48.734604178366304],[39.258611064718465,48.73461358662787],[39.256071060457955,48.74197404026874],[39.25607098386532,48.741974262219756],[39.25597051526151,48.742265401298624],[39.255976152218196,48.74231094712217],[39.25599565326343,48.742354797587204],[39.25602821100667,48.742395137100075],[39.25607247744648,48.742430295431156],[39.2561266197798,48.74245881687082],[39.25618839628628,48.74247952050376],[39.25625524914596,48.74249154910561],[39.256324410347034,48.742494404637185],[39.257251683428606,48.74247030694944],[39.258537,48.742744],[39.259901981178004,48.74240143182639],[39.26838758753726,48.742180910497304],[39.270809216077744,48.74993675608131],[39.27081044547711,48.74994069352733],[39.271944490392535,48.75357274406784],[39.270810757260286,48.75276025933265],[39.27194465458174,48.7535732699231],[39.272070531409064,48.75397642062067],[39.272105053132904,48.754016828982145],[39.27215142811574,48.75405170072842],[39.27220767868087,48.75407954872539],[39.27227140598678,48.75409918537028],[39.27233989232873,48.754109773239634],[39.272410217040694,48.75411086080324],[39.272479381054495,48.75410240168084],[39.272544434803024,48.754084756620166],[39.27332385509635,48.75380817921026],[39.274778,48.753683],[39.275335457448584,48.75309436180891],[39.286243715425535,48.74922356480288],[39.292325699461166,48.76072145285464],[39.29236892370788,48.76075892371519],[39.31165281259593,48.774254903615386],[39.311718985640404,48.77427792070028],[39.311791185954576,48.77429086525651],[39.31321040053379,48.77443719824921],[39.314592,48.774807],[39.324549,48.776051],[39.32568975698006,48.77572392514908],[39.32626714471945,48.77578345869467],[39.3263307109755,48.77577811536222],[39.32639163545853,48.77576502419892],[39.32644776388831,48.77574464810685],[39.32649711157859,48.77571770758174],[39.32653793361671,48.77568515523534],[39.32656878656359,48.77564814211032],[39.326588579492125,48.77560797697867],[39.326596612559484,48.77556608006305],[39.326615457207595,48.775172296533],[39.327974,48.773695],[39.32748300451054,48.772108014610836],[39.327972,48.773692],[39.326615678543945,48.775167671421016],[39.32681026441826,48.77110154548268],[39.32693722105466,48.768448620782294],[39.32930199720596,48.767651960393174],[39.332378814165445,48.766900107838495],[39.351078208538965,48.768771355002244],[39.35114409460352,48.768765125638936],[39.35120688613484,48.76875057277268],[39.35126418704134,48.76872825173401],[39.35131381075842,48.768699014282305],[39.351353863688225,48.76866397610207],[39.35180187764512,48.7681785274516],[39.354504,48.766831],[39.35402193100086,48.765772973140386],[39.35421454656718,48.765564263198904],[39.35423100519377,48.76551826105491],[39.35423249291601,48.765471007196865],[39.35421894388165,48.76542459458672],[39.354190958241375,48.7653810789203],[39.35414977556036,48.765342387577604],[39.35196837924117,48.76369362084772],[39.35196358009332,48.763689993503505],[39.35110644613387,48.76304214517674],[39.35110170837624,48.763038564233156],[39.34351454044796,48.75730394831574],[39.34458392747371,48.75470983937512],[39.347029,48.750214],[39.34709325344292,48.74862274015385],[39.34957082152561,48.74261267891357],[39.35646769387164,48.738069776903956],[39.358194,48.737008],[39.35821330426664,48.73691996049826],[39.35915262881583,48.73630123665242],[39.35918364502122,48.73626398398122],[39.359203464677556,48.73622354461164],[39.359211378024966,48.73618136677031],[39.359207101698985,48.73613896093884],[39.35919078887421,48.7360978457599],[39.35861944785267,48.73506769231246],[39.35887499784541,48.7339022248824],[39.35861873317671,48.73506640371972],[39.357100500979136,48.73232896307854],[39.35711999652318,48.732346234271525],[39.3571004963866,48.732328954798],[39.35413762406721,48.72698676332381],[39.37166117338384,48.71992581923763],[39.372606,48.719872],[39.37349476799477,48.71918699008889],[39.374415690594205,48.71881591326736],[39.37446132453908,48.71878129428455],[39.37449534258975,48.71874127923668],[39.37451632503116,48.71869753815264],[39.37452339619746,48.71865189656298],[39.37451626101264,48.718606259310725],[39.3744952172992,48.71856253105275],[39.37446114334246,48.718522536769854],[39.374415461230406,48.718487945602796],[39.37436007749992,48.71846020119295],[39.37429730356709,48.71844046143427],[39.374095322358635,48.71839295215795],[39.37378708656995,48.717492253588745],[39.37409450042687,48.718392758826184],[39.36669496820494,48.71665226809603],[39.36668881377988,48.71665082047482],[39.35929481069173,48.714911630287155],[39.35928135494511,48.71490846527597],[39.352500482247855,48.7133134933618],[39.35249284618699,48.713311697235675],[39.34730231898799,48.71209080053524],[39.34972489457486,48.708093955792656],[39.350505,48.707639],[39.353673117363044,48.70158004820642],[39.356233685848025,48.697355538249866],[39.35756146380666,48.696694028281264],[39.360313,48.6958],[39.371472908416216,48.68976323143607],[39.37812809388467,48.68644756295278],[39.3897233099956,48.684958046037316],[39.38977868388976,48.68493969135791],[39.38982809612094,48.68491500985482],[39.38986990727069,48.6848848204256],[39.389902730120895,48.684850124711424],[39.38992547567889,48.6848120738632],[39.38993738930678,48.68477193034739],[39.38998501352568,48.684465577881596],[39.390931,48.68376],[39.39028670483024,48.682524887258424],[39.39084482551345,48.67893466254815],[39.403302277495406,48.674069613495355],[39.405823,48.673814],[39.41020545626698,48.67137369274105],[39.41194695171458,48.67069358088591],[39.41198956100375,48.67066428517913],[39.41202348230909,48.67063039999557],[39.412047605894756,48.670593033907785],[39.41240164527545,48.669866467014025],[39.413872,48.668429],[39.41359372279744,48.66742006102225],[39.413863791089234,48.666865821323015],[39.41386490377719,48.66682160766503],[39.413852877196426,48.66677810709562],[39.41382817764878,48.66673700612577],[39.408437389864744,48.65983788030114],[39.41086908627922,48.65786948554467],[39.417298643237096,48.65741428995947],[39.420748,48.658225],[39.432325,48.656751],[39.43430531115005,48.65621026296295],[39.44269324940669,48.65561641917428],[39.446504,48.656303],[39.45128525355353,48.65500812806164],[39.45247739996775,48.65492372725639],[39.452541234360865,48.65490515313074],[39.45259798653238,48.65487836364212],[39.452645267380866,48.65484448655626],[39.452681086533566,48.6548049480052],[39.45270393613437,48.65476141244952],[39.45271285431673,48.6547157126078],[39.452707465690295,48.65466977230376],[39.452601757197456,48.65428620133452],[39.45338419586452,48.65281350815132],[39.452600806245705,48.65428275073681],[39.4519255056099,48.65183237317072],[39.44993340856161,48.64460390386719],[39.4544249921983,48.63998548367602],[39.46352676866167,48.63866339473913],[39.465815,48.638667],[39.466254069248095,48.63826723757714],[39.468817815370315,48.63789483770566],[39.468877630757426,48.63787216494294],[39.46892928902034,48.63784198008436],[39.4689706633855,48.63780552585179],[39.46900005048203,48.63776430307658],[39.46901624046781,48.637720008908566],[39.46901856683475,48.637674466942805],[39.469006933843524,48.637629552141384],[39.46898182045908,48.63758711364116],[39.46578647516605,48.63347488986318],[39.46747589650774,48.628808938373176],[39.49486794493918,48.631675886369074],[39.495545,48.632131],[39.510436,48.634456],[39.51409,48.633839],[39.51424910361549,48.63370438650714],[39.516595122289665,48.63394992906133],[39.5166636790441,48.633943111661914],[39.516728715469505,48.63392724112148],[39.5167875246409,48.63390297799959],[39.5168376588314,48.63387133216854],[39.51687703139247,48.633833620779335],[39.516904003602924,48.633791413438175],[39.51691745287249,48.633746466875635],[39.51790797131629,48.62666841243252],[39.51788886143515,48.62661883013853],[39.51785326808917,48.62657339363495],[39.513351315838236,48.62214751028555],[39.52395338611325,48.61413811808223],[39.525725,48.613024],[39.525962771937074,48.612620116528454],[39.530127411977894,48.609473916342324],[39.530155015415275,48.60943294727959],[39.53016975565799,48.60938916852508],[39.53017104484118,48.60934432614703],[39.53015883158273,48.60930020863051],[39.530133603027,48.609258575545745],[39.524945966650634,48.60268735539263],[39.534460028027056,48.5969054653421],[39.53449157823329,48.59687284101238],[39.534514184594954,48.59683711702965],[39.53452717491676,48.59679935566963],[39.53535153604406,48.59282714395446],[39.53534254523148,48.59278571622999],[39.53532208858805,48.59274611126873],[39.53529087659101,48.59270970453583],[39.53524999324047,48.59267776042034],[39.53520085841031,48.592651388324484],[39.5351451785357,48.59263150413559],[39.52962912549722,48.591081372558435],[39.53097539943824,48.58592024545278],[39.5489687854426,48.58619241578062],[39.548725760328416,48.59589715578338],[39.54874674186394,48.59594224095993],[39.54878150035233,48.59598343294191],[39.54882850226478,48.59601891432052],[39.5488856738744,48.59604711963786],[39.54895049274838,48.59606680445755],[39.56352361072912,48.599311892676404],[39.56359354475593,48.599312621480976],[39.563662221232526,48.59930385995484],[39.563726726859386,48.59928597976765],[39.56378432527367,48.599259739408026],[39.563832573130625,48.59922625200684],[39.563869423752834,48.59918693811604],[39.56974152768895,48.59117372220867],[39.56975223838512,48.59113182167547],[39.56975082416005,48.591089336763766],[39.569737335680074,48.59104778864064],[39.56971225592623,48.591008664927934],[39.564562336451395,48.58470998527225],[39.57426893097063,48.582001852023396],[39.59121280490897,48.59244378374087],[39.59127949159296,48.592463809481075],[39.59135111960939,48.59247391110974],[39.600647935610574,48.593098686961625],[39.60071598769663,48.593089299524486],[39.600779723006795,48.59307094227714],[39.600836470054205,48.593044384671494],[39.600883850277825,48.59301073987953],[39.60091987774172,48.592971418132855],[39.60235134097895,48.59096903913572],[39.604591,48.588814],[39.604879224124026,48.587432951037016],[39.60620819267709,48.58557394505678],[39.606217595087784,48.58552867599882],[39.606212951102314,48.585483085044466],[39.60619445301291,48.58543905960019],[39.60616286664923,48.58539842225761],[39.606119499668736,48.58536285534153],[39.59729494755418,48.579469303837364],[39.60127811067687,48.57516736004244],[39.6108602795893,48.57429348022143],[39.621907889846334,48.585686640274595],[39.6219079511219,48.58568670346675],[39.622039553841596,48.58582242248779],[39.6219288518584,48.58580416743126],[39.62203967826336,48.58582255080125],[39.62335685133614,48.58718092272846],[39.62340602211339,48.58720905133051],[39.6234623964435,48.58723046503098],[39.623523907456715,48.58724437872968],[39.62358829994794,48.58725028230188],[39.623653213063015,48.587247959301905],[39.62371626685912,48.58723749489909],[39.62377514956521,48.58721927275509],[39.62382770234261,48.5871939609569],[39.63351194255867,48.58151549770968],[39.671295456062936,48.58946401538638],[39.67137011498604,48.589462905071294],[39.68719239607162,48.588066086728674],[39.687101,48.589208],[39.682672,48.592689],[39.679362,48.591808],[39.678799,48.590094],[39.676478,48.590863],[39.676018,48.594721],[39.678178,48.59586],[39.679654,48.595476],[39.680608,48.596402],[39.678671,48.59812],[39.676001,48.59795],[39.675274,48.59694],[39.671427,48.595451],[39.668806,48.596567],[39.668158,48.601311],[39.670944,48.603218],[39.670576,48.604588],[39.667113,48.605231],[39.663374,48.604922],[39.661023,48.606551],[39.660623,48.60909],[39.663798,48.613004],[39.666873,48.620065],[39.671535,48.624331],[39.680063,48.629498],[39.687768,48.632823],[39.690642,48.635483],[39.693161,48.636238],[39.69424,48.637614],[39.69377,48.643208],[39.69153,48.644962],[39.691241,48.646322],[39.693715,48.649408],[39.70227,48.653309],[39.706436,48.656973],[39.708981,48.654618],[39.71098,48.655517],[39.711381,48.656876],[39.709526,48.662254],[39.711308,48.667218],[39.710291,48.668063],[39.70426,48.666623],[39.702902,48.667225],[39.701721,48.669404],[39.704033,48.671485],[39.712113,48.674652],[39.713498,48.676128],[39.714196,48.680225],[39.720341,48.681944],[39.723203,48.684077],[39.720602,48.686758],[39.718497,48.687429],[39.716681,48.689934],[39.718827,48.693317],[39.715965,48.695208],[39.720211,48.697203],[39.717876,48.703361],[39.713158,48.700835],[39.704492,48.706805],[39.712561,48.71167],[39.712262,48.715916],[39.704838,48.721463],[39.725463,48.72709],[39.726615,48.729372],[39.722706,48.731886],[39.725599,48.737681],[39.725011,48.740452],[39.731647,48.742096],[39.732192,48.744333],[39.733671,48.745162],[39.736185,48.7434],[39.739365,48.743631],[39.738736,48.747477],[39.736921,48.748898],[39.736376,48.752183],[39.740082,48.766418],[39.755303,48.767977],[39.76094,48.763862],[39.766204,48.764237],[39.768551,48.76631],[39.76866,48.769329],[39.766036,48.771031],[39.76363,48.771034],[39.762426,48.772562],[39.765644,48.775498],[39.766213,48.779168],[39.769706,48.780787],[39.771516,48.783491],[39.780194,48.786082],[39.785854,48.799158],[39.797126,48.840576],[39.804672,48.843576],[39.808044,48.83948],[39.807503,48.838581],[39.827832,48.831465],[39.830439,48.833554],[39.886255,48.820946],[39.936737,48.800795],[39.976403,48.793903],[40.078831,48.869867],[40.071286,48.876975],[40.055495,48.910098],[40.048495,48.910186],[40.031195,48.915801],[40.018063,48.907791],[40.00398,48.900793],[39.99343,48.868286],[39.950652,48.875459],[39.940309,48.886691],[39.924336,48.895717],[39.853161,48.890737],[39.845802,48.902911],[39.836789,48.903052],[39.833741,48.900823],[39.805377,48.914842],[39.782372,48.915745],[39.790097,48.938471],[39.776879,48.946025],[39.75208,48.986592],[39.747268,48.987412],[39.736045,48.982483],[39.729833,48.978068],[39.730221,48.976738],[39.727004,48.975591],[39.72482,48.976565],[39.724478,48.978068],[39.726482,48.978679],[39.726381,48.979461],[39.717623,48.982354],[39.71535,48.989709],[39.71264,48.990129],[39.711548,48.991803],[39.709715,48.992613],[39.707705,48.992742],[39.708498,48.994431],[39.703825,48.99933],[39.699288,49.00097],[39.69527,48.999046],[39.693269,48.999302],[39.691124,48.99629],[39.67693,48.989538],[39.663411,49.000872],[39.670277,49.003148],[39.679204,49.012886],[39.673658,49.014934],[39.675663,49.026888],[39.681736,49.028733],[39.683582,49.036925],[39.673217,49.03933],[39.682089,49.045779],[39.693366,49.05054],[39.74032,49.04222],[39.766623,49.040132],[39.787133,49.049358],[39.803143,49.059202],[39.880305,49.06432],[39.910263,49.057462],[39.937951,49.056277],[39.942532,49.071347],[39.938169,49.082798],[39.958701,49.105564],[39.972108,49.124488],[40.031575,49.180241],[40.07613,49.186828],[40.092759,49.203164],[40.10829,49.210883],[40.12297,49.230991],[40.137226,49.239885],[40.177084,49.237489],[40.188228,49.238626],[40.208815,49.242226],[40.21437,49.244887],[40.220806,49.257774],[40.219264,49.265172],[40.185745,49.284288],[40.18404,49.303985],[40.188526,49.307443],[40.196814,49.345228],[40.176429,49.356618],[40.170182,49.3564],[40.159805,49.366018],[40.162603,49.367837],[40.156906,49.372669],[40.144598,49.377667],[40.129549,49.382381],[40.113402,49.385696],[40.076909,49.409957],[40.059551,49.435263],[40.047204,49.444878],[40.02919,49.453599],[40.04176,49.499103],[40.037599,49.519895],[40.168435,49.568921],[40.139525,49.596274],[40.135258,49.616254],[40.063538,49.599233],[40.056729,49.606573],[39.952223,49.596549],[39.934601,49.572783],[39.890224,49.558359],[39.838914,49.563518],[39.805312,49.55805],[39.750232,49.596719],[39.712747,49.605923],[39.696747,49.604291],[39.686926,49.611558],[39.659995,49.614811],[39.638379,49.6351],[39.613305,49.691362],[39.59136,49.719134],[39.610109,49.733798],[39.533835,49.740848],[39.478761,49.756475],[39.438201,49.760006],[39.412062,49.753111],[39.376963,49.738424],[39.307924,49.753044],[39.28556,49.755666],[39.27547,49.768026],[39.264639,49.76848],[39.250371,49.777802],[39.240372,49.791123],[39.239146,49.798226],[39.228992,49.808432],[39.225656,49.840184],[39.188395,49.886222],[39.178402,49.888001],[39.130738,49.861568],[39.110366,49.837773],[39.069763,49.818731],[39.066233,49.815349],[39.033522,49.822372],[39.02166,49.82091],[38.984906,49.807783],[38.971138,49.807221],[38.949095,49.796102],[38.94035,49.800888],[38.933474,49.799778],[38.93291,49.79758],[38.930753,49.797174],[38.927811,49.798576],[38.927421,49.801381],[38.9287,49.803888],[38.920357,49.804946],[38.919189,49.808942],[38.916163,49.812724],[38.919124,49.814665],[38.909372,49.81917],[38.907392,49.828412],[38.913507,49.82863],[38.915094,49.831059],[38.911398,49.834589],[38.913878,49.836114],[38.912225,49.844315],[38.906706,49.845044],[38.90505,49.849149],[38.90967,49.850849],[38.918648,49.8579],[38.916488,49.859925],[38.909338,49.860103],[38.898467,49.870416],[38.876416,49.869423],[38.874563,49.866638],[38.869398,49.864488],[38.856713,49.869139],[38.849104,49.865103],[38.845669,49.86581],[38.84329,49.865145],[38.839345,49.865762],[38.836346,49.867366],[38.835371,49.870964],[38.837392,49.872222],[38.836414,49.873896],[38.825105,49.878965],[38.794958,49.88331],[38.79015,49.87851],[38.783488,49.881113],[38.777683,49.88532],[38.768232,49.896044],[38.743847,49.897307],[38.733846,49.905025],[38.723247,49.927005],[38.6929,49.934766],[38.6853,49.960344],[38.715315,49.982384],[38.715136,49.98771],[38.687546,50.008152],[38.679052,50.005448],[38.676054,49.992814],[38.679731,49.974494],[38.666941,49.972156],[38.646196,49.955937],[38.616078,49.97439],[38.58157,49.977416],[38.526715,49.958271],[38.507898,49.96403],[38.487706,49.963602],[38.4833,49.976528],[38.47752,49.983271],[38.465914,49.983961],[38.46804,49.995247],[38.434095,50.001019],[38.416008,49.981338],[38.397563,49.990585],[38.349575,50.006444],[38.354164,50.019048],[38.3512,50.034741],[38.333976,50.059093],[38.329442,50.08551],[38.313196,50.088337],[38.301154,50.087142],[38.291493,50.079436],[38.275781,50.07344],[38.25406,50.072508],[38.178568,50.079969],[38.185066,50.055692],[38.183827,50.045832],[38.187923,50.04072],[38.188245,50.023603],[38.185416,50.022222],[38.186831,50.02169],[38.197286,50.008256],[38.201117,50.004728],[38.200786,50.003778],[38.202728,50.001836],[38.205135,50.001004],[38.204578,49.997644],[38.207712,49.991511],[38.210852,49.989247],[38.217126,49.987182],[38.196332,49.969759],[38.162402,49.951496],[38.171565,49.941901],[38.126682,49.92215],[38.124994,49.942552],[38.056464,49.923247],[38.033921,49.904761],[38.012367,49.918497],[38.043687,49.932897],[38.005373,49.967245],[37.999075,49.963601],[37.980562,49.976794],[37.965809,49.979304],[37.962041,49.982918],[37.940048,50.015142],[37.924736,50.012396],[37.913076,50.003078],[37.901757,50.003659],[37.892833,49.989099],[37.887515,49.987781],[37.886663,49.980172],[37.874909,49.980064],[37.854697,49.970239],[37.831706,49.971647],[37.819873,49.956224],[37.80726,49.954079],[37.802204,49.943098],[37.793004,49.940646],[37.78544,49.932338],[37.773749,49.907092],[37.766756,49.899654],[37.754853,49.897594],[37.74046,49.884523],[37.732253,49.875381],[37.732746,49.866107],[37.728262,49.860706],[37.726015,49.859038],[37.716123,49.856783],[37.70339,49.850689],[37.701148,49.848675],[37.702447,49.839951],[37.698204,49.832045],[37.689671,49.826242],[37.678044,49.81608],[37.68182,49.812476],[37.676827,49.803746],[37.6706,49.80272],[37.667262,49.79858],[37.664564,49.7977],[37.66341,49.795768],[37.663517,49.794911],[37.672697,49.791184],[37.675568,49.788617],[37.67852,49.789529],[37.682974,49.789637],[37.68526,49.788346],[37.688457,49.788138],[37.694848,49.785788],[37.711689,49.774718],[37.7244721,49.7711276],[37.7267063,49.7712988],[37.773741,49.758473],[37.816634,49.74544],[37.8533,49.739412],[37.876222,49.733081],[37.889412,49.72851],[37.91149,49.723603],[37.91796,49.678426],[37.912874,49.658755],[37.916312,49.648205],[37.920291,49.640434],[37.9283,49.634108],[37.928929,49.620366],[37.938162,49.600571],[37.937911,49.590606],[37.943667,49.58142],[37.957508,49.573468],[37.954209,49.565917],[37.943891,49.553401],[37.943093,49.548922],[37.956747,49.542779],[37.955986,49.526841],[37.951155,49.526154],[37.949499,49.52374],[37.9503,49.516054],[37.957288,49.5126],[37.956619,49.508028],[37.945443,49.504942],[37.95315,49.483572],[37.93843,49.463082],[37.940642,49.444244],[37.92878,49.424289],[37.948687,49.403562],[37.942766,49.398993],[37.944869,49.395759],[37.940195,49.380594],[37.939463,49.367629],[37.936112,49.358905],[37.938587,49.355243],[37.934067,49.351958],[37.941921,49.349687],[37.9438667,49.3469035],[37.9411774,49.3445677],[37.9423293,49.3418475],[37.9417892,49.3388375],[37.9500466,49.3377009],[37.9572947,49.3348448],[37.9628232,49.3341691],[37.9649438,49.3324748],[37.9663918,49.3222453],[37.961857,49.3173177],[37.9615836,49.3114894],[37.9693778,49.3111446],[37.9696145,49.3030379],[37.9620075,49.3032654],[37.963242,49.2968886],[37.967716,49.286555],[37.988503,49.266208],[38.009803,49.261509],[38.005429,49.249438],[38.024741,49.237367],[38.025015,49.228302],[38.056524,49.214303],[38.048495,49.203085],[38.047226,49.190491],[38.05054,49.189215],[38.056427,49.184573],[38.061306,49.174695],[38.071336,49.160272],[38.08325,49.148762],[38.086336,49.134796],[38.083806,49.133668],[38.080758,49.123777],[38.06779,49.096014],[38.06842,49.092253],[38.063398,49.064564],[38.018566,49.062924],[38.017338,49.057231],[37.995643,49.053228],[37.988362,49.046821],[37.980308,49.04424],[37.982738,49.03525],[37.993944,49.035158],[38.003077,49.019388],[38.00967,49.015013],[38.060881,49.01408],[38.072685,49.011851],[38.074562,49.009159],[38.090832,49.008685],[38.097624,49.000293],[38.098026,48.99471],[38.102926,48.985722],[38.105879,48.976208],[38.157073,48.976912],[38.169416,48.97551],[38.169993,48.964941],[38.172543,48.965076],[38.172579,48.962952],[38.1986474,48.9635206],[38.1991369,48.9610353],[38.2016627,48.9610832],[38.2021654,48.9573475],[38.203698,48.9573313],[38.2039307,48.9545938],[38.200313,48.9542954],[38.201772,48.946122],[38.19997,48.943993],[38.202201,48.941922],[38.21027,48.940598],[38.219196,48.942768],[38.23465,48.944666],[38.23809,48.946707],[38.243964,48.947259],[38.257479,48.942787],[38.259966,48.940344],[38.259382,48.938127],[38.260497,48.93404],[38.265928,48.926047],[38.271561,48.922118],[38.271124,48.921035],[38.267106,48.920277],[38.266178,48.918955],[38.267783,48.918197],[38.267126,48.916775],[38.270674,48.915748],[38.270354,48.90747],[38.267509,48.903563],[38.261915,48.901493],[38.262502,48.900157],[38.274574,48.895171],[38.272754,48.891694],[38.267902,48.890249],[38.267894,48.889447],[38.260701,48.888971],[38.257643,48.889655],[38.253674,48.888822],[38.252689,48.885633],[38.250204,48.883995],[38.248813,48.880268],[38.245057,48.880601],[38.244584,48.879576],[38.233854,48.882038],[38.235014,48.877435],[38.228545,48.868924],[38.232521,48.865656],[38.23869,48.865747],[38.242558,48.865034],[38.244884,48.856618],[38.252486,48.842491],[38.244294,48.832036],[38.244332,48.830495],[38.252849,48.830543],[38.255475,48.818926],[38.26222,48.813639],[38.260725,48.806964],[38.261104,48.800798],[38.255924,48.794031],[38.255379,48.789865],[38.252367,48.784073],[38.243176,48.780996],[38.235954,48.771899],[38.228075,48.770858],[38.218131,48.771966],[38.217131,48.770899],[38.218585,48.763475],[38.216659,48.761348],[38.205285,48.759785],[38.202229,48.755753],[38.186842,48.753398],[38.176642,48.748825],[38.171581,48.743143],[38.169954,48.733717],[38.15645,48.732688],[38.129901,48.734202],[38.124028,48.737717],[38.113694,48.730592],[38.109548,48.722268],[38.105165,48.72268],[38.099883,48.734039],[38.094256,48.738944],[38.085571,48.730147],[38.077789,48.731271],[38.074453,48.739916],[38.066249,48.748568],[38.061598,48.750654],[38.055963,48.751506],[38.054448,48.748679],[38.048427,48.747183],[38.042234,48.747044],[38.034627,48.750284],[38.029467,48.750722],[38.027522,48.74731],[38.026323,48.741013],[37.998693,48.738288],[37.99097,48.725148],[37.988396,48.716876],[37.979729,48.707306],[37.962794,48.7011],[37.953803,48.701138],[37.93865,48.702072],[37.934579,48.703062],[37.923082,48.709505],[37.917369,48.705556],[37.920251,48.701381],[37.916225,48.697218],[37.912389,48.695675],[37.910312,48.693593],[37.910438,48.690366],[37.915522,48.688725],[37.9107748,48.6846255],[37.911087,48.6834025],[37.9090056,48.6792797],[37.911259,48.670368],[37.90811,48.663309],[37.90286,48.66325],[37.888285,48.660948],[37.891604,48.651326],[37.890728,48.64777],[37.88483,48.641203],[37.891549,48.641215],[37.892838,48.639209],[37.906149,48.639291],[37.9174,48.638182],[37.921535,48.636531],[37.938648,48.635838],[37.952236,48.638844],[37.955283,48.63446],[37.95464,48.63016],[37.958095,48.62845],[37.958675,48.626666],[37.966315,48.620561],[37.963913,48.618797],[37.965202,48.617765],[37.967916,48.619311],[37.971405,48.617148],[37.96897,48.614423],[37.974886,48.611908],[37.969636,48.606379],[37.948612,48.596748],[37.947596,48.593223],[37.960842,48.58523],[37.963166,48.580334],[37.955777,48.57781],[37.960076,48.573964],[37.96129,48.574384],[37.964073,48.573421],[37.96932,48.56137],[37.960776,48.554844],[37.963069,48.552689],[37.961224,48.548076],[37.962555,48.545451],[37.9690601,48.5415287],[37.9769251,48.5396781],[37.9806379,48.5368924],[37.9834555,48.5314754],[37.9798558,48.5258029],[37.9735145,48.5089605],[37.9744982,48.502072],[37.9763295,48.4981768],[37.9750789,48.4917746],[37.963553,48.483996],[37.950554,48.482981],[37.952159,48.474903],[37.95055,48.472297],[37.956943,48.458893],[37.940427,48.452091],[37.940228,48.449226],[37.952923,48.429599],[37.951222,48.42725],[37.952569,48.426282],[37.952117,48.424393],[37.959729,48.419022],[37.952584,48.417956],[37.952916,48.416298],[37.960888,48.416463],[37.965297,48.412754],[37.966616,48.409728],[37.963028,48.400663],[37.966015,48.396482],[37.96459,48.394093],[37.958588,48.394609],[37.94704,48.375156],[37.93463,48.373991],[37.932944,48.361771],[37.93078444455095,48.35948370752811]]],[[[38.70160247919875,48.72762385123516],[38.76489827807233,48.71498759447224],[38.753514,48.718492],[38.70160247919875,48.72762385123516]]],[[[38.872334559831394,48.751444224911154],[38.88023864921854,48.75129424233959],[38.879077,48.752476],[38.877618,48.752589],[38.872334559831394,48.751444224911154]]],[[[38.906475890673654,48.74990142870625],[38.91257390676628,48.74636918069446],[38.911135,48.748005],[38.906475890673654,48.74990142870625]]],[[[38.97940959582973,48.74463173259828],[38.98182186836273,48.7416603135735],[38.981216,48.743845],[38.97940959582973,48.74463173259828]]],[[[38.985613577282045,48.73698971526208],[38.99920653406949,48.720246014105264],[38.998389,48.724267],[38.991437,48.730608],[38.989541,48.734987],[38.985613577282045,48.73698971526208]]],[[[39.015621540666814,48.692322828445434],[39.014918009677864,48.68556842931589],[39.015727,48.68864],[39.015621540666814,48.692322828445434]]],[[[39.01670668411026,48.680752396536576],[39.01997080807008,48.6763303517879],[39.019582,48.679139],[39.01670668411026,48.680752396536576]]],[[[39.01373924651011,48.658061582878595],[39.034261907427215,48.65002342895346],[39.032206,48.652874],[39.028508,48.653006],[39.019153,48.656975],[39.01373924651011,48.658061582878595]]],[[[39.092636361564054,48.650790567822604],[39.101983703679885,48.650198182908085],[39.098554,48.650889],[39.092636361564054,48.650790567822604]]],[[[39.19698652542832,48.706322318012866],[39.19984809716239,48.70149693386004],[39.198354,48.705777],[39.19698652542832,48.706322318012866]]],[[[39.233460202806306,48.71131404917009],[39.238500265201814,48.709718447306514],[39.23599,48.711088],[39.233460202806306,48.71131404917009]]],[[[39.313225378483786,48.77443874260218],[39.32568290898435,48.77572321906297],[39.324546,48.776049],[39.31459,48.774804],[39.313225378483786,48.77443874260218]]],[[[39.35180334902501,48.768176933127656],[39.35402184138782,48.765773070241224],[39.354502,48.766828],[39.35180334902501,48.768176933127656]]],[[[39.3445955567992,48.75468162906725],[39.34709094674139,48.748628335728625],[39.347027,48.750212],[39.3445955567992,48.75468162906725]]],[[[39.34972809267765,48.70808867945767],[39.35365093924746,48.70161663838968],[39.350503,48.707637],[39.34972809267765,48.70808867945767]]],[[[39.35757675528887,48.69668640993827],[39.37140077619024,48.68979916830806],[39.360311,48.695798],[39.35757675528887,48.69668640993827]]],[[[39.403311005005904,48.674066205112425],[39.41018229063524,48.671382739690216],[39.405821,48.673812],[39.403311005005904,48.674066205112425]]],[[[39.41730364581235,48.65741393579041],[39.43429272278565,48.656211154185776],[39.432323,48.656749],[39.420746,48.658223],[39.41730364581235,48.65741393579041]]],[[[39.442699426217814,48.65561598187243],[39.4512682334254,48.65500933304158],[39.446501,48.656301],[39.442699426217814,48.65561598187243]]],[[[39.49487086214404,48.63167619169398],[39.5142452201595,48.633703980051],[39.514088,48.633837],[39.510434,48.634454],[39.495543,48.632128],[39.49487086214404,48.63167619169398]]],[[[39.602360329274106,48.59095646600567],[39.604878111786604,48.58743450701207],[39.604589,48.588812],[39.602360329274106,48.59095646600567]]],[[[39.69761805721197,48.58714569132955],[39.711697928605055,48.5859026959285],[39.702546,48.587778],[39.69761805721197,48.58714569132955]]],[[[39.72180800770029,48.58520240926321],[39.72750971611052,48.586507942395436],[39.726252,48.586624],[39.723379,48.586216],[39.72180800770029,48.58520240926321]]],[[[39.791086594447115,48.593095666653326],[39.80256154569686,48.58730612180149],[39.800216,48.589553],[39.796119,48.591847],[39.791086594447115,48.593095666653326]]],[[[39.818518218473486,48.58551196060755],[39.82433256196479,48.586281217394664],[39.82236,48.586636],[39.818518218473486,48.58551196060755]]],[[[39.82526307989717,48.58582462269841],[39.822933208391454,48.58041188228861],[39.825482,48.581645],[39.826311,48.584207],[39.82526307989717,48.58582462269841]]],[[[39.85539926788752,48.551116248637406],[39.85783196756455,48.54233057361656],[39.858045,48.545366],[39.85539926788752,48.551116248637406]]],[[[39.86665344120442,48.50820455952937],[39.86256767832867,48.50238645277479],[39.866135,48.504775],[39.86665344120442,48.50820455952937]]],[[[39.846802846608576,48.49831554907223],[39.84670261330459,48.47875809719601],[39.847884,48.495108],[39.846802846608576,48.49831554907223]]],[[[39.89759725589291,48.447639674848794],[39.89715378470967,48.44459976456755],[39.898555,48.445972],[39.89759725589291,48.447639674848794]]],[[[39.91102088010854,48.40156534065123],[39.91823958976012,48.398078550620426],[39.91605,48.40061],[39.91102088010854,48.40156534065123]]],[[[39.91846770637563,48.39721245404208],[39.91208838855337,48.39354292912344],[39.917405,48.39481],[39.91846770637563,48.39721245404208]]],[[[39.93365852504652,48.3809922660637],[39.94117422394307,48.38712679859513],[39.938309,48.387562],[39.935271,48.384697],[39.93365852504652,48.3809922660637]]],[[[39.84555216546805,48.33241832688259],[39.840917771935764,48.32915848473553],[39.845217,48.329499],[39.84555216546805,48.33241832688259]]],[[[39.84082920957137,48.32636330571561],[39.84133139708369,48.312154865100794],[39.842102,48.31831],[39.84082920957137,48.32636330571561]]],[[[39.88868151272215,48.30352243616798],[39.90943186792443,48.29361376754383],[39.903117,48.29889],[39.88868151272215,48.30352243616798]]],[[[39.90899990332359,48.27657948439819],[39.91189615901862,48.27336724740459],[39.912254,48.273746],[39.911385,48.275269],[39.90899990332359,48.27657948439819]]],[[[39.916510416459204,48.27021206529201],[39.9238728207863,48.27153215512308],[39.921069,48.27166],[39.916510416459204,48.27021206529201]]],[[[39.925271138682604,48.27211160866484],[39.93425478739946,48.27906965579248],[39.934201080288254,48.279113492279976],[39.932875,48.279241],[39.927869,48.276582],[39.925271138682604,48.27211160866484]]],[[[39.958569311289864,48.29829215382725],[39.96951539549537,48.298931080284596],[39.966159,48.299803],[39.963337,48.299085],[39.95969,48.29924],[39.958569311289864,48.29829215382725]]],[[[39.964045827632674,48.30345649080371],[39.970546603271536,48.30718640331862],[39.965678,48.306403],[39.965441,48.304678],[39.964045827632674,48.30345649080371]]],[[[39.973655053788015,48.313468673765094],[39.990120648140746,48.3171592300309],[39.986949,48.317512],[39.982518,48.315704],[39.9789,48.315713],[39.973655053788015,48.313468673765094]]],[[[39.99140815671223,48.316310702834315],[39.99307287769623,48.311129644619804],[39.994188,48.312696],[39.99140815671223,48.316310702834315]]],[[[39.99791440693717,48.296061507024575],[39.999918622490824,48.289823850649874],[40.000534,48.291716],[39.99791440693717,48.296061507024575]]],[[[40.01034426547843,48.272352034421814],[40.01595046421147,48.27005595531087],[40.01383,48.27159],[40.01034426547843,48.272352034421814]]],[[[40.01409410726781,48.247864028632854],[40.00496317561406,48.240623324566876],[40.007323,48.242058],[40.01409410726781,48.247864028632854]]],[[[40.00564638176483,48.23139863216923],[40.007654524906805,48.22411669699912],[40.008222,48.228104],[40.007443,48.230091],[40.00564638176483,48.23139863216923]]],[[[39.78071111027346,48.037227163017434],[39.78533100454601,48.0234064025226],[39.786777,48.025034],[39.78071111027346,48.037227163017434]]],[[[39.807318978793546,48.00576688001149],[39.81509084134283,48.00242518195366],[39.810975,48.004856],[39.807318978793546,48.00576688001149]]],[[[39.82299226945921,47.982874266884714],[39.820088790530164,47.97804699502693],[39.822798,47.979535],[39.82299226945921,47.982874266884714]]],[[[39.81602923075331,47.97043130652428],[39.82635143700357,47.95316575068287],[39.819844,47.967762],[39.81602923075331,47.97043130652428]]],[[[38.714494329183076,47.698843870141445],[38.662108475560544,47.6997803486941],[38.670796,47.698954],[38.714494329183076,47.698843870141445]]],[[[38.29492158342857,47.505383892386256],[38.29012863189988,47.478917964859775],[38.2941,47.490745],[38.29492158342857,47.505383892386256]]],[[[38.301770480072996,47.392615531610375],[38.28904193697482,47.391483943448016],[38.300409,47.391514],[38.301770480072996,47.392615531610375]]],[[[38.24579281602809,47.35065134534189],[38.23214388801177,47.343633126111655],[38.24024,47.346223],[38.24579281602809,47.35065134534189]]],[[[38.222810155721724,47.3327077529145],[38.22693953008592,47.330174859255884],[38.225794,47.332115],[38.222810155721724,47.3327077529145]]],[[[38.32897271692897,47.286864130882606],[38.3270109331364,47.2846975172881],[38.328436,47.284808],[38.32897271692897,47.286864130882606]]],[[[38.32398602272701,47.28088407487065],[38.32643483480424,47.277994298830365],[38.327186,47.279544],[38.32398602272701,47.28088407487065]]],[[[38.32713867484002,47.2771637164878],[38.33337037584641,47.269809856865024],[38.33081,47.275932],[38.32713867484002,47.2771637164878]]],[[[38.33087438035473,47.26470251384903],[38.326360847967905,47.2587900740914],[38.330785,47.263449],[38.330997,47.264575],[38.33087438035473,47.26470251384903]]],[[[38.234310604379814,47.22576355287992],[38.239954865314296,47.220264555550244],[38.240047,47.221361],[38.238255,47.222409],[38.238517,47.22364],[38.236442,47.224262],[38.236145,47.225608],[38.234310604379814,47.22576355287992]]],[[[38.24250182577181,47.215953839123905],[38.238413166360196,47.20853725869591],[38.239657,47.208713],[38.241055,47.210114],[38.24250182577181,47.215953839123905]]],[[[38.23499327380923,47.136581355647],[38.23004416707326,47.12786569667919],[38.231909,47.129692],[38.23499327380923,47.136581355647]]],[[[38.225666295431004,47.11648307429379],[38.19252038393671,47.09693280558051],[38.211502,47.107183],[38.225666295431004,47.11648307429379]]],[[[37.89220498604775,47.1100462670136],[37.87433275038616,47.10654070913963],[37.87958,47.106667],[37.89220498604775,47.1100462670136]]],[[[37.806654452354024,48.120900395074806],[37.816483203358665,48.13236984544836],[37.828281438959806,48.17523525783047],[37.82831453914401,48.17527630819727],[37.828359633203455,48.17531191825373],[37.85602783383638,48.19303576533265],[37.856088391783864,48.19305594803956],[37.88309606528907,48.19989301198213],[37.8962264847352,48.21547885790111],[37.895654576369395,48.220011118153],[37.89191682289649,48.249632072329675],[37.89123022379893,48.25507323385998],[37.89500845686484,48.268562634851676],[37.8940083341234,48.2866923358187],[37.8885892,48.2871229],[37.8790915,48.285792],[37.8767778,48.2813067],[37.8534798,48.2796189],[37.8494505,48.2822721],[37.847996,48.282355],[37.8448612,48.2798903],[37.840612,48.27931],[37.807063,48.276896],[37.806681,48.272586],[37.788929,48.27134],[37.789525,48.266728],[37.778396,48.265821],[37.772461,48.262731],[37.771517,48.261445],[37.773276,48.256916],[37.760959,48.2575949],[37.7546493,48.2563026],[37.740015,48.244531],[37.7304956,48.2287358],[37.7326447,48.2289285],[37.7289792,48.221244],[37.7236006,48.2171501],[37.7107772,48.2148562],[37.7134013,48.2106732],[37.7129204,48.2058694],[37.7170095,48.205785],[37.7198361,48.1956495],[37.7314567,48.1948718],[37.7336225,48.1920146],[37.733838,48.1892532],[37.7363489,48.1888737],[37.741095,48.185257],[37.7548409,48.18604],[37.7694984,48.1789961],[37.7672448,48.1669407],[37.7738584,48.1638031],[37.7915886,48.1654859],[37.7966436,48.153531],[37.8044051,48.1511647],[37.8166715,48.1425271],[37.8096312,48.140938],[37.811262,48.139277],[37.8161217,48.139513],[37.8160624,48.1334741],[37.8091907,48.1279581],[37.806654452354024,48.120900395074806]]],[[[35.87453384881555,45.46266715660361],[35.84862658876981,45.44745755140373],[35.86369,45.45422],[35.87453384881555,45.46266715660361]]],[[[36.43282630791561,45.4485174573383],[36.43630811037496,45.45141959022065],[36.43401,45.450676],[36.43282630791561,45.4485174573383]]],[[[36.47352192015963,45.45780551789145],[36.49202535366895,45.451860491545645],[36.482062,45.455771],[36.47352192015963,45.45780551789145]]],[[[36.57844300151743,45.441987788747014],[36.59528718794162,45.43935548948828],[36.587036,45.44127],[36.57844300151743,45.441987788747014]]],[[[36.61477986561146,45.42090356752089],[36.608319418364616,45.41300978113191],[36.611498,45.414921],[36.61477986561146,45.42090356752089]]],[[[36.63615733329061,45.391489490170166],[36.64791932494265,45.38375657114338],[36.641199,45.390666],[36.63615733329061,45.391489490170166]]],[[[36.6481026052295,45.382336981873785],[36.635278740641944,45.376048642033425],[36.643211,45.377813],[36.6481026052295,45.382336981873785]]],[[[36.47735949430335,45.32913787553577],[36.49675557122877,45.32020285390527],[36.488837,45.324608],[36.47735949430335,45.32913787553577]]],[[[36.40456230350156,45.2106300795172],[36.40777051799568,45.176377484513594],[36.407734,45.193404],[36.40456230350156,45.2106300795172]]],[[[36.41882340594911,45.16103742261195],[36.42179680115857,45.14762631875074],[36.421428,45.152916],[36.41882340594911,45.16103742261195]]],[[[36.424505356558754,45.13540973964611],[36.425667770881944,45.13016682435235],[36.4258,45.134402],[36.424505356558754,45.13540973964611]]],[[[36.433867788915435,45.1175892929108],[36.45306110261109,45.10671281804716],[36.439699,45.116727],[36.433867788915435,45.1175892929108]]],[[[36.22408446741874,45.0269805323482],[36.20267826770675,45.03237313054695],[36.213493,45.02807],[36.22408446741874,45.0269805323482]]],[[[36.19615977940504,45.033368710840975],[36.08186236667896,45.0467834933006],[36.160037,45.035925],[36.19615977940504,45.033368710840975]]],[[[35.90599560357203,45.01720179949745],[35.89494770197166,45.01306139159295],[35.900286,45.014189],[35.90599560357203,45.01720179949745]]],[[[35.841295035271834,44.998458997549655],[35.82898232392774,45.00397551901729],[35.834801,44.999213],[35.841295035271834,44.998458997549655]]],[[[35.802689582596194,45.046913425025],[35.77871464804775,45.06532953920496],[35.785327,45.057628],[35.802689582596194,45.046913425025]]],[[[35.42547277529804,45.01160645669184],[35.369479494850125,44.99321167744649],[35.395224,44.999343],[35.42547277529804,45.01160645669184]]],[[[35.18912312530334,44.9071198497253],[35.17022281504107,44.90032303976801],[35.177573,44.900936],[35.18912312530334,44.9071198497253]]],[[[34.9391050428059,44.832106037713466],[34.923184701424056,44.828952903854365],[34.935034,44.830042],[34.9391050428059,44.832106037713466]]],[[[34.90511140612041,44.815511854633144],[34.83770980968122,44.81518793954559],[34.845166,44.813296],[34.90511140612041,44.815511854633144]]],[[[34.609488075574276,44.767391572742646],[34.4888371105332,44.72023681653523],[34.544614,44.741006],[34.609488075574276,44.767391572742646]]],[[[34.38893802020218,44.62734598190632],[34.37854552771082,44.612730813833615],[34.38342,44.615877],[34.38893802020218,44.62734598190632]]],[[[33.51629098091677,44.63631305286117],[33.52267656897063,44.63959349347807],[33.52105,44.640258],[33.51629098091677,44.63631305286117]]],[[[33.546695886202016,44.70269391182517],[33.54716616705541,44.72060916913841],[33.545774,44.707798],[33.546695886202016,44.70269391182517]]],[[[33.535059406011506,44.79478947499713],[33.54248345893239,44.8032267895763],[33.540633,44.802652],[33.535059406011506,44.79478947499713]]],[[[33.54650897375964,44.807801721261534],[33.549043617856846,44.81068230277439],[33.547143,44.81013],[33.54650897375964,44.807801721261534]]],[[[33.557994485288475,44.84104098178677],[33.56870336951651,44.83924037284198],[33.561031,44.842318],[33.557994485288475,44.84104098178677]]],[[[33.58287138653146,44.84370836816195],[33.58961439855698,44.846069857275516],[33.586864,44.847],[33.58287138653146,44.84370836816195]]],[[[33.34711931129427,45.17341424499433],[33.32828958864633,45.173023571156115],[33.331548,45.171883],[33.34711931129427,45.17341424499433]]],[[[33.283363796518515,45.14803529912712],[33.258300451858815,45.14760040091305],[33.268036,45.145629],[33.27516,45.145901],[33.283363796518515,45.14803529912712]]],[[[33.147842803652644,45.20303931531643],[33.139726001911086,45.214644961791265],[33.143404,45.20709],[33.147842803652644,45.20303931531643]]],[[[32.64857871565379,45.31393795991389],[32.612597114403535,45.32086132940007],[32.622109,45.317634],[32.64857871565379,45.31393795991389]]],[[[32.50484335368229,45.38237642396622],[32.48025640043358,45.38859626668623],[32.488644,45.384988],[32.50484335368229,45.38237642396622]]],[[[32.54355613288507,45.45831126480298],[32.58422800312408,45.48214957321622],[32.562144,45.470223],[32.54355613288507,45.45831126480298]]],[[[32.602734410850296,45.490179998462395],[32.71944650978829,45.53192837961268],[32.691784,45.523882],[32.602734410850296,45.490179998462395]]],[[[32.797826984278444,45.56319365447909],[32.82500494271275,45.55775739931619],[32.820317,45.559825],[32.797826984278444,45.56319365447909]]],[[[32.82191164413636,45.58818377184484],[32.87890684795174,45.62263257473427],[32.82504,45.590611],[32.82191164413636,45.58818377184484]]],[[[33.184617867776204,45.805449070069955],[33.17438207940761,45.78907426309816],[33.180625,45.797211],[33.184617867776204,45.805449070069955]]],[[[33.379577025778595,45.80179405902279],[33.43012276726118,45.837421861463476],[33.41709,45.830205],[33.379577025778595,45.80179405902279]]],[[[33.51008369327229,45.84242687593438],[33.524867078933696,45.84896543705165],[33.517655,45.846594],[33.51008369327229,45.84242687593438]]],[[[33.52844637410254,45.849219390738995],[33.54148614234208,45.840968182666984],[33.537116,45.845796],[33.52844637410254,45.849219390738995]]],[[[33.54885342691048,45.845011735777895],[33.56677067997867,45.871635620839406],[33.55864,45.86172],[33.551715,45.851628],[33.54885342691048,45.845011735777895]]],[[[33.62026971764494,45.89000575519307],[33.64040889575008,45.87773543015824],[33.634096,45.882614],[33.62026971764494,45.89000575519307]]],[[[33.643792908682975,45.87618803578069],[33.66129784531189,45.87198218873688],[33.654663,45.875233],[33.643792908682975,45.87618803578069]]],[[[33.66529150140568,45.862246970977175],[33.68122358410877,45.85226024820132],[33.674126,45.857432],[33.66529150140568,45.862246970977175]]],[[[33.68127595052965,45.86402824771009],[33.679678219508226,45.872622027028086],[33.679077,45.867314],[33.68127595052965,45.86402824771009]]],[[[33.67536257603796,45.900013743156585],[33.6792298483388,45.90751860837159],[33.676214,45.903954],[33.67536257603796,45.900013743156585]]],[[[33.68204699893788,45.90961123733903],[33.69092242940902,45.913291409181774],[33.687773,45.912752],[33.68204699893788,45.90961123733903]]],[[[33.70568260244761,45.91375863842215],[33.72879744434878,45.92908084491056],[33.720244,45.924636],[33.70568260244761,45.91375863842215]]],[[[33.74270660687252,45.95031252688883],[33.695427680041036,45.954741696718784],[33.722964,45.950158],[33.74270660687252,45.95031252688883]]],[[[33.69137421947705,45.955015863740236],[33.662055801295885,45.954408834781965],[33.682856,45.952803],[33.69137421947705,45.955015863740236]]],[[[33.645351392189326,45.944261674028745],[33.6377615794852,45.94193525277514],[33.642079,45.942885],[33.645351392189326,45.944261674028745]]],[[[33.63076383520411,45.941805420305585],[33.62035049990011,45.943555182364314],[33.624497,45.942516],[33.63076383520411,45.941805420305585]]],[[[33.62539403232675,45.993164954728776],[33.61229391241324,46.04934457010999],[33.618724,46.01252],[33.622873,45.997617],[33.62539403232675,45.993164954728776]]],[[[33.615558492601345,46.1191953418459],[33.612647367780745,46.13570873863179],[33.612957,46.129148],[33.615558492601345,46.1191953418459]]],[[[37.83805181564222,47.09956504458068],[37.8380457685495,47.0995695278563],[37.838011566591625,47.09960826467426],[37.82901569356581,47.11260120721411],[37.817792619121136,47.11896188650324],[37.81775492316018,47.11900404054938],[37.81773166607021,47.11905077909473],[37.80021352529275,47.17326054338949],[37.800215459902255,47.17329811473026],[37.80022658704381,47.173334940271104],[37.80299713846386,47.1797260143209],[37.82835331909868,47.2382173409515],[37.833172465011586,47.24933408766236],[37.83351467638557,47.28538579090805],[37.82733519190096,47.30263242106454],[37.82733826967377,47.302675311018376],[37.82735332913921,47.302717019712205],[37.82737981975583,47.302756022290694],[37.82741677305767,47.30279089282994],[37.83447699773751,47.308261858530685],[37.82425795168966,47.32143750580389],[37.82424632302344,47.321484300958836],[37.82424945890808,47.321531707789724],[37.82897112174817,47.342582986910394],[37.82899867664288,47.342622400393665],[37.82903695412528,47.34265746185387],[37.82908451066825,47.342686849029064],[37.8291395527973,47.3427094536479],[37.82920000472713,47.34272442322659],[37.829263586646675,47.34273119321968],[37.85666874297522,47.34382079829819],[37.86085778247599,47.34790616411999],[37.85892467950585,47.35401785360476],[37.84871553908371,47.34990333739109],[37.848647754044485,47.34989296134927],[37.84857826564529,47.34989238862682],[37.848510128115876,47.34990164439665],[37.83746632410134,47.352244089250405],[37.83741412790328,47.35226761236917],[37.83736940195271,47.352297372456256],[37.83733374587491,47.35233230515021],[37.83730843492118,47.352371161090495],[37.83729437435798,47.35241255059956],[37.83729206708736,47.35245499338377],[37.83730159565705,47.352496971475595],[37.837322619304146,47.35253698352368],[37.8373543861387,47.35257359848916],[37.838344751986064,47.35350132870382],[37.849872071608694,47.36429960364075],[37.85110474687451,47.36545431842823],[37.84143211143764,47.36884869285028],[37.84138300495448,47.36888261336095],[37.84134553183237,47.368922770709226],[37.841321368819216,47.36896736807058],[37.83797880772449,47.37801021924663],[37.83798163142332,47.378053509024],[37.837996679926874,47.378095625773206],[37.83802339302335,47.378135001531675],[37.838060776234485,47.378170170377665],[37.83810743783599,47.378199823006035],[37.850064771627444,47.38444519578239],[37.85651175019194,47.39294503184925],[37.855484657654344,47.403142156284815],[37.86340978960979,47.42667631499685],[37.86343813983823,47.426711904870295],[37.878177322794755,47.44178363517179],[37.89218884903102,47.4697423437022],[37.81912080369818,47.54621514411466],[37.81910310247911,47.546251648386225],[37.8190948757455,47.5462896547851],[37.81566306888504,47.58524837472691],[37.81567562594858,47.58528791682031],[37.81569849295704,47.58532529895897],[37.84554549314685,47.623841798988074],[37.85201840176556,47.64162860584642],[37.83110743169789,47.656521996198904],[37.80385565458374,47.659986820796455],[37.80380028057683,47.66000555681451],[37.80375101032869,47.66003087065197],[37.80039624152118,47.662113129746935],[37.76588406781177,47.68353436373258],[37.764289804554565,47.684523901121764],[37.67245753305356,47.724546554327965],[37.6373049553496,47.75187149682399],[37.62284164511835,47.77306490574574],[37.622834952275404,47.77311584150366],[37.62284557713418,47.77316647445088],[37.63421442027581,47.80256610472562],[37.63392750349595,47.83844013141328],[37.64366784244254,47.88648705110133],[37.56979585848392,47.9077622719246],[37.548955700424735,47.913764262678626],[37.53484214810266,47.91782898283588],[37.53479333704128,47.917855941156134],[37.534752954014486,47.91788856631276],[37.53472243776787,47.91792569596742],[37.53470287552985,47.91796600729703],[37.53469496427451,47.918008064121445],[37.534698985886834,47.91805036806984],[37.534714797116095,47.918091411963395],[37.542449197609734,47.93241525356704],[37.52157934463529,47.94569120011518],[37.521546523805995,47.9457304623341],[37.521526047167114,47.945773319233695],[37.52151873682284,47.94581805024376],[37.5215248862954,47.945862859549926],[37.524845677791944,47.95728378501557],[37.52487271445962,47.95732004667609],[37.53163955208097,47.96465297021476],[37.512893,47.96798],[37.493518,47.962959],[37.491783,47.960839],[37.492733,47.958928],[37.4958242,47.9570212],[37.4950958,47.9546545],[37.4965235,47.9531228],[37.4955048,47.9482851],[37.4909493,47.9429594],[37.493046,47.938956],[37.489892,47.937089],[37.490647,47.932657],[37.487553,47.92725],[37.494155,47.925428],[37.492349,47.913117],[37.5155063,47.9025089],[37.5132837,47.8940623],[37.5141127,47.8883953],[37.5162961,47.8885502],[37.5177741,47.8922247],[37.5245738,47.8918991],[37.5260652,47.8893885],[37.5367845,47.8891569],[37.5378462,47.8756592],[37.5288134,47.8755455],[37.5280869,47.85543],[37.5329939,47.843646],[37.4989452,47.8117443],[37.4759326,47.8110169],[37.4754981,47.8116186],[37.4728749,47.811442],[37.4725208,47.8107431],[37.4688623,47.8107069],[37.468047,47.818344],[37.4642704,47.8179982],[37.4661587,47.8027805],[37.4289108,47.799759],[37.4316078,47.776149],[37.4235667,47.7685365],[37.4088873,47.752192],[37.391814,47.7518572],[37.3569,47.744232],[37.346534,47.747352],[37.33191,47.749096],[37.330804,47.751676],[37.334634,47.761552],[37.319714,47.763933],[37.321037,47.771242],[37.31824,47.771455],[37.315307,47.765534],[37.306521,47.766237],[37.306695,47.773804],[37.304166,47.774218],[37.301682,47.767199],[37.2963787,47.7657456],[37.2959764,47.7640322],[37.2943548,47.765037],[37.2916914,47.7634556],[37.2879086,47.7627385],[37.2660722,47.764656],[37.2557926,47.7598123],[37.2570068,47.7557029],[37.2562039,47.7542189],[37.2495215,47.7557929],[37.2459202,47.7555369],[37.240688,47.757762],[37.2012127,47.764636],[37.1975069,47.7539109],[37.1838145,47.7427138],[37.1668243,47.7381207],[37.1570435,47.7309848],[37.1482107,47.7297583],[37.1391684,47.7309415],[37.1334453,47.7356027],[37.1254474,47.7357035],[37.1188067,47.7337104],[37.098998,47.7401617],[37.053542,47.743666],[37.024232,47.744782],[36.9787842,47.7593195],[36.9467796,47.7625505],[36.9303575,47.7499251],[36.8747364,47.7535759],[36.8555391,47.7466426],[36.8534327,47.7386983],[36.8430216,47.7339634],[36.8364447,47.7278229],[36.8323567,47.7280038],[36.8279577,47.7301843],[36.8211983,47.7316141],[36.821284,47.7287898],[36.8127843,47.7254969],[36.8093078,47.7281962],[36.8062403,47.7352684],[36.8017997,47.7384719],[36.7968672,47.7388758],[36.7910036,47.7348064],[36.7743207,47.733219],[36.7610243,47.7344756],[36.7508565,47.7333139],[36.7465222,47.7471606],[36.7219705,47.7481258],[36.7137332,47.7530186],[36.7061969,47.7555187],[36.6909568,47.7533885],[36.6879289,47.7507378],[36.6870895,47.7454874],[36.6724455,47.7441408],[36.6689614,47.7350593],[36.6597789,47.734339],[36.6486202,47.7390287],[36.6434697,47.737253],[36.6383198,47.7296906],[36.6165615,47.7276702],[36.5994922,47.7198943],[36.5738421,47.7175424],[36.555749,47.70034],[36.5537424,47.6878145],[36.5531092,47.6710131],[36.538214,47.668917],[36.521186,47.668959],[36.5076589,47.6544507],[36.4832921,47.6428385],[36.368328,47.63156],[36.3622553,47.6332743],[36.3408192,47.6266576],[36.338205,47.618398],[36.310331,47.6057183],[36.2707665,47.5950414],[36.2225906,47.5875224],[36.2243629,47.5780835],[36.2133627,47.5766493],[36.2105165,47.5771254],[36.2046516,47.5821304],[36.128116,47.574827],[36.116706,47.57794],[36.105724,47.578503],[36.087362,47.573854],[36.08291,47.551831],[36.060784,47.537093],[36.0282509,47.5267618],[36.0300099,47.5222894],[36.020784,47.515904],[36.018983,47.5113156],[35.9951705,47.5126051],[35.9754999,47.5102396],[35.9601609,47.5073986],[35.952707,47.4966416],[35.9509199,47.4883486],[35.9528115,47.4779866],[35.9367945,47.4728818],[35.9325062,47.470517],[35.9285037,47.4568065],[35.9382453,47.4522847],[35.9473489,47.4501727],[35.9573678,47.4449234],[35.9524889,47.434986],[35.9515091,47.4348057],[35.9492382,47.4274001],[35.9424191,47.4204584],[35.9168756,47.4193153],[35.9116903,47.4102479],[35.896686,47.4075248],[35.8759335,47.406834],[35.8621968,47.410035],[35.86142,47.4131774],[35.8561978,47.4145976],[35.8436948,47.4152355],[35.8434512,47.4173836],[35.837886,47.4176731],[35.8372753,47.4196916],[35.8245625,47.4201647],[35.8153644,47.4289907],[35.8102849,47.4410959],[35.8010706,47.4474517],[35.7959422,47.4638298],[35.7880767,47.4698048],[35.7906815,47.4808849],[35.789281,47.490974],[35.7370359,47.491103],[35.7269939,47.499686],[35.7115039,47.505541],[35.6995239,47.506848],[35.682358,47.510877],[35.665363,47.503572],[35.654663,47.500962],[35.6214106,47.5003716],[35.61528,47.502851],[35.592551,47.519323],[35.5672797,47.5284839],[35.5479326,47.52628],[35.539021,47.519038],[35.4869806,47.5111117],[35.4882243,47.5019664],[35.471171,47.4965074],[35.4419599,47.49731],[35.43765,47.5035079],[35.4312031,47.5059976],[35.4226959,47.5058198],[35.4169025,47.5088946],[35.4147987,47.5179379],[35.3863846,47.516947],[35.378987,47.5248335],[35.3649692,47.5318681],[35.3659289,47.5351931],[35.3586767,47.536906],[35.3532727,47.536473],[35.3482117,47.537082],[35.3415297,47.536044],[35.3347217,47.525284],[35.3301447,47.520065],[35.3228206,47.515541],[35.3135036,47.512683],[35.2993806,47.510983],[35.2878196,47.507241],[35.2808956,47.503398],[35.2746786,47.496907],[35.2736536,47.493721],[35.2807956,47.472193],[35.2644226,47.473907],[35.2026416,47.445003],[35.1486616,47.445686],[35.1190955,47.451125],[35.0702985,47.450806],[35.0624315,47.448694],[35.0461575,47.437757],[35.0288205,47.418144],[34.9686925,47.389233],[34.9354434,47.391632],[34.8837134,47.406118],[34.8633714,47.420884],[34.8747414,47.437558],[34.8741834,47.449528],[34.8599234,47.451254],[34.8252014,47.464803],[34.7923044,47.467747],[34.7491533,47.492601],[34.7193643,47.492122],[34.7089813,47.490582],[34.6894133,47.494893],[34.6801983,47.510731],[34.6420713,47.544419],[34.6283773,47.54583],[34.6180343,47.544491],[34.5990392,47.53467],[34.5862482,47.521809],[34.5445292,47.532707],[34.5331372,47.530459],[34.5006222,47.499673],[34.4358392,47.496913],[34.4052178,47.500758],[34.3869481,47.513875],[34.3741314,47.5071964],[34.3383711,47.467761],[34.3349111,47.447001],[34.2961021,47.428688],[34.2696791,47.439549],[34.199289,47.412104],[34.145724,47.424467],[34.118345,47.420566],[34.064873,47.424317],[34.0466769,47.417654],[34.0422339,47.410429],[33.9827319,47.230662],[33.9678599,47.211277],[33.9448439,47.197252],[33.9298141,47.1772162],[33.9031259,47.159977],[33.8499508,47.137794],[33.8407868,47.098524],[33.8023168,47.059017],[33.6976678,46.995131],[33.6956098,46.95542],[33.6881588,46.920449],[33.6784458,46.900926],[33.6568158,46.904678],[33.6338217,46.899514],[33.6340277,46.866257],[33.63746,46.8471761],[33.6202977,46.829034],[33.5634722,46.8182091],[33.4702657,46.820961],[33.4029376,46.773597],[33.3895301,46.7827267],[33.3771844,46.7763058],[33.3724696,46.776123],[33.3714076,46.777142],[33.3705596,46.776837],[33.3716106,46.775729],[33.3574455,46.7670354],[33.3588964,46.7640157],[33.3401572,46.7570422],[33.3133962,46.7514766],[33.2863056,46.749398],[33.2543812,46.752574],[33.239884,46.7635404],[33.1978698,46.7675023],[33.153349,46.7627951],[33.1414551,46.7593674],[33.1401905,46.756687],[33.1320618,46.7551279],[33.1040465,46.747501],[33.1033735,46.745884],[33.0999585,46.743869],[33.0932315,46.742749],[33.0903945,46.741541],[33.0874315,46.73965],[33.0881445,46.738732],[33.0865655,46.737795],[33.0841805,46.737757],[33.0705254,46.732221],[33.0660174,46.731138],[33.0629154,46.731227],[33.0544764,46.727388],[33.0463144,46.726285],[33.0433524,46.72346],[33.0195804,46.717745],[32.9910914,46.714538],[32.9798474,46.710469],[32.9542314,46.711542],[32.9427764,46.713303],[32.9333934,46.717207],[32.9285594,46.718374],[32.9233554,46.718326],[32.9053064,46.711285],[32.8874754,46.6958823],[32.8805813,46.6928768],[32.8780064,46.6885201],[32.8459334,46.6632763],[32.8142213,46.6651929],[32.8022634,46.6612185],[32.7847352,46.6449916],[32.7675244,46.6355784],[32.7511208,46.6303085],[32.7199882,46.6317615],[32.6844589,46.6212449],[32.6787383,46.6141517],[32.6890771,46.6064164],[32.6979743,46.6042078],[32.6665008,46.5825337],[32.5823333,46.5551263],[32.5538035,46.541271],[32.5318552,46.5368679],[32.5206882,46.5403559],[32.5145852,46.5410099],[32.5089902,46.5400139],[32.5002652,46.5334449],[32.4891291,46.5273829],[32.4647821,46.5080599],[32.4570671,46.5038109],[32.4483221,46.5028689],[32.4377211,46.5033619],[32.4326891,46.4947589],[32.4316761,46.4891869],[32.4282591,46.4853879],[32.4178411,46.4850379],[32.3439201,46.4649689],[32.3020961,46.4677989],[32.257644,46.4793239],[32.194592,46.4883199],[32.1514396,46.5096501],[32.117674,46.5150656],[32.0463952,46.4889388],[31.999388,46.4880276],[31.9109057,46.5115562],[31.9049095,46.517962],[31.8987539,46.5186059],[31.8649138,46.5176219],[31.8070708,46.5294639],[31.7569208,46.5479549],[31.6976507,46.5450339],[31.6628557,46.5364049],[31.6314977,46.5405179],[31.5816717,46.5372479],[31.5540826,46.5454649],[31.5305176,46.5576319],[31.5134156,46.5808289],[31.5112956,46.5766899],[31.5216196,46.5616069],[31.5469496,46.5387319],[31.6142447,46.5019459],[31.6942997,46.4403369],[31.7249455,46.4144723],[31.7452095,46.3864323],[31.7738378,46.3711594],[31.7768872,46.3741195],[31.7376658,46.4262219],[31.7202637,46.4333549],[31.7069757,46.4454549],[31.6971237,46.4472639],[31.6969167,46.4575119],[31.7042637,46.4665769],[31.7164527,46.4786779],[31.7420388,46.4853379],[31.7709038,46.4845789],[31.7970178,46.4781389],[31.8921178,46.4568289],[31.9528229,46.4374829],[31.9748439,46.4392309],[32.0022429,46.4534579],[32.0290379,46.4375689],[32.0355679,46.4165919],[32.0090489,46.3641429],[31.9697689,46.3483889],[31.8682748,46.3343839],[31.8234478,46.3371309],[31.7725378,46.3271729],[31.7455888,46.3060499],[31.7477378,46.2981679],[31.7580908,46.2948689],[31.7680158,46.2965449],[31.7745058,46.2939519],[31.7712118,46.2888669],[31.7755438,46.2854899],[31.7751098,46.2822939],[31.7821278,46.2768669],[31.7832868,46.2725389],[31.7771958,46.2681569],[31.7796018,46.2644959],[31.7844068,46.2651129],[31.7845138,46.2688919],[31.7917018,46.2739169],[31.8097238,46.2721229],[31.8143578,46.2694769],[31.8132408,46.2647729],[31.8183038,46.2643399],[31.8346938,46.2661669],[31.8331418,46.2698209],[31.8351908,46.2728569],[31.8476968,46.2679509],[31.8507378,46.2682829],[31.8612198,46.2721719],[31.8708308,46.2658029],[31.8740008,46.2652859],[31.8832878,46.2734449],[31.8950659,46.2807729],[31.9044879,46.2974679],[31.9368189,46.2921709],[31.9437419,46.2855879],[31.9555959,46.2659249],[31.9695109,46.2572369],[32.0285419,46.2456249],[32.0514159,46.2498139],[32.077751,46.2389489],[32.087826,46.2214899],[32.12115,46.2044209],[32.165963,46.1969219],[32.187022,46.1756949],[32.20613,46.1722089],[32.208103,46.1868279],[32.221809,46.1877389],[32.239877,46.1785439],[32.227939,46.1683759],[32.23667,46.1501619],[32.2238095,46.1331054],[32.3892209,46.0945518],[32.5465374,46.0652942],[32.5748973,46.0637266],[32.6378808,46.0537028],[32.7396149,46.0336126],[32.9120662,46.0104008],[32.9680429,46.0125725],[33.0363766,46.0080341],[33.0700551,46.014197],[33.0496585,46.0277516],[33.0174514,46.0256746],[32.9728824,46.030736],[32.9414071,46.0460889],[32.936279,46.039686],[32.926517,46.031197],[32.9080363,46.0266225],[32.8785745,46.025916],[32.7952785,46.0303099],[32.7193638,46.039073],[32.6200553,46.0603997],[32.5521201,46.0682825],[32.5418471,46.0681868],[32.5396283,46.0734981],[32.5442762,46.0804766],[32.5961414,46.0958488],[32.6466589,46.107865],[32.6770504,46.0998169],[32.7037448,46.1062335],[32.7328476,46.1097869],[32.7584466,46.1190283],[32.8289775,46.111371],[32.8637174,46.1157227],[32.9132757,46.1067933],[33.0296046,46.1132428],[33.0314748,46.1497263],[33.062645,46.1555911],[33.1015746,46.1318733],[33.1404697,46.1276416],[33.1814552,46.1475617],[33.1953058,46.1701366],[33.2228929,46.1570383],[33.2080208,46.1270291],[33.2566584,46.1386509],[33.2840087,46.1250405],[33.3086112,46.1143165],[33.3029958,46.0935952],[33.2780393,46.0945251],[33.2885474,46.0749609],[33.3182342,46.0763028],[33.3183151,46.0991141],[33.3499462,46.093137],[33.3664607,46.0752498],[33.4075754,46.0409617],[33.4370872,46.0401646],[33.4604216,46.0460342],[33.4911413,46.0322404],[33.5101802,46.0284516],[33.4931423,46.0527188],[33.4966987,46.070314],[33.5151162,46.08243],[33.5616884,46.0740552],[33.5139842,46.1075148],[33.5453724,46.1233099],[33.5805716,46.1571784],[33.606399576386515,46.14698863394878],[33.60640914696726,46.14700138196976],[33.606450849080574,46.14703684411166],[33.689516350944224,46.20451915110582],[33.68956826151882,46.204539238525584],[33.689624597475174,46.20455243159083],[33.68968346636793,46.204558287117635],[33.68974289066187,46.20455660840603],[33.68980087416396,46.20454745184758],[33.689855469082254,46.20453112503122],[33.69296006883536,46.203358104283616],[33.73712467554731,46.186671251193715],[33.74060964955972,46.18535451243622],[33.82401565410458,46.187288931134944],[33.82408852199686,46.18727207374131],[34.03842935316851,46.117152147336874],[34.12269885861416,46.108331455840315],[34.12276178669613,46.108308812899864],[34.122816102104885,46.1082772207624],[34.16095965499971,46.08061882339317],[34.2278558383709,46.06102993759903],[34.382602615718916,46.034894917307874],[34.38265900001768,46.03487119190511],[34.38270728400705,46.03484002291695],[34.382745461984825,46.03480270510343],[34.43697276302004,45.96831685869211],[34.47854614708464,45.94722797946985],[34.55590443065609,45.988894222850924],[34.55597148236148,45.98891016906666],[34.556041924201566,45.98891557881486],[34.55611236968568,45.98891019202189],[34.65151378645711,45.974122843141586],[34.70106053327622,45.9593666278401],[34.7011053061172,45.95934195057445],[34.70114312478572,45.95931217593069],[34.75290704193672,45.91042922588409],[34.78301111469288,45.905179900398],[34.783060727991085,45.905160592850706],[34.78310470357409,45.90513552773183],[34.78314167720458,45.905105482631555],[34.796427836814395,45.89214578854447],[34.79644802871258,45.89210461176887],[34.79645643392187,45.89206149782716],[34.80119506242087,45.80488831185769],[34.95822018629442,45.76027916070389],[34.976930170641296,45.7654873006033],[34.8959634,45.89884],[34.8524734,46.009247],[34.8346404,46.115559],[34.8337824,46.200162],[34.9030034,46.236419],[35.0248135,46.256333],[35.0798625,46.276666],[35.1177696,46.314272],[35.1380016,46.348282],[35.1783566,46.362948],[35.1931726,46.370951],[35.2182731,46.4304054],[35.2117588,46.447041],[35.2464475,46.4464048],[35.2680364,46.4322011],[35.2549465,46.4049822],[35.2661022,46.355554],[35.2898036,46.356581],[35.3078947,46.348318],[35.3179197,46.337862],[35.3311927,46.3311579],[35.3174417,46.317067],[35.3000922,46.3144917],[35.2943022,46.3064241],[35.2989867,46.299007],[35.2532032,46.2487007],[35.2090226,46.190401],[35.1368332,46.1620333],[35.0293468,46.1450168],[35.0308253,46.1273641],[34.9912944,46.1045909],[34.978187,46.0766593],[35.0664193,46.0993871],[35.1336065,46.1195453],[35.1886302,46.1514651],[35.2658686,46.250892],[35.3602357,46.354693],[35.4578287,46.441261],[35.5657181,46.4754297],[35.6242655,46.5043364],[35.7239866,46.5868415],[35.8739383,46.6456624],[35.9936152,46.6660587],[36.1146898,46.6566385],[36.1898851,46.66706],[36.2290441,46.650535],[36.2598962,46.61865],[36.1908501,46.534705],[36.1665141,46.527707],[36.1550673,46.5279538],[36.1431422,46.5033058],[36.1717045,46.4981772],[36.2328002,46.5559024],[36.3322034,46.6770342],[36.414958,46.7260118],[36.5366359,46.7585761],[36.7110616,46.7814128],[36.7760999,46.7542565],[36.8108785,46.7303716],[36.8182917,46.7021299],[36.7876141,46.6641502],[36.7492259,46.6430472],[36.7503553,46.6311811],[36.7697679,46.6322195],[36.8049875,46.659181],[36.8380535,46.70579],[36.8685205,46.76572],[36.8974913,46.8109338],[37.0061259,46.8692952],[37.036174,46.8706509],[37.2381602,46.9510306],[37.2828449,46.937346],[37.3161731,46.9142709],[37.3240055,46.891819],[37.2978535,46.8727626],[37.2841756,46.8725455],[37.2855691,46.866901],[37.3089232,46.8701227],[37.3418924,46.8950477],[37.4780681,47.0314305],[37.5285478,47.0775291],[37.574156,47.0853587],[37.6204629,47.086602],[37.6273779,47.09413],[37.6758119,47.077916],[37.6840329,47.076706],[37.6858859,47.080525],[37.71388,47.079862],[37.774395,47.087579],[37.794085,47.083807],[37.821989,47.09092],[37.83805181564222,47.09956504458068]]]]},"properties":{"categoria":"post-2022","sourceLayer":"DeepState — controllo russo consolidato, normalizzato"}},{"type":"Feature","geometry":{"type":"MultiPolygon","coordinates":[[[[35.4869806,47.5111117],[35.539021,47.519038],[35.5479326,47.52628],[35.5672797,47.5284839],[35.592551,47.519323],[35.61528,47.502851],[35.6214106,47.5003716],[35.654663,47.500962],[35.665363,47.503572],[35.656037,47.504789],[35.623905,47.50591],[35.595024,47.523373],[35.572193,47.531951],[35.51,47.528718],[35.479216,47.526399],[35.4769521,47.5118862],[35.4745488,47.5044651],[35.4611598,47.5021141],[35.4453679,47.5034721],[35.4376853,47.5059948],[35.4203698,47.5093643],[35.4197045,47.5197047],[35.4035681,47.5268044],[35.3836671,47.5327516],[35.3835052,47.5369014],[35.369166,47.5342873],[35.3659289,47.5351931],[35.3649692,47.5318681],[35.378987,47.5248335],[35.3863846,47.516947],[35.4147987,47.5179379],[35.4169025,47.5088946],[35.4226959,47.5058198],[35.4312031,47.5059976],[35.43765,47.5035079],[35.4419599,47.49731],[35.471171,47.4965074],[35.4882243,47.5019664],[35.4869806,47.5111117]]],[[[37.8940083341234,48.2866923358187],[37.89400759873815,48.28670566649719],[37.894027905420415,48.28675181699524],[37.89406251236574,48.286794032844405],[37.89410983288821,48.286830378459626],[37.90079657829648,48.2909721688867],[37.8907118,48.2935636],[37.873581,48.292109],[37.856796,48.291738],[37.819831,48.288017],[37.787378,48.2751747],[37.7805965,48.2699619],[37.765062,48.266919],[37.7622945,48.2614245],[37.743305,48.255758],[37.740977,48.250866],[37.735474,48.246317],[37.729665,48.245161],[37.7264077,48.2354874],[37.7220729,48.2319836],[37.7171148,48.2228689],[37.7136755,48.2206375],[37.7035811,48.217604],[37.7058856,48.2041288],[37.7077223,48.2000659],[37.7109347,48.1961464],[37.7173975,48.1920795],[37.7304951,48.190205],[37.7327483,48.1862139],[37.7413957,48.1831379],[37.7492062,48.1847116],[37.7546994,48.183052],[37.7610898,48.1757029],[37.7577613,48.1635265],[37.7774344,48.1566156],[37.7863637,48.1557828],[37.7983266,48.1485523],[37.8076573,48.1435854],[37.8069364,48.1411019],[37.8099491,48.1387329],[37.8112202,48.1318083],[37.805352,48.129645],[37.8071757,48.1230277],[37.8091907,48.1279581],[37.8160624,48.1334741],[37.8161217,48.139513],[37.811262,48.139277],[37.8096312,48.140938],[37.8166715,48.1425271],[37.8044051,48.1511647],[37.7966436,48.153531],[37.7915886,48.1654859],[37.7738584,48.1638031],[37.7672448,48.1669407],[37.7694984,48.1789961],[37.7548409,48.18604],[37.741095,48.185257],[37.7363489,48.1888737],[37.733838,48.1892532],[37.7336225,48.1920146],[37.7314567,48.1948718],[37.7198361,48.1956495],[37.7170095,48.205785],[37.7129204,48.2058694],[37.7134013,48.2106732],[37.7107772,48.2148562],[37.7236006,48.2171501],[37.7289792,48.221244],[37.7326447,48.2289285],[37.7304956,48.2287358],[37.740015,48.244531],[37.7546493,48.2563026],[37.760959,48.2575949],[37.773276,48.256916],[37.771517,48.261445],[37.772461,48.262731],[37.778396,48.265821],[37.789525,48.266728],[37.788929,48.27134],[37.806681,48.272586],[37.807063,48.276896],[37.840612,48.27931],[37.8448612,48.2798903],[37.847996,48.282355],[37.8494505,48.2822721],[37.8534798,48.2796189],[37.8767778,48.2813067],[37.8790915,48.285792],[37.8885892,48.2871229],[37.8940083341234,48.2866923358187]]],[[[37.988362,49.046821],[37.995643,49.053228],[38.017338,49.057231],[38.018566,49.062924],[38.063398,49.064564],[38.06842,49.092253],[38.06779,49.096014],[38.080758,49.123777],[38.0838057,49.1336676],[38.08380590489399,49.13366769137351],[38.083806,49.133668],[38.086336,49.134796],[38.08325,49.148762],[38.071336,49.160272],[38.061306,49.174695],[38.056427,49.184573],[38.05054,49.189215],[38.047226,49.190491],[38.048495,49.203085],[38.056524,49.214303],[38.025015,49.228302],[38.024741,49.237367],[38.005429,49.249438],[38.009803,49.261509],[37.998524701026994,49.26399710924292],[37.9885033,49.2662075],[37.9677155,49.2865549],[37.963242,49.2968886],[37.9620075,49.3032654],[37.9696145,49.3030379],[37.9693778,49.3111446],[37.9615836,49.3114894],[37.961857,49.3173177],[37.9663918,49.3222453],[37.9649438,49.3324748],[37.9628232,49.3341691],[37.9572947,49.3348448],[37.9500466,49.3377009],[37.9417892,49.3388375],[37.9423293,49.3418475],[37.9411774,49.3445677],[37.9438667,49.3469035],[37.9419212,49.3496866],[37.9340673,49.3519575],[37.934067706755975,49.35195779564008],[37.934067,49.351958],[37.93858688576704,49.35524291697892],[37.9361117,49.3589052],[37.9394627,49.367629],[37.9401946,49.3805935],[37.944869,49.395759],[37.942766,49.398993],[37.948687,49.403562],[37.92878,49.424289],[37.940642,49.444244],[37.93843,49.463082],[37.95315,49.483572],[37.945443,49.504942],[37.956619,49.508028],[37.95683231398772,49.509485805010236],[37.95728757242222,49.51260021134139],[37.9549316,49.5137647117344],[37.9502996,49.5160538],[37.9494989,49.5237403],[37.9511547,49.526154],[37.95155592239323,49.52621101380338],[37.955986,49.526841],[37.956747,49.542779],[37.943093,49.5489218],[37.943093032983484,49.54892198516057],[37.943093,49.548922],[37.9433026211358,49.5500985577284],[37.9438909,49.553401],[37.954209,49.565917],[37.957508,49.573468],[37.943667,49.58142],[37.937911,49.590606],[37.938162,49.600571],[37.928929,49.620366],[37.9283,49.634108],[37.920291,49.640434],[37.916312,49.648205],[37.912874,49.658755],[37.91796,49.678426],[37.91149,49.723603],[37.889412,49.72851],[37.876222,49.733081],[37.860940666666664,49.73730166666667],[37.8533,49.7394118],[37.8166341,49.7454395],[37.7737406,49.7584729],[37.7267063,49.7712988],[37.7244721,49.7711276],[37.711689,49.774718],[37.694848,49.785788],[37.688457,49.788138],[37.68526,49.788346],[37.682974,49.789637],[37.680271366619,49.789571466904995],[37.6785199,49.7895288],[37.67569071658986,49.7886549124424],[37.675568,49.788617],[37.675566450749066,49.78861838520625],[37.670719872073796,49.791986696708165],[37.663517,49.794911],[37.66341,49.795768],[37.66456305874771,49.797698424177284],[37.6645638,49.7977004],[37.665913,49.79814],[37.667262,49.79858],[37.66887124512793,49.8005758882054],[37.6705996,49.8027202],[37.6768272,49.8037465],[37.67682752557834,49.8037469189463],[37.67941218930673,49.80826606862563],[37.6794556,49.8087994],[37.6670926,49.8044299],[37.663699,49.8043951],[37.6597706,49.8030482],[37.6588465,49.802089],[37.6623033,49.7973922],[37.6599057,49.7956987],[37.6553625,49.7947253],[37.6537807,49.7922005],[37.6543447,49.7897311],[37.6681962,49.7889797],[37.6681776,49.787825],[37.6821062,49.7861715],[37.680433,49.783012],[37.70724,49.770395],[37.7716261,49.7542184],[37.783143,49.748856],[37.80518,49.735997],[37.832014,49.727792],[37.872555,49.722676],[37.899466,49.712348],[37.904224,49.689915],[37.902243,49.658802],[37.89997,49.653781],[37.906646,49.645725],[37.919761,49.638612],[37.9261784,49.6297195],[37.923339,49.623002],[37.931469,49.604796],[37.93248,49.589526],[37.935692,49.584254],[37.950485,49.571392],[37.946663,49.563126],[37.938552,49.552966],[37.9391114,49.546817],[37.942672,49.54616],[37.951727,49.5386244],[37.9534866,49.5309772],[37.9434515,49.525579],[37.944778,49.511667],[37.9387816,49.504755],[37.938967,49.478779],[37.933582,49.465613],[37.923385,49.460027],[37.933812,49.446243],[37.925031,49.427683],[37.9269384,49.4091127],[37.9240394,49.4043912],[37.9340316,49.3994168],[37.937191,49.389693],[37.93579,49.3849335],[37.9357734,49.3784187],[37.9275707,49.3632231],[37.9247055,49.3546595],[37.9265453,49.3501684],[37.9343743,49.350551],[37.9362807,49.3481098],[37.9362475,49.3449454],[37.9410025,49.3356789],[37.9465124,49.3337],[37.9576868,49.3322922],[37.9612841,49.329427],[37.9619141,49.3221936],[37.9578452,49.3174491],[37.9590127,49.3110256],[37.9557263,49.3025838],[37.9490932,49.3024647],[37.9490815,49.299019],[37.956642,49.2866812],[37.9723164,49.2695989],[37.9939962,49.2564643],[37.990514,49.246792],[37.995788,49.234656],[38.00978,49.231394],[38.003515,49.223649],[38.037805,49.210385],[38.044542,49.202763],[38.042822,49.192139],[38.047105,49.183627],[38.05328,49.178211],[38.057736,49.158094],[38.06893,49.138888],[38.065016,49.114403],[38.056515,49.096434],[38.052143,49.083217],[38.05456,49.073422],[38.041372,49.06744],[38.01505,49.06956],[38.012933,49.06122],[37.998842,49.05783],[37.977114,49.054381],[37.971611,49.045757],[37.976922,49.034882],[37.998382,49.01513],[38.0094919,49.0136015],[38.0369946,49.0133438],[38.0554844,49.0124049],[38.0586754,49.0105941],[38.0684751,49.0098244],[38.0721466,49.0082478],[38.0886919,49.007093],[38.094178,48.9991461],[38.0915956,48.9941273],[38.0966915,48.9859852],[38.0962566,48.9744338],[38.1669751,48.9744587],[38.1686085,48.9620489],[38.1977912,48.9621879],[38.1990761,48.9495628],[38.1862418,48.9452154],[38.1926349,48.938528],[38.203969,48.93502],[38.215688,48.935995],[38.225086,48.939885],[38.2288196,48.9379968],[38.23465,48.944666],[38.219196,48.942768],[38.2102695,48.9405975],[38.2022014,48.9419217],[38.20220109332681,48.94192198468649],[38.202201,48.941922],[38.19997,48.943993],[38.19997005759311,48.94399306804424],[38.1999697,48.9439934],[38.20105363136474,48.94527327257244],[38.20177192629569,48.94612191292094],[38.200313,48.9542954],[38.2039307,48.9545938],[38.203698,48.9573313],[38.2021654,48.9573475],[38.2016627,48.9610832],[38.1991369,48.9610353],[38.1986474,48.9635206],[38.1725788,48.9629519],[38.17254359173554,48.9650410876033],[38.172543,48.965076],[38.169993,48.964941],[38.16999298824826,48.964941215258406],[38.1699927,48.9649412],[38.169415926833025,48.97551000831079],[38.16020199243623,48.976556588236605],[38.1570733,48.9769118],[38.105879,48.9762076],[38.10474805079118,48.97985170158236],[38.102926,48.985722],[38.098026,48.99471],[38.097624,49.000293],[38.0908316,49.0086849],[38.0745618,49.0091588],[38.07344375494556,49.01076279098911],[38.07268503481111,49.011850950073786],[38.0608806,49.0140799],[38.0096703,49.0150127],[38.003077,49.019388],[37.993944,49.035158],[37.982738,49.03525],[37.980308,49.04424],[37.988362,49.046821]]],[[[35.9601609,47.5073986],[35.9754999,47.5102396],[35.9951705,47.5126051],[36.018983,47.5113156],[36.020784,47.515904],[36.0300099,47.5222894],[36.0282509,47.5267618],[36.060784,47.537093],[36.08291,47.551831],[36.087362,47.573854],[36.105724,47.578503],[36.116706,47.57794],[36.128116,47.574827],[36.2046516,47.5821304],[36.2105165,47.5771254],[36.2133627,47.5766493],[36.2243629,47.5780835],[36.2225744,47.587526],[36.2707665,47.5950414],[36.310331,47.6057183],[36.338205,47.618398],[36.3408192,47.6266576],[36.3622553,47.6332743],[36.368328,47.63156],[36.4832921,47.6428385],[36.5076589,47.6544507],[36.521186,47.668959],[36.503716,47.670158],[36.479327,47.662613],[36.4633978,47.659759],[36.402282,47.655905],[36.400261,47.653332],[36.389356,47.650495],[36.381899,47.650402],[36.3776487,47.6475815],[36.3746859,47.6484036],[36.3511757,47.6452376],[36.350416,47.641772],[36.3286672,47.6322324],[36.328123,47.6180056],[36.2960259,47.6107683],[36.2969298,47.6049792],[36.2629409,47.597687],[36.215025,47.593004],[36.170908,47.586057],[36.136919,47.581889],[36.12722,47.58461],[36.099497,47.58212],[36.092287,47.579804],[36.081698,47.578255],[36.06539,47.558671],[36.034759,47.539838],[36.034005,47.532602],[36.021299,47.526801],[36.012961,47.518669],[35.987821,47.51973],[35.9601609,47.5073986]]],[[[37.5447913,47.9774234],[37.5439017,47.9832735],[37.5484835,47.9864152],[37.543162,47.995432],[37.543246,47.998348],[37.548288,48.0072],[37.558525,48.014097],[37.570798,48.014241],[37.573459,48.032381],[37.5903918,48.037833],[37.5890879,48.0439315],[37.59176,48.052975],[37.5965972,48.0544749],[37.6067181,48.0555403],[37.6113165,48.0608595],[37.6143521,48.0618855],[37.6208378,48.0613172],[37.6275622,48.0644404],[37.6353309,48.0644624],[37.641518,48.066091],[37.638338,48.071395],[37.636078,48.072311],[37.636965,48.074346],[37.6343331,48.0756643],[37.641316,48.081249],[37.638986,48.088925],[37.63171,48.099192],[37.6135403,48.1021959],[37.6132641,48.1042586],[37.6224828,48.1076662],[37.647767,48.109653],[37.6812587,48.1138625],[37.6839435,48.1044556],[37.692063,48.103723],[37.696379,48.099358],[37.713323,48.100644],[37.7170963,48.0980084],[37.7376034,48.0956402],[37.7419491,48.096698],[37.7451752,48.0949252],[37.7465144,48.0926233],[37.7651562,48.0929206],[37.7679859,48.102322],[37.7773411,48.1041708],[37.7834993,48.1080899],[37.790173,48.110862],[37.791622,48.112445],[37.7749964,48.106387],[37.7662265,48.1057142],[37.7596208,48.1038536],[37.7585516,48.0965186],[37.7515641,48.0963792],[37.7484133,48.0986417],[37.7415283,48.0978374],[37.7313646,48.0978557],[37.7236606,48.0998815],[37.7207202,48.1039419],[37.7078366,48.1032895],[37.7069733,48.1090668],[37.6930127,48.1126673],[37.6855751,48.1175782],[37.674091,48.120993],[37.6430001,48.1177924],[37.628102,48.114713],[37.612672,48.108835],[37.6071787,48.1038432],[37.615353,48.091048],[37.629469,48.083376],[37.6259164,48.0697778],[37.6084826,48.0704442],[37.60222,48.06878],[37.588298,48.067282],[37.5878213,48.0547538],[37.5845405,48.052036],[37.5839455,48.0383619],[37.571507,48.0342706],[37.564541,48.0220132],[37.546932,48.01458],[37.535019,47.996305],[37.5378803,47.9900628],[37.5383738,47.9798369],[37.5296921,47.9764618],[37.5175676,47.980054],[37.5089631,47.9723836],[37.4914988,47.9669228],[37.4805134,47.9562348],[37.4888301,47.949431],[37.4850497,47.9438905],[37.483506,47.937121],[37.47234,47.924374],[37.4761479,47.9162071],[37.4838169,47.9090173],[37.5085966,47.8982361],[37.5054845,47.8885141],[37.5166191,47.8838564],[37.528086,47.855401],[37.52808703542121,47.855429674790386],[37.5280869,47.85543],[37.5288134,47.8755455],[37.5378462,47.8756592],[37.5367845,47.8891569],[37.5260652,47.8893885],[37.5245738,47.8918991],[37.5177741,47.8922247],[37.5162961,47.8885502],[37.5141127,47.8883953],[37.5132837,47.8940623],[37.5155063,47.9025089],[37.492349,47.913117],[37.494155,47.925428],[37.487553,47.92725],[37.490647,47.932657],[37.489892,47.937089],[37.493046,47.938956],[37.4909493,47.9429594],[37.4955048,47.9482851],[37.4965235,47.9531228],[37.4950958,47.9546545],[37.4958242,47.9570212],[37.492733,47.958928],[37.491783,47.960839],[37.493518,47.962959],[37.512893,47.96798],[37.53163955208097,47.96465297021476],[37.54093533438434,47.97472639958858],[37.544604950640874,47.977236422740866],[37.5447913,47.9774234]]],[[[36.9787842,47.7593195],[36.9443692,47.7730199],[36.9296921,47.758366],[36.8761338,47.7614817],[36.8752654,47.7553989],[36.8539711,47.7567566],[36.8475842,47.749143],[36.840426,47.7485692],[36.83862,47.7341136],[36.8275098,47.7349077],[36.815294,47.7325854],[36.8095201,47.7384458],[36.801353,47.7428435],[36.7956612,47.7408021],[36.7813009,47.7413292],[36.7683588,47.7401245],[36.7610286,47.7536036],[36.7538676,47.7575026],[36.7241829,47.7664963],[36.6926604,47.7690542],[36.680197,47.7592672],[36.6808019,47.7481569],[36.6682241,47.7490235],[36.6657751,47.7427332],[36.6656616,47.7367455],[36.6620312,47.736286],[36.6517046,47.7413093],[36.6392619,47.7422621],[36.6234022,47.7345068],[36.6131204,47.7328977],[36.5970234,47.7254056],[36.5804931,47.7226428],[36.5738421,47.7175424],[36.5994922,47.7198943],[36.6165615,47.7276702],[36.6383198,47.7296906],[36.6434697,47.737253],[36.6486202,47.7390287],[36.6597789,47.734339],[36.6689614,47.7350593],[36.6724455,47.7441408],[36.6870895,47.7454874],[36.6879289,47.7507378],[36.6909568,47.7533885],[36.7061969,47.7555187],[36.7137332,47.7530186],[36.7219705,47.7481258],[36.7465222,47.7471606],[36.7508565,47.7333139],[36.7610243,47.7344756],[36.7743207,47.733219],[36.7910036,47.7348064],[36.7968672,47.7388758],[36.8017997,47.7384719],[36.8062403,47.7352684],[36.8093078,47.7281962],[36.8127843,47.7254969],[36.821284,47.7287898],[36.8211983,47.7316141],[36.8279577,47.7301843],[36.8323567,47.7280038],[36.8364447,47.7278229],[36.8430216,47.7339634],[36.8534327,47.7386983],[36.8555391,47.7466426],[36.8747364,47.7535759],[36.9303575,47.7499251],[36.9467796,47.7625505],[36.9787842,47.7593195]]],[[[32.6937129,46.6602545],[32.6956441,46.6575447],[32.7066084,46.6603874],[32.7139363,46.6563887],[32.7213075,46.6553649],[32.7349975,46.6569556],[32.7372506,46.6577803],[32.7348306,46.660292],[32.7398865,46.6610178],[32.7438307,46.6595543],[32.7747876,46.6604316],[32.7977445,46.6673161],[32.794096,46.671726],[32.779287,46.6677146],[32.7588155,46.6645251],[32.7262858,46.6643486],[32.7245503,46.661626],[32.725937,46.6590433],[32.7221565,46.658665],[32.7221095,46.6604958],[32.7192047,46.6610793],[32.7135397,46.665026],[32.6937129,46.6602545]]],[[[35.9601609,47.5073986],[35.950263,47.501073],[35.9468182,47.4956694],[35.9462978,47.4808008],[35.9332369,47.4768751],[35.9272977,47.4685024],[35.9222362,47.4633557],[35.921766,47.4554137],[35.9398761,47.4479606],[35.9421493,47.4457304],[35.9427329,47.4356261],[35.9387794,47.4288902],[35.9174079,47.4275074],[35.8844398,47.4182187],[35.8758316,47.4214479],[35.862805,47.423424],[35.8520942,47.4284766],[35.843073,47.4273147],[35.8294156,47.4280435],[35.823783,47.4297299],[35.8232698,47.4367986],[35.8176291,47.4450418],[35.8160475,47.44594],[35.8182421,47.451366],[35.8153788,47.4576027],[35.7990616,47.4663579],[35.7984068,47.4683525],[35.799415,47.4802599],[35.7974832,47.4911933],[35.789281,47.490974],[35.7906815,47.4808849],[35.7880767,47.4698048],[35.7959422,47.4638298],[35.8010706,47.4474517],[35.8102849,47.4410959],[35.8153644,47.4289907],[35.8245625,47.4201647],[35.8372753,47.4196916],[35.837886,47.4176731],[35.8434512,47.4173836],[35.8436948,47.4152355],[35.8561978,47.4145976],[35.86142,47.4131774],[35.8621968,47.410035],[35.8759335,47.406834],[35.896686,47.4075248],[35.9116903,47.4102479],[35.9168756,47.4193153],[35.9424191,47.4204584],[35.9492382,47.4274001],[35.9515091,47.4348057],[35.9524889,47.434986],[35.9573678,47.4449234],[35.9473489,47.4501727],[35.9382453,47.4522847],[35.9285037,47.4568065],[35.9325062,47.470517],[35.9367945,47.4728818],[35.9528115,47.4779866],[35.9509199,47.4883486],[35.952707,47.4966416],[35.9601609,47.5073986]]],[[[37.1482107,47.7297583],[37.1570435,47.7309848],[37.1668243,47.7381207],[37.1838145,47.7427138],[37.1975069,47.7539109],[37.2012127,47.764636],[37.240688,47.757762],[37.2459202,47.7555369],[37.2495215,47.7557929],[37.2562039,47.7542189],[37.2570068,47.7557029],[37.2557926,47.7598123],[37.2660722,47.764656],[37.2879086,47.7627385],[37.2916914,47.7634556],[37.2943548,47.765037],[37.2959764,47.7640322],[37.2963787,47.7657456],[37.301682,47.767199],[37.304166,47.774218],[37.306695,47.773804],[37.306521,47.766237],[37.315307,47.765534],[37.31824,47.771455],[37.321037,47.771242],[37.319714,47.763933],[37.334634,47.761552],[37.330804,47.751676],[37.33191,47.749096],[37.346534,47.747352],[37.3569,47.744232],[37.391814,47.7518572],[37.393382,47.759298],[37.377096,47.758889],[37.3695611,47.7524419],[37.349325,47.7524561],[37.3419621,47.7574898],[37.3424953,47.7652928],[37.336144,47.771373],[37.307242,47.779555],[37.3038811,47.7766552],[37.2974581,47.7750251],[37.3000042,47.7732221],[37.2983747,47.7692651],[37.2857939,47.7642474],[37.2653302,47.7659731],[37.2597803,47.7636255],[37.2546305,47.7636255],[37.2482843,47.7589555],[37.227034,47.762726],[37.1970863,47.766884],[37.195462,47.765386],[37.194932,47.758354],[37.1869473,47.7513419],[37.1613274,47.739495],[37.1570872,47.7348649],[37.1482107,47.7297583]]],[[[32.8805813,46.6928768],[32.8730282,46.7010005],[32.8592953,46.6959381],[32.8392109,46.6855762],[32.824662,46.6786573],[32.8116377,46.6756688],[32.7995467,46.6744103],[32.7955368,46.6721818],[32.7987368,46.6677153],[32.8260791,46.6730336],[32.8560337,46.6815722],[32.8647885,46.6828676],[32.87011,46.6825143],[32.8780064,46.6885201],[32.8805813,46.6928768]]]]},"properties":{"categoria":"conteso","sourceLayer":"DeepState — stato ignoto, separato dal controllo consolidato"}}]}
